Biological Age,pred_RandomForest,pred_XGBoost,pred_LightGBM,pred_Ensemble
60.6970796678991,55.46572889995742,56.198254,55.93079469503648,55.86492574219525
64.0907953038087,71.20729006179636,71.6481,70.76918430680266,71.20819205841322
49.5134100953942,55.4923476376007,55.848686,57.095855577488074,56.145629811116834
48.8276013414768,58.65610519679271,61.875267,60.91929115783318,60.48355446114483
60.7105569069562,73.7863728460674,73.517944,72.4126298325395,73.23898233818147
51.4324104690798,49.43355566699298,51.043625,52.10575608694725,50.86097887728997
69.6159011611576,72.20325116575114,74.39166,74.26870101888203,73.6212049274298
49.961516781388,53.06812151195852,53.718117,53.46410911134228,53.41678246118491
42.8357445580892,54.24941654786782,53.72123,52.41541576356788,53.46202062155279
58.3927959799728,56.928848085440244,56.782322,55.37989324422671,56.36368775319952
60.084063409809,57.70983678976979,57.927715,58.56813280633525,58.06856163253957
59.1583440932551,56.66917828319974,56.57346,54.346424109194764,55.86302067254621
54.4319301477403,50.19336225117155,50.65048,50.33027913038576,50.391373248198136
61.5583413560372,53.537255445096825,55.291344,54.38885619362889,54.40581844256352
54.6529705177208,58.08263287893032,57.308884,60.51165801747212,58.63439152113154
52.0548646602967,58.4404479433515,55.66955,58.96376225864613,57.69125401712095
70.3181348401206,69.02390036487868,68.06499,67.86446600891259,68.31778451880281
60.5293005942919,57.7301548881173,57.521812,56.5410525171172,57.26433994806644
55.1796859038015,54.62640467681775,55.17515,55.041751068644544,54.94776919013782
57.2844936339138,53.007063229935376,52.210167,51.85071260975759,52.35598092361511
54.494117800313,56.225044897133245,54.134727,53.82575063366937,54.72850766960999
51.2990856003142,52.52409221907979,50.730213,51.209076235126545,51.487793873163184
44.5402456988926,56.15485940619625,57.085995,57.84000664337231,57.026953590009185
57.0152477079518,60.215090467020445,56.678726,55.5056294889548,57.46648205075476
45.6031889804879,46.38301173961438,49.28595,49.45806443752499,48.37567529472354
82.9956627181616,70.99120851118438,71.18848,71.17882773349154,71.11950426905864
72.3823921095846,68.42459466796304,69.532036,68.02988794676097,68.66217281412024
79.2817709614535,72.71083219797383,71.36751,70.83464989238952,71.63766334164455
54.7424416703605,56.306841056962405,57.41562,57.146267950280034,56.95624263457561
59.665976374946,55.090311197376636,56.992973,57.5512884398436,56.54485765495232
54.0466294059291,50.616953707536155,49.61272,49.791035145300185,50.00690311411277
63.3115038470719,54.427219753058765,54.697964,54.5374686816166,54.55421738309166
75.4970679323318,74.9601495124817,73.24154,72.3071684518462,73.50295232193092
55.3063002573105,53.40964672546119,53.18547,52.286642512530875,52.96058660634892
49.9005084308755,51.87361192830259,52.756603,53.482317379089736,52.70417751611971
56.9130132552975,54.13129454438555,52.266663,51.87944089142751,52.7591326778231
54.106887421055,55.78791248501611,55.712242,55.956778819913104,55.81897781046468
64.9874777882875,63.816192254950344,65.00613,65.84933235107346,64.89055033661079
60.6997235566299,67.03763722108947,67.42504,66.86119744385405,67.10795862122467
49.4602269910781,51.67778450762299,55.719402,55.15190723974369,54.18303135353303
72.8561128639573,68.03726846697418,66.87695,67.51445656675399,67.4762260529094
49.9253474646785,59.88763169051418,60.84955,59.59886786174153,60.11201596403316
62.5846475119101,70.06777620200488,68.48582,70.45217362573808,69.66858892776979
63.343033498277,61.7375205853996,61.847744,61.97154169853571,61.85226875732414
55.1731500001427,47.520715892637185,48.676395,48.897849297048666,48.36498686864854
60.8596778637348,51.81406187917747,52.229965,51.62342727734262,51.889151455493675
43.4302426528749,54.66069220921167,54.04443,54.64345393614057,54.44952530813499
47.6917545466298,49.913067945225464,47.829964,48.2840926540767,48.67570809446139
54.6514679720221,53.978502975304025,56.62187,54.475227283865735,55.02519946423823
49.9817484650164,48.70348660516196,50.095055,50.807338681317646,49.868626637648156
57.5711726238958,50.92296675377543,52.66742,53.19464745884866,52.26167788207261
60.4263439191145,67.33349551713646,68.231316,68.53054484882142,68.03178532625027
59.2676788448365,57.04177535285699,55.360737,55.00025470053874,55.80092230010652
50.4539419646095,52.749847695117886,55.484848,55.237128618497536,54.490608112025456
66.7880340599947,54.975635216394814,54.75746,55.029990028791545,54.92102893101264
70.9381913409307,55.77124409688394,58.489227,58.957537860828296,57.739336417544706
63.9196916721547,52.86766024353583,53.179245,54.032662164964286,53.35985580120576
73.2114706398596,75.97919558332627,70.3501,70.65296190966525,72.3274183830805
68.6834829505652,69.21952309903799,70.86016,70.36021571854315,70.14663321507261
50.6447215555714,58.223301202086475,57.392246,57.45417250047074,57.6899066496317
41.7562074751091,55.74748597663979,56.421143,55.0201267088866,55.7295850878838
65.4839447398913,64.06931131180225,66.21828,66.85799712436615,65.71519513790248
61.538638523729,58.22481348891129,60.40311,60.56434835458819,59.73075744921662
56.5003009267132,56.878128119745526,56.710896,56.588900481800124,56.72597471329191
52.392574863673,48.93583560705877,50.050915,51.07887770843396,50.02187602663235
62.5671986134681,57.74013994033229,56.7517,56.45804994833802,56.983297081216925
53.1337128668519,60.3868486815401,59.43535,60.10739267334588,59.97652995520938
65.4557035397935,69.80704276997052,69.318756,70.13582199283952,69.75387362210854
56.5908193230881,53.71730047658491,50.913555,50.44909451086158,51.69331671090339
56.3849965324314,55.60946178920649,55.799206,55.166557084328424,55.52507488452141
50.8974402804127,58.05445852962489,58.377647,59.85444615786249,58.76218402912991
62.0561128441807,63.624471066756925,59.84633,60.19083674520948,61.22054551577266
64.9067712587971,67.01829154983166,69.65883,69.20979447433915,68.62897158650746
73.5485511511444,71.36815894841297,67.89857,67.2033251809437,68.82335044302123
54.2744011059342,55.00253799935153,52.263226,51.92326146322438,53.06300833933195
62.9254668415474,68.47852398342448,67.869545,67.48505817025138,67.94437571219532
57.665917655711,55.82229614818796,50.89169,51.07263905404645,52.595541500923844
54.3787651700536,53.229676404222865,55.916363,54.931218157180865,54.69241910795163
56.0620983239993,50.83916097593857,47.09472,49.76856886162228,49.2341495902221
60.6005217226974,66.12931002204951,63.780876,65.79438446510378,65.23485688227375
63.9744935435976,54.038782746280916,54.767937,54.26194326381698,54.356220905546955
67.8545447847798,69.39695463026895,68.45964,68.06063124171284,68.63907545830382
52.4352773243126,56.65235328691877,54.87902,54.667501002549194,55.39962499346198
81.7125097277229,70.25452543126836,70.25502,67.85835588351382,69.45596715212791
65.0690650850187,52.48741586521623,54.400433,54.17829883788009,53.68871576325542
72.7665187800748,74.18328609233718,74.50151,74.33081067528425,74.33853579591288
54.2811581158882,52.734282771206956,55.269142,55.30002220435912,54.43448237548166
71.229630308242,65.52793852472426,63.916462,66.70959495127023,65.38466514019153
38.7134864040503,48.449370083131555,51.605515,52.11179266105073,50.72222575684983
66.0516728241467,69.29725018786604,70.044334,69.51423643372078,69.6186070110693
45.090998807196,50.44108005878142,50.636497,51.47598534808827,50.85118763480943
56.0207010997242,62.68133028656362,62.49057,63.688278388808854,62.953392914577286
56.6152073183736,57.329912500986275,55.986855,55.831025323065624,56.38259745909152
54.3427798314276,52.04412501829709,55.309483,54.618669203380065,53.99075893204668
71.4788068726496,74.0997761116617,73.9481,72.10517731120373,73.38435021728978
71.8536484338703,69.673703993918,70.59359,69.61658328208277,69.9612923529052
49.1966875074319,55.68382763741498,55.4485,54.91765059035122,55.349993271560095
45.0028621328817,53.17368348941752,55.479126,55.642016685194974,54.764942050391674
61.1232403456018,59.82280779698524,59.89779,59.947377786637546,59.889324861695876
77.1033453950466,65.04030086342453,67.75483,67.85469777149689,66.88327601388657
66.0343793862545,75.00434527414644,75.24775,73.44201215424577,74.56470225233517
52.5198956269726,53.09450619522808,51.681156,50.825995774626385,51.86721937610057
38.0265747029248,55.343391782228345,52.16845,51.70318215331018,53.07167444579799
54.371890987164,52.187763093494326,54.06298,54.21641487254471,53.489052872631504
52.1684666993622,54.03958368345324,50.59576,51.56813599641932,52.06782667511052
42.0001203330368,51.4622803388432,55.226154,55.82563036217446,54.17135500947008
53.8384604135867,45.8558284432385,47.561256,48.665556731712556,47.36088052788082
68.2178960814596,54.40675075142134,57.122963,57.23184290978093,56.25385220428748
44.7553077665815,47.904970450631694,49.24729,51.51350306122097,49.55525502559802
67.9160317188815,73.4991859834019,70.94553,71.92631011496341,72.12367661693558
60.6804438963333,56.313474834266636,56.177837,55.77458625250629,56.088632819533025
46.5521332870499,54.834366687761324,56.77718,56.1416738170759,55.91774007428493
53.0099690360833,50.51323260955338,50.336098,50.148152540203206,50.33249428901391
41.9666721816172,50.084413338362744,50.11726,49.78014172281642,49.99393834680907
61.953908965884,56.7808771033697,56.924644,57.238921942250194,56.981481171944914
62.93486936506,70.02788201079301,68.148285,69.82048075047457,69.33221589112566
58.6674324294636,56.55791308723155,54.55066,54.89105176096961,55.33320800929622
56.7043984487174,61.532354752309544,61.064175,60.53473248257153,61.04375396232689
76.5729169212212,71.30344219959763,71.78666,72.9225228723937,72.00420810423799
68.0719906516506,62.785796999916926,64.84301,64.75407339096205,64.12762677986981
57.7795142192706,57.34423654566366,55.21511,55.364401789848785,55.974583038107006
54.5644081393246,56.18037858352379,55.686497,54.97167426073228,55.61284985962507
60.3344164453265,54.372662283603745,53.549362,54.22749675490112,54.049840407040676
49.8520693071899,57.84842829523945,57.439835,57.27555732460123,57.521273404855755
55.3383727529952,56.10687495352447,55.11603,54.884340347749045,55.369082316000686
72.72176278686,70.6586500464598,71.993904,70.93634649947597,71.19630021990177
58.5205492711355,59.10528960935855,60.33629,60.47196251041442,59.97118019064047
47.3033444042456,54.103106789621485,53.720608,53.30594903817673,53.709887861788864
57.302796265644,58.187881813505335,55.802277,55.888912713910635,56.62635704624804
61.3975607543652,52.57784215483784,54.100983,54.075325752216614,53.58471685769003
61.7788636031179,53.44923916138561,54.11205,53.301240348738745,53.62084287096919
65.4839447398913,64.06931131180225,66.21828,66.85799712436615,65.71519513790248
68.096520755144,70.99781970641574,68.98049,70.18746992670005,70.05526042376646
68.547562793482,65.94360753880058,69.50037,68.18254849265874,67.87550741413226
44.3630940349441,50.610852451734736,50.953255,50.820488480741474,50.79486521072775
51.2721909074857,51.75891061878303,53.06335,52.63664979084349,52.48630369570558
67.7924229057011,55.44627203130206,54.049587,54.97402892304566,54.82329606803452
67.7174768054364,72.9103719762279,72.25166,71.69046919181008,72.2841681253486
63.1450068365328,58.97467549408828,55.604244,56.09020596758648,56.8897085646175
54.0904833148589,47.86545946085376,48.328514,49.247388685856706,48.480454081943854
66.1710451737773,57.18206409417652,55.6061,55.3520084010377,56.04672355675434
57.7937931304412,51.59087916256958,52.214546,52.20624258305218,52.00388931641168
42.0650743549136,51.13670430555664,51.56229,51.15136213369563,51.28345221030088
76.2572139850548,72.02184549764615,70.20507,68.82270329618463,70.34987309647875
53.8242579336014,49.56093786091342,49.93624,50.663044640875725,50.05340788389716
64.7719344609463,66.67146946911848,68.130875,67.49757471641412,67.43330627310722
49.9236824304284,58.99075604693791,58.64869,60.54135313914728,59.39359948536824
66.4990612802182,72.68683971029557,69.09333,68.51628162334929,70.09881723898188
43.7011842848621,53.624548734163916,48.41774,49.73510432309261,50.59246430847353
47.876158083607,52.21651012693707,51.681156,50.825995774626385,51.574554020003575
68.3266736253929,66.69436569694248,67.395935,66.18973335984982,66.76001137179536
72.2697247148623,70.70155601964414,69.758064,70.45850097209467,70.30604042058611
43.5756600706626,53.11869489780103,52.578724,55.420492744202846,53.705970516491526
65.36051575746,58.05307124934054,56.134155,56.405358595065,56.864195039281014
62.9076794869873,52.53646664518628,52.09614,52.27143220240262,52.30134688759148
67.462293710536,59.05911765456207,60.092876,60.79548468719978,59.98249292536267
48.1526040128946,55.64287286124384,55.824413,55.32758498247314,55.59829038109251
76.9222334750763,76.51689139659192,73.58727,72.8285145571571,74.31089286593067
74.6173540306605,72.96752579735893,73.48623,71.56349702411167,72.67241725478056
51.7230573479054,56.54354899864803,55.56602,55.6432074680635,55.917592477429245
62.7007855633244,61.70557096927838,61.236034,60.16872581845481,61.03677706034791
63.8894745424726,67.74273846598398,69.58699,71.53220435911209,69.62064439384713
75.2555492274073,71.18264932931416,71.562485,70.69968961800956,71.14827456284488
42.0175575142883,50.60796688780335,50.468586,50.4808897805047,50.519147545441875
47.2193249782054,48.20182463533784,47.61302,48.48273000512355,48.09919216368245
67.252352195238,64.36421062296527,64.893906,62.795200968966476,64.01777241052673
48.2930845297629,53.24384015634575,51.991364,52.32052472236844,52.51857613470161
72.5337136325051,73.07640405504395,71.62053,71.08684534355133,71.92792619113332
47.9846128865011,51.283748925574535,53.341232,53.78423885553625,52.803073360305156
63.8591731184586,67.32648932022252,68.317924,67.60674070079027,67.75038484017483
64.299695370543,69.21688167767267,66.8965,66.64489247196171,67.58609126114116
43.5294667109386,50.50187651149243,53.065742,54.29192647430248,52.619848492823564
63.8122516381191,57.431669937136384,58.024555,55.54512098920829,57.000448710881166
57.042418730972,63.3022836286377,60.79895,60.89956935465043,61.66693439286687
66.827533382365,61.69673892987852,60.847,60.214857878547356,60.91953231016539
47.2050875998406,51.347915685407955,50.1615,50.46809693690019,50.659170548581876
56.7800330963494,56.19742852241218,55.758564,55.07425229192213,55.676748269898546
46.4547547886165,59.03503598383182,55.21065,56.83828028590197,57.02798922247962
72.0336961248457,67.15196497264452,69.144615,68.6597932915637,68.31879114584935
52.4028894634974,59.788470470797144,58.778114,59.65784390417105,59.40814289793861
52.3893800595489,45.45875971775167,46.279396,44.92798440391709,45.55538005959922
49.3360419491215,53.145551861556804,55.78667,55.094716168969335,54.675646238446866
53.8674272479841,54.43882930633147,56.17346,55.34700871299969,55.31976537289881
57.4772678100679,54.449973356666284,53.354065,53.87721189165195,53.8937500632415
71.0664365273044,72.79084233667027,71.88513,71.75609297795968,72.14402238352248
58.5106508283463,50.99851731488845,53.799274,53.88104327067802,52.892945010048855
43.2279347528137,49.89949702224362,52.287514,52.573472248481465,51.58682766787842
43.7946963471202,55.02556987658741,54.78478,55.19488755179787,55.001745341118664
48.9872480621504,57.611653598135426,54.6329,55.21676090877626,55.820438248316265
53.1215916416754,60.913897711750515,59.627197,58.83588054492108,59.79232517409886
67.3845954173009,68.16305191478504,67.78638,67.93280273086874,67.96074386625959
56.7387091664189,48.74703891331564,49.135517,49.47670702284248,49.119754352173146
69.3822880739481,72.06494376514401,72.38812,73.04818271108722,72.50041634494166
58.88915440252128,72.89141945294303,76.73602,76.58680392362461,75.40474877526212
50.871884054803,50.285222533362735,51.779575,51.862534612206694,51.3091108311566
66.1413854335133,72.05848801064775,72.5595,71.61706408573724,72.0783512481114
58.0854747424871,57.381450997665915,56.123642,56.76317921098398,56.75609072547445
52.3961756762743,54.55883079796718,52.002968,51.50119476456701,52.687664465668945
53.0325893121596,47.465994156819946,49.10785,48.37674497618775,48.31686275136715
50.1019160695579,57.643171788300215,56.59677,57.84853761726612,57.362826881933564
54.2107345999415,52.31370346715166,52.263226,51.92326146322438,52.16673016193198
48.7256540762759,52.88790381155232,52.593033,54.367138347843394,53.282691665436595
48.6598176559553,55.434430067074004,56.088512,56.065653308305606,55.86286526534463
54.2987534569133,53.305229316653204,57.48081,57.385728476138276,56.0572553502827
73.7926204917046,74.76054517092757,72.899536,73.86362078793303,73.8412340305577
43.0810498206413,54.192479111464245,49.37956,51.07263905404645,51.54822557624771
58.9874943716526,58.25081340986715,54.78203,54.99568896302494,56.0095101903781
48.3925901099909,55.39823497390993,55.007755,55.27733609442706,55.227775449292665
50.6380923859296,50.78841895467373,53.018078,54.06499232743369,52.6238297108164
52.9214684405188,54.55470704428147,50.220673,50.7206375001663,51.83200571728989
52.4128610589536,53.553946902798224,57.6469,55.70105693108789,55.633968003629356
64.4672347879934,65.17859482446266,66.99659,68.94517927527113,67.04012125345945
50.7522511786401,56.67387582520172,54.235783,55.02887313347839,55.31284386065705
63.5785642174232,70.43122368264343,69.50298,68.78965245754841,69.57461974448452
48.8641121497012,51.17626538835357,51.735676,50.996295710047356,51.30274563672284
78.6232785958376,73.67970971053744,73.44623,73.66978476826469,73.5985741687153
64.6494135911165,58.36212245745514,57.461994,56.81002216010564,57.54471292956779
41.162433661271,51.04464569226458,52.151592,52.17314816765675,51.78979537152
48.8555405776911,49.287915426026736,53.602425,52.07036500658677,51.65356835139851
74.4127509204321,75.74090686078763,72.852356,71.89439395084413,73.49588558955433
48.7325543025606,54.482988694043044,54.040627,54.001116180734556,54.1749104668855
71.7365769436044,72.33505131197387,70.10124,69.94355679224873,70.7932833898841
75.7187686557199,69.02666402526363,72.34005,73.61124902306905,71.65932093066168
60.6860313502749,70.62978336179818,67.575455,69.08808704327379,69.09777503899534
58.543948887595,58.3668734287447,59.748116,59.290741757737536,59.13524357534434
57.3218177577411,57.91354854485226,57.38961,57.76449145055592,57.689216761978514
79.4590800731304,71.36142565690764,73.24939,72.09452492593135,72.23511341042548
60.5126349337987,49.47146855033247,51.331932,51.054250316838626,50.619216978347396
55.1192894065069,54.25352315167889,55.50154,55.30804160975817,55.021035299710796
57.46309486479,56.90590936525361,56.822525,58.429375261293515,57.3859365503204
70.7284355917848,70.85291731595055,71.78858,71.77646300835532,71.47265405748347
82.8228174865611,71.37538965641733,69.733864,69.45729338741492,70.18884895813288
52.7217240148237,51.126295466752595,52.328846,51.38304610825662,51.61272918426414
50.0113107248223,52.44938844809698,51.019756,50.63503496178271,51.36805990900612
48.2869944527286,57.45986394685693,56.36828,59.304977219959085,57.711039890078005
61.3499333579001,68.6664783874102,66.76294,68.46045405656577,67.96329063236698
73.3560958939967,66.30511992447347,67.24297,66.41457695017014,66.65422340076013
46.2207324129866,49.50687368528485,48.51201,50.56757535219469,49.52881923482391
54.6849847915693,47.2343608642285,50.86891,50.60431718256509,49.56919659665255
64.6202297566146,60.87817818570415,61.57723,61.203195929660076,61.21953422050226
64.9698831615412,66.7071829872116,67.70583,68.91870130826408,67.77723924351142
64.6560852377177,71.21255572233534,70.18052,70.75821098647656,70.7170952709386
63.7694473009928,49.01899951711605,49.72197,48.732687657330274,49.157885592979504
42.6492682643435,43.85843161150826,47.561256,48.36455150805041,46.5947465094167
56.5585515609332,54.570228915645025,54.55971,54.62994606855484,54.586628813499566
66.4148214735802,63.695293480908425,64.5435,66.4377011549333,64.8921658144863
65.8335226042893,57.89873240158824,57.4557,55.54120450302906,56.96521227509054
58.6303166440689,57.73244185411561,56.819862,57.37852591618518,57.31027671200783
51.9511940000031,54.53618973940339,53.150192,53.23887070490365,53.641750901683075
64.0872735862425,66.39563881948831,68.25212,68.27673406623434,67.64149795246743
82.6758542238805,73.9564526686253,75.002174,73.40976208111138,74.12279637572603
54.5489335381793,56.80302447326337,56.404312,55.62206320477971,56.27646660394404
78.2167700850949,71.73383814394768,69.58213,70.61410152657197,70.64335670088285
60.3268954854153,54.95868927651776,52.254845,53.186567141473994,53.46670036117303
39.9240122334842,48.59324273794028,49.99773,50.67525422179575,49.75540907162099
52.8430218593769,52.932300580010406,54.79645,55.64894588823844,54.45923267895079
58.6629192903373,56.18047132250529,57.271065,56.20012802317623,56.550554701327435
72.0323885309469,70.84559292260126,68.376434,68.61910360108202,69.28037694995173
52.4860135665018,51.43916388661253,52.76601,52.8558053734291,52.353659848155154
60.775370590296,54.74267824034027,52.002968,51.50119476456701,52.748946946459974
47.45035466353,50.13818071805548,48.9691,49.52883127743022,49.54537098254471
51.3408281111692,45.163166954000204,47.79966,47.29530801361882,46.752711565540984
84.3277417746029,74.8404244999902,77.94552,73.85314748714143,75.54636349359465
59.8621503045744,55.24905514659503,54.98575,54.70647346193868,54.98042563318311
81.2734298487628,76.36397968640999,73.08137,72.09472343547563,73.8466902048538
61.7649852809358,59.99342991875497,59.15285,59.2800976760554,59.47545956651556
62.8823339185632,74.20936523377895,75.47664,73.20102736844993,74.29567713205806
67.2288706235536,68.55271050139886,66.42959,64.48666787458663,66.48965556461886
49.1797252560587,49.03849003879761,51.158318,50.75911491267217,50.31864083912925
63.860786831806,59.304357726058676,59.226612,59.524559162400735,59.351842993174614
59.2975952761893,56.74407135298136,51.157436,51.12674013113259,53.009415951654525
55.3022534149962,56.22045491629649,55.06292,55.607709975979034,55.63036150299158
64.5311470918916,62.35578631741975,61.279484,60.965558336221136,61.53360948293564
66.2959394262594,56.99195562792948,57.31659,55.948869574248356,56.75247151921553
62.2349326253584,54.132403137857736,56.243847,56.27709825314739,55.55111609477189
52.6348466336306,53.44575833664219,54.271214,54.440694152462385,54.052555340199575
46.5764041187163,53.50516574908401,54.892517,55.063302417489986,54.48699508547258
48.4552288896269,46.334559171422235,49.925545,50.89769835264646,49.05260075427941
66.5902584443312,67.68642432137388,68.52587,69.64790153816392,68.62006571213108
78.034768745387,69.675320988102,71.694595,71.92236088171016,71.09742573557541
61.3095802930218,62.8319422189567,59.922768,60.02842093518401,60.92771026443362
60.6965424657826,58.57138550143371,59.119312,58.4741342906967,58.72161069283579
69.4520569503285,70.74475297099576,70.6697,71.31549484045567,70.90998281133668
67.5405354876095,50.9570399910426,49.802235,49.80746212628006,50.188912255660284
59.3647842637193,67.77643336029614,66.45768,65.77822266480048,66.67077859121059
50.2409113074957,57.11839343581936,55.399708,56.00115256696754,56.17308459899212
46.4426154451757,54.89111138677769,47.428913,46.92257515449415,49.74753321924231
63.9227951639862,55.426274593910456,56.0864,57.96009042762188,56.49092136663382
64.3409277919637,61.09732690612672,61.437347,59.94066279414707,60.82511237079438
70.175604902101,67.08895087968926,66.61535,66.30765043373128,66.67065004311284
57.5338751842143,58.670749736672626,57.54112,56.55015270058129,57.5873403530267
53.6501725686602,51.06198511333594,52.584633,51.69543758538541,51.780685190752166
69.4921262974252,52.47234903541087,51.534325,52.27919036481562,52.095288015407526
60.5293005942919,57.7301548881173,57.521812,56.5410525171172,57.26433994806644
53.706087537957,54.64417533663591,53.35318,52.77599132652143,53.591115531599314
49.6823576678527,53.23428658352351,52.82029,53.240073424811676,53.09821654005054
70.3891542007978,62.59213727790348,64.42359,63.096001097166244,63.370576662946426
78.7084961337778,71.12922317577834,71.50795,69.78641457812583,70.80786252766858
49.7652149418661,53.42717668365068,53.937023,53.809759245556975,53.72465303068315
64.6146181430216,62.8046630350999,60.613377,60.45526796824999,61.2911025402605
45.4629829985427,53.113635054753615,55.863857,55.63847700078176,54.87198977494083
55.8765152364276,51.646629767455416,54.285736,54.25590243286826,53.39608942810268
49.3701771918203,48.04969906798304,49.45965,50.05853441797955,49.18929387276227
45.8683206553093,50.211786745288485,48.094933,48.74246004943697,49.01639311695927
47.3461543299041,56.28862781203398,55.34486,55.82389883083907,55.81912890659245
51.3395662212134,49.58690272165493,49.804234,50.398233538121104,49.92978993693381
63.4415909664561,69.31278318391428,67.707535,68.34897882958785,68.45643226784705
67.5874063241264,69.12825683322293,70.78417,70.60646376803997,70.17296421978945
53.3589419792909,54.63747881297215,55.605865,54.90605864144702,55.04980097764493
59.553550791815,66.41072800285862,66.05873,66.3115039381804,66.26032100671353
73.5436147042199,69.40753626738656,71.5212,70.90363207331161,70.61079014270018
70.4182621570438,60.44882787861551,57.028316,56.73143029951244,58.0695248919769
71.5914862908489,73.53812277061392,74.03854,72.22412608591607,73.26693085256728
71.3970317638681,69.17583965313351,69.2149,68.93603306010174,69.10892328966565
55.6816308316246,56.7049409052108,55.33581,55.45319327469894,55.83131526496666
62.873894238404,53.39522523093436,54.47645,54.600686121345,54.15745440868622
43.8411964597818,52.66938107280418,51.35104,51.88700303951794,51.96914133293223
56.5718916814937,49.03712713026386,50.17493,49.80459102854898,49.672216243774194
86.0924584139572,76.00831514426532,75.10898,75.5957071794037,75.57100019838447
78.9265521214374,68.97229900680591,68.901344,68.56734982791203,68.81366437801144
54.8163128776364,55.82215432086939,52.417038,52.782829293140125,53.67400719262556
45.9303947199844,51.866381736720314,49.424973,50.54933270225525,50.61356232438508
59.0736729797428,49.35225658790509,53.520588,53.080667115035645,51.98450387469444
68.5553470187099,65.35999398598898,70.7187,70.70065914631694,68.92644990884806
60.9617151403329,53.57438093997063,54.591915,54.67121001193764,54.2791686941745
68.2178960814596,54.40675075142134,57.122963,57.23184290978093,56.25385220428748
66.2701655488572,66.20189821709673,67.100266,67.55968859823976,66.95395077275539
62.3860157731388,68.09270411379124,67.43918,66.94616761139896,67.49268339732902
59.7952867276292,53.88718787099912,51.49312,51.93344818853908,52.437918115223674
41.5831363663199,49.014677034411996,50.580204,53.01541483991258,50.87009862811144
71.229630308242,65.52793852472426,63.916462,66.70959495127023,65.38466514019153
64.1089106430887,66.62869896227524,68.64385,68.55729857926801,67.94328325847665
56.2566342738825,54.682012298943604,51.830753,51.11017582338011,52.54098048291325
68.0902234831164,68.16998913850155,68.92877,67.44653599281915,68.18176570132565
68.445517220471,71.50166858536569,71.676956,72.39134924311328,71.85665800174559
57.8490527363013,53.61299389972464,54.933178,55.32730228570629,54.624491377809655
79.4152459200778,75.4114123494541,75.64969,74.88174671744794,75.31428259586839
49.4095645803133,51.72822106473674,53.882935,53.60431091305814,53.071822182702455
57.7781555402075,57.73059184190252,59.720863,58.72851516698003,58.72665678372257
84.841332257566,70.32617914069021,71.123825,71.98181067055451,71.14393829482897
65.1925279571831,69.38703069012769,68.64216,69.90764361104135,69.3122776031566
51.1569271927945,54.36096966295019,56.088528,57.524484334376936,55.99132722559017
58.8515182299922,51.14750443213166,54.258755,54.72389226460708,53.37671714232112
63.7061024877771,56.96023997088972,53.428574,54.36886790284056,54.91922716070957
61.5805661445188,58.64424793252989,58.7096,58.53701386705504,58.63028678028157
59.0576248818492,56.203049121082756,58.68889,58.53468231520279,57.808873328696734
67.0718207116205,69.75850653028596,70.83316,70.92305123527504,70.5049060553172
46.2826906284844,56.785634813129676,56.549,56.50956744159067,56.6147340136991
54.876494723733,55.07913472553725,54.475754,54.29925815966747,54.6180488897948
41.0288411729185,47.52773881939196,47.64058,48.259292130473916,47.80920339116623
45.0169555058528,48.81335950450774,51.378906,52.39347587934216,50.861913877949966
66.0594404289475,59.89278911322053,60.816517,60.20254303433304,60.30394967459142
44.7400149694926,48.45999105610906,51.74217,52.11179266105073,50.77131738122449
44.5820908920756,53.3868840741049,56.642704,57.60508403147482,55.87822403852983
49.864649181985,54.013361015699275,53.498817,54.40971441573817,53.973964291761696
60.8648272361879,56.095689148831696,58.04297,56.55991946807931,56.89952578897033
61.0758222686049,58.10361318529559,58.63342,58.21499568557107,58.31734263591063
68.9051010148441,66.4256604511049,68.59291,68.57013444304695,67.86290188691781
58.5972447305834,52.773403044445345,53.07898,52.846841066211844,52.899741200948235
54.218972931151,55.50671947759836,55.161636,54.80279996855061,55.157051932896
62.5219468637619,61.040867451019864,57.044422,56.989055892018044,58.35811516423204
66.0352520454061,71.42954677826373,69.37467,69.62530246572949,70.14317372667612
60.5965303883199,58.48064270197455,58.656403,59.20078161768227,58.77927563584914
69.6478739587693,70.80752638681344,69.27125,67.557011404856,69.21192855181299
58.7217276384724,57.18055430103928,56.101135,55.75365147583221,56.345113676925905
61.1198025141791,53.48377088080315,54.684742,55.06585926454303,54.41145737307438
61.4486405173485,58.395679006664416,55.27995,55.717834192600364,56.46448746249907
65.9197977769673,58.35116937766548,59.194725,59.22146344683278,58.92245262037312
80.1256760493071,75.18966354579001,73.97684,73.63369172165358,74.2667308085489
77.0755735648972,69.54174865687956,71.19643,70.37875879993624,70.3723112828058
54.342210601495,52.30567786608873,51.48529,56.87614772871936,53.55570537405061
44.3449390073359,51.7044866832862,53.511456,53.901643906017355,53.03919537506408
69.9262592466681,72.9601646789215,71.840126,71.75609297795968,72.18546123149294
57.5576476871949,52.61569153731699,53.151676,52.78488817732668,52.8507519642074
54.3833741011717,51.93166238337217,52.987965,53.07830901809996,52.66597867719969
79.5255490215843,73.37673671532524,75.35055,76.10284600559702,74.94337683714987
43.8868242898078,50.34830349794504,50.41427,50.40132977257578,50.38796725472438
47.7003333454392,48.80072259452473,53.089676,51.62542171700702,51.17194007161735
68.101708200022,68.0489607907946,70.83345,68.95949775941162,69.28063628919634
46.8947606288026,54.34794554207253,55.64119,56.120536590800505,55.36989056935611
58.291443664357,56.45341532055721,58.1776,57.05688992972954,57.229302036960824
61.6744401876343,55.437260024453145,53.94446,54.89992605828107,54.76054930174799
62.9076794869873,52.53646664518628,52.09614,52.27143220240262,52.30134688759148
56.3946371059222,56.41203929850952,54.820957,55.12722866192458,55.453408381424
71.7495650368387,66.378406075354,68.57903,68.63018157573721,67.86254018301348
41.107150521536,49.54539260535273,51.454227,51.90512756338144,50.968249205414644
55.9148416938924,53.72578587316232,50.867996,50.6924039087775,51.762061999253376
44.3598009953863,47.798198393643226,48.995274,49.024714575047675,48.6060621862596
46.166652846858,53.24598061047252,53.429558,53.359913600158144,53.34515067030787
62.1138147548629,58.28846465736777,59.584194,59.62485867162132,59.16583917077957
48.4140805144208,52.35594946521209,52.170456,53.245288920404334,52.590564772744536
58.5390109805701,56.63646038348946,55.03938,56.00115256696754,55.892330690110015
65.1816502569193,54.077473031064784,54.489674,54.5259251732273,54.36435727293135
62.9531914860085,71.16123852517387,70.00166,72.45527016133096,71.20605729817088
74.0383761379291,73.54409018185036,72.32546,70.77073829899415,72.21343027405105
51.0763869186564,51.626196935902804,52.44883,52.358113986089364,52.14438019095703
49.6078928124028,59.1465660551186,62.720615,62.58397945720112,61.48372029976087
49.7940599394644,56.62285847430147,58.845215,59.171363544059176,58.21314562070355
86.540108552552,74.05848397622557,79.25799,76.0876002801417,76.46802407748051
56.1286311786552,57.26525419706549,54.36657,55.43229757285141,55.68804042965329
63.5360199994789,71.42055942813867,72.01656,71.86976909332046,71.76896397899549
43.7011842848621,53.624548734163916,48.41774,49.73510432309261,50.59246430847353
54.0846553347497,58.02439785338368,57.861526,58.152975982661665,58.012966775101056
70.7235718743193,70.07455796301633,66.86135,67.53139995235635,68.15576964285209
66.0068486410335,71.0828022069046,69.82475,72.65183436196223,71.18646312549468
61.992935438626,61.098019673188716,59.368603,59.961972925036314,60.14286511697019
47.2777702488482,53.319192267845196,55.448772,56.52212174812744,55.096695482130855
64.0532134613756,59.503822135398636,58.697895,55.73238634310043,57.978034509515965
51.8979492324338,54.38479251502235,51.587894,52.25742787719907,52.743371610639564
69.1160053405504,71.68592484630571,69.839066,70.60752348714173,70.71083796173508
51.7550716767483,55.35019576029521,56.318867,55.73190472580125,55.8003224052776
55.9651453948198,61.63668022169535,61.095604,63.05042371843143,61.927569294332635
61.4923024161287,54.78067151989661,54.795,54.91633788904094,54.830669192627624
52.9754334659903,52.74355982716214,54.703537,54.97004777257384,54.139048195680225
69.7945033045878,68.27610457352968,66.95306,66.91684524035708,67.38200204977865
83.5797879753273,69.97835860212321,70.1491,69.36798478881047,69.83181488275262
72.5170815311507,70.90811628105484,71.23395,71.75398189652844,71.29868197716318
70.02915001788,68.53565843031753,69.56296,69.05616253533638,69.05159290977525
64.2035774421102,69.67006779505411,68.76283,69.35974460452901,69.26421501372823
54.4276211147163,60.98509617541992,62.26999,63.765563404197714,62.34021619776317
70.750932390645,69.5888241148067,71.1797,70.34613461857168,70.37155383072248
52.0514244460721,55.24621644110537,54.1717,54.70575340523665,54.70788979008927
64.2152229705488,58.77129186058839,57.36537,56.72582485141023,57.62082947203339
56.5884743677209,55.84566267258375,50.569344,50.16001234150554,52.19167286032794
81.1923305970932,71.64589341947931,71.53656,71.93445293988222,71.70563547265176
61.0045558209664,56.66109038926901,54.629757,53.63002504296606,54.973624119908436
50.6138213836574,55.877861281599316,52.972195,52.29395994938359,53.714671967537925
50.7977583827065,54.129585117829656,55.893753,56.59692496212895,55.540087710572145
65.1027246278694,53.95606419484908,50.676346,49.93256660315922,51.521658874401204
67.9709671422928,58.452322246015,59.969036,59.273896092455814,59.23175148025524
62.0439444963657,55.007932968459826,56.191605,56.320121528613214,55.839886370443615
55.1192894065069,54.25352315167889,55.50154,55.30804160975817,55.021035299710796
61.2122079603617,55.754579556490015,57.451725,57.150471902300474,56.78559215496467
56.0724192420835,54.02919703958043,52.94365,53.08008560569427,53.350977312422295
58.3495969053827,59.5997037592318,58.397606,55.99194160157792,57.996417085601934
62.6325590595488,56.99466100277801,55.007755,54.60064781991002,55.534354700743016
62.7884316033791,54.37417793745608,53.289696,54.56180993234831,54.07522786985016
61.3021338715404,68.71250229937854,71.62581,71.064231715259,70.46751424348594
70.8107937257004,75.51189564800201,74.34968,77.22601815471162,75.69586394742147
81.5566794576707,76.96471054360855,73.77357,74.12079212374893,74.95302328902149
58.0802568841933,60.04692333276213,59.05499,60.099939421857606,59.73395053856791
56.5403502826108,51.66108362289235,55.041023,54.96354054026471,53.88854913918387
42.945066778154,51.6809040333088,51.108574,51.143159012078705,51.310878986320574
50.8361973423091,56.80557303238649,55.70938,55.37870469038156,55.96455294209455
59.9261889785985,58.596442759713064,58.292236,56.55120003916369,57.81329304233392
49.6823576678527,53.23428658352351,52.82029,53.240073424811676,53.09821654005054
50.8283945984219,50.80204188965999,51.339706,53.54451959380287,51.8954226347871
59.491033114078,60.31319365905506,60.17469,58.00862839264696,59.49883743276135
65.2129889835113,69.37615988255021,70.08877,71.16010060885135,70.20834283225754
46.937826826773,53.36865979868179,54.400326,54.712987758278324,54.16065777736887
52.9850584326833,52.07788539822933,52.42539,52.97294232481642,52.49207201974246
47.0530976082042,47.88819607338217,50.39388,50.3112747625118,49.53111659088719
58.8071942839137,59.88679065389618,59.672344,59.31117131554519,59.62343539240168
55.0623194913817,53.352051702243045,52.659973,52.77683125277555,52.92961869984995
48.2275037128324,58.502198184124246,58.02675,58.26570212128672,58.26488298754584
63.0471348358821,58.44395958146811,57.876858,57.95397118042568,58.09159617315405
77.5876374468264,70.3041143007782,69.59848,68.20891869654402,69.37050440731052
48.2843663996605,49.6815357057981,53.246258,52.97088260477503,51.966225364185185
69.338358646753,69.75201067045114,69.26281,69.60949766134084,69.54143936173664
35.681296907109,45.335695633759535,48.073586,49.07493685391558,47.49473933264301
51.1222000612483,53.1975529143086,52.83383,52.157137421510704,52.729507374309556
57.2803406305157,54.99034361211809,52.57068,52.39615693661855,53.319059753224714
60.5307592016765,52.702114758221626,52.147396,52.41405317923101,52.42118800836638
61.8878728415457,49.14173893545668,51.249187,51.5177633516181,50.6362299188524
63.2250558338658,53.272256141272784,57.93016,58.32394034737489,56.50878567036953
46.0041599879573,55.354536544371356,55.4028,55.813908942474406,55.523749000172536
51.7895831887166,54.832519604244915,55.11797,55.1073706173725,55.01928657818562
47.9544523713484,45.51526322534762,48.93952,48.91437314456688,47.78971938648842
55.5609835111204,58.25277164049733,56.678726,55.82567701999969,56.91905828559536
64.8236557119387,59.921466998475964,55.478237,55.56845818411365,56.98938744489641
53.8469061024598,53.207324790343314,54.141994,54.6705893981416,54.00663622160109
57.0335583490909,57.76815662252948,57.656754,57.21951910578594,57.54814308945149
51.0438141205254,52.02124022248962,52.454704,52.73728312275814,52.4044092099719
67.591869421162,56.586647075283594,55.77168,55.357129477126506,55.90515182565688
67.5363737159968,69.36205122465026,73.71144,71.34798784483354,71.47382670317428
62.8338080455991,52.49961981648732,53.528774,52.27919036481562,52.76919481425918
83.4336917796052,75.04061011834625,72.29831,73.626061290207,73.65499357824172
79.4966234949381,70.48535508924111,66.74187,66.14213837937535,67.78978684468206
75.0290576674604,71.57395230281092,70.330086,70.52294610824534,70.80899472181693
52.8032491075447,53.86540271381844,54.646183,54.83413383216513,54.44857318663319
67.1023459613524,71.05052729016363,70.19146,71.7221941704107,70.988060372112
80.2767945859309,74.0149338590487,71.340996,71.35018043545482,72.23537002769257
62.033721837479,67.39984605552,62.193344,67.30117678885539,65.63145565352879
65.6120695029717,68.37600663088107,68.1056,67.90155330667496,68.12771946242101
74.698732614504,69.26686621483587,69.64934,68.89691019654936,69.27103805997997
60.9782365939515,53.962368377031886,54.85779,55.146231823671755,54.65546403377946
51.5046155637355,57.17805306002448,54.020554,54.59726196444892,55.2652895377802
65.9484592970807,56.83390255951205,57.395527,56.64839281161837,56.95927408570558
69.4503239752855,70.19591712782591,66.14719,67.67706207315697,68.00672182675991
45.6138530613848,49.96836795512367,50.4681,49.803648031667855,50.08003916275212
66.2066822377531,59.24479172244362,57.517857,58.076824849002854,58.279824389782284
70.4308247909003,72.0180707504818,73.82449,70.83187104587236,72.22481173485242
53.7462160412249,52.788012581667296,53.083035,52.36806812604227,52.74637174103014
55.4383442554517,52.2420737812851,51.83633,52.58785544529662,52.22208654680003
62.8052649939627,64.21594781750531,62.630962,62.541891588376686,63.129600592569396
74.4627444049287,71.08817117134588,71.98569,70.84788664113115,71.30724835611214
49.9812451377336,49.61051079222962,52.036053,52.86311521292036,51.5032262363358
69.7261674110616,71.01710332951336,72.83471,70.70025676883898,71.51735642194427
75.3443641977914,71.6245254550286,71.99098,71.09977248428251,71.57175999832506
58.88915440252128,71.35474243633779,72.61675,73.57198112696432,72.51449206260459
48.5089162616201,56.31144979523227,58.44348,58.06322578209687,57.60605234088055
50.3217130890467,54.71579488893855,55.399162,55.89912744793732,55.33802820978544
53.5464918591194,59.29355304904344,56.999725,56.69585293680701,57.663043775882436
62.7797319804969,58.225106129586734,55.195312,54.46711021724838,55.9625096156117
54.478277600962,62.530442587595545,58.026016,59.64479213092739,60.06708365129149
61.3828675499457,61.06697846548919,59.884514,58.576496154641255,59.842662825036975
50.7977583827065,54.129585117829656,55.893753,56.59692496212895,55.540087710572145
53.1984915875438,53.000366704282136,51.60296,52.621313581696604,52.40821298839265
52.7599596737486,60.11960075715579,58.008396,56.52638897899037,58.21812862827593
56.9912439147176,53.853960035222165,51.070034,50.96342428689903,51.9624727830736
55.1417010432974,57.53148905068095,59.310722,58.461835268708526,58.434682223487904
48.6224342315295,53.42717668365068,53.937023,53.809759245556975,53.72465303068315
75.4058496293484,65.20386687047272,70.02746,69.6899793487515,68.3071014700474
50.9618262094749,49.04471034384166,50.841152,50.663044640875725,50.1829690586265
58.1667391093111,58.988205071494875,56.996292,56.735197409196125,57.573231531649604
45.0941269965036,44.19345862692769,47.989025,48.64400026238412,46.94216133509287
51.2451081562849,55.93048379720503,52.468456,52.631115578926696,53.676685214814086
37.6418805795516,58.13905396711244,58.60614,58.377493188288845,58.37422909737334
66.2754054743163,68.63148270442206,70.16093,69.6053056356184,69.4659050529627
73.9479994715413,71.92214511060646,72.333855,72.06303497248365,72.10634491946102
53.2954782346829,52.93560173732517,52.35231,52.601295001458475,52.6297356398159
43.9688821613539,48.92676001088515,50.672462,49.51026286612872,49.70316178013093
57.502563250532,52.89923094639434,51.98355,51.77271320625276,52.21849839267924
58.4281826160324,55.2639864746308,55.10537,55.30002220435912,55.223126082287
70.0387027336432,57.331356062199035,57.83714,56.89629334626525,57.354929512700984
61.7134895843666,59.98371738352433,58.460392,58.41821235562931,58.954107245814875
62.0088447956354,66.06776555651716,68.59291,68.57013444304695,67.74360358872188
52.6612955937123,59.06164949975744,59.138268,58.643405517676214,58.947774178174505
55.5037020974835,56.3767958642371,52.12039,52.06991764763008,53.52236845252344
70.6462035725487,69.95101428358153,69.56925,68.10671653016576,69.20899427596915
72.0373395414186,70.61930279106807,72.792305,72.54433882072401,71.98531553482262
47.659209444028,51.65880013594537,53.679783,54.202479449744914,53.18035415104064
66.5055320604613,69.44046966895456,70.00411,70.23719187044678,69.89392459435123
65.6100430494262,64.90389152330803,66.51115,66.72403593919496,66.04635800263772
55.6992714736404,55.401311875692855,55.007755,55.27733609442706,55.22880108322031
62.9887414646811,58.396482861135205,58.869793,57.50495505363669,58.257076951001444
47.6597447437885,52.17450620229157,54.696873,54.78197254176867,53.88445048508063
61.9115613351247,71.30008252339007,70.579704,72.85118815584786,71.57699165463531
53.5632832920976,58.57607673453976,53.993927,54.72491457211338,55.764972769535426
49.4899454343603,53.06486260958832,54.246452,54.579938524751775,53.963751155294354
67.2092584307685,63.04348284901844,64.833275,63.9763036911679,63.951020460498306
63.9227951639862,55.426274593910456,56.0864,57.96009042762188,56.49092136663382
54.4525692251254,56.46453569614303,52.8665,53.96266917202925,54.43123524088816
46.0500688853662,48.31038139385147,48.44476,48.62404476883054,48.45972851052616
41.8410739233787,50.98422436731444,54.716496,54.64587099717085,53.44886362613377
64.5375106782754,59.83014908647405,55.932564,57.38851770433713,57.71707685751648
72.6183278502004,59.097491841752394,58.96034,57.231344723828975,58.42972505270356
60.6303748600894,55.35717738638541,54.401703,55.86481763664837,55.20789930129772
43.7251985958849,52.80294234552451,50.347103,52.674854002368434,51.94163315559647
72.2697247148623,70.70155601964414,69.758064,70.45850097209467,70.30604042058611
59.7862155857216,54.96387921748102,55.1659,55.041726418158646,55.057168939907235
69.397708872885,54.82426710753491,56.655655,56.38646217922091,55.955461397994135
53.0465166571543,50.46302511239507,51.997925,49.5481690137921,50.66970631029156
68.5044022313516,60.03837124574401,60.430447,60.42298060058854,60.29726615702947
73.4177427050008,72.5884075145629,73.91428,73.9109012553668,73.47119750745703
68.2580430556792,74.24318652905843,75.33532,75.04384867970897,74.87411824260346
58.3896884969672,51.88321139371276,54.78203,54.21203691170077,53.6257588345519
41.9750554841879,47.06680933610031,47.66948,47.92708342371195,47.55445737664314
42.2535050941615,47.291576076124194,50.86891,50.60431718256509,49.58826833395111
47.5253929324127,53.43646826583509,52.78213,53.59749303306115,53.27203083132153
45.563122210167,47.68321164721966,49.204582,49.569515242957785,48.81910303484431
53.5299144305895,51.528271777161244,51.145836,52.26283222991866,51.64564662784826
76.8512262388788,74.22629922521091,70.90069,69.6353368731892,71.58744142326226
56.9214457099932,50.44337505227422,50.377808,49.81962416620519,50.21360227855564
76.5104466617701,68.506909989718,69.849495,69.25382730778898,69.20341074386299
46.243850227974,53.38699942088022,50.597298,49.60470419313889,51.19633376082538
51.4656773037729,49.290620266969434,48.68859,47.78625597991707,48.58848908343483
58.6463226008404,53.64241588888882,57.52574,57.0717673036946,56.07997492324396
41.5870186858538,49.87653961762892,50.77458,50.07467480381447,50.241930838641935
46.9354310892653,50.798798321005684,53.3108,54.307074649250346,52.80555720509185
79.0950860249083,74.55628941588888,72.20508,71.29999656272051,72.68712136786979
56.9434159174234,61.07558487513117,59.19275,60.4563628284265,60.24156557566505
67.7000484692314,58.127758819294094,60.12369,59.12116674302031,59.12420570705077
58.0034835178479,59.931392428969495,56.868137,56.49869033408246,57.7660733742237
58.2338549533699,60.44589038664024,57.348904,60.05591662914807,59.283570223931385
70.7235718743193,70.07455796301633,66.86135,67.53139995235635,68.15576964285209
54.3422717330277,52.218876555917845,52.995605,53.32437891512373,52.84628697993052
51.4102798409318,57.9263933883503,57.94031,57.08111022401413,57.649271681416394
45.6107417757032,50.895644179473194,50.68021,50.85059512853971,50.80881647384609
55.1832555206549,53.10760336175746,53.27369,54.04981378132765,53.47703547103489
67.7143337621499,70.55021609369409,67.97203,66.68808310818585,68.40344328050946
65.597480112628,56.94863722732423,55.524155,56.05171572229074,56.174835870900296
71.0734543352727,65.42299735861168,65.15829,66.54631024450816,65.70919821715323
52.0281724799876,51.39271042635985,50.482075,50.23266635746774,50.702483840458804
59.609172666336,62.43485492874802,61.81067,62.494981244155944,62.24683503940548
43.302092843403,53.81115372537367,55.39627,54.98266399451387,54.73002949061356
64.7665410363373,72.32500977290766,71.94967,71.95019067684032,72.07495644467511
67.3831221046175,60.21453247314456,61.860413,60.97806728383274,61.01767078487785
59.4840446685478,57.88806506028554,55.75218,55.9159256378992,56.51872296344113
82.5632962729829,73.16671382939066,73.326546,71.74745009061438,72.74690321177904
68.5059292920155,57.007427079149515,54.130413,54.68777423389183,55.2752047894871
66.9432440431661,62.47132815507555,64.761284,63.69655833539745,63.64305678832823
52.3106572743993,45.99432027643861,48.572906,49.59537762695195,48.054201465843725
63.5360199994789,71.42055942813867,72.01656,71.86976909332046,71.76896397899549
60.1888675444205,54.128072614023154,54.2068,53.260748543794975,53.86520657042831
60.5806910978327,57.88475268961545,56.92177,56.53127465884702,57.11259851231301
52.5198956269726,53.09450619522808,51.681156,50.825995774626385,51.86721937610057
50.8957736297933,50.70666009973966,50.963062,50.24309632537133,50.63760623716265
52.2903631833298,55.51384073495331,55.307514,55.1412902340018,55.32088171987632
56.2361614451789,53.660952465073315,54.60815,54.86193867997229,54.37701387574111
56.423922954178,57.08956417407487,55.562325,50.84793193464393,54.499940210881526
65.9009696012862,57.34230717727649,59.48003,57.852710865062164,58.22501603405104
77.8717382869452,69.68751503022185,70.112175,70.10378677854919,69.96782559885467
45.9403928786697,54.04323578967164,54.68341,55.004699988661365,54.577115474288085
62.9329494278986,50.64044507690827,49.853634,50.170116679381934,50.22139854563515
49.0097994411041,53.95450404172027,52.335793,52.48806589961985,52.926120827614675
39.3182288027664,46.854921038945506,52.024452,51.503905644186,50.12775963086805
64.1810214177998,55.70836636434811,57.003033,55.9471617611354,56.21952026993656
66.236249951303,64.64146754854845,67.071526,67.02349461255363,66.24549591161086
73.0465398246103,73.1945216364735,71.32287,71.44599746672745,71.98779581678964
55.4810685323993,54.676705335330844,51.448128,50.76291685121214,52.295916644375005
52.8096106561388,53.17736293976421,51.444668,50.713818764117555,51.77861650668129
44.5581282553572,51.29676411473518,50.46066,50.351573171422174,50.70299877108565
53.0720053911286,57.49099585393181,55.15773,55.06794953948836,55.90555849865308
48.8235039752506,47.26766217255774,49.092777,48.95075795741867,48.437065794057894
43.930909151678,57.52199254702373,59.346592,58.27303340433065,58.380539300272424
61.9864584580494,72.0958535970331,70.48506,71.19641758596384,71.25911094283492
53.1810237786966,55.02796343635623,55.3624,55.376211945427535,55.2555251455718
77.012323034596,76.13340661402862,75.63607,76.08544087576387,75.95163924708578
54.4297238456148,51.61880559732938,51.272797,50.7198591155878,51.20382044792552
65.1903816404288,68.78078924764019,69.622444,69.69160131278751,69.36494490441991
38.8817780229774,51.02607913368073,51.113136,51.91081360102595,51.35000967540353
67.1740428764204,74.75921309422552,68.9521,72.63255982282884,72.11462519272906
50.8242788199798,50.30598315330462,50.235172,50.573397713300544,50.371517712777894
54.6690706914151,51.12597112994681,50.953255,50.820488480741474,50.96657143679844
64.8440319418891,63.59860164300935,61.885185,62.62604312363583,62.70327666944814
60.020506346956,57.16017738070716,57.916622,56.447787339297065,57.17486229395649
37.5599949621162,47.88182029752102,50.829437,49.97498442287224,49.56208065875088
49.2872048093222,52.16038158258539,52.640736,52.509437603762905,52.43685160418966
52.5577697601618,56.152789156393254,56.126278,53.77501355155226,55.35136021050983
56.8929999687276,57.100946343150206,54.72273,55.095377250821485,55.63968410773992
80.5151686838699,73.86705210695897,73.97922,71.5560500655232,73.13410656725968
78.1557903209326,68.21386331897693,71.4893,69.91134448163169,69.87150379649195
49.5115268626706,52.696933596315986,54.361187,54.24902904137719,53.769049872964786
61.8116684947234,65.31691282852101,66.68001,67.51762859198523,66.50484978502551
54.1678617445655,50.015707564410434,53.19655,51.62542171700702,51.61255924777717
79.6605902863056,71.4063507666951,71.670616,71.06317470256916,71.38004720638885
66.5677281810817,60.89331761849609,60.928406,60.88631055194638,60.90267797738708
54.2598377562489,53.186816673396336,52.01985,51.76575560756362,52.32414132184342
55.2395421523942,44.46027586429031,46.786396,48.31728822980976,46.52132004023713
61.6676996895391,56.05388087354951,58.81146,55.95598696751632,56.9404421429041
52.6612955937123,59.06164949975744,59.138268,58.643405517676214,58.947774178174505
62.1733073647313,55.50754284304768,55.052654,54.94013719719518,55.166778102200105
54.225891016839,55.91593544450938,55.10537,55.30002220435912,55.440442405579866
52.8281665508571,50.10626531816489,53.784496,54.75465302428455,52.881804883274164
55.9054021361563,54.59922022113319,57.058636,56.87756513461588,56.17847368913967
47.8546503135721,49.682328321506226,49.38005,52.48389848676389,50.51542582248326
57.255324272249,61.14285010416176,59.23858,58.94185310243891,59.77442733432914
52.8430218593769,52.932300580010406,54.79645,55.64894588823844,54.45923267895079
78.8254510784654,70.68444834488452,68.897896,68.34079797921369,69.30771404569549
50.4353081850967,52.0231215306879,52.25942,52.74498201910697,52.34250734578123
41.0465164089324,50.12101352847339,51.55054,50.87629012798837,50.84928152684467
74.2967058148981,66.81139055953679,67.47111,67.14281348387318,67.14177050877338
47.5861299455994,58.696906743723645,59.278065,59.1442057968104,59.039725756105746
72.7611980320015,69.05533902670417,67.59137,66.19161863344823,67.61277576301956
67.1933572959334,64.18367202583765,62.81639,61.42695861707486,62.809007211374485
70.8658430535101,69.2448360113053,70.04835,70.74509568305385,70.01275972250122
45.6400617651018,52.045688538234415,52.76399,53.37230180123263,52.72732627811337
42.832128429637,48.92514563317732,52.129654,52.669608221537395,51.24146926179293
42.1301657380068,46.5477311084074,49.146698,50.02643528476569,48.57362146373998
60.1944365392173,55.46775309882378,53.282642,53.955017372243,54.23513761185624
49.4101978144229,53.47001660105288,52.336403,51.909081711679555,52.57183373526629
45.0669473126007,45.88051959689413,47.239166,47.31546410968002,46.811716655446595
40.2940421980207,49.36305910219834,50.4681,49.803648031667855,49.87826954511035
47.4606817492772,52.533308145605076,54.348557,55.475480256789915,54.11911497364989
65.9925115031725,55.4707208146813,58.02584,56.89619699825652,56.79758619073839
73.5462945929601,72.31605173903029,70.34473,70.18907859426253,70.94995229859761
57.583359362397,57.58488890562613,55.9751,55.806743798503334,56.4555780583589
59.1444856024541,66.10502639414769,65.164505,66.86611498294928,66.04521546065992
72.4314597786973,71.64724664934421,71.35458,73.52235075265342,72.17472704741067
76.7085000823394,78.16923159696475,78.891,76.74224101068258,77.93415714932644
59.844531757642,58.62980881944482,54.6329,55.21676090877626,56.15982332208606
55.8685388050378,53.29948178771483,51.743336,51.57820127078143,52.20700626079107
62.7654735680192,49.174844465742375,51.45015,52.03464828650637,50.88654742946053
62.1973385081954,56.03003991441554,55.357567,55.96499663606036,55.78420112799066
67.3633428956516,56.95387246577186,57.56794,57.26977782721132,57.26386335042799
42.6141178949669,52.467424881211976,53.341755,53.30594903817673,53.03837627757292
48.172823164169,50.61367095496597,51.399113,51.661384774285764,51.22472281022258
64.0532134613756,59.503822135398636,58.697895,55.73238634310043,57.978034509515965
65.8531542753233,75.73800806382174,69.84478,73.26160517241449,72.94813106816599
73.3767290662615,71.92502937861316,72.46467,73.73815885055264,72.70928550103052
54.431156644781,59.74991263071622,56.379944,56.37523895935217,57.50169847924155
49.6473908107896,50.15382885950822,51.979736,51.270962544047535,51.13484257722692
54.0246751149376,53.622002520176416,54.487846,54.78197254176867,54.29727381215227
55.6176183132684,52.66947993252356,54.59749,55.082410792637866,54.11645970949391
75.5300675313813,73.19271768350048,74.83283,75.0057233511537,74.34375779035999
62.5570512465116,47.317229015418675,48.889015,47.99001121367102,48.065418475614536
49.3596007363849,50.86487362916194,51.987484,51.21274339290784,51.35503366678042
65.228956970051,48.62064925813748,49.499546,49.748524153067436,49.28957315407678
60.8855425864704,58.23480473442532,60.045578,57.486708564975146,58.58903043411005
67.595924497006,70.51370936568382,71.081314,70.69717415454305,70.76406586904699
68.6235381866401,72.62553111975849,70.27718,72.06247551209766,71.65506338819034
54.6849847915693,47.2343608642285,50.86891,50.60431718256509,49.56919659665255
62.7921781760984,63.5775730621969,61.673084,60.50498152326523,61.91854628149844
85.6849284266774,77.1046046791126,74.76747,72.74351840641894,74.87186479966937
42.1235447255035,51.844865657079445,50.62646,51.784478245102214,51.418601643744786
65.9695895726113,57.872581040080874,59.36795,58.860340799814175,58.700290759782725
53.1777467768292,51.95126355071962,51.331985,51.18331501751336,51.48885468062193
60.7027526202564,56.64282865877952,54.87135,54.86935588010988,55.461177957868735
69.5164024112081,68.69729139059977,67.942696,68.32165814295227,68.32054838374262
42.0558689945208,46.01815434675265,46.51611,46.495947554489796,46.34340378926506
55.7127572617903,58.94102177646837,56.901966,56.703413788056885,57.51546721983198
44.9707928711745,43.47863235088413,47.918663,48.50274052956219,46.63334530178289
48.6592756818365,48.313543973038264,50.07014,49.282820047206286,49.2221682862892
70.9618995197168,73.14121068886627,72.570045,73.75510389740339,73.15545335248703
55.7586155671353,51.40916797135193,51.063194,51.68274871889964,51.385036988384634
47.6826099528239,49.26487600763599,49.565826,49.41180309172492,49.41416850512551
48.667188021806,53.02433431425087,51.01842,52.15173637329866,52.064830620215076
57.4199160251727,52.00846879296498,54.677116,55.14067251963566,53.94208590221454
60.6303748600894,55.35717738638541,54.401703,55.86481763664837,55.20789930129772
60.4922445807176,56.12146659743399,55.307514,55.1412902340018,55.52342367403654
70.2961408613791,68.22142136741978,69.51394,68.90757926212605,68.88097984445147
57.2100802737928,54.22706752553014,53.95583,53.91467605074547,54.03252439887897
58.1789820993146,50.959169024479316,50.210953,50.446472267813235,50.53886468369387
53.7382278202152,51.768768869249655,53.578613,53.47732853409274,52.94157022819747
44.7967438530556,53.382602092881235,50.778595,51.089414323933674,51.75020379583935
42.8127499241247,49.89051877733516,52.456196,52.43577960623192,51.59416473828863
40.9294007137089,52.485157805270724,52.44062,52.645670302504605,52.52381617671287
47.7751427733718,49.10380371083123,49.9271,51.160518317792665,50.0638077212926
43.4516661032433,53.338889839083684,52.6536,52.27919036481562,52.75722632976656
47.4238972072375,50.79203398292548,49.78753,49.93352277408475,50.17102858290315
48.72487432451,50.692425850621106,51.31618,51.833005727172136,51.28053758688486
58.0185733092013,49.58087035558277,50.841152,50.663044640875725,50.3616890625402
58.7217276384724,57.18055430103928,56.101135,55.75365147583221,56.345113676925905
76.6897642666786,70.98422559583672,64.0523,68.64398844674328,67.89350451403057
49.3427818056382,50.896393619175306,52.242573,51.42503976675393,51.52133539011769
43.3166378251046,59.60461843712309,56.906178,57.5049820253547,58.00525932774325
52.0040332192993,53.85693953815428,55.202633,55.53855665639216,54.86604303286639
83.8258370433927,72.26348687769234,67.532364,67.55968859823976,69.11851312251122
75.9302349893432,67.96129120625446,68.80853,69.983293322143,68.91770574774706
63.0519562843583,68.11724490209293,67.99553,67.46520481114673,67.85932629601479
56.4504879176441,56.720184118173094,51.73818,50.73844204156364,53.06560147097019
60.1376974050738,53.78689767849725,56.406094,56.10769715732985,55.43356281107973
51.3727977584959,51.531795001996,54.10903,54.734339779465856,53.458388819569315
45.3257485017374,57.16986719021751,56.015923,56.48257617271035,56.55612196977154
37.5534189753485,50.67307994853886,49.978733,50.398233538121104,50.350015516468034
53.9683973729814,56.00137368972617,52.859585,54.866916849417336,54.575958449164375
61.3017214255445,53.20172036408424,50.25396,50.809417028192556,51.42169901601284
49.4593268600606,51.33578165996324,52.67031,52.49433991847872,52.166810850854354
66.4990612802182,72.68683971029557,69.09333,68.51628162334929,70.09881723898188
65.744241021542,58.03209127303173,55.84245,55.041751068644544,56.30543050996957
40.7020289261255,46.354968675455886,47.708534,48.58656454831601,47.55002248816485
50.6941726909817,51.15502247829883,52.736187,52.54128749146957,52.144165650323195
45.6144011422721,52.47663737539206,49.129402,49.62730239535971,50.41111397713211
45.2924399128016,60.80307493946316,57.03629,57.23133509900801,58.356899751186354
63.5322579615352,67.14687926583089,63.424572,65.2916596816612,65.28770364615296
61.3484057028646,66.41692365272314,67.225395,69.6435909545897,67.76196993664985
53.6836534740049,53.7162006578367,51.661385,51.35677398834666,52.24478640956763
46.9477267126032,48.16353467359417,49.70397,49.17027437158769,49.01259363599161
63.6512279724936,51.70592043463427,53.29346,51.37883896745451,52.12607341601201
51.9908068744818,53.718279291775616,54.327847,54.63737342814243,54.227833082339224
52.2338190922015,53.6552809129257,53.911556,55.5963306360749,54.387722597632354
54.6676181037421,57.651414390559914,57.725853,57.17655718534863,57.51794151407237
52.8480693110347,56.319269215950165,57.0445,58.30514810404935,57.22297192120101
49.7549429734344,60.00695643881033,58.549442,61.20358692477747,59.91999521828253
72.7778173475304,69.37547658407973,70.5742,71.70078166333587,70.55015391287552
54.0908038327714,59.86982908678817,60.271866,60.46681249476351,60.20283580875941
58.2853521174079,55.96491772592384,54.618763,54.43948216964497,55.00772095517984
49.101411295647,56.07550527400296,56.19519,57.591717089974296,56.62080426455492
49.4521856103292,45.87660405341911,45.63993,45.877235460745474,45.79792341308741
72.3469619197589,75.57029345448441,71.495674,73.43687546757522,73.50094768512014
57.1573148633451,54.41919433558499,56.050125,55.58416023417632,55.351159897277206
75.3107733455708,69.48653590226873,70.18273,68.4583279440284,69.37586515823835
71.3227383986297,70.53465887575518,72.22943,72.47912165494401,71.74773722768099
49.2563638359204,51.59115614972125,51.901855,52.505739950080184,51.99958385618381
58.7092607930037,54.02919703958043,52.85349,53.08008560569427,53.32092385579795
62.7770496463675,54.977860099973334,53.513325,53.955017372243,54.14873406992172
51.5212909247721,49.96404456475904,48.56542,48.98240718618666,49.1706233314513
51.7076483512242,51.90549271939988,46.619747,47.720934613136585,48.748724831467236
48.5646176136247,50.13475064974008,50.096375,49.8483552714433,50.02649347763404
57.9286048246935,58.89719288215261,59.11154,58.681396593822,58.89671040800716
59.328698218992,53.33536037608798,53.29904,54.13619531108449,53.590199145073115
50.2649815663935,59.255305766583355,58.741955,58.07995039788935,58.69240365597984
55.037688957689,53.15215113022953,53.31917,52.064674668980665,52.84533256824259
61.1198025141791,53.48377088080315,54.684742,55.06585926454303,54.41145737307438
39.9426175601737,54.76394251596196,50.64459,50.810622856460625,52.07305128096052
55.3107166318587,57.71039736224616,54.135574,55.56928368709236,55.80508513005295
42.9015258968417,49.57396917549086,50.499805,50.69836615839055,50.25738026144029
39.3548077716096,51.04570424493417,49.619087,49.661940572831554,50.10891067900133
44.8142323431455,47.64015702768899,50.40254,51.39520807141639,49.81263446622197
65.9887707528187,70.58401339708811,72.558876,71.95621548054595,71.69970163841057
50.0815052978727,53.66790389113331,52.681293,52.68700733033433,53.01206823633882
49.9811951487203,55.785079645263686,51.68864,51.255570754757414,52.90976366483451
71.2906050790782,71.64538586812495,71.924225,71.15450510337183,71.57470527500415
57.1438389444348,54.41025122072031,55.97922,55.131924735816284,55.173799100176915
58.0675068853739,52.00699525642302,51.266647,51.32199721154457,51.531879935611585
55.5960895060904,56.54137754388236,54.17119,54.615210032363755,55.10925864357943
45.7522789208461,52.77470192894347,51.23807,50.589435247706966,51.53406953943361
55.9749189061417,57.69577669164657,54.44926,54.465152937578615,55.5367301136317
58.4361135155939,53.82426207443041,52.336403,51.909081711679555,52.689915559725456
51.9493065668966,45.67643485069055,48.188988,47.62893340462382,47.164785329082655
62.9254668415474,68.47852398342448,67.869545,67.48505817025138,67.94437571219532
54.325968058619,52.6079115788109,54.44991,54.202479449744914,53.753433412920295
65.712770502182,60.04264014565584,56.515472,56.42264947647377,57.660254011412995
63.522896072149,54.04932565864056,49.581833,49.545477369791655,51.05887863805813
82.9696211540168,69.19934862161786,66.9285,66.72452429705092,67.61745674437397
56.8423386168708,52.43900911889567,52.885185,53.5647925996082,52.96299565340103
57.755894018835,58.127711640236534,54.600105,55.05763368423053,55.92848353670386
55.352229510349,56.172656539104764,56.923046,57.60728637038426,56.90099634051652
58.4113257701463,52.94963851416755,50.605682,50.544321743593336,51.366547543602586
45.0941269965036,44.19345862692769,47.989025,48.64400026238412,46.94216133509287
54.8318638550249,54.98522772178849,53.799805,53.487407713940264,54.090813374409585
70.3358666608723,71.44818349077929,70.89292,70.9782801826658,71.10646170706633
35.9454181020917,45.038311715239686,49.58497,50.04333674955883,48.22220567723101
72.9918392803372,72.50476480040082,70.68321,69.90757776037815,71.03185161368414
45.3005013861645,53.527606631418685,52.39241,52.90052732689865,52.94018141221255
67.1811504571833,70.77654095597191,68.77878,68.52915125173175,69.36149009462517
54.5020186622457,56.741745524136604,56.846767,56.526341022639265,56.70495132410432
76.4654574533814,70.93853029154656,70.86312,69.95770891408772,70.58645341278304
74.4102129578859,72.32344150454433,69.72272,69.0893569492436,70.37850524631473
56.438780972243,51.67778450762299,55.719402,55.15190723974369,54.18303135353303
53.4139687649727,52.73133844185791,50.37622,50.27983646705577,51.129131870679565
39.6287473295532,47.82001876382936,50.096954,50.97200874005529,49.62966061652926
72.9029341005334,72.15887866504276,71.13128,71.37629084770745,71.55548283481649
55.492633036181,53.22292313878663,54.98179,54.35636952113682,54.187027098392456
72.5925011470189,71.89496860480234,70.97927,71.52109207744579,71.46511053910224
58.7918086997419,57.141194763828835,53.17086,52.19658708818973,54.169547380848634
44.3096871826964,56.09213024318473,55.457134,55.58750800205442,55.712257497355104
44.8971423239545,53.65226142212145,55.29673,54.32035795070281,54.42311647144272
73.2063116318474,66.28514617295703,67.632866,67.7482445020757,67.22208552693148
75.5672196291924,76.84642806079768,75.06031,75.32796810553057,75.74490217669926
49.6473908107896,50.15382885950822,51.979736,51.270962544047535,51.13484257722692
66.973470952346,68.21431755090944,65.89876,65.16973545833888,66.42760364793953
47.1806593487845,55.90574624062321,54.98065,56.040592098015935,55.642330064702634
54.19509266725,49.56135824855237,51.331932,51.054250316838626,50.64918021108736
59.7743830154634,57.93489116842548,58.581882,58.32402714575645,58.280266930329525
59.1143670437812,48.20183343027142,51.121502,50.89641558251223,50.07325031179702
47.9481640443671,48.5435907923455,50.804726,50.461217005597106,49.93651114830508
60.5845004152682,72.06146814945429,69.78811,69.82353542150074,70.55770413221288
51.2002294268309,50.75587799538064,53.20185,53.83631071935422,52.598013201949385
53.174100357216,49.61349373931997,50.440514,50.424282904991244,50.15943008505036
50.7873233387888,48.128798100213544,49.78056,49.44056991486326,49.116642518290575
42.2040014653055,49.217457926180586,52.84855,51.34615732627018,51.13738804720364
48.2843663996605,49.6815357057981,53.246258,52.97088260477503,51.966225364185185
70.9093826044032,70.38729782474411,70.926476,71.32481028720917,70.87952787895188
48.3314910111544,50.845524899904824,53.02316,53.43091065345184,52.433198193485424
51.7326744871186,55.392129789300164,55.22817,54.97393874922604,55.19807900869168
70.3553908714955,64.89067029201307,64.353645,64.32756605668472,64.52396055780162
50.4205856045727,54.6273040610927,56.77718,56.54447306340632,55.9829856141722
61.346077984164,61.50901844641895,59.21883,60.16366007844035,60.297169544500626
54.0659828460709,46.884088529977255,48.772495,48.54826662327303,48.06828347434189
64.0478318116414,58.67373811044161,59.556213,57.447891243978745,58.559280911108864
67.696499102581,65.34381256315267,68.10299,68.21029391733478,67.2190318924216
58.921248348819,53.57315051253869,56.655197,56.52028082333434,55.58287615980924
71.2981840680426,67.16525064108617,67.949936,69.0433048883285,68.05283048083355
67.2031455785131,73.45719947247966,72.0805,73.1511487767993,72.89628199699273
59.1981915204772,55.6459774914215,56.53192,55.31803742044926,55.8319787661965
65.9488808005796,75.37058212535808,72.41686,73.37433538076307,73.7205933313047
62.5644623458254,72.00093092416297,72.121025,72.04982803670242,72.05726134877153
56.7678328876478,55.22780391582403,54.87558,54.9663517510641,55.02324516695751
55.2886619438873,52.36636092585777,54.019325,53.51176567643395,53.29915061954646
48.5024740091051,52.11658758288842,51.989132,53.015275749294155,52.373665086557594
58.9944935246143,58.01909362033036,60.251575,60.03212416855973,59.43426441962026
42.1291764056466,55.071883486687085,56.287434,57.27732804961672,56.2122150535238
56.8432696768789,56.23455361042087,57.49691,58.060827526572226,57.26409707740263
62.056365255231,58.050995701547244,58.063908,55.94422425288481,57.35304252590769
54.5688203142578,52.02922538608107,50.650436,50.72604244912718,51.135234745525146
50.4394717030169,53.7322008424361,56.65042,55.06538883649669,55.14933694050364
70.9237419044769,72.04998221188785,70.99805,72.3253307147674,71.7911199338851
68.5553470187099,65.35999398598898,70.7187,70.70065914631694,68.92644990884806
53.2741144396062,48.66404320094388,48.995274,49.024714575047675,48.89467712202648
59.2725314055611,66.57093117936843,67.47716,66.81210461470195,66.9533977956146
53.9998460924997,56.272807166414275,57.67708,57.73791682659825,57.22926741336094
53.8219017053341,58.73883144221094,54.793243,56.78441428895064,56.7721630464549
67.3917158455502,72.66105537332743,70.558,71.014021378567,71.41102513637367
59.6906378080781,58.65876443074035,58.280308,59.17683262830927,58.70530160960834
39.9930820939284,51.09900418380339,51.347553,52.34880729886898,51.59845491194873
49.2782029181153,51.98902127123243,52.653423,52.549663544551024,52.39736937503654
66.3092588499653,68.32012277334059,67.77515,67.65544778843679,67.9169056820508
67.7290551691058,76.19619666331816,73.28522,72.29340442534418,73.92493945793954
58.88915440252128,73.52737099370869,75.27607,73.57505659283571,74.12616574255254
43.626960451608,46.30793261828777,49.234425,48.79949169827502,48.11394963587575
57.1966295250986,61.21728873540622,61.377293,61.101952974484185,61.232178114315694
50.854334653385,50.81254889496569,49.96567,49.79929033007944,50.192503588117255
58.88915440252128,71.13801446282966,73.250725,73.32765316265446,72.57213080598818
54.8751105800332,58.9194837182333,56.901966,56.703413788056885,57.508287867086956
60.5472289770716,46.61813451092984,47.982628,48.002935154683584,47.534565844755264
44.536157570003,57.68727030890985,56.082188,56.46756712912729,56.74567503020834
51.1499336240106,55.94683117114819,56.742268,56.740057966602,56.47638558213092
64.8733777167381,54.30794859692612,50.471554,51.226271052460156,52.00192448395884
85.3731605062717,69.53430662744101,70.79532,70.90518909430241,70.41160477508635
46.2135422778169,49.52520686124714,51.305695,52.17314816765675,51.00134986966068
83.5030417075357,71.9827645475056,71.26572,70.87279067984053,71.37375726002684
71.6793426041841,71.34120954244206,71.26887,69.74948839472064,70.78652180994617
44.3059552903926,49.46244519322444,50.636497,51.47598534808827,50.5249760129571
66.6815937903876,59.20015065983491,56.974937,56.3720202171993,57.515702771999685
59.1890555554258,58.9956378593624,58.71211,58.84212795766626,58.84995814302973
57.873254857607,67.70000517750242,69.2482,68.79397988759827,68.5807281759971
61.4246657761176,67.66763286821462,64.800865,65.72983113862854,66.06610972672767
61.4496414366242,55.7423926233902,55.59286,55.2121470559247,55.51580028495067
66.6785004964057,63.8218991024031,63.561802,64.95567954239696,64.1131268517335
60.0751610588242,55.828718294658735,58.467937,58.55097679122341,57.61587751845485
50.3549585444486,48.860740815030546,51.0241,51.52658019487213,50.47047408907563
56.3794606104385,49.82725100576448,50.4681,51.131182930123465,50.475511812450925
75.1055074904182,70.46137600341252,68.1772,67.61025941020154,68.74961191033229
65.2280002127307,59.59545095710997,57.972557,56.78494144698424,58.11764982398844
63.4053021301465,53.919568364990205,56.825813,57.12513580864935,55.956839155698866
48.6415942782449,59.40281801023075,59.70955,58.88212052533132,59.331495828585794
75.7378277929066,74.53791801717087,75.987595,74.87719329492613,75.13423530552973
58.1313846391559,48.724447045153966,52.521465,52.52229387712663,51.256068741264755
55.8835652389534,53.40867654419735,54.73389,54.81426276578146,54.318943281142026
60.5508186846931,55.668226564176244,56.194035,56.567158152773985,56.143139764455405
55.520970530816,53.11151959000811,53.903816,53.93825026282363,53.651195358658754
42.5102592095803,48.748707845763754,48.92628,48.96265966094605,48.879216160683875
42.3971540767748,51.85258473753077,50.995407,51.06994388550957,51.305978575844186
54.9351103614782,57.39225836302724,57.86409,57.87376432376852,57.71003755087202
58.5451438396404,58.31294142293384,55.843838,57.94356864073747,57.36678260056948
79.7154439816903,68.37161636683737,69.69034,67.8730208856485,68.6449917957505
70.8647216407771,64.33034763694943,65.4917,64.8980718446314,64.90670623344361
63.6133425817943,67.06306889516438,67.80927,68.8560999659548,67.90948054241083
54.4457347374206,58.942754770580905,59.294262,59.32441775455568,59.18714481916987
64.2615425707189,62.091499787471086,60.8461,60.2163863668482,61.05132866927829
57.4055614865647,58.17176240508516,57.876858,57.200710709497585,57.74977695738371
45.6955868318199,52.84285833367098,52.82029,53.240073424811676,52.96774045676636
62.5153909545802,70.27158943964882,68.061935,67.25254514878527,68.52869000441292
74.7793778163123,57.54577714270534,58.28342,58.38749268018285,58.072230128544106
59.617853074101,56.67469159993257,55.52784,55.16401897072201,55.78885007709971
50.5877553395496,50.834978622993475,51.7179,52.38358587635836,51.645487940620534
65.0078392099538,69.04017213840274,70.9383,71.65236579084238,70.54361300522363
66.4757413556905,68.10456130397961,67.55703,68.02899031102359,67.89686044637476
69.4972042424205,73.28816725669735,72.01119,73.77404998863915,73.02446985570462
78.3712061867743,72.33831119899014,70.22642,70.17731789488765,70.91401554512724
69.3020300469623,69.41688299754775,69.87665,70.38236589691229,69.8919656145596
54.2191365819207,55.138287887218006,54.297703,54.121285776861306,54.51909215112865
69.0492864448321,69.68990952820054,70.60939,70.90010766360047,70.39980248353002
61.7127732991366,57.95971228549664,56.195908,56.55558495352231,56.90373494393079
59.6265609731907,52.049222673543326,52.038013,51.48172653867231,51.856320890155864
65.9006357155216,70.1054182834086,68.31597,69.90474128533995,69.44204364775342
56.9143593658728,49.99167394274246,51.52119,51.49775679911724,51.00354046172341
53.9380030363244,52.05111578817007,53.00776,52.110041314032934,52.3896387321471
63.8842299044326,59.482697669427786,57.398727,57.13896899332995,58.006798026583304
53.9794705194478,45.72054090448824,47.345512,45.95434345079137,46.340132248472116
58.4547559019006,59.7853804095725,61.172558,61.35930287109833,60.77241370382712
51.8992441758828,49.6127305312492,50.87884,51.40934172529819,50.63363788556462
61.0652862735501,52.83565140750523,53.25195,53.07118516242171,53.05292862674323
55.3518658402032,50.666262190023495,53.165913,53.103809883982386,52.311994900726575
54.8712663378289,53.04468809904048,52.431904,53.07517169963954,52.85058787926378
59.0284057043978,52.41218601953396,53.753628,53.16964504121415,53.1118196126159
48.9278005902587,53.268189031435284,54.528286,54.77031912324453,54.18893137830148
49.2163346701499,52.988437458848836,51.36832,50.99625558995493,51.78433783796388
57.6590170850325,52.378118554379995,51.98355,51.77271320625276,52.04479426200779
72.2081577264226,74.87921423660879,72.64469,73.1805640251665,73.56815657635349
54.5285545986738,58.87049709586879,56.344807,57.07202666779748,57.42911014493628
57.233197893707,54.128367973069565,52.622196,52.48806589961985,53.07954335673305
39.2047325736502,51.84403123363227,51.17796,51.14216517278105,51.388051949517326
46.1114804348914,50.69405090712315,49.466087,50.08727053805537,50.0824695954957
56.792423714502,58.71737089436521,59.057175,57.794323527541735,58.522956368174704
49.7039100021771,53.57085605676269,50.929703,51.27512006916559,51.92522629490578
40.1733966451104,44.78963176277491,46.489117,47.073586235432074,46.11744488896938
70.4783373362074,68.46437548477941,68.16279,68.42108516826006,68.34941634805091
42.1168022547158,55.17898425436994,50.41739,49.86252667590199,51.81963328209584
61.1974297283351,48.59306782770069,48.620937,48.68955965319777,48.63452160943686
46.9262237124875,55.52720847639125,55.765404,55.51179337964367,55.60146853453117
44.5837920226937,54.61293527137437,53.712997,54.51742740823022,54.28112003870935
77.2989109322364,67.71881528902803,68.879684,70.10682919991662,68.90177631239561
66.0028486488311,67.01552992798065,67.30905,67.74069129576858,67.3550909124737
56.867729502843,58.76136487161427,59.134502,58.37476418275093,58.756877155084624
68.32442002804,54.30919522386107,52.269646,51.22900082371892,52.60261391283265
67.7685398370005,60.020193214986115,59.25537,59.01290914106734,59.429491149934485
76.5292591037146,67.98926556646798,67.29808,68.02188192200276,67.76974264426889
51.4493142385289,53.55480253244792,55.231224,55.29907513266069,54.695033908389064
64.2432891146699,69.13245904749184,66.2545,67.23302678139054,67.53999572388528
55.2395421523942,44.46027586429031,46.786396,48.31728822980976,46.52132004023713
51.6180870113347,49.25306531068649,48.576595,50.2364006757364,49.355353764273126
42.7064050594184,46.99285911066845,49.146698,50.02643528476569,48.721997464493676
48.5606357340859,49.592027195165485,49.62957,50.246739648341986,49.82277895027723
74.9013092401002,66.51454623445153,68.23811,69.23443070586693,67.99569678121293
76.1604123669776,71.39442289493071,71.853584,70.61267319988096,71.28689346145416
54.4586203890249,54.05448587067984,56.760117,55.60680897414261,55.473803807323634
59.6377781684995,58.0165384609588,58.21395,58.3071497509108,58.179213107569815
47.7751427733718,49.10380371083123,49.9271,51.160518317792665,50.0638077212926
56.2719735753317,51.934084414635464,55.041023,54.96354054026471,53.97954940309824
59.3410297530995,58.33865336250563,57.28068,56.96163612431956,57.5269903656442
58.6303166440689,57.73244185411561,56.819862,57.37852591618518,57.31027671200783
53.0216508412182,55.216092903999424,53.282642,53.955017372243,54.151250880248135
62.172361341374,58.00268350936317,55.550014,56.228371776655194,56.593689927289326
52.5425129724037,51.39166978286271,52.02327,52.33782829033089,51.91758924217131
60.5134425863996,52.64690230857353,53.662132,54.56512136169796,53.62471864448503
66.6849630063822,55.76051928563897,54.892483,55.191816227038814,55.28160609008205
58.3900371551566,55.46122011935883,55.96663,57.44036080367399,56.28940331711771
56.7235321478016,54.80260362100719,54.19337,54.387879127966066,54.46128452268835
70.8937045974529,72.2458023754891,67.589226,67.93503408578664,69.25668741010624
61.0045558209664,56.66109038926901,54.629757,53.63002504296606,54.973624119908436
62.5876908778669,52.643030420218174,56.120033,56.060231867833956,54.94109851740409
55.8390469021645,55.607283027608474,53.924202,53.9519198717517,54.494468288230735
73.8037353979408,72.51577232964104,72.375725,73.28965974810609,72.72705229007586
76.3414467461508,72.34027695159381,73.784294,73.214101402816,73.11289082760926
69.2360628735253,74.3667200848079,70.70727,70.88747310316171,71.98715364973336
50.563497422547,59.02562636136544,56.59037,58.964648222481074,58.193548254023064
51.4697528477399,48.598813051251064,50.8748,51.0247405460668,50.166118411020015
57.7822555630711,51.25503827106222,50.77458,50.07467480381447,50.70143038978637
70.6979898938515,71.83436357330878,72.102585,72.21024100016457,72.04906313744685
45.9321348952008,52.93632739941315,54.379307,54.55299099070042,53.95620839444215
50.7109288819842,55.19884593607655,54.253376,52.60168117459193,54.01796770591619
61.6482649771251,67.51376394313424,66.87674,68.37836215163546,67.58962186557427
43.2574012006423,48.19023687528984,49.390648,49.94870703812127,49.17653060053157
45.7722012998948,49.26487600763599,49.565826,49.41180309172492,49.41416850512551
72.7707747285769,69.02260655417844,67.986916,67.19053002168958,68.06668405474898
43.718588386888,48.928582143302485,50.74408,49.32135820384504,49.66467331233042
61.0543053776363,56.20289294532061,53.194828,52.66046666029836,54.019395879688744
56.3792536414024,58.008814801638295,57.417244,57.380029819627744,57.60202952626185
55.4307949588812,58.52918396351238,55.10119,55.0109733175316,56.213781980237314
57.2450848464167,51.71460155189934,54.782852,53.94192545935857,53.479793061369826
62.3284912114389,55.76741093451436,56.892063,57.47263337504417,56.71070248347589
58.1947987162671,57.70571195887181,58.401886,56.962075000185585,57.68989098179517
47.6237030325117,46.45654358380268,47.565796,46.618624930703085,46.88032147098108
54.8540643812844,51.175050496669336,50.87563,51.95273516871624,51.33447169681147
49.8501801487289,48.67319216653581,51.701,50.76491270531723,50.3797016951587
53.8213631472731,61.78664885583034,58.71644,61.42009988284868,60.64106234404536
69.3348646836481,74.32955417692081,73.16118,74.67663107390166,74.05578794656321
43.8313666947055,48.994448617081325,50.65446,49.27903530035788,49.642648274807215
63.8652479793591,72.04132725206169,67.08851,71.01331137554956,70.04771574452276
49.3466734979183,54.384645767237835,51.38487,51.48417202890881,52.41789547265761
56.003016360524,55.02701095036237,50.06054,50.9895091295265,52.025686441831446
43.2434643467118,50.54610910165625,53.322506,52.26247110754059,52.04369538670819
52.9658973062201,54.96902169111005,54.794666,54.26194326381698,54.675210415070076
55.3373046833353,56.26651552957874,55.84726,54.91721797790973,55.67699767632428
60.7027526202564,56.64282865877952,54.87135,54.86935588010988,55.461177957868735
65.7304551222127,66.89374319197292,66.64309,66.76295517084449,66.76659588575033
58.0675068853739,52.00699525642302,51.266647,51.32199721154457,51.531879935611585
55.9861783828259,66.33825989266893,65.62833,66.50312787480169,66.15657139449542
57.1470203346289,53.35390304173856,52.012463,51.438678301729205,52.26834798647818
57.7810078216038,56.809729939178276,58.301575,58.97150085669871,58.02760183430274
65.8787032170237,58.50218663760209,57.67632,57.366849588214045,57.84845178271019
57.1370929944163,49.48542664850459,51.86172,52.149427808276386,51.165525165199774
55.1621012157608,47.19429332846578,48.381367,48.41820913200334,47.997956396735155
69.0542778356961,62.29867452381159,62.78986,62.46769472479828,62.51874300677946
50.8606634397189,55.93099822649754,56.390167,56.009747185921626,56.1103042162491
59.5248051914912,51.26252948837828,53.109756,52.62615668166065,52.33281421325517
56.8493631576659,59.25881468750341,57.05349,58.036915872274065,58.116406748278685
57.8467213951479,55.06649743059341,53.73389,54.31001641954847,54.37013479452971
75.2317041377586,67.93972595100799,70.907166,72.96159389660662,70.60282845831945
45.9581266891755,44.72291447088266,49.091503,50.84180882307564,48.21874214575627
50.9658647040997,52.27723789809363,52.912834,52.17254411164671,52.45420539240694
49.394510772967,53.681739164038284,53.806812,54.6705893981416,54.053046949518944
59.5058473361694,57.326982796562284,51.79138,51.440039086446774,53.51946790631552
74.8442697222164,53.162659389030715,55.54093,54.748350599539386,54.483980563410086
56.163369847233,59.19328982501988,59.429096,59.973058620138765,59.531814889027494
45.3066807919939,51.95155200038917,52.35833,52.557356702321286,52.28907949188656
62.6313719039194,59.07744845124021,57.660942,58.28516867214369,58.341186400340206
59.9828661029225,61.6922046638755,60.382668,60.17624734761543,60.750373184331615
49.0600998561357,50.19785227449407,51.902325,51.34456805282179,51.14824833460984
72.2610522834221,73.90885771662678,70.64792,71.33258053257576,71.96311898345813
61.8424121785499,69.20167180957175,68.7012,69.51397597673358,69.13895005962782
83.5623505437806,73.63464392248618,71.73558,73.17969820565749,72.84997419082653
67.9572400226576,70.1278243046234,70.271515,71.17413865141286,70.5244926162048
54.4946320383103,54.89628401022634,54.569603,54.330581928945186,54.59882296849337
62.4231634696886,69.20682015776661,69.02868,70.11611288892537,69.45053731357832
41.9794394747736,49.64725206481042,49.2877,49.777116088941796,49.570689602276126
65.0655147302545,68.27666845423151,66.04692,65.96508394039502,66.7628910569979
71.5810843345772,68.35868241288019,68.07548,68.24200546435604,68.22538849244462
39.5520969656049,46.039086094848926,46.910175,46.63435269732121,46.52787137188549
59.2761185104646,53.96194287177364,56.674416,54.69142816627813,55.10926220881023
57.9630148572038,57.024377182037995,56.091267,56.6930451301498,56.60289631475595
60.3986014776836,61.32119271471722,61.486607,61.21618269219042,61.34132733493601
73.2020461997558,69.89954771925275,67.68721,68.77281068473098,68.78652282899718
56.0033489280546,55.50292941075825,57.0834,57.46010237264425,56.682144169906955
69.6827461230728,62.57990581799368,60.639336,58.77909311892724,60.66611152308172
65.7067113836619,58.806410037504115,58.292236,56.55120003916369,57.88328213493094
42.6982257073082,52.869799725411234,54.397682,54.12176616565544,53.79641602700269
67.2518395939905,71.7820953949696,70.29376,70.21633372819802,70.76406377673295
37.9409127604752,48.09167303278688,49.318203,49.707456321111366,49.03911077543679
48.0060408018195,54.15348606191432,55.742775,55.848761895226254,55.248340973506494
65.2766370816999,70.15576533331206,67.69578,67.76916468475673,68.5402359703784
51.6827778277941,57.73286217156213,59.044502,59.19064060163325,58.656001677165385
72.3961870626717,66.32831400681349,67.823875,68.18983286718209,67.44734076708056
68.0486052485743,71.01400573103994,69.48324,69.10424243615655,69.86716212913711
52.8450211412105,55.01987855193116,55.355297,55.233829443018436,55.20300169452421
52.5304116450234,56.33194190194805,56.08429,55.694059306035555,56.03676358625495
37.6265307333192,53.144375078464805,52.280064,53.56276613137129,52.99573494632883
48.6032708827226,50.86496666804472,52.74647,52.45454948016787,52.021995851080625
56.714127055423,55.58537095901674,54.36785,55.040137157674295,54.99778645800509
62.1432686372577,54.038960810969726,54.47792,55.05702124452532,54.524634195907204
50.3823625698583,54.078116999474,55.095222,56.056157165871596,55.076498879496704
78.3944193885001,69.46382710398659,72.22411,70.43253420635698,70.70682492489969
68.6235381866401,72.62553111975849,70.27718,72.06247551209766,71.65506338819034
45.8205161346893,50.95942105891926,48.982944,49.12230565049643,49.68822373264703
49.4789001031175,56.685259869821394,57.945892,57.491648996788456,57.374267066864746
52.310698129517,50.97393523498747,49.766426,49.57689931363785,50.10575354501703
56.6608021635814,54.408698987125995,49.37956,51.07263905404645,51.62029886813496
58.1880794171789,57.8968856468653,56.415356,56.36307758835746,56.891772972531946
71.5223540833158,66.48750450384775,68.19249,67.61453754005808,67.43151055597642
81.3609078031257,69.88459985741375,67.850204,68.03957070816953,68.59145834445225
49.6984895460481,50.6885658404826,50.680664,51.3591624005538,50.9094641011788
70.166695355452,75.75694987595196,75.57917,77.44418886570759,76.26010298957011
71.3988362824324,68.2752292491823,68.50947,68.12877763831598,68.30449165537051
55.6889037766939,57.169567703063606,58.83893,58.10648413409959,58.038326686606474
55.5146159548141,58.20750663605793,62.531273,58.77892372065612,59.83923441496588
53.2748079528812,56.825237801772865,55.851723,55.747898237883724,56.14161958564725
74.8986632435107,72.1709634149135,71.90172,72.4013362730511,72.15800594253768
54.2113597710368,59.28674610970127,59.430084,60.42019453051493,59.71234162291061
59.4401701587548,47.317229015418675,48.649357,48.109184756104355,48.02525687118802
57.1533534392392,54.784386696769886,54.6505,55.235725378461055,54.89020444215055
48.3631189818616,54.01789381767548,55.19281,55.35853807928626,54.85641398518516
80.0606238379202,71.54558525990997,71.40694,71.48092416528176,71.47781535689984
63.2430150898127,70.36892844452325,69.838486,71.55132705227865,70.58624707152511
48.2865796253825,55.21688978005923,53.66422,54.06777978613604,54.316296156261046
49.7221919593508,47.590219745959374,47.39753,46.865577086514406,47.28444214484151
41.5117764974337,54.419668438627255,52.08725,52.096330329808495,52.86774950809837
60.4114098614172,52.69370104778512,49.679886,49.737608065339884,50.703731659127605
54.7780045097429,53.79508697289943,53.083035,53.669116519095645,53.51574600245865
67.4973120272002,65.4388355317017,66.84537,68.12275723062197,66.80232006465477
49.7798477686491,56.12091033132192,53.063858,53.85269558001121,54.345821314519895
69.6349227492465,64.68634153648807,68.147224,67.89158489195381,66.90838361823712
60.5472289770716,46.61813451092984,47.982628,48.002935154683584,47.534565844755264
60.9198611466118,50.9570399910426,49.804234,49.80746212628006,50.18957855611601
63.5660445880649,68.38403623613662,67.12776,67.02918672885042,67.5136616019358
56.3087010228421,59.81632955912021,62.25163,60.267268467480356,60.778408967444335
65.2228369665577,54.200570578588376,55.484848,55.237128618497536,54.97418240651562
54.747614582516,54.63509034551673,55.634823,55.087040102675815,55.11898443121718
57.0797160337573,57.72809249929297,58.38618,60.38122993830897,58.831834438429155
47.0917079842683,49.96883650357125,49.680557,51.24800327697198,50.299132343839936
66.4988808034084,64.85697469532361,65.65206,66.6342467810458,65.71442764625726
50.3281113790122,60.856311386554246,59.000774,62.083540050726704,60.64687527360863
50.7108710756534,57.42728469855158,59.503883,59.79481272540487,58.908660261924275
67.7185946762093,68.71769031617069,66.66652,70.15823504180375,68.51414817433785
50.2565599170774,53.5272209687312,56.126663,55.86860587257099,55.17416334977
46.536917205594,53.7322008424361,56.65042,55.06538883649669,55.14933694050364
67.2497568556339,70.07627762903084,68.187584,67.99214815992498,68.7520032374319
50.0118955555933,56.51658212544159,55.9751,55.806743798503334,56.0994757982974
70.5936228156013,67.78592246847325,67.84363,68.57690391997903,68.06881810604659
59.5663052883445,61.7990076677573,60.995075,60.236343874368806,61.01014225598539
65.3123165988979,67.13645878868148,66.31218,67.29363500093102,66.9140911183474
64.8297154166978,59.07154343102509,61.02853,60.54135313914728,60.21380889700733
49.6867441885783,55.82323219517968,56.237804,55.77458625250629,55.94520762017592
53.9806814495815,54.75829779898588,54.834602,54.56403796058545,54.718979371842785
41.5117764974337,54.419668438627255,52.08725,52.096330329808495,52.86774950809837
60.6283746923433,69.20945614408322,68.758125,68.22878601304022,68.73212248743307
59.2761185104646,53.96194287177364,56.674416,54.69142816627813,55.10926220881023
54.7305831202367,53.736728123654764,52.880352,52.55487826466157,53.05731946952667
58.88915440252128,71.08574814165637,72.57336,72.81390905970713,72.15767127659382
72.8115665322685,72.08742839760265,68.94231,68.75184057905041,69.92719183173591
80.0653752771444,70.27267559465933,71.484764,70.39142782842102,70.71628917406714
61.7980826908117,63.742082996027854,59.22653,59.61336768969226,60.86065961781491
46.3278210979797,54.8147792828493,55.11009,55.041751068644544,54.98887289996083
52.4978811339084,56.38421543247088,51.441,51.17840081152829,53.001206045363006
58.4307345559543,50.70076242356948,49.455692,49.12355336150826,49.760002692112494
54.2946434415404,52.43182633635977,52.957165,53.54079259749248,52.97659456608551
70.9828023867566,71.03760780867002,70.97689,70.8505734667437,70.95502394645952
67.1159023388884,68.75874140602285,70.365746,69.75729938912224,69.6272621131929
56.6580757957198,60.69463592211301,59.92594,60.365271914030494,60.328616434476224
58.88915440252128,67.89463439333953,68.10942,69.32737202140991,68.44380906370554
82.2330209171907,77.22310312459925,76.2633,76.04005728681896,76.50881948202873
60.3608003486195,50.904998023874896,53.925045,53.75623147222377,52.86209150317546
43.8072123174892,55.070303876929394,54.409992,54.134096471671484,54.538130855539485
79.1920082403444,71.60202723738645,72.42901,71.5481711291946,71.85973561682259
53.0151283198681,52.215650426341575,53.330727,53.05272298733982,52.86636667907218
78.7817179481847,74.32893584570837,72.21135,73.59386457153802,73.37804996818369
38.8311012382288,43.97429175285755,47.371265,48.464922617874784,46.60349326070309
57.9121991829839,64.18675720133268,67.965836,68.14773423292797,66.76677566851657
43.041247518926,52.10229254232501,52.09614,51.599832433598394,51.932755597036326
74.3436081176511,67.86424214952429,68.02459,68.52870766324497,68.13917978378116
72.9597875546297,70.95367982532939,72.907486,72.88315210349391,72.24810596357912
50.8478945657609,54.44967714902081,54.87632,55.082410792637866,54.802802608970865
48.4776992999236,55.89903840639351,53.84527,55.31779565540667,55.020700770437294
55.3829817007603,59.65005126765198,58.000004,60.362355077340936,59.33747005323006
43.5844502806214,46.65890119515183,48.6305,48.881150336124925,48.05685077491126
62.1432686372577,54.038960810969726,54.47792,55.05702124452532,54.524634195907204
67.7678145664744,58.97797377825548,58.877274,56.60844716076683,58.15456483286422
64.7523793760247,57.69529112560853,56.346886,56.38898942895306,56.81038874523799
46.8094844473498,43.87348186574964,47.561256,48.36455150805041,46.59976326083049
45.4801522710414,47.758424201506784,49.762207,49.50908344767659,49.00990489347779
72.4128785907904,70.74331748999535,71.236435,70.38315346859684,70.78763529837188
52.6143909580436,55.79761664553445,59.312416,59.03497352041103,58.04833541420188
47.256774300161,53.9879316288501,56.32817,54.789211032906515,55.0351044793746
53.7934657779124,55.05375983508676,54.417946,54.35108047207672,54.60759538965996
54.6212333924093,54.229078824322535,53.299652,53.080864517093524,53.53653181367515
48.0994971875178,49.481581389666296,51.45015,52.03464828650637,50.98879307076849
48.3385505554229,52.138070450654254,52.054855,53.04229520711763,52.41174033481719
40.1906671553231,54.11375253107195,56.2508,55.42900169500671,55.264518437501486
53.2430402815061,51.71619668381755,49.34888,51.03737067950388,50.70081604371456
55.1568312793871,54.165383878814055,53.570007,53.36929204564366,53.70156108289215
57.4261097881814,52.79346046724053,54.2647,55.4413652243117,54.16650917827132
43.5471410472232,47.37548218476757,49.96006,49.2119908699737,48.84917772479006
52.2518487004787,53.3815950923936,52.395126,51.64255295574332,52.47309146363679
59.806265055555,67.40069378029378,65.50045,65.81869383511322,66.23994591656145
69.1102526656356,69.19154191262936,69.40664,69.80946583448423,69.46921561541156
56.7231465273535,58.27185808025686,61.455532,61.768938995866755,60.49877638336608
58.6181622689907,58.08302969129475,57.824837,56.91125742048949,57.60637461424708
78.7084961337778,71.12922317577834,71.50795,69.78641457812583,70.80786252766858
55.2844638050166,55.918000522916444,53.16802,53.40277581453882,54.16293155950657
70.1761475928941,71.72527166952914,70.5959,71.3998784431743,71.2403505339871
66.1823291968865,60.38654231336762,61.645695,61.05171640472317,61.027984483585605
51.7326744871186,55.392129789300164,55.22817,54.97393874922604,55.19807900869168
56.356576331527,52.63818537236163,49.650337,52.52172062722147,51.60341440627379
82.8099343451116,74.0452369803737,74.21109,73.2538824424202,73.83673650356151
57.2816401973002,63.47741814964627,62.6023,62.91191677829147,62.997211221503335
61.7209725768101,69.1340260188387,67.793625,67.13590607389388,68.02118565688743
46.5577838166862,56.5339630096414,55.46184,55.63882616766941,55.87821025352091
52.9754315577972,57.116857604415806,54.690296,54.23496256880939,55.347372115440294
52.7741235577165,50.37515856745726,52.360344,52.092519432411784,51.60934064432484
59.0543109721227,58.55267722094109,59.237133,58.10293518342578,58.630915143496644
59.3374594245357,64.66815947266389,61.319386,60.61293141332981,62.20015880485271
67.5267690716404,60.4459682522437,60.855118,60.8884765753371,60.729854208477455
54.7806036089881,56.008499376302936,56.717808,57.86453984030328,56.86361566212721
47.7845190756225,53.66771015703061,52.038013,51.48172653867231,52.39581671798496
62.2985531869939,55.09927146911633,56.905777,55.48934868846263,55.83146571170601
53.447798854168,53.38529602489425,54.05483,53.2662362746842,53.568786981125754
73.4621201201253,72.44810872873227,71.76083,71.86266024982241,72.02386757292969
79.6290885032406,74.7694616629189,75.222755,74.86782072676046,74.95334594060274
44.951986951349,50.457796446672866,51.95512,52.27919036481562,51.56403563271948
52.0346072512113,49.44129778341687,51.45015,52.03464828650637,50.97536520201868
63.488364588124,56.858223101735035,54.173706,54.42581400443544,55.15258105361932
61.8253894174291,63.73493765508136,64.690575,65.26867470106153,64.56472900071299
68.6020276874221,77.72624542787526,74.23558,73.53641775269736,75.16608120830286
62.2648193391378,56.089820844594904,55.640327,55.26406763444668,55.66473864421829
45.3065294215395,55.785079645263686,51.68864,51.255570754757414,52.90976366483451
40.7478561958365,51.5300393828939,52.254845,53.186567141473994,52.323817063298414
55.227233370051,57.547350540724366,56.62844,56.38814355576144,56.85464498447313
52.7685268447523,54.0424018580625,52.71803,52.786372624562404,53.18226783494723
50.4471518208619,53.10180986473085,55.259235,55.203920753267255,54.5216553333594
65.6102745256364,55.57565393338901,54.761753,54.34239208107535,54.893266365579926
52.7448337858899,58.24981720248665,55.689976,57.63774577627502,57.19251290576236
59.2082990627965,61.07679817316295,58.09575,59.455344056337516,59.542630376955884
55.6216681521417,61.50430180173468,60.232784,58.841912826282936,60.19299963308595
80.5085007122478,73.99777707359486,71.50727,72.14972532158473,72.55159106938929
67.0715501318814,66.69282278467074,68.1237,69.37598296558814,68.0641695843962
63.1421279294508,58.515036776486355,58.524586,58.46020768276753,58.49994339437694
60.8456344062209,59.14236074409988,54.57462,54.3706898782037,56.02922330517217
49.2134824677459,51.69333684576977,54.86795,55.233086729745494,53.93145800498947
50.9589642484267,52.35820359355179,54.134163,54.29841081837319,53.59692577158567
77.5590941576647,57.005646372892045,60.52079,60.48457113484472,59.337002535944805
46.3347277477937,49.49157145991094,51.103798,51.054250316838626,50.549873229782406
61.3981063387917,57.09500183875076,60.52079,61.14297297891756,59.586254972588655
49.7099772727775,48.66116012287766,48.31386,48.005996381144946,48.32700611698215
46.9248815400516,56.155988718761144,55.06292,55.607709975979034,55.6088727704798
68.010282353005,64.9284114648159,60.906685,59.58117965641229,61.805425332238826
63.6712849537357,72.97880988668251,72.66861,73.02474123402507,72.89072024661607
69.4995453966868,68.90573145032235,71.98781,71.91321859704769,70.93558609163635
58.88915440252128,73.33663893865638,72.355545,73.15258457510558,72.94825618590242
58.8213574528809,51.61675831781458,55.226154,55.82563036217446,54.22284766912721
74.7151317737071,70.9169321783467,73.37909,75.47146145440027,73.25582766273858
43.9912094902738,49.57173699590942,51.102768,50.314886464278864,50.32979713484141
58.5754703175457,55.30414998889533,55.2706,54.70905115737435,55.09460017050136
55.5675195244574,57.657768556973785,59.81238,59.580818854948596,59.016989718769054
50.6656095439343,53.11344501690577,52.57678,52.038998566479854,52.57640733175029
60.8175029942638,67.36857626442249,68.13594,68.2879461178079,67.93082097799606
75.1833955487804,71.50548998378636,71.68423,70.91970567255302,71.36980754869516
49.1138235768399,51.66133725829883,51.8436,51.05352371816817,51.51948740109122
64.7750543132456,70.1054182834086,68.31597,69.90474128533995,69.44204364775342
62.980959559417,64.39986082901623,61.319386,60.61293141332981,62.110725923636835
46.080848024905,54.59417451581632,54.151848,53.709572185850135,54.15186484700731
54.2107345999415,52.31370346715166,52.263226,51.92326146322438,52.16673016193198
68.1167612491748,66.12498170666886,66.10204,68.48008194129484,66.90236893327305
55.0681467873174,53.882454893906406,53.130978,53.4902859429398,53.50123948915382
73.9521063378447,65.60130803631036,65.21224,65.18401266737207,65.33252094338242
58.4185449872184,56.5468366074663,58.398567,58.01150725928835,57.65230368882056
43.5798989427684,57.81635550001793,51.59772,50.96407276155015,53.459383120473866
58.1500086171033,54.455624815197616,53.28569,53.82749471752424,53.85626994677968
66.5090259719603,67.4020019921782,66.22892,66.62297908876364,66.75130035461734
46.1299730209697,51.86814564604412,54.54501,53.5236362093126,53.312263822797945
57.0319377423778,48.0665078394911,51.09056,51.12815472428657,50.095074492287864
50.2368704157072,52.066289915883104,52.73428,52.509437603762905,52.436669050738125
54.1734825047885,52.80758409724336,53.276806,52.11300053992007,52.73246350494966
47.1189142856184,53.00268108927683,52.808838,53.74217293030807,53.18456397006997
49.2538051970049,48.30259013863564,47.868416,48.7012500900681,48.29075202040775
64.9400189430728,67.85785139013454,67.82974,68.40987884126035,68.03249088767852
60.7046900186188,57.61494895048418,55.95558,54.95566940906459,56.17540000819594
71.2973430369983,73.06412658870701,72.36199,73.87840122235795,73.10150656446307
64.6202297566146,60.87817818570415,61.57723,61.203195929660076,61.21953422050226
63.4274146475948,56.83808527907163,57.231976,56.42681162654587,56.832290820345804
55.1818709739451,56.56343142652005,56.62127,56.16458992693388,56.44976352650938
59.6296318498639,53.52651770968268,53.519417,53.615736138568025,53.55389021911091
65.4489049952494,65.41823498596361,68.101105,68.65539896636922,67.39157956288699
56.0575031848222,58.01248618748485,56.78796,57.21410669466788,57.33818431154766
63.1067046502105,70.52584242396934,72.19832,72.50749028230811,71.74388372924092
46.9113167949138,49.2712722561927,50.25396,50.809417028192556,50.11154964671565
63.0275539236572,55.0082528353225,56.11575,56.42867707028437,55.85089308824592
66.7005753041161,68.64449699858281,69.956535,69.76230995266953,69.4544474302026
62.2214492640591,59.157438310201286,63.93329,61.35478252133446,61.48183646858484
74.2642779092413,70.59747891349797,68.86281,68.74393566690516,69.4014076026474
42.3003098709127,51.87064955403639,52.720497,51.48520264582042,52.02544977706816
49.1242348944005,50.4271390478122,50.81654,51.096872935487916,50.78018391590147
50.3838641766875,54.495759066025435,58.12426,57.26309773959752,56.62770558478448
68.3757797475459,54.950470951600416,60.021603,55.771030798880794,56.914368127032155
78.3470995885852,67.03111191579553,67.81295,67.4877949506309,67.44395233356792
45.3286680275106,48.19533433594917,47.77315,48.14678031218992,48.038422015281384
75.6856682012884,72.18352044261235,68.82824,71.43835196759254,70.81670395037429
50.5023586225719,50.45176898177689,51.95512,52.27919036481562,51.56202647775414
52.9360441816332,49.5266504477908,51.670246,52.707436082442534,51.30144421816697
61.6863266101314,56.76382183121494,58.967728,58.30372228112232,58.011757257823355
52.9450905480064,52.42480122226464,54.243626,54.0555655764991,53.5746641465443
48.657585050283,48.69308080646536,50.761665,50.663044640875725,50.03926359719312
53.8675827766206,54.697991493746486,52.73048,53.03397061848865,53.48748076877564
70.1373969544495,72.8622644301735,73.24051,74.48960758513516,73.53079368283726
67.9041402365477,66.80459522995811,68.76772,69.08710469358115,68.21980766901179
58.0802568841933,60.04692333276213,59.05499,60.099939421857606,59.73395053856791
59.9788582347951,56.23697067876988,58.43581,58.06631123887087,57.57969733558402
53.5010338760279,55.266307606785595,52.263226,51.92326146322438,53.15093154180996
65.6345381498666,69.69074110016842,67.811165,68.0205146135152,68.50747352321355
56.1466202446259,56.399014973750745,56.386116,55.61503810394285,56.13338970184187
54.8759542619598,58.257289730505256,57.55305,56.54244443856934,57.45092838798254
54.8292874307429,54.100739213886186,52.83028,53.017338025325785,53.31611918105568
53.4948769321195,53.71390867060176,50.5894,48.63580966455756,50.97970652675883
56.807708574704,53.06258066156193,51.90029,52.117124557568005,52.35999888733367
57.3578718804536,58.55042427879265,57.55305,56.975448202011115,57.69297449189227
51.706818257282,50.824443858356695,52.59067,51.913166180688954,51.77609385945076
43.9812644823725,43.41453829668746,46.989017,48.289757047461805,46.23110427690718
50.9113796066813,50.751774524205175,49.946404,49.72884955928646,50.14234252896986
59.0209031434562,53.64782911647062,52.965435,51.384329477340096,52.66586454062897
50.8283945984219,50.80204188965999,51.339706,53.54451959380287,51.8954226347871
58.1982392785369,56.9932157553778,56.62138,56.99672593988292,56.870440515851875
60.5126349337987,49.47146855033247,51.331932,51.054250316838626,50.619216978347396
58.7475451715536,61.468445709371274,58.043533,58.016829003347134,59.17626934597124
38.4959503360586,50.95577316121644,49.888245,49.75520790529074,50.19974189847115
71.1427781819579,65.41573704752803,66.11694,66.85344879127912,66.12870973272737
57.0561615698608,48.38172197886275,49.73924,49.98870766772128,49.3698894618659
56.623660091097,56.7162772416211,53.6339,54.83513029881152,55.061769076384444
54.4200405410592,56.8992652202356,57.32327,56.19150953487567,56.804681215164045
47.0954211078164,55.35457150456276,55.436188,55.330747012693806,55.37383542046573
58.9854810691056,54.548694493047826,56.96269,56.38772617864173,55.9663697059115
45.7221540561905,52.451585192305856,52.930256,52.509437603762905,52.63042622865378
48.497514877639,51.280896432215926,53.527874,52.699415109424116,52.50272851151999
45.8683206553093,50.211786745288485,48.094933,48.74246004943697,49.01639311695927
55.4369497924012,61.71141295562945,62.23793,62.119921734085814,62.023088329188944
53.5287289952807,55.990668858609716,53.670643,55.356322004115384,55.005877905169434
49.294425173053,55.53412971871699,56.065933,56.36894484919556,55.98966926515053
64.7793009018707,61.56581528436035,62.672024,64.64125623617062,62.959698431241435
51.7441634923111,51.06474438839411,52.32516,50.82989887888505,51.40660141583459
40.9329148017526,50.427954304393865,52.106686,53.58483987757377,52.039826606798464
56.5946724163271,53.19564201880764,56.732742,55.76885266366659,55.23241233068151
45.1005705185584,46.643232957716734,49.98234,50.53805823528885,49.054544319787674
44.6661724194733,47.13324313160443,47.166065,47.0868384319395,47.1287155932028
50.9666297165332,51.53346594071878,50.251957,48.917339056595004,50.23425397900368
41.9794394747736,49.64725206481042,49.2877,49.777116088941796,49.570689602276126
40.9837068702863,56.799930160926344,54.39253,55.14966671508902,55.4473751366503
59.2482743147199,52.32859174097322,52.507423,52.63643268477874,52.4908159422103
64.2006518076167,55.867906080306504,55.14986,55.747406964093976,55.58839114216019
46.619881553365,49.76595943956534,50.342285,49.77238379884596,49.9602094648871
68.9642483224042,69.65286364456041,66.2661,68.09760837715399,68.00552334805845
53.8747743401931,56.020617059647556,54.921257,54.0936346302095,55.011836236300006
65.4260998644345,68.02814307409977,69.014915,68.58504723172959,68.54270192404599
55.8710972071574,57.42228417043335,56.99674,56.59692496212895,57.00531585546673
70.4308247909003,72.0180707504818,73.82449,70.83187104587236,72.22481173485242
53.1923435500326,54.659238453528474,54.64143,54.26434960487151,54.52167265317434
54.0089742886403,53.82534342383577,53.82292,53.080864517093524,53.57637656461966
59.6819321132387,64.50884400911598,68.201935,68.44344938986644,67.05140940447852
49.4245058366544,53.6678122753453,55.081055,56.27156527795294,55.006810746932736
65.2979088389174,72.31573046999303,72.15729,72.48248867831258,72.31850224865394
70.6131463523423,74.91744147422999,72.62303,72.62464547186612,73.38837285410234
60.5388024107432,57.82872757769527,58.44659,58.42763441328385,58.23431747152103
56.436367934904,56.65417249343735,57.085342,55.61955792998122,56.45302427688171
48.5089984607887,53.17719880214345,55.23996,54.78057567903413,54.399244732658154
56.1669251073683,53.07007203599213,53.342804,52.884976312400106,53.09928410115679
47.7845190756225,53.66771015703061,52.038013,51.48172653867231,52.39581671798496
61.9556866986812,64.12155232896316,68.06756,68.15270139636154,66.78060400463296
51.4747204483625,56.638229976750786,53.72303,54.568392021520346,54.97655069620105
48.7560522320338,50.68461420428047,50.953255,50.820488480741474,50.819452461576326
74.8427877726228,65.11854175421264,68.10299,68.21029391733478,67.14394162277492
52.5081846396507,52.98010615523625,52.233154,52.53059561693728,52.58128535634952
59.6619156631795,65.36335439431477,65.61364,66.76918747240583,65.91539389942119
57.053933680254,57.48594600628316,58.38235,58.220660953270276,58.02965262706143
64.1003136675177,55.166372852497176,53.86503,52.28652092814171,53.77264072066219
60.1761393319811,52.73819521847252,53.782394,53.53742535303525,53.352671660229156
75.3360278073818,71.36499092016426,69.82655,69.49508925770385,70.2288778408649
57.5112048645736,56.263894651878445,58.25392,58.820778459907636,57.77953154019172
43.8411964597818,52.66938107280418,51.35104,51.88700303951794,51.96914133293223
60.0865355458487,51.95167572965803,54.073334,54.21203691170077,53.41234879386439
41.805211927651,54.643743451380224,57.108536,57.47186053790306,56.408046585294954
49.7324192183025,57.70254183435714,55.95031,55.775511478797725,56.476121022190945
37.710879680243,45.07560237737531,47.874687,48.897849297048666,47.28271295641607
84.0562437400232,73.19832407126813,71.238365,71.47744128196734,71.97137684219177
65.1789958872213,67.26979574590426,66.43276,67.06642121303977,66.92299303498005
66.2701655488572,66.20189821709673,67.100266,67.55968859823976,66.95395077275539
62.1510883907563,46.38219593634335,49.352856,50.0427923348683,48.5926146511949
45.6798434693767,46.72135907101163,47.676086,47.105428228954864,47.16762457524925
75.3489080802398,73.73360751066119,73.5835,72.229033131125,73.18204812164356
56.1424797589964,56.30004771108892,53.96354,53.561399513629866,54.60832878275132
49.4232848555746,53.80256716033617,55.93666,55.55860504790138,55.0992776582797
44.2894937239209,54.079772260947564,54.377903,54.07815004720784,54.17860843092484
61.2330591827128,59.88453559217442,59.64112,59.31117131554519,59.61227593945471
50.9943210671503,53.690041485179115,52.83383,52.157137421510704,52.893670231266405
47.6949967533389,48.644878737753245,49.61015,49.36232201462498,49.20578337864104
65.2526873816631,70.77720411859053,70.020035,70.66809779249292,70.48844556704084
60.3344164453265,54.372662283603745,53.549362,54.22749675490112,54.049840407040676
50.1463405185562,55.63867238090871,53.242638,52.35066769131384,53.7439925688333
60.284183153087,48.12141110069318,50.518772,51.01433876193378,49.884840662623695
54.7710272378264,51.85737016061118,55.007755,54.31635681895651,53.72716075303624
73.8733787564755,68.14770695512661,67.78638,67.93280273086874,67.9556288797068
49.659743097637,53.70862039606435,51.548344,53.443770907937264,52.90024498748296
55.9792807569067,54.04417117918427,55.072823,54.920235264517444,54.6790763381675
64.0056432047132,61.28986398122152,64.047134,60.69563467333293,62.01087768465617
58.0392205928979,67.5979222147389,65.73775,65.92934190168202,66.42167043626792
61.4670675442887,54.980462973447445,54.542995,54.84766907478136,54.79037583370322
52.0597831199406,53.05153183386188,54.99593,55.901504732170174,54.64965542801655
73.9644522266404,75.17449545897745,73.07285,73.26488241260363,73.83741031998666
66.3574930957988,67.14077923115157,66.32993,68.4761714660408,67.31562795456541
51.3435436320487,48.97406893395149,48.560898,49.52304664247536,49.01933780119177
42.3857196383936,46.72148288060568,47.87091,48.44315335793601,47.67851562769098
70.630917317475,70.69218328499352,71.9826,70.30480624560222,70.99319562722332
73.8788902651124,67.34215585623107,69.26757,68.6496372220515,68.41978785796267
58.6387897786078,69.91548654761496,67.68633,69.89966339129606,69.16716088051591
61.951548661918,54.821916762604864,53.289696,54.56180993234831,54.22447414489975
63.7349729169193,56.07816357953457,58.715202,59.171363544059176,57.98824315171223
63.8000864590203,62.01772296111245,61.59596,61.46121458804736,61.69163208629221
66.1343844597037,62.409637845465305,56.634197,56.09020596758648,58.37801368271974
72.1848159320312,71.71059745182593,71.99396,72.49564934168178,72.06673477101299
58.9647164634186,61.32889638524111,61.033913,61.773738747934175,61.378849263955566
69.2687094570648,56.32516592247077,56.709732,55.14593769213754,56.06027855675745
76.8880023768621,71.7086704174672,73.753136,71.97493679801875,72.47891429887943
55.3969596566605,55.01527826908972,52.972195,52.29395994938359,53.427144296701385
58.7771676797807,55.39800074448764,56.820957,56.560200244934734,56.259719391086755
46.4048319510963,48.265590214260165,48.844833,49.569515242957785,48.893312943747134
47.9798182527652,52.46540751195857,55.025375,55.097309970856884,54.19603094967547
65.8311019220941,68.57118805911458,69.69614,68.35240899296674,68.8732445088969
40.7177173724614,50.52819187887685,54.914368,54.17255835927932,53.2050393046458
46.5149939059651,52.45962563840767,50.18048,50.42949022314398,51.02319893952764
43.718588386888,48.928582143302485,50.74408,49.32135820384504,49.66467331233042
77.2790279969687,71.07113361822874,72.8499,72.19366473566042,72.03823254862711
61.0687692580927,61.778112682460524,60.13343,61.537418733812835,61.14965396574346
45.1265490309377,46.23570448366075,49.820442,51.18155635918601,49.07923434751793
60.8917397434066,60.317514255547856,57.69245,56.92456376980624,58.31150983413496
65.5124745089126,61.750609113289016,59.728085,60.104106558045224,60.52760007851441
77.6523812355469,71.06001244817404,70.68184,71.46531719766537,71.06905621169906
75.6011417876221,77.69269847904133,79.31853,77.16214107203628,78.05778892425242
55.4125639756208,58.56266147311862,57.453407,57.59529613550459,57.87045496540696
57.1395510764174,61.67538453374732,61.22231,60.53083899327223,61.142844213189456
54.7156122318439,55.19638913981773,55.228516,55.244688085433665,55.22319761675046
74.4872076588976,70.343219134322,70.00217,70.23672880838768,70.19403823025219
50.0462438021408,55.465589453837964,53.11912,54.4537044689291,54.346138491426906
55.985333323785,52.953956759350525,55.279762,55.325012849271005,54.519577292229314
49.4117339521864,54.5657915180508,53.030743,53.208900643033935,53.601811602116136
57.6451722839228,53.743571099065264,52.95254,52.44118030327961,53.04576425122108
52.9754334659903,52.74355982716214,54.703537,54.97004777257384,54.139048195680225
54.9620840754455,57.66386402454168,56.570515,57.28453131762169,57.17297000703948
48.6622398581401,53.03723428842049,53.33601,53.36529215394325,53.24617880720393
55.0301709974823,55.76062221950292,55.192364,53.493727010652385,54.81557098972299
56.3316306871189,58.92564007468409,57.984615,57.70268911072821,58.204314837113344
50.6556001147252,52.75330359908265,55.480225,55.20384566738256,54.479124625280065
58.3261752252079,58.07040193155413,58.796745,55.974303112688965,57.61381678151202
47.9893493590055,50.78667403367799,50.680664,51.3591624005538,50.942166832243934
59.4813175256508,53.55409432696052,54.32145,54.77487937442615,54.21680766039061
55.2120418828735,53.137250486088945,51.713745,51.1373882121435,51.996127938473315
46.0831883264258,51.17961334985451,52.242573,51.42503976675393,51.61574196701076
54.5749808073136,51.520939645459734,51.129047,52.236007158841495,51.628664732700024
53.6843171013462,56.573212388437966,57.823902,57.94487892976479,57.44733114944324
59.5324878409385,53.88049843027237,52.871967,53.454711141056066,53.402392295667426
61.5893465862036,55.494791521943355,56.7666,58.674184014708025,56.978525699717125
52.1458434938828,52.450558244194426,52.637955,52.514194299134004,52.5342357517475
68.0474204121226,70.00900290424534,70.30705,70.65432290855875,70.32345947503626
42.2842960751233,46.438408495115496,49.34888,51.03737067950388,48.94155331414722
86.3604856922695,69.54972159655588,72.20866,75.45648024034318,72.40495271597808
50.3341995579224,54.483985552266375,56.334034,56.33504019935008,55.717686572560304
66.0106912783553,71.47207914663105,69.977234,69.41263494112876,70.28731599149286
81.8070373891777,72.13153602961047,68.445885,68.40343372464898,69.66028481961644
52.0106437889451,46.7521578662577,46.112156,48.16924077707122,47.01118485254519
56.9707101712929,58.23641151054142,57.256176,56.65175817656853,57.381448560661
56.4589933187305,54.02781825950092,53.87286,52.95613517289925,53.61893779574472
56.4754012225017,56.35355093229037,53.02477,52.56344334624796,53.980587702628014
57.5138725414176,52.79163741029529,54.893967,54.83303527591284,54.17287978700427
70.243315664343,63.88193848705478,61.279587,61.43713924944596,62.19955484283097
44.5756014552311,50.4374179541333,51.802906,51.72291137879694,51.321078456435735
63.4028473511996,66.9577148655556,69.98526,70.21438835150687,69.0524544089427
63.2339065692767,67.96739310016267,67.39889,67.76087904997092,67.70905326147032
44.8745088295039,53.8002796774067,54.18498,53.85269558001121,53.94598458084178
65.9067065964378,71.02645802548508,68.36698,70.44754719841899,69.94699557675058
67.6027442039577,67.11581986482001,67.23536,67.5936491129173,67.31494272321062
61.6431738184816,57.312432832265316,59.399593,58.18507177480648,58.29903265344777
57.4731206879145,54.48765575942043,54.94613,55.14643998496566,54.86007486320031
60.9285725668664,69.38596271187795,66.514244,69.80671287567478,68.56897322238085
67.3799693807669,69.19787433189376,71.18115,70.02066163009314,70.13322943524562
65.7802986759914,68.4409636117858,70.02404,69.16715305722084,69.21071896372487
60.6759063976194,52.60510409458157,50.60697,51.12773099625987,51.44660227718803
60.3303616750304,57.01975115783306,55.007755,55.27733609442706,55.76828084393372
76.7430616956974,70.16607544999295,68.26418,68.91663842220107,69.11563230554253
63.302438451017,59.82446880250098,63.59303,61.08809976493941,61.501865863219074
57.255324272249,61.14285010416176,59.23858,58.94185310243891,59.77442733432914
55.0768433538808,57.74493334682521,58.72324,57.76075944237494,58.076310895960596
51.5913546073227,50.85029202583004,51.02239,50.86761315413839,50.91343121274013
71.7939990170601,65.64402198169394,64.86943,65.34580626395552,65.28641959588055
61.7131544744846,65.18333064275632,65.92697,66.05254138869164,65.7209478223316
56.9104539167896,55.705106860223374,55.397423,54.2387942080433,55.11377461959802
77.9124073678178,68.14821539060985,69.8464,68.12247809935052,68.70569696328756
52.5102619088938,54.70588272636748,54.65263,56.59712449523482,55.31854569129908
85.988548862598,75.64280141639729,74.15882,73.98586000534438,74.5958275092329
53.9930702439544,51.31212426587546,51.43776,52.49139180026021,51.747091821849914
58.8032278666784,60.84618761422617,60.110455,60.190787150859194,60.38247644147051
65.4552583626041,69.71645752809478,70.02346,69.07370179123077,69.60453990250305
57.1587225790392,58.53860556062035,56.934273,55.60045826841831,57.02444553171731
70.6438849487452,74.52662238011277,74.89536,72.77445068785538,74.06547864065736
51.8226177310884,52.84909982977898,55.08477,55.13405020936612,54.35597341392727
68.9059081822012,66.40054059095289,62.02342,62.26847195603018,63.564143657832254
59.7791099551696,53.707175692323425,51.01384,51.120206909780954,51.947074107928024
69.720305800738,74.36203755945625,73.842575,72.22176879142464,73.4754604747077
70.2961408613791,68.22142136741978,69.51394,68.90757926212605,68.88097984445147
56.2017894797067,53.38736809173787,53.32429,54.03212169282585,53.58126033793726
78.4446297785309,69.22742447641842,67.38784,68.21925701008946,68.278173919168
68.4643124633411,52.996412830091586,55.05247,54.60714691031996,54.21867696710007
60.9925455685963,60.766073750028674,60.360744,61.09774849188781,60.74152223941161
49.8773115282531,55.48626573901616,55.150925,55.647392059757834,55.428194160463725
49.4830040736625,62.629294252303744,62.65935,61.722402229094385,62.33701594342504
58.392319660036,66.98055063150868,69.01407,69.85990777695386,68.61817567065938
53.1395548368032,54.101860249420874,53.955456,53.61983493351468,53.89238365432163
59.2938085494718,55.81343319765875,55.50142,55.144875973781744,55.486576079607765
67.4592287336349,70.33015718572655,69.517746,69.94666221044149,69.93152178928257
55.4863161486566,61.72691828431427,60.974834,61.103209671827464,61.26832079942681
51.1759987048147,53.2579425901657,54.217876,55.0865115950759,54.18744353985593
55.59507559385,59.908655995702176,56.72222,56.48308441599754,57.704653928737144
57.0620729705578,55.8235455217507,54.599827,54.25464448474636,54.8926722730804
49.8536326517923,50.30116288770828,50.86193,50.19802494680438,50.45370622722688
41.5021336142285,48.52600971277173,51.641758,51.503905644186,50.55722444068187
58.6810899112186,58.047192083613844,58.109814,57.98490958079307,58.04730511819749
71.0988871576382,71.83150989093657,71.53393,71.03467972685543,71.46670584509081
48.7882073858996,52.78608747254512,54.42297,55.142437446652345,54.117164912437566
56.2736130501955,50.71074890896028,52.6293,52.092519432411784,51.81085583506348
68.7997713206379,70.98110837763011,71.75331,73.41426540403913,72.0495616462986
78.7363520334907,73.66906778964542,76.68077,75.24164929629708,75.197162653322
49.9790957342498,53.84852766967263,54.587658,53.98867573715195,54.141620445097125
54.183741431699,49.66411361416296,51.305695,50.85059512853971,50.606801107593604
49.3031772269979,54.19693910402514,55.23554,55.1914074902158,54.874628358968984
43.6708981195833,53.442709448648145,53.07586,56.147558399667325,54.22204230604657
48.7514104264251,50.80333523332607,48.799473,48.700547115357075,49.43445171917367
78.7126690589338,75.36958307252146,72.72313,73.79599971748533,73.96290402082256
75.7111935582742,71.72688402054584,73.81849,70.6495512914304,72.0649747955611
65.8375397924376,69.70168459813684,70.09087,69.83002464436535,69.87419432025463
60.9014240784263,60.60280986563994,58.79616,58.644310837820534,59.34776078502393
56.9837053553459,50.57576302298997,51.246666,50.99509459961646,50.93917452573209
55.7744474223898,54.94773436185599,56.870255,54.72020031455035,55.51272973100263
60.8638724844,60.10165092897114,57.48982,57.5071629220384,58.36621080800253
47.9698997265186,53.92409847851689,49.641243,49.39152692543262,50.985622794968855
39.7337727964731,50.40178735540123,51.95512,52.27919036481562,51.54536593562892
53.0636469866519,51.78764999382853,49.82078,50.46652108959603,50.69165093039607
55.6520063634593,51.34712140971697,53.433258,54.0279020629747,52.93609384311077
47.0258704952926,51.90185148208564,54.19581,54.39234869618383,53.496669529638005
79.4959423245903,70.1191518856185,70.04091,69.81870720328978,69.99292263412828
48.2697273997777,47.55384617100726,47.598545,47.63999118277475,47.59746080941497
41.2316799612959,51.93974463775322,51.810852,51.738120918457184,51.829572535663885
60.5508186846931,55.668226564176244,56.194035,56.567158152773985,56.143139764455405
64.1089106430887,66.62869896227524,68.64385,68.55729857926801,67.94328325847665
65.2961498607592,57.52473365724445,58.66064,56.819566790430095,57.668313721409085
50.0353600381769,53.8555320804722,54.908123,55.59433551346164,54.78599687009709
61.888733648719,54.69339594411374,49.581833,49.545477369791655,51.27356873321586
64.9710047398904,59.99835778258435,60.28471,59.21777668075948,59.83361479792125
58.1672090116265,73.10444308182497,70.56868,72.05023058964137,71.90778449367889
59.6324968371321,56.42993954503413,55.823784,55.94214452260946,56.06528931405177
60.7452224487901,47.88827039169701,48.44476,48.62404476883054,48.31902484314136
60.3102907642862,59.59149874679685,55.848507,54.24072623535114,56.5602439698794
44.9717976027833,54.86767357900899,52.392776,52.37109395841646,53.210514675561086
86.0924584139572,76.00831514426532,75.10898,75.5957071794037,75.57100019838447
68.282204070477,67.65054019513386,67.86676,70.22025526274643,68.57918523726218
84.0362547587008,65.09757384343064,69.22924,71.80442790625553,68.71041405572221
62.1298117444954,61.011705371810045,60.01676,58.43783802721239,59.8221017262692
54.4811498564445,57.35848725524951,52.216423,52.092724283655706,53.8892115245244
58.88915440252128,69.82036727409793,68.78927,71.57347711845087,70.0610376287337
52.6913089137232,60.07357039697483,58.214325,56.856163944521796,58.381353097556165
75.1012913854793,73.33678362728584,72.23003,71.6866164352788,72.41780876922728
73.6433491386484,70.4701981102728,71.26221,69.98069433743115,70.57103315965132
66.3080516756859,61.80125686312149,60.676826,59.96906261430321,60.8157153181585
58.5731376102934,55.126049751701636,52.07102,52.57323857792743,53.25676884954106
49.8474928619415,54.223808388268374,52.90264,56.656218172555356,54.594222619070145
44.2343958776768,51.496012333737916,47.393402,50.61035637614282,49.8332569364967
45.8361081295137,53.508622621702486,56.014442,55.73933132628227,55.087465463944135
64.0067230264429,65.86405528695565,64.82422,63.75923516087586,64.81583639927716
65.321372344314,68.12258099286994,65.97772,65.81273452834401,66.63767922972757
63.1333226663999,65.44692157659858,67.95857,68.8114741034684,67.40565602258744
74.6817637099419,66.9281980063719,68.238976,68.27457443283285,67.8139159880357
53.701394737541,57.56218116286943,54.769962,53.7191573873279,55.350433620329454
55.414351277795,53.05360726309723,53.529907,54.14408054699593,53.57586501221855
46.7937526872097,52.92501425892732,51.120037,51.05558898851696,51.70021344210056
78.5499157432023,70.84559292260126,68.376434,68.61910360108202,69.28037694995173
45.3758133463906,45.39322188503221,48.155506,48.89755575632984,47.482094591798415
57.1328397968799,55.04308955509568,56.841408,55.16352605843993,55.68267446313818
57.5655019417417,51.23275959526949,54.10843,53.30850197768209,52.8832301760099
41.7787741690813,51.60865812151607,53.553425,55.457634915599904,53.53990595744035
64.4809242443014,60.45215292130327,58.59061,57.01068737133712,58.68448359893026
63.426362750989,54.922180267122094,57.322437,56.42056303591338,56.22172686313747
61.346077984164,61.50901844641895,59.21883,60.16366007844035,60.297169544500626
51.3984120842975,54.60068395688128,55.69227,54.42792490057213,54.90695907634514
49.5795141759521,55.54836330994225,56.47119,56.07692895663981,56.03216122427736
68.3097979918182,60.442928367546166,56.97068,58.31262550429524,58.575411369552604
53.3749690093742,56.54501370532615,55.503544,55.58913791038499,55.879231823156964
58.9262414390712,61.449574141279335,59.230717,59.00720063672449,59.89583049444203
49.0525756295428,54.865043187891864,53.88395,54.155549929708684,54.3015141324619
49.3181879777946,59.921466998475964,56.5225,55.56845818411365,57.337474755687424
47.1290233295758,54.07485815344532,51.57289,51.78536206181964,52.47770381687218
56.0726968190679,57.473295430933966,54.21209,54.51702992640005,55.40080496530275
58.4700906959356,65.94542681534361,63.967636,65.52482174618618,65.14596155664275
53.1527490219645,59.1830384982375,57.09157,57.772170134026275,58.0155934800417
47.0905728715351,50.3652095862271,50.73605,50.74348605510601,50.614915097810915
60.1383701173058,64.37437412320719,67.20551,68.9711155183609,66.85033421401879
63.0949160418549,59.470320987840374,57.80693,58.35083205329904,58.54269452771053
54.6019027076033,58.05579584747308,56.859406,57.08887393383253,57.334691766294576
52.6230808901309,52.004446463865264,52.464584,53.008718088107585,52.4925829675196
60.9195436842333,53.92718580203776,54.90679,55.10234488205434,54.645440790367935
70.9354602882981,66.93535444342184,68.49475,67.31312769045802,67.58107770348079
58.8578544406034,56.83822505011124,54.346024,54.484765074719924,55.22300456146716
59.2593487182885,63.90741378566349,62.336906,60.75203198384115,62.33211740087004
48.9703447005691,52.66758647469565,54.487846,54.78197254176867,53.979135130325346
63.2020424298545,58.33963970565811,60.017845,59.16210042045855,59.173195093308415
60.3270556182474,52.70426927802958,51.85569,52.65181583911957,52.403925039863516
63.7045134640032,59.33024925023377,59.712673,57.92934071041928,58.990754382636304
75.612951576488,71.3153535705937,70.558685,70.19950579708086,70.69118155680297
63.3494367726266,54.97023004617541,56.82162,56.220004462081576,56.003951816473034
66.6953969389254,71.53862247220839,72.31672,69.15439176965623,71.00324443234679
70.9222620378805,67.95604921838587,67.29463,67.10572856400609,67.45213658013326
52.2131450343328,53.09184091393377,55.791576,55.6327864889755,54.83873459613577
50.5070608664604,53.370229699686014,55.12765,54.77843771122295,54.42543954183619
62.1100768475938,56.32992275593392,53.26644,52.38205601000155,53.992806703716774
57.470215543801,50.994544713264055,52.999672,52.467104571814225,52.15377374037114
56.6608021635814,54.408698987125995,49.37956,51.07263905404645,51.62029886813496
53.4826061620226,52.07812322821869,51.94547,52.81558725989421,52.27972646356693
70.8709364371747,73.63071708123937,73.1732,73.34721765707195,73.38371241765326
67.8522164858964,69.34459873585476,67.793625,67.13590607389388,68.09137656255945
56.5205978670563,51.84904067576756,54.86795,55.233086729745494,53.983359281655396
41.2004726234073,53.867504477534126,52.881817,54.4569732817506,53.73543154109947
58.989212045831,70.71534100914506,69.3503,69.0555624176304,69.70706902555928
42.7505367879011,47.2324242449671,48.619194,49.007659101705244,48.28642579247802
56.5505372180845,54.869477180938105,55.62542,55.92066477923211,55.47185385895648
55.9900115287647,56.8314549328235,51.713387,52.06991764763008,53.538253038699374
58.1362432702553,50.55135366513707,50.42026,50.58123175614929,50.517615601447666
51.3309953813847,51.30861567734731,52.77031,52.98142508878702,52.35345007145884
55.8948578484147,67.23359464786968,68.86344,69.27185729865312,68.45629780460264
56.544161281376,56.99609417317338,57.172897,55.34232420444327,56.503771905494624
45.5013280050373,55.161467646218966,53.25362,53.30120820987748,53.90543200126717
56.356576331527,52.63818537236163,49.650337,52.52172062722147,51.60341440627379
45.8472666295467,50.30052013033576,50.17728,51.401579596863996,50.62646005107505
48.41637990754,52.60914050661752,52.41655,52.6228042443865,52.549498144540394
49.8162430880452,50.88394567634609,54.797688,54.246677640750775,53.309436949204816
56.1791457999401,54.956884637943546,52.417038,52.144769662148505,53.17289742131975
82.7984277460171,72.74612958774527,71.766304,71.33630918907744,71.94958093097867
54.5871631101815,57.48944096305798,56.89745,57.115292481762914,57.16739431274303
52.392681955007,53.38896051920799,54.085056,54.8183006202791,54.09743914813958
62.0641250560614,57.25853839846934,57.510757,57.39555846316179,57.38828476930673
54.745295894071,53.2812438931692,53.65093,54.51210229591382,53.81475822879916
75.7001071691981,71.89911864740678,71.72211,72.22023559945693,71.94715372681917
65.9319585715548,51.25515065957203,54.9608,54.587887030805355,53.601279287091934
62.1795511312462,58.4063680358091,55.703022,56.744122588395385,56.95117087579277
62.1169717128598,67.22525508190816,68.594345,69.77273777007395,68.53077931491852
63.1401995461255,69.21066275100138,68.630295,68.60288156895201,68.81461303991937
51.0853484294628,57.3688898484831,55.897625,54.49169921213429,55.91940467669993
53.487493798191,54.59817685232108,54.11205,54.07815004720784,54.26279200077071
53.5219124864335,54.77001939683298,51.08208,49.93771662006053,51.92993895265264
55.280620505939,61.464209901671,60.6776,61.86682504805196,61.336211936772884
46.080848024905,54.59417451581632,54.151848,53.709572185850135,54.15186484700731
50.4112482479886,51.32501845627336,54.292076,54.01187279587622,53.209655787663145
70.3845328173386,71.355777732707,69.41074,70.86520921921957,70.54391022176848
69.8353345735645,67.72064218352935,68.3689,68.79397988759827,68.29450618516755
54.6700858281773,56.99413878198188,55.807716,56.59568991186072,56.465848354490504
38.0265747029248,55.343391782228345,52.16845,51.70318215331018,53.07167444579799
77.0694097995093,68.66837268272977,70.578964,71.09484149881828,70.11405947164884
52.6300569346883,53.304053614711535,53.395576,52.92507097310734,53.20823368828989
55.9065402621495,50.95114340962803,53.70677,53.57246335904659,52.74345953975352
56.0565486619606,54.365541359842844,54.919697,55.19125785821027,54.82549867530481
66.2848820484874,61.35402594829241,61.215336,61.01776075361119,61.19570751595029
63.6465824745027,66.73627221070339,66.73112,67.4169044304844,66.9614312965743
44.1699071425016,50.02984021135224,50.706665,50.246299275443306,50.32760150861935
76.2317901060161,72.04742988080805,70.16696,69.82353542150074,70.67930899074356
59.5330212641098,59.7071283107962,60.791275,61.087698125085566,60.528700486765274
58.0030375857898,54.02970907907071,56.049603,55.43872931422295,55.17268030061286
56.4785302030921,56.020511996579835,54.99944,55.06968014224014,55.363210459440644
50.7567106347972,47.31733843447073,50.017212,51.28919095591859,49.54124710148394
63.0085259025872,51.63781415590168,54.802357,54.89907471874451,53.779748531538964
72.6599511364716,72.21323058898156,69.260315,69.104900059668,70.19281519668527
45.8070448500577,50.431187893290804,52.122288,52.55601553513665,51.70316372622387
53.3593620578306,56.73816005938626,55.673794,56.51874045170528,56.310231434605384
50.6361606331872,56.484742529537094,54.25128,54.87947117552876,55.20516514778237
55.8690705945852,55.36666673161171,51.459404,51.65746286244467,52.827844528585196
49.3572623161702,50.78507555853521,50.953255,51.56087589270022,51.09973538364749
69.2360628735253,74.3667200848079,70.70727,70.88747310316171,71.98715364973336
48.2930845297629,53.24384015634575,51.991364,52.32052472236844,52.51857613470161
64.8236557119387,59.921466998475964,55.478237,55.56845818411365,56.98938744489641
65.9006357155216,70.1054182834086,68.31597,69.90474128533995,69.44204364775342
57.6775862343461,58.681786483064194,56.45448,56.59861859058946,57.24496143039432
64.6279020024096,68.45988751666614,72.29795,69.56553159036447,70.10778995055317
46.4972373230964,50.741758725104994,50.88034,52.19540559141829,51.2725016308984
49.8162430880452,50.88394567634609,54.797688,54.246677640750775,53.309436949204816
55.5146159548141,58.20750663605793,62.531273,58.77892372065612,59.83923441496588
55.197004491955,50.362514540590034,52.389935,51.54529419591491,51.43258109209996
54.2976024972638,58.31063354595117,56.38442,55.16783123507651,56.6209610895255
67.7924229057011,55.44627203130206,54.049587,54.97402892304566,54.82329606803452
57.6129099712342,51.94336722472307,52.987965,53.07830901809996,52.66988029098332
64.4803519270259,68.3962233192574,68.95771,70.94688803056273,69.43360720531113
62.9261549166782,53.575029182164386,53.937996,54.69570677380587,54.069577288871606
61.9465247681773,58.24343061830105,59.680798,60.407565891834565,59.44393136234663
59.553550791815,66.41072800285862,66.05873,66.3115039381804,66.26032100671353
65.3839179043822,69.5050269501903,70.02756,70.14420920808392,69.89226451044037
72.7539007772617,73.66390745264417,72.311966,72.43450536103904,72.80345958535534
67.7900849708338,53.74966634511883,54.336933,54.01215873403628,54.03291940504715
74.3845756329774,75.26192121700142,74.242256,74.10334471654966,74.53584069936728
54.8752541445846,55.51225165332432,54.81645,55.269389334333376,55.19936306644254
47.9698997265186,53.92409847851689,49.641243,49.39152692543262,50.985622794968855
58.683757207979,54.9726996597291,57.507122,57.992161566275435,56.82399442193315
60.2888466660206,57.61567473160464,59.019844,59.07757691399049,58.57103190025697
49.1638783771254,48.39808351006787,48.275414,48.7012500900681,48.458249037773186
55.0073867812807,58.9068296574138,56.79325,56.14845153461357,57.28284407654167
48.5642604139839,50.22774396658088,47.25883,47.01869519170777,48.16842339415285
65.4274442928774,71.92654167511607,71.8575,70.95670390357996,71.58024791588043
49.9253474646785,59.88763169051418,60.84955,59.59886786174153,60.11201596403316
56.5071204291357,53.60887999981053,55.939255,55.85405237751771,55.13406237935681
53.7229877573755,52.82247311943894,54.475853,53.31297285097425,53.537099645573925
60.8815141069821,58.255046518284104,56.81159,56.76986500866427,57.278833271433975
47.5950800380475,52.01916500344526,57.336452,57.64198755039305,55.66586834598973
65.5118760568997,52.12850823851863,51.29124,53.51443376754995,52.31139423273575
57.6129099712342,51.94336722472307,52.987965,53.07830901809996,52.66988029098332
52.5044642004747,53.324058442928916,52.388348,52.39728400853503,52.703230025732125
66.0106912783553,71.47207914663105,69.977234,69.41263494112876,70.28731599149286
53.6524344252974,60.25707252517812,56.894463,56.53751920101914,57.89635143721549
45.2180857928474,51.918050676706635,53.308716,54.63374005747353,53.28683551816423
41.89003459814,50.21879890006776,50.591785,50.67525422179575,50.495279517590575
52.8406918325741,50.07906158725572,51.74217,52.2420471548312,51.354425722866864
65.4493206778436,65.72120862431947,66.04328,66.5591798675003,66.10789001566518
58.4336382456354,58.053753817125845,58.86676,58.23657227826756,58.38569544976656
56.2736130501955,50.71074890896028,52.6293,52.092519432411784,51.81085583506348
56.4095345525083,55.718337761066216,54.45097,53.66912748747813,54.61281164819642
70.3715693752662,73.00325071379802,70.24588,70.10537057787553,71.11816713954222
42.0267494987798,47.84953948989233,51.79501,51.566126052830754,50.4035583852534
50.0947555704771,45.05462694517059,49.96356,49.98870766772128,48.335630936637784
70.0567749144497,72.47823623399889,72.62426,71.85670269724197,72.31973295999045
65.3303390409894,67.6685946587042,69.94149,69.51040631137637,69.04016371447347
47.1469178757308,56.099674073197264,58.0212,58.1432460852079,57.42137281037008
65.3026510406818,68.89253913410616,70.06145,70.7046712068931,69.88621916151799
62.8677574440102,73.72944351860986,72.163734,71.60897021240753,72.50071605568418
56.6246784584095,65.29956320796568,65.54963,66.20518435355284,65.6847922576481
57.2871683687654,54.66952914995225,50.251957,48.917339056595004,51.27960838208151
45.3856913503402,56.985596207948475,54.872078,55.04383669016313,55.633836946668715
78.3337353663991,71.10276185886968,70.25877,68.95717023687634,70.10623529981899
75.4740859836599,75.0275917759238,73.67812,71.72785587113097,73.47785704039197
55.7694313338436,53.60415490784024,52.831097,51.67004290787318,52.70176482162778
64.9555407389439,68.78939563341186,70.36906,72.02702866295695,70.39516033267633
60.1998784756184,59.85600964238695,58.42405,59.00122561968083,59.09376154650307
71.4392342439091,68.13649698900616,68.308586,68.67461153415721,68.37323154792294
53.2560296874221,52.012356353349894,49.477886,48.17841001670227,49.88955085666779
49.9569780155003,44.33010516476244,46.989017,48.289757047461805,46.53629323293217
68.4142878233851,69.2585433503626,68.2655,68.38688912540032,68.63697846848346
39.9426175601737,54.76394251596196,50.64459,50.810622856460625,52.07305128096052
44.4795797108283,59.07262683019444,57.949516,57.40442511593877,58.142189414173316
37.3594421678341,47.08402209383937,51.47327,51.95198457120254,50.16975902710056
67.7151811901788,61.473497937331196,59.48561,59.894856787466516,60.28465522890394
67.393020270987,72.2439857260872,68.4022,69.56725298368949,70.0711458337602
62.6495892591614,49.364678354919654,50.268787,50.50959569647676,50.04768714514321
64.8555414923603,66.97949561306972,70.306015,70.11795569251579,69.13448877341132
54.3792745349064,50.4744248376822,53.20185,53.62221397078974,52.43282989986174
68.0124129781998,73.8684918655809,73.58238,73.65947915941483,73.70345107571472
66.5067071457441,70.99141494553504,69.2192,71.37586886840381,70.52882798273873
63.219861011444,59.41972249960366,58.44767,57.566043054523846,58.47781184567921
41.9151533884314,51.97511498974813,52.740593,52.55487826466157,52.423528736984224
61.951548661918,54.821916762604864,53.289696,54.56180993234831,54.22447414489975
60.8019488881334,58.65511468601424,53.993927,55.733470251489,56.12750397981878
73.1524748762471,73.89635073621876,75.181885,74.21462740734746,74.43095430306374
55.3436838330782,55.755756383659836,58.772182,56.730475283817285,57.086138044025574
49.5865985592452,54.27130116258993,50.646393,50.4379432397801,51.78521240821188
76.7474168410495,77.7095046582366,75.88003,76.47518975260206,76.68824072727826
50.6491604943021,54.01843911008994,52.531513,53.801839339625786,53.45059722127568
59.617853074101,56.67469159993257,55.52784,55.16401897072201,55.78885007709971
49.9812451377336,49.61051079222962,52.036053,52.86311521292036,51.5032262363358
65.3881331108131,70.14970668014556,71.72827,71.33630918907744,71.071429117866
48.7211249096507,52.749185048586746,54.03605,54.33533954446958,53.70685782740549
74.9153659566887,75.15120725014485,74.13897,73.01721631643473,74.1024643293221
46.984091700051,45.714657782639435,49.495876,50.380616014916185,48.53038336993716
44.2396910735201,59.20015065983491,56.974937,56.3720202171993,57.515702771999685
64.9415450350386,69.03389274184046,70.917,71.73850750109288,70.56313335327597
52.4928767650248,52.81016117478433,55.484848,55.237128618497536,54.5107126052476
54.6645353459947,53.95852415380789,54.439194,54.584314781680014,54.32734422035795
54.5489335381793,56.80302447326337,56.404312,55.62206320477971,56.27646660394404
68.1405572765146,67.91666828229774,66.80131,67.98020616850933,67.56606070967656
64.2686351584669,66.751136018745,66.41794,65.88611635364376,66.35173020160354
53.4271440737541,54.817266908381825,51.08208,51.72543010245455,52.541592617300275
78.3470995885852,67.03111191579553,67.81295,67.4877949506309,67.44395233356792
71.3970317638681,69.17583965313351,69.2149,68.93603306010174,69.10892328966565
58.8557371534244,55.49356392966997,57.59184,56.60207482239807,56.562492529579316
44.4317717241547,53.99255980457272,49.829426,52.05874788257562,51.960244499638634
51.5381048777764,53.0392140015709,54.15307,53.001117298576744,53.3977999475427
81.1923305970932,71.64589341947931,71.53656,71.93445293988222,71.70563547265176
48.5892703488498,54.83627740438693,57.07092,55.71089391775655,55.872696786336235
73.7686666777355,71.45446555397054,71.10061,71.2218906599923,71.2589883465488
58.88915440252128,73.33663893865638,72.355545,73.15258457510558,72.94825618590242
50.6138213836574,55.877861281599316,52.972195,52.29395994938359,53.714671967537925
61.6482649771251,67.51376394313424,66.87674,68.37836215163546,67.58962186557427
60.9678679434556,60.73647215947921,59.025806,59.86424505093044,59.875507879137196
53.7691447950798,53.550782717112675,54.211338,55.45571602924479,54.40594559652345
55.2971234787552,58.81444703928271,60.116695,59.168232827083635,59.366458423473034
59.8639550734321,58.3183376397281,58.547916,58.38733516146452,58.41786307118205
73.1906005709499,72.91719493154835,71.840126,71.75609297795968,72.17113798236856
55.3451332296542,52.74443775569033,54.02439,54.09450658578747,53.621111838598075
83.791105144281,73.84324742773312,72.36184,72.7412404408558,72.98210905434082
69.5277399669396,70.46457557681039,70.46672,70.21541721529665,70.38223779105391
53.5747922521098,55.45577110952044,51.260704,51.07263905404645,52.59637140136474
54.0305108310975,57.10103776996294,57.229733,57.048539017562916,57.1264364336512
46.439054870105,55.711493939669694,56.183834,56.53123762700152,56.14218854753298
64.8643197240211,66.74079966798693,68.641304,68.32393277241049,67.90201215217023
68.9642483224042,69.65286364456041,66.2661,68.09760837715399,68.00552334805845
52.7778669310959,55.307002027203524,53.16802,53.40277581453882,53.959265394268925
53.5504486463046,57.01341053603627,59.822414,59.92995129699957,58.921925410409735
64.0166985088229,58.69269443559603,58.937775,58.006272657002015,58.54558058360038
67.866060347117,72.11941068044115,72.95099,73.04733649533244,72.70591198176828
73.9101165934592,74.75242288731732,74.00563,73.33895294322785,74.03233544123641
55.5150408520358,58.88382029687604,59.793602,60.09236862983088,59.58993030548434
70.8961682703199,62.824232401405524,62.285534,61.57534088201637,62.22836906281706
40.7173163309445,51.2100460012959,51.54945,52.55833953951844,51.772611820489544
57.0561615698608,48.38172197886275,49.73924,49.98870766772128,49.3698894618659
49.6461240386541,53.71672927250159,55.275772,55.09556952977813,54.696023632335425
51.5557444588091,57.77073252816841,57.12635,56.539829908559945,57.1456376131868
43.9420251278545,49.55461179361359,52.79409,53.20520623396832,51.85130276619267
67.569383568562,66.48612789498749,66.62891,67.41118389494837,66.84207267997861
63.4467369579701,61.08211157921404,62.48146,62.053376903701746,61.872316351401615
60.7279023757548,61.34886002837262,62.893185,62.79405611276992,62.345366934335935
82.7785614310866,72.28382465665189,70.83932,71.96862185337216,71.69725461060047
64.5180371175417,59.91404966896184,57.046776,55.751030718596915,57.57061873514329
56.271227813792,54.055126090919096,54.6329,55.21676090877626,54.63492907924415
55.8225427015914,51.031887187847026,51.09255,51.25773584115522,51.12739046645452
50.6361606331872,56.484742529537094,54.25128,54.87947117552876,55.20516514778237
54.8143664670126,54.200570578588376,55.484848,55.59323863024126,55.092885743763524
49.3348474897189,55.40259849197072,56.087006,54.744087503324295,55.41123053684313
76.7920327082632,72.92080535068786,69.58681,69.3707443521465,70.62611898460365
48.4097928065276,51.136494723175204,52.08616,52.405861088830974,51.876171521482526
59.9047622691157,51.88717927319825,49.84055,51.33072673134301,51.01948515784514
57.2712720063709,64.92402127527814,67.15363,66.72403593919496,66.2672301107163
45.2644168402327,51.8103341671829,52.92196,53.57516462814548,52.7691525728894
68.9626427621373,75.20792184997237,74.359215,73.42045126387684,74.32919596552135
76.0403707330679,73.57454012143121,74.79594,73.74087838026934,74.03711836205774
65.9816191301971,57.297974886470996,55.350452,55.00341272546841,55.88394667834504
46.1513173222533,60.18959327512555,60.82412,59.641069138418345,60.21826066047166
68.0362189098301,72.40465118470757,72.481224,71.70338265126448,72.19641929867687
45.6514730488503,49.20828856967521,52.32272,52.22522796931394,51.25207870432126
52.3452874380649,52.51918074972968,51.94547,52.786372624562404,52.41700742562666
72.1077963401654,71.66616953425542,72.45442,71.6765624629451,71.93238466475694
78.4805890126803,72.55639603766093,72.97254,73.13218431216362,72.88704071963552
56.544161281376,56.99609417317338,57.172897,55.34232420444327,56.503771905494624
52.0355493375703,58.58057749651303,54.869324,54.45887154267535,55.969590923219044
62.2223652556307,58.86129072315735,60.00389,59.69632630326491,59.5205026725444
58.3896884969672,51.88321139371276,54.78203,54.21203691170077,53.6257588345519
64.4021133523545,62.403749269125136,59.56391,59.434316345408675,60.467325684174035
38.8201109634241,50.357214423610735,50.25184,50.06862242378089,50.22589184382455
58.4629217990207,53.542899986468974,54.32867,54.81315669364352,54.22824239394049
50.2649815663935,59.255305766583355,58.741955,58.07995039788935,58.69240365597984
65.602107308043,73.10615783327148,73.53795,73.30512589282245,73.31641077816411
46.0136806783417,48.906658562122956,49.65421,50.27983646705577,49.61356805538054
44.831160226932,55.98500158161523,55.9455,57.708297264995316,56.54626608892551
64.1654836909897,70.40127018058028,70.07916,70.79871572939842,70.42638283587831
49.4830040736625,62.629294252303744,62.65935,61.722402229094385,62.33701594342504
44.9319861225642,48.799172205713084,47.334,47.44695089805532,47.86004091251916
60.9461520544759,58.81794822010642,57.204628,57.459363040376125,57.82731308373507
72.4216764076573,70.08199241869126,70.47813,69.08074160487494,69.88028684981504
69.1604712006225,71.08646908910148,71.83356,72.84686280629647,71.92229634143473
84.6590809286313,68.97936914090994,68.43084,68.37185388126315,68.59402085358245
55.7478882316155,59.72821438403214,55.478237,55.56845818411365,56.92496990674846
63.0085259025872,51.63781415590168,54.802357,54.89907471874451,53.779748531538964
71.2280299273876,57.53116912873799,57.37428,57.34983582434498,57.418427991766585
59.0048846673739,53.79445754957356,54.16097,54.869320550901946,54.27491562699769
52.7599596737486,60.11960075715579,58.008396,56.52638897899037,58.21812862827593
58.88915440252128,70.76142037623822,70.68293,70.07072237699659,70.50502424863686
82.7227926791425,77.46254354274652,76.75907,75.20293224571151,76.47484904618523
47.522429054874,47.05072256158272,48.930283,48.73639134361545,48.23913216599053
56.5501257027655,49.86853740907105,52.09798,52.35413780620805,51.440218571515565
84.0127969295787,74.93077353460917,73.15829,71.62994793866098,73.23966950720332
82.9678530358543,74.99552124445346,76.48126,74.49921205126928,75.32533183425134
63.8056311908246,55.055609869483206,54.534916,54.71364278722575,54.768056193593736
64.9758679487436,67.91385433676317,67.97427,67.85614392224704,67.91475731355028
49.0498128273777,49.93494074314233,51.4784,51.83262312549066,51.081988350905014
57.1746618404253,55.8810866190781,57.484047,57.298582012662756,56.887905189258674
65.9231270275497,70.89149420460635,67.9422,67.95331664429226,68.92900351864328
66.2748679107766,58.828203063750564,56.76414,56.137132630551186,57.243158925688476
41.8315333854041,51.20064874455294,51.70446,52.45108168426057,51.78539685761883
55.4332242913108,60.157947789968446,59.3415,59.7866144492339,59.76202052260521
60.5845004152682,72.06146814945429,69.78811,69.82353542150074,70.55770413221288
41.9762292491724,53.61044552083317,53.319103,53.017338025325785,53.315628929041914
67.5509215880429,59.307181554886206,59.251648,58.678804622451736,59.0792113755189
48.2009611825185,51.234703158774934,52.844154,53.16444714509455,52.41443488725988
51.9493065668966,45.67643485069055,48.188988,47.62893340462382,47.164785329082655
53.8469061024598,53.207324790343314,54.141994,54.6705893981416,54.00663622160109
52.8907265531831,50.78841895467373,53.018078,54.06499232743369,52.6238297108164
78.9993030379012,61.26270677913462,59.524494,60.04627426600817,60.27782507209512
47.0675697318343,58.518735224133174,59.187798,58.82060495183426,58.84237924078473
38.8201109634241,50.357214423610735,50.25184,50.06862242378089,50.22589184382455
55.8893896986512,54.74222852464273,54.350292,54.68807431406877,54.59353168150735
70.6775959073853,73.5814133159286,73.03819,73.6082718876778,73.40929265087661
59.2593487182885,63.90741378566349,62.336906,60.75203198384115,62.33211740087004
52.225023017577,54.33386825269226,55.519043,54.86429247604636,54.90573456582954
47.305369758718,46.87738314203111,49.53838,49.42079817655252,48.61218699592436
70.9093826044032,70.38729782474411,70.926476,71.32481028720917,70.87952787895188
49.3701771918203,48.04969906798304,49.45965,50.05853441797955,49.18929387276227
67.5736854838268,70.13695517278302,70.083496,70.13442540719672,70.11829222457658
42.1168022547158,55.17898425436994,50.41739,49.86252667590199,51.81963328209584
82.12457177905,71.12536546051768,70.428185,70.0953005281671,70.54961683265405
61.2728428444414,52.7162571929806,51.098434,50.08826610801508,51.30098591641263
52.4534127972746,56.35934055967575,56.613003,57.10852025279993,56.6936211965251
58.88915440252128,73.52737099370869,75.27607,73.57505659283571,74.12616574255254
43.9866660559762,55.962531520111575,54.36943,54.503591071138395,54.94518437774738
65.855406095778,52.49694994690986,51.534325,52.27919036481562,52.10348831924053
51.9885882731956,55.585944305329456,57.133953,57.68319958867779,56.80103232949656
51.2386328870449,52.916078134278344,53.819576,54.76932038436194,53.834991594022675
72.0034771813791,70.43193678936645,70.9078,71.37952147100502,70.90641900915377
57.6081549068536,53.020147828417024,53.284866,53.49548234137733,53.26683216760072
57.0555964225033,53.11448722271781,52.00131,53.03283681140317,52.71621082509437
78.6828666089091,65.16192808236508,65.92697,66.67060585281429,65.91983512357541
56.9411322869849,56.076883984703954,55.692017,57.20387160298982,56.32425739641875
50.836284662453,52.298082145421745,51.483162,51.309363535508666,51.69686920239999
49.648566686822,47.97414480361822,49.674057,50.8693306534922,49.50584415464878
60.0067177113622,56.93584988463624,55.07053,55.3681270471291,55.791502289836494
51.5628272984279,54.85530901714817,55.453056,56.014503936669065,55.44095642975549
66.044115621426,69.2518556014327,69.50814,68.99509718355175,69.2516977829831
38.8616788979578,48.64613946647292,50.268787,50.05627426231134,49.65706703760582
68.7483042164447,72.80501328218071,68.955505,68.55070321935666,70.10374062421037
49.043236729147,47.85609127242342,47.976414,48.33247565131592,48.05499355018199
45.8263931139135,50.64349552930461,51.368927,51.69543758538541,51.23595337221439
58.9072471735276,54.64051023993133,55.9108,56.54227763204319,55.6978629352708
73.3737210052547,73.10807118504239,71.98073,72.52467089283557,72.53782340909736
48.761033350148,52.15837766996621,49.66577,50.78229372143375,50.868814291924984
60.1376974050738,53.78689767849725,56.406094,56.10769715732985,55.43356281107973
52.4968760268931,52.48479464461601,52.995445,53.85324575607072,53.111161884050524
76.0305540736285,70.39460633076064,68.79146,69.53019747049184,69.57208731037844
65.3832601748337,70.1027325312998,70.833496,72.33508649280326,71.0904383726177
48.9850001595044,48.38253184898897,50.745533,49.61391466418716,49.580659834226026
54.0852011322408,49.4035340901514,49.581833,49.545477369791655,49.51028144856175
63.7615414551055,50.897469711491155,52.10183,52.019559163584994,51.67295280129491
68.4518682907505,71.18252908722789,70.9531,71.01518483037181,71.05027200980537
63.8820600962632,55.94691871389635,58.824684,57.44039722357815,57.404000026846965
66.0938844632466,61.10501763864876,60.09335,59.17073673880031,60.12303461141206
63.4647542840013,66.52588721961322,65.356735,65.24635453477377,65.7096589946264
72.4554465526185,71.05218740634324,70.19646,68.5580313571166,69.93555855754651
60.8987355086569,61.278653884590845,57.94414,58.02413880292642,59.082311358485576
77.4868924717344,73.00206881621956,73.2222,72.52054041747903,72.91493590667557
51.8174665938918,56.51215113671875,58.256203,58.031535118002864,57.59996298415851
60.397795761273,52.124152486129276,51.50735,50.94855564483814,51.52668635086609
48.9939301461892,52.01041816700378,53.256687,53.4903271541175,52.91914416180931
64.1486998210857,58.934377899060976,59.97368,59.892788115130784,59.60028153435298
56.5501257027655,49.86853740907105,52.09798,52.35413780620805,51.440218571515565
48.4742170940157,53.45629376336757,53.822086,52.55751439064329,53.27863149607979
54.9795755344006,57.48721046046542,56.42908,56.45297852019585,56.789756647932016
55.9344510994199,53.085975752587125,53.215343,53.10355556022357,53.1349582627175
61.1889276592896,67.72657389097964,69.40519,68.73898936148305,68.62358425554096
47.0675697318343,58.518735224133174,59.187798,58.82060495183426,58.84237924078473
51.748690561863,52.87806498774255,54.49385,54.51534712948937,53.962420941746565
57.2102906535482,50.937200775798516,50.55402,50.50133557774447,50.664185427173834
53.6316482812483,52.95476879058676,54.00358,54.763237429374975,53.90719480199897
59.8600111644442,61.048823451148806,59.369957,59.76599327410006,60.06159123182124
71.3475868726556,69.1340260188387,67.793625,67.13590607389388,68.02118565688743
79.5887974264798,70.40892589912941,71.00312,71.16989144405724,70.86064592184998
74.6692883370351,77.22143457629544,75.05287,74.26940642043387,75.51457090027696
53.8282100959137,53.83270306408179,52.888817,53.52473172711481,53.415417208230906
56.0958459149724,58.07420189196524,57.717785,56.91125742048949,57.56774806468218
67.5222982774403,58.65143723956382,57.82348,57.554744228967756,58.00988672242068
71.667659040829,67.48851965850974,69.58729,69.18038825259322,68.75206527131166
64.1547266602429,63.75784973600022,62.50999,64.09440429612214,63.45408157475367
61.4014309343842,51.84018440812196,54.727734,53.13044227836006,53.23278676618085
61.0629410721032,59.57424386737872,57.435047,56.3717676941922,57.79368623707637
59.2281496918348,55.031072871737194,53.5123,54.363652753101505,54.30234140294103
58.1781130761311,55.141015588681014,54.05499,55.48480961530944,54.89360468835815
60.5759327408935,57.25010301914584,55.75363,55.041751068644544,56.015161893195746
49.648566686822,47.97414480361822,49.674057,50.8693306534922,49.50584415464878
63.2829899844969,69.82669704087408,69.65807,70.76071846827932,70.08182964481546
64.0413797094645,57.85160290138428,56.499947,57.14728920286759,57.16627956616338
66.3242883823457,56.752089339231816,55.96194,55.089673687651555,55.934567930754746
72.75382062067,74.11078445133981,76.391136,75.99896807874197,75.5002962331718
55.9707298269451,52.33643094162553,54.688057,54.161075516632216,53.72852113468618
73.4596782701681,72.58681290471333,74.26534,74.81969216485167,73.89061592732246
43.5471410472232,47.37548218476757,49.96006,49.2119908699737,48.84917772479006
53.141539969632,54.820643494779006,52.934658,53.80418277803163,53.85316144111592
50.0947555704771,45.05462694517059,49.96356,49.98870766772128,48.335630936637784
42.1217983827564,48.369819305613994,48.943424,50.89641558251223,49.40321970432658
58.8578544406034,56.83822505011124,54.346024,54.484765074719924,55.22300456146716
48.6282799783888,54.4622741457096,55.01128,55.06322516533071,54.845593123618265
67.4288630589557,56.0146934992083,55.434322,56.65347381857166,56.03416322498589
55.6279186583872,51.328054962145806,53.83593,54.506591905181466,53.223525579310916
44.012573706988,50.28669110011451,50.999508,49.5481690137921,50.27812267265312
57.7556056274228,58.76949414654788,60.658127,59.26464449870035,59.56408849210097
56.9053339346157,53.19560919807112,54.25128,54.87947117552876,54.108787370627034
51.5679465947744,53.32535897148669,54.620785,53.62226902870165,53.856137586569936
66.1075027174141,61.61833066396489,59.440983,60.07246792338989,60.377260468652764
60.242744975447,54.72712289978212,54.032078,54.6705893981416,54.476596695743446
48.5616029255145,50.1131365577959,49.20005,49.3524704135618,49.55521910845386
59.409561217224,50.02984021135224,50.706665,50.246299275443306,50.32760150861935
65.456282263293,50.93817717077075,51.524055,51.60080723980983,51.35434663051254
72.2284461627303,57.73133271870521,59.018124,57.53452487295872,58.09466040612431
61.0995101427482,55.704918971212074,54.26287,54.121285776861306,54.69635851221587
59.3448980606968,55.382269109705106,56.611332,56.21949071046071,56.07103058662103
57.3461259363039,58.599030764975,58.56352,59.302785733164725,58.821778340769875
82.0333485106052,64.3138756662111,66.40238,62.90497711714253,64.54041156010877
64.1964974035291,68.5851143114611,71.89921,72.5803195357683,71.02154730535902
50.6966775200553,55.51486057806301,54.69039,56.15635970705057,55.45387060854697
59.2081871201241,68.68694612375184,71.33894,71.84524876067341,70.62371278862354
76.1809249582021,72.45044935224682,70.77384,70.01697383017908,71.08042168011201
61.6538583985865,70.8780401870622,68.75492,71.21326372106226,70.28207495586571
53.1436378410352,52.3573099625767,56.104954,54.10312681052188,54.18846351298924
47.9835895342454,53.79112120592408,55.202633,55.53855665639216,54.844103588789665
79.6774410395817,74.44985675829496,75.133644,74.16638668677071,74.58329584968986
59.404803599356,60.88033812531556,57.547848,56.989055892018044,58.47241392171211
64.0665866591722,54.13125137575647,53.174328,53.224949944866914,53.51017639032173
53.4112564606257,52.647747348205066,49.92292,49.9429050272061,50.83785753415398
55.0273922650623,66.6115836926717,62.969765,66.0747805582957,65.21870965348
63.3412039537092,57.06186461863536,60.156235,58.97211820580363,58.73007252188332
71.9716380409679,70.21378781298478,69.90686,70.28607298221361,70.13557371558697
65.3728598942436,68.89745131794075,65.44518,66.41038701518421,66.9176737111393
64.4562578855303,66.75811622887858,66.17876,66.37669613156136,66.43785635810237
51.4270576211253,56.37220340514923,57.979874,58.05648434849702,57.469520470290945
58.8964967084403,60.93653670848397,59.553684,58.67382233924332,59.72134776078215
61.2462697344177,58.95818455921109,56.901966,56.703413788056885,57.52118814741289
57.9100045646209,56.59687589253308,60.54083,61.13034834757109,59.422684314979385
62.3603893709832,60.409571727076134,59.765133,58.66251762726405,59.6124074194643
65.2165203048736,58.00620060052347,60.44804,60.76683529927853,59.740358636115644
57.3708164811666,57.476380640733055,53.60901,53.64250328630382,54.909297572033125
50.9003524202718,53.470593465896435,51.084652,51.2383148120463,51.931186741654734
40.2023483409988,46.96361699448982,47.27017,48.295339874120536,47.50970839101791
46.1906767497042,50.721092214531154,51.368927,51.73208336670129,51.2740341943952
62.0889381973557,60.1268254557201,64.13257,63.53677977495299,62.598724530016035
61.5048714657071,60.410062113856526,58.432472,60.71204049230072,59.85152494505371
58.88915440252128,72.89141945294303,76.73602,76.58680392362461,75.40474877526212
59.6702589594602,68.98572675397796,69.508736,71.21631948433692,69.90359396501772
39.8173575201605,50.012370025111835,50.662983,51.689635851355845,50.78832960571384
60.6634476989981,62.44442247164772,66.27697,65.45325477022635,64.72488238384734
56.9100573343774,52.042743268979414,52.550068,52.17555175981957,52.25612097680344
78.4020083564923,73.96753906647812,74.755264,73.12640590671872,73.94973641847447
61.6361460962895,56.63588372104168,56.213474,55.86091349842905,56.23675716438412
59.7158007619567,52.50410536882381,54.29116,53.035460228176014,53.27690872683197
74.9193761638188,70.91843400209244,71.19649,69.4077661616398,70.50756253016336
46.0718322464225,47.529565051786435,50.80981,50.68338498853534,49.67425355958317
66.3837737956373,69.05003846554453,69.841934,71.62071559715773,70.17089608893461
48.9151984814883,52.8474639265389,54.752495,54.46727645346304,54.02241173067122
75.2469498290818,72.28493416166835,71.33894,71.84524876067341,71.8230421345957
62.1583403558419,65.8502717703747,66.39353,66.31041198995598,66.18473851988236
53.4630402647558,55.596313909609414,56.25014,56.550932565269896,56.132462539559384
68.7494032050497,66.03945124287928,66.36649,66.48676355544119,66.29756934113936
73.5670160319299,69.41094198482298,69.139084,69.10096033072726,69.2169953926183
54.7881221802982,52.30922795988092,50.6927,50.569440050947485,51.19045581440049
57.6708502137057,51.3576400436296,54.292076,54.01187279587622,53.220529650115225
48.2061007821337,48.73429814775436,51.701,50.62205704781414,50.35245180306384
70.5537818754056,74.77796918233763,72.45032,72.16723129865771,73.13183928793593
47.876158083607,52.21651012693707,51.681156,50.825995774626385,51.574554020003575
55.6880576643063,57.81635550001793,51.59772,50.96407276155015,53.459383120473866
58.4175561645518,70.5276541999189,72.174545,71.20828699789725,71.3034954953007
54.6953989597465,51.19123787705517,56.22506,56.17048177324352,54.52892638652534
56.1525921258827,54.47227180358941,54.85725,54.78197254176867,54.703831519660376
46.6837778923455,49.65735380316483,50.486546,49.671036268781336,49.9383118782301
56.6291575459107,54.71697979132651,55.425976,54.93994828566254,55.027634625516534
53.9725303955761,57.31329793991933,57.317814,57.167097878132715,57.266069897114356
60.7406316319535,54.40380542066265,56.938934,54.62717548247222,55.32330507643558
43.6960745427638,46.4277568396302,47.431335,48.847086139435405,47.56872614276145
56.0160761667857,54.22884373183821,54.029434,53.454711141056066,53.90432969233194
75.1701848475478,71.21634567001496,73.16395,72.98215292423548,72.45414888444417
68.1009159763613,70.0110791581381,67.65287,68.83296286090825,68.83230406575633
59.7619534187947,52.303095920388344,55.695225,55.242609724799365,54.41364346905019
49.8773115282531,55.48626573901616,55.150925,55.647392059757834,55.428194160463725
62.9278201868107,68.46507509797485,69.88527,69.74041381070703,69.36358602457365
81.9584000830089,77.30103134565182,78.081825,74.82983109707743,76.73756256635897
68.8808923233779,71.19181606025174,68.11213,67.8197215115311,69.04122226106954
52.3138994724244,58.091490037923954,56.333485,55.06021324372644,56.49506264376953
39.9374911226297,51.21900152826388,53.109756,52.62615668166065,52.31830489321703
62.3832617398707,51.34089816663992,51.09853,49.88701806609075,50.77548201613484
69.5469975608015,70.39371737605816,70.34435,72.7909522207725,71.17634077299954
67.9421854997569,64.7310902669397,64.11718,63.86652511736516,64.23826508497011
53.6569870586337,48.16968694518239,49.51398,49.30646402587745,48.99671061217945
43.8864611766125,52.737652793657304,53.36409,53.317918994003946,53.13988725116052
49.6263645439636,52.232354229244315,54.560352,54.38178527073394,53.724830608472566
71.7365769436044,72.33505131197387,70.10124,69.94355679224873,70.7932833898841
63.3731441133153,59.28903871806092,57.856762,57.83722736341345,58.327676004615796
65.795561201167,61.55365846493055,60.381382,60.32883320294227,60.754624552132725
54.4123614625948,54.98879231427019,53.513325,53.955017372243,54.152378141354006
50.7231777520315,49.577452131366485,47.868416,48.675679497050545,48.70718248697886
49.1345601817679,46.2272466643443,47.7148,47.506584521860056,47.14954432484481
60.9093989217889,56.633525149015355,54.603794,54.21381938898444,55.15037954530007
76.4551625072759,67.9435053157309,69.453835,70.76232312659613,69.38655432533949
43.5364892780107,48.398399226286266,48.780205,48.75803305549978,48.64554568491175
41.802594319842,48.12801640669347,47.756557,51.0385731849175,48.974382352070194
47.1840390952183,51.68937211583809,55.17718,55.630088915288425,54.165547425007674
51.2848417164629,57.71349504181045,54.305218,54.6338036125669,55.55083879909909
45.5473114857494,54.91916388337355,54.672066,55.210199390879275,54.93380966970537
57.1365180091875,57.489766923845224,56.14829,56.335141056992235,56.657732235881376
51.2504048375033,52.51532341291831,54.59749,55.082410792637866,54.06507420295883
46.1749377401831,53.71798444862786,50.64459,50.9209285264408,51.76116714850921
46.7287513068164,46.508963599949595,49.10785,50.87358606766411,48.83013292956915
40.0268704260305,48.96038927016781,51.82409,52.55559133279391,51.1133565510849
74.080080119863,69.4999804407307,69.95572,70.09766692848748,69.85112212111959
76.0113110886062,78.12348167174474,74.29683,72.80778694859458,75.07603261465738
70.9864664280159,75.30826534157458,72.700264,71.90111063016252,73.30321331626263
52.5968698263158,58.2104231523226,57.233845,57.40516110861171,57.61647633933813
53.3673298185299,57.28864388926881,54.185066,53.82568940618465,55.099799839532665
57.0210525432859,49.29758282448418,50.745533,49.61391466418716,49.88567682605776
61.8543205110864,60.87817818570415,61.57723,61.275164673697134,61.24352380184795
57.8396586792018,58.3572876700659,55.27995,55.717834192600364,56.451690350299565
47.0544465908251,54.208088593045325,55.032536,56.21949071046071,55.153371618828196
67.1507677903034,74.3891372630897,70.65035,73.41767609017441,72.81905527709715
68.6099521243294,68.94630093049172,70.47379,70.00153281242368,69.80720892423352
67.9941157223205,63.09123999688172,60.704533,60.67169803802216,61.489156886064954
50.4267735714174,58.81966113079085,56.974937,56.3720202171993,57.388872928984995
51.1833500989618,49.136952919642574,53.314102,52.84414866475943,51.76506791908452
77.9523204215653,72.21569919815875,70.969025,69.95970902194018,71.04814429276735
52.9360441816332,49.5266504477908,51.670246,52.707436082442534,51.30144421816697
62.1653707093034,56.43571478030048,58.883976,58.3604715539768,57.8933874389811
45.3856913503402,56.985596207948475,54.872078,55.04383669016313,55.633836946668715
67.9131091606441,68.24601518657717,68.89533,69.40762706960953,68.8496581975375
50.3838641766875,54.495759066025435,58.12426,57.26309773959752,56.62770558478448
60.2021237302624,56.18005431746553,54.469242,54.204618051589485,54.95130482166743
59.4016678620217,52.98264805117065,53.36409,53.317918994003946,53.22155233699831
67.3370491994185,60.48431308330393,56.759724,55.93454628560679,57.72619434408026
50.8731882870799,56.10551143193071,56.942986,57.779536379908016,56.94267778216889
62.6969298757996,63.4970393153476,62.127247,62.03110238190757,62.5517961846482
48.9687909116885,47.7014337429133,49.044895,49.569515242957785,48.77194805266341
42.6682007198212,53.40475950742012,52.61251,52.61511644545722,52.87746221134322
66.7297629479579,70.71770555826124,69.811134,70.46251514973243,70.33045168212419
62.8978534503431,53.36214403579264,51.396996,50.327998907219545,51.69571282914859
46.1261473968884,55.04117460886182,54.082455,53.909941786109776,54.34452369212269
53.3728717420423,51.75491861630402,54.7849,54.10312681052188,53.5476486973697
63.8302604242016,66.41072800285862,66.05873,66.3115039381804,66.26032100671353
84.6329523311142,70.13184887211942,69.640175,70.22895201069326,70.00032524951177
46.4092164276622,55.24518626986605,55.196835,55.71115109210675,55.384390642060595
68.1009159763613,70.0110791581381,67.65287,68.83296286090825,68.83230406575633
60.9120625765615,55.990668858609716,53.670643,55.356322004115384,55.005877905169434
61.7398247194792,59.660626558721596,59.639126,59.03238989114337,59.44404742461319
40.1615168175404,52.243280261278066,53.2259,53.40429066413414,52.95782322269599
69.380591216582,69.3224009745153,69.38156,68.5920324285434,69.09866489411853
65.5273054132511,68.9859403579764,66.084274,67.11398641035579,67.39473368677479
75.1814803589377,73.63524862294332,70.878174,69.99460477363333,71.50267574156722
58.7868325798979,61.06422126390505,58.562523,58.12990486169618,59.252216337928274
70.9618995197168,73.14121068886627,72.570045,73.75510389740339,73.15545335248703
61.5155014304079,58.448351165879274,55.72305,56.117239609259364,56.76287997965233
47.6992908947595,52.658490458613485,53.353146,55.77616490321218,53.929266987063635
70.2443928357737,70.23812450182623,71.54415,70.36566531531834,70.7159803744323
47.1606443135833,50.95114340962803,53.70677,53.57246335904659,52.74345953975352
65.5333809982419,62.8434372535141,62.57133,60.47299812093245,61.96258879953883
64.1653300522432,69.62276265033135,70.46291,70.6820142832888,70.25589681560125
46.3382548126673,51.66794394773321,54.26562,53.93970413064326,53.29108975455974
66.0310174368115,53.831086922052755,51.83994,51.05558898851696,52.24220500933378
65.5224174397842,63.621614647829944,61.589172,61.40302845593464,62.20460515568194
59.025464180837,57.5688624582591,56.333485,55.06021324372644,56.32085345054791
55.9858827226965,60.334925991891325,61.407734,61.62748224696852,61.12338071869872
53.4948769321195,53.71390867060176,50.5894,48.63580966455756,50.97970652675883
67.5509215880429,59.307181554886206,59.251648,58.678804622451736,59.0792113755189
62.2125113403707,67.77462616711948,70.72949,70.12499149958639,69.54303661806863
83.7893712331455,74.34348272963078,79.73685,77.1909009852495,77.0904102129028
66.7633975700254,64.10855591694671,67.54087,67.69317105414072,66.44753254586378
59.3429655706737,57.69102183128313,55.555893,55.37452315121221,56.20714597561042
58.6769925647158,57.2016243389772,55.953716,55.96085469157721,56.37206510287687
50.4267735714174,58.81966113079085,56.974937,56.3720202171993,57.388872928984995
59.3374594245357,64.66815947266389,61.319386,60.61293141332981,62.20015880485271
57.2876255429597,57.54074195338891,58.34734,59.29168718313387,58.39325625554991
58.617137042151,53.52171212670291,53.134655,54.04528214495449,53.5672164234789
70.2162049308716,60.62757089338578,58.152893,57.08851955554311,58.62299450511171
59.8086458879374,52.14345633133417,49.51584,49.07303057392007,50.24410850943371
73.57406865891,73.50618902883777,73.24104,72.97509917895093,73.24077709953633
68.3432860996973,61.139263185315045,61.26178,61.298759835006884,61.233267601826064
65.1541963902108,59.81498405149015,56.28857,55.96934149224482,57.3576319825959
70.2443928357737,70.23812450182623,71.54415,70.36566531531834,70.7159803744323
76.5186384863012,74.3184662197094,72.21135,72.1777690649931,72.90252825733572
66.2633137825077,69.16937519288993,69.69007,69.21746307124755,69.35896979003151
65.7620227476423,56.05481858757053,57.621143,55.31096444331046,56.328975457315146
68.7483042164447,72.80501328218071,68.955505,68.55070321935666,70.10374062421037
46.2654448807098,56.46807202264351,57.017654,58.683054924554725,57.389593788714514
68.5059292920155,57.007427079149515,54.130413,54.68777423389183,55.2752047894871
59.0521152959983,51.71542074125787,54.16715,55.13275285790159,53.671774063082445
67.3831221046175,60.21453247314456,61.860413,60.97806728383274,61.01767078487785
51.4465005772673,49.535553694223005,48.86019,50.034014711982095,49.476586583806636
66.2368200214319,71.32987246050199,70.05393,71.12898175832548,70.83759546958963
55.6800993707721,56.34834466348659,55.587234,54.37749044341758,55.43768986799149
64.4808103487695,54.8445379517159,52.202065,52.026459111454244,53.0243538591101
60.40919639276,49.24133142292568,49.54143,49.99392652058384,49.592229790170485
52.019283740648,57.10628307751374,55.10537,55.30002220435912,55.83722494991465
45.8361081295137,53.508622621702486,56.014442,55.73933132628227,55.087465463944135
61.2686388847173,60.14844645986749,60.432938,58.48727871944205,59.689554267126624
65.6120695029717,68.37600663088107,68.1056,67.90155330667496,68.12771946242101
72.7665187800748,74.18328609233718,74.50151,74.33081067528425,74.33853579591288
66.4153221921474,66.45814022354843,66.97879,66.16589423183586,66.53427491286247
50.8306053769033,55.07684703471271,54.684742,55.24603007378413,55.002539694124586
59.8648338704605,55.91107622374908,55.070168,56.31256948976514,55.76460441833937
56.047815548703,54.26961422910845,52.917038,53.4886071246115,53.55841977252904
63.8242335742363,55.34742386892941,54.088394,54.314248844055264,54.583355626007915
57.2622515490311,46.88745896903078,50.890167,51.648812208949224,49.80881280476938
74.4216609345257,72.79607721199207,71.86448,72.59558140217617,72.4187125597032
54.339195530627,52.650960234228805,52.3461,52.629225735304864,52.54209527434977
63.0399150209454,53.294573192809736,51.743553,51.77330847554945,52.27047827666009
65.2563099047482,57.92180785973777,57.70326,58.21694490375615,57.94733709263274
59.3456054269027,54.11291259020313,55.12765,54.77843771122295,54.673000505341896
76.9222334750763,76.51689139659192,73.58727,72.8285145571571,74.31089286593067
55.1143810228015,53.95187842258476,55.57873,56.45035382380605,55.326987927752015
49.7558139281305,53.43299872470012,54.43448,54.4792845682502,54.115587350905315
78.5020429434907,73.3161128912381,72.762825,71.69496580501841,72.59130123615451
76.9834659540738,73.0238752945443,72.01979,72.33222566464204,72.45863053620013
68.8529906488183,70.28554586757349,70.8779,70.76699964132692,70.64348155960742
67.8533416760383,68.83262156574698,68.50547,69.33035330766728,68.88948171643106
67.3334120519002,69.79540640061983,69.103195,69.2851297431541,69.3945771114012
58.6267795296025,54.05704357681711,52.83028,52.923761060646264,53.27036164713948
66.8563594167601,69.80773699132936,70.420395,70.70410328577728,70.3107450581892
59.2919281972849,54.04090174550897,50.220673,50.7206375001663,51.660737284365716
62.2770782784091,55.0907527440231,56.191605,56.320121528613214,55.86749296229804
49.8520693071899,57.84842829523945,57.439835,57.27555732460123,57.521273404855755
57.4330891426476,57.506494382106695,58.09463,59.05568964713207,58.21893840810238
64.3896671338804,64.88576587351912,68.46551,67.33727058888049,66.89618132324127
67.1124597645513,61.38937470247681,61.279835,60.18584237463297,60.951683941474734
63.1427371769165,63.18077188071882,63.26577,64.3369047717819,63.59448220366561
44.8118804527822,51.32297639698936,51.89353,49.819644821552195,51.01205100595266
75.9150482446041,73.3703782188023,74.06707,72.54033895706675,73.32592906106441
56.3794606104385,49.82725100576448,50.4681,51.131182930123465,50.475511812450925
43.5798989427684,57.81635550001793,51.59772,50.96407276155015,53.459383120473866
70.0122798294726,63.629362291482785,62.28869,61.792264849914424,62.570105267021724
58.5259070170735,51.964718394231014,50.216927,50.082577813772886,50.75474092757031
80.1277983186513,67.96144295049082,67.629875,67.609154048534,67.73349072737676
56.3317715972042,55.398852732766464,56.43996,56.38892416840213,56.075912460301645
62.9652319690696,60.36509555827783,62.267067,61.18108595224335,61.27108282202919
43.3951027999612,51.28763508537271,51.412754,53.19146392936223,51.963951024524285
57.6153066070059,55.65322418593654,54.244526,53.660929172069565,54.51955975580998
78.7629266358449,72.49813269255323,72.96881,73.06147695311331,72.84280689360759
67.22397086012,74.70678906877521,76.51099,74.63696901394208,75.28491480361409
61.8790721055248,57.95278798187703,58.79391,57.67969473375162,58.14213123195109
57.9863620466353,53.7954853871037,53.975506,53.31635551933991,53.69578224510034
43.6454174600788,44.80269028759207,46.489117,47.073586235432074,46.12179773057511
56.5505372180845,54.869477180938105,55.62542,55.92066477923211,55.47185385895648
43.4950247324063,49.008690871341436,51.511555,51.583791046398986,50.70134554525267
51.7028240013932,54.891233146981136,53.549694,53.463785658220885,53.968237622160444
73.6115881886326,70.66135057070807,69.48091,70.15551108584977,70.09925763714688
46.7232631001799,51.86659464164649,53.793938,54.39234869618383,53.35096034031193
66.2689304237508,52.29810968441011,54.922386,54.620418666657066,53.946971506833584
69.5845146965028,69.03293543397834,69.14194,69.3162707045055,69.16371446478108
67.7900849708338,53.74966634511883,54.336933,54.01215873403628,54.03291940504715
63.8121867880165,54.82993836836989,53.286182,55.6498039099737,54.588641560636006
57.7405486587774,55.33821143888079,56.31005,56.656890992101296,56.101717798445854
48.715131512039,53.17428813137477,51.084652,51.2383148120463,51.83241829681418
61.3981063387917,57.09500183875076,60.52079,61.14297297891756,59.586254972588655
40.5519657292371,56.45412172119245,55.0158,51.091553090767555,54.18715842934474
55.4863161486566,61.72691828431427,60.974834,61.103209671827464,61.26832079942681
55.6707178035773,59.25049878265437,61.13153,60.880296371812406,60.42077530539518
58.564775888839,55.712408582586626,56.71223,56.443987897650345,56.28954238753667
48.557125215631,54.29938652600747,49.708138,50.06821519994966,51.358579746054716
61.4883769338319,57.53441815951509,54.828354,54.638306251443495,55.66702609759818
56.1482547276434,53.60028755950269,54.245087,54.0589792235704,53.96811781766499
38.8311012382288,43.97429175285755,47.371265,48.464922617874784,46.60349326070309
58.407162643557,55.4976869811744,54.068764,52.536365217294204,54.03427197712625
79.9400855592061,77.19352765742673,70.8104,72.40105251649939,73.46832736347667
48.1792937434475,52.52941425661617,51.534325,52.27919036481562,52.1143097558093
57.9640598694573,57.537220047589045,54.173706,55.15304094977802,55.621322350684856
52.2118206000767,45.71182931008116,47.874687,49.874636710638896,47.82038440518142
46.1892570666804,53.482836191025385,54.85725,54.92287601508187,54.42098747324343
55.6259351162761,48.72443023728494,48.620937,50.07467480381447,49.14001412950384
61.1736713441366,68.76568246356723,68.99771,70.9501029302344,69.57116552514742
54.3708363946633,55.47003422842303,55.748768,55.23482372323247,55.4845419348129
86.0086966237113,74.89685572437935,75.05794,72.9168453287287,74.29054622505946
44.536157570003,57.68727030890985,56.082188,56.46756712912729,56.74567503020834
50.4391930666774,58.03528157127792,59.087666,59.74712842483439,58.95669185132454
68.205446535258,68.47396125064547,67.77556,69.2339440678044,68.49448793004318
48.6037750676729,52.21470363963888,53.51447,53.26728059905059,52.99881779513933
51.8022930089067,52.41339836865225,51.744694,52.04964929321976,52.06924713932517
64.0081554463446,53.76805852816177,53.549362,54.07802368287741,53.79848146455213
55.9585754810287,56.71574503620309,59.41702,59.51397638740976,58.5489134379979
57.9123911775814,56.550840160764224,54.800068,54.598774793491664,55.31656095195574
40.2023483409988,46.96361699448982,47.27017,48.295339874120536,47.50970839101791
63.3966884619987,60.399911876968936,59.63014,59.28051347180282,59.77018791532951
48.2720136190514,48.75082601578744,49.580326,49.84261871231508,49.391256936141595
61.58543083412,62.38550556137736,61.355206,60.642885138387506,61.46119874521785
62.873894238404,53.39522523093436,54.47645,54.600686121345,54.15745440868622
57.3811156986504,60.9866186767864,58.09575,59.455344056337516,59.51257054483037
47.507770155798,49.816301649973866,50.857716,52.477326948207896,51.0504480682904
54.1636805876481,60.582188097698214,60.57048,58.46020768276753,59.87095870904847
56.3538281908494,53.633086497137036,50.676346,49.93256660315922,51.41399964183052
51.9765226498988,51.75853146687582,53.871727,54.3031469831539,53.31113514659194
67.669932687275,74.64651294273403,74.78802,72.92171665077899,74.11874895548742
60.5334009461154,66.18774980184061,65.76404,66.18390317932916,66.04523035570242
65.0696300502003,57.64057320828271,57.17345,56.855510887979584,57.223178188744335
50.5355861460146,56.37064978423327,57.225407,58.352429564191866,57.31616199838455
57.2277956143984,54.098363931687324,55.85442,55.55399575841894,55.16892646611941
68.9648768457976,71.14144011783327,69.53854,68.59629597648089,69.75875993182868
55.949793765614,56.858223101735035,54.173706,54.42581400443544,55.15258105361932
56.8457916338087,52.46759930384664,52.41127,52.23587959054229,52.371583011996826
62.2586627274438,60.47656624239091,58.13125,57.83496642180509,58.81426037943903
52.8281665508571,50.10626531816489,53.784496,54.75465302428455,52.881804883274164
79.5874537801241,70.28183838709818,70.813934,70.64092153257334,70.5788980819478
54.8909181941711,54.670376591867495,55.65112,55.566986146619726,55.29616065688831
55.2886619438873,52.36636092585777,54.019325,53.51176567643395,53.29915061954646
54.272237467579,57.13255665032843,54.72273,55.095377250821485,55.650220876799324
64.6683051326349,62.59088940045686,61.02453,59.57095834353144,61.062125415802086
70.3593869419874,56.28026713221869,56.14378,54.48268355580284,55.635576814220066
61.8253894174291,63.73493765508136,64.690575,65.26867470106153,64.56472900071299
43.3335723648514,45.298048724522786,49.6,49.64117325691667,48.179740151853515
70.9274772966966,72.20647474700726,72.43975,72.97906486750476,72.54176342863292
62.3864927560688,58.900499073434816,59.32386,58.031473820867284,58.75194435425305
46.2052640079254,50.682069343659386,53.877785,53.36675143929909,52.64220183732079
81.2559370876511,70.67664153282425,73.77987,74.03624209606848,72.83091756949419
47.0116018953914,54.27201172592874,53.21131,53.4886071246115,53.65731006362409
56.921370777335,49.573187853432124,52.069317,51.87367807657517,51.17206093134032
44.3096871826964,56.09213024318473,55.457134,55.58750800205442,55.712257497355104
50.4353081850967,52.0231215306879,52.25942,52.74498201910697,52.34250734578123
58.8229103947993,62.892242877027854,61.658764,62.479563608026176,62.3435234568507
71.795813842218,71.2683824252765,75.86583,74.99647547414452,74.04356245573149
73.6307331750054,69.81443679809864,67.299385,66.06365677442633,67.72582621444191
47.0028622744189,54.019516949265096,54.61412,55.4753810513935,54.70300616135234
59.1978802853634,57.032838123860394,53.42289,54.28800691447251,54.914578249268516
61.0023016915646,65.60321337995964,65.04862,65.97017387824074,65.54066979651601
57.5576476871949,52.61569153731699,53.151676,52.78488817732668,52.8507519642074
56.1286311786552,57.26525419706549,54.36657,55.43229757285141,55.68804042965329
66.1188068809534,69.6212898873641,70.55358,69.74910263180263,69.97465791898657
61.2836202656275,66.69962467829869,66.88062,67.42560597237707,67.00195117148176
58.4291834139937,59.399211435380046,55.701004,55.64819212330929,56.916135862336546
52.185560631357,54.2917529810124,51.288074,51.120206909780954,52.23334479473385
47.1322975944432,53.44020402195978,54.32145,54.77487937442615,54.17884422539036
62.5404733814443,68.14710327125364,65.606125,67.38508293343651,67.04610369420661
44.582332414117,47.85768403598316,49.853687,49.343878916349695,49.018416746236596
53.9374638173592,55.45135532341062,53.77594,53.57954036992425,54.268945211580366
45.060907525804,51.88644310550387,52.797916,55.7875673266101,53.49064228148916
63.55470665061,55.406835155514706,55.11797,55.565781579922536,55.3635287494589
55.0222217104993,53.30073097823462,54.15307,53.001117298576744,53.48497227309728
48.3448373317966,56.36448264367769,52.291172,51.676237508077776,53.443964059781116
67.3421761909727,61.67734223505522,59.855297,59.019445809899864,60.18402837785937
57.6602142148413,53.39741345615606,52.664825,53.25668558453101,53.10630816004673
46.0720249210659,52.31343688635593,51.225357,51.57698745592935,51.705260465983116
59.1197338980631,71.23384908786265,69.24629,71.82360182331237,70.76791434181094
59.4358182043668,56.21182028129519,55.489277,55.75843295370105,55.81984337366086
70.8305107128648,68.1768614929554,67.988396,67.91863949807716,68.02796556065017
57.9052748877743,57.04418811967626,57.245823,58.28017964667618,57.52339689094885
70.9864664280159,75.30826534157458,72.700264,71.90111063016252,73.30321331626263
57.1587225790392,58.53860556062035,56.934273,55.60045826841831,57.02444553171731
49.2134258979061,57.638516117927004,55.195312,54.46711021724838,55.76697961172513
61.4173835385598,53.24904121022731,51.524323,52.137135347713205,52.30349968923539
62.37519071734,53.979051976963675,53.57549,51.9616908239538,53.17207728170231
69.9458721228744,69.1340260188387,67.793625,67.13590607389388,68.02118565688743
57.9335411794953,58.369878832609345,56.057037,55.326153679578816,56.584356621901264
43.460120610209,47.99802449183883,49.31635,49.99438474175157,49.1029194210438
62.9261549166782,53.575029182164386,53.937996,54.69570677380587,54.069577288871606
56.6954074863814,50.937200775798516,50.55402,50.50133557774447,50.664185427173834
64.1547266602429,63.75784973600022,62.50999,64.09440429612214,63.45408157475367
63.9546521180823,53.33474325788484,56.448128,54.89413617030868,54.89233572492518
52.768148954364,49.067634648737666,50.111523,50.160308959013236,49.779822094103814
60.198090331986,55.84517803389705,58.492702,57.54275547484657,57.29354533095816
52.0139658651315,50.85215915983345,52.604042,52.16909759454316,51.87509960253309
57.5643010685357,57.81306410640097,57.99596,58.377166248595074,58.06206353019724
42.7055620203366,53.331323494597584,55.092304,54.9838933648221,54.46917369638533
61.4033694104529,62.128023501875745,58.112972,57.50166145521585,59.247552405537704
58.88915440252128,74.42504202071875,74.76054,74.69167362449863,74.62575061302168
46.6837778923455,49.65735380316483,50.486546,49.671036268781336,49.9383118782301
62.9496014379941,66.36432150559254,67.230965,67.94859506477985,67.18129374367231
72.4360163543165,75.56209473902122,73.94556,73.56962398797462,74.35909178920696
69.4385175969781,63.42439095873374,63.717995,63.257384984774056,63.46659021114973
65.456282263293,50.93817717077075,51.524055,51.60080723980983,51.35434663051254
64.5346575245799,66.57785341870635,67.35737,67.71799461018716,67.2177388327106
64.3040178731451,67.94585961914166,69.49849,67.88601762167231,68.44345554023226
65.2127869418373,60.39072222614379,56.76742,56.13226886524951,57.763470937935125
52.4826355452829,52.8307213523462,51.670193,51.46108608577176,51.98733338554127
66.3279208854021,57.909849367351995,59.95846,60.38241857601009,59.41690990161223
61.4841383910711,60.61902708534213,61.5354,60.32300290641283,60.82581012745999
64.717183156312,72.193609656477,72.2151,70.13711969136632,71.5152774990858
54.0517608899318,56.17057958596746,54.693787,55.59323863024126,55.48586827910083
71.7269679695026,71.62465178431897,69.7414,70.13332252189204,70.4997919928581
43.7486117904352,54.96909743620078,54.915165,55.36816280296892,55.08414172889315
52.3777320957738,51.74773152129255,52.221844,54.19045766337604,52.72001096805034
56.0987437087744,58.92535052853937,59.62385,58.64316608255166,59.06412279573802
51.3504513280988,51.67106474955344,51.998093,53.386122544006085,52.35175998164224
74.9730365177625,76.57351661967702,75.391754,76.64174273306332,76.20233783437699
60.6246118699798,59.88616470445115,57.749912,57.429820240378056,58.3552990689307
75.784741575922,69.14303531394071,68.038956,67.9822375631995,68.38807618853892
67.0695761911508,60.33544884044067,59.775826,59.889839289758335,60.0003712102291
63.1334649515941,57.9541774059564,56.89586,57.44228016469325,57.43077211176603
73.8729090599557,72.88199056099057,73.165565,72.63068287415794,72.89274630862373
54.0234052234968,53.64536853092349,55.19281,54.38885619362889,54.409011594382044
45.1517058804009,51.479915656851915,51.129047,52.236007158841495,51.614990069830746
41.2691669572855,45.63472872798717,44.888157,47.013183314009645,45.84535631095531
70.8824527999414,69.54344884916229,71.54922,69.99647269010224,70.36304625446188
53.7446576814058,49.81255510367201,51.742546,52.040935197408295,51.19867879420776
57.4034670497068,58.97507293588724,58.65513,58.51331237278299,58.71450459589138
61.5850242584497,57.16519293046931,54.90712,55.095377250821485,55.72256331075579
62.5615592964481,52.06287482509626,50.668556,49.999079197879844,50.910170078785
75.1021372973166,72.93231351361327,68.92692,69.4397134169158,70.43298165343808
76.7430616956974,70.16607544999295,68.26418,68.91663842220107,69.11563230554253
54.8918306597912,54.401261030206264,54.81439,56.61037259192942,55.27534063242738
63.7694473009928,49.01899951711605,49.72197,48.732687657330274,49.157885592979504
80.2871360079324,74.45408667494333,76.71206,74.21239258314243,75.12617942636062
68.0583361847999,58.51974199648768,58.671204,57.27505559200851,58.15533373392581
42.0267494987798,47.84953948989233,51.79501,51.566126052830754,50.4035583852534
64.2761536257281,60.73226888518405,59.549664,60.115945077427504,60.13262583543757
61.9864584580494,72.0958535970331,70.48506,71.19641758596384,71.25911094283492
62.2386810973665,55.702693579811346,54.28375,54.09657543349829,54.69433921333954
63.4231167773245,67.28048657815371,66.783844,67.31880841379859,67.12771299536432
53.8107553644282,57.886171824216675,58.14403,59.55843614985893,58.52954649957794
66.645897428137,58.3243566405258,62.10129,57.959452619490264,59.461700305503406
54.3247341581812,51.56496371365994,51.191734,50.32129457335917,51.025997533661325
52.3106572743993,45.99432027643861,48.572906,49.59537762695195,48.054201465843725
51.7895831887166,54.832519604244915,55.11797,55.1073706173725,55.01928657818562
69.3630266162241,69.83862425275592,71.98781,72.35534432455675,71.39392560161725
41.8887361816059,49.31040567186137,51.511555,51.583791046398986,50.80191714542598
48.7735501904176,47.39969120682027,51.47327,51.44377620605785,50.105579276379295
59.9360299841018,53.91946281656244,55.958538,55.70105693108789,55.19301926769008
52.5175057007072,56.65545929381493,55.57675,55.355766853678674,55.86265928549266
56.4219955515193,54.38833948556248,55.383873,54.9838933648221,54.91870194540814
63.0410652800885,69.38492840268633,73.83102,71.0893814715324,71.43510880491534
47.1011696105149,48.265619620737645,50.14962,50.27983646705577,49.56502538131525
67.1159023388884,68.75874140602285,70.365746,69.75729938912224,69.6272621131929
49.7715894421393,48.830888207704234,51.019394,50.72268605340041,50.19098939400103
67.0671359385263,56.52785067871633,55.608067,56.24286976169266,56.12626233308229
43.893195175555,48.50022937044126,47.199883,47.58507363748641,47.761728505083966
65.855406095778,52.49694994690986,51.534325,52.27919036481562,52.10348831924053
47.8666718514131,46.14326865923992,48.81064,49.4251028501988,48.126336645724365
53.9149143998136,58.2372323904187,56.136917,55.4750865148871,56.61641200652121
66.9854063549339,65.39014478979713,65.91725,64.7363827189276,65.34792636521293
65.597480112628,56.94863722732423,55.524155,56.05171572229074,56.174835870900296
65.9017230763619,71.6743285844727,73.087204,72.72322721776285,72.49491992724258
42.6190325122398,47.38594017292894,51.84072,51.95198457120254,50.39288195816752
56.999034894252,56.79030390765578,53.17086,52.56700077102432,54.176054989735825
40.6188838308336,50.04042560192645,53.602425,53.57162270187381,52.40482430846075
52.2390120538725,56.48469453035087,51.73136,52.85671793216095,53.69092461722399
58.6328762610295,59.72642088232358,60.16939,60.05685136883899,59.984221294414226
61.3664986810622,56.346119916872766,55.11009,55.041751068644544,55.49931977796865
54.418062988494,57.25174274290877,56.254223,56.62094381225685,56.70896980834622
51.0171411645334,54.30523598847405,53.556145,53.65975890852808,53.840379870452544
53.3540222304302,51.77259418948136,51.233646,50.486635959655324,51.164292180652986
48.2110723774313,52.19783712825734,51.061626,50.531777297517884,51.26374695336713
75.1859792954178,74.0398453783003,75.23705,75.1648832827319,74.81392719283757
40.9113306434507,46.426141361247744,49.99974,50.45240992233013,48.959430628054605
53.7309363612123,56.97497625746967,54.319897,54.64490384927545,55.313258934914394
40.8783684524929,53.30914478904005,52.874516,54.66641307862349,53.6166911337036
50.2091928707496,55.72261360239738,55.205853,55.196595580350866,55.375020563764394
44.5259820973031,49.774541998453266,49.083206,50.170116679381934,49.675954951531004
49.043236729147,47.85609127242342,47.976414,48.33247565131592,48.05499355018199
54.2796073874364,51.31941077036487,51.311344,51.52148572044483,51.38408021251274
53.2463310819468,66.28848439220747,64.95485,68.82799623133596,66.6904432889025
73.5297471793801,71.54168001532274,69.719055,71.57971607225225,70.94681708778542
51.2405007763389,55.04977295272979,53.513325,56.10065729711175,54.88791832913012
47.9565011574387,49.985943615373486,49.943,49.909277164476364,49.946073857768965
57.3257479091016,57.03275842886038,55.498096,54.94013719719518,55.823664030706674
75.7385068771267,69.97577253783041,71.68175,72.63443638786667,71.43065212074016
60.5866891920104,66.05023227730136,61.87978,65.16970046079413,64.36657085125644
51.2698407126122,51.082142206974865,54.393135,55.21214066857783,53.562472648784485
43.9732104894116,47.693299638082685,50.53611,51.28919095591859,49.8395335061059
67.7235410843072,61.11338565964394,62.797897,61.37647573813795,61.7625862455497
64.3710011313509,65.31798492317195,66.566475,66.5885433549711,66.15766773089793
48.9636757958992,46.03527807256461,50.30384,50.689178688224004,49.00943246599854
55.8507671361837,53.373728330591895,55.31083,54.9867542154482,54.55710390287925
63.565368065902,69.49574919093124,69.15604,69.05992365529335,69.2372364077259
68.950630384716,69.15085860674311,70.092316,69.78012226090434,69.67443218049186
59.1991637718901,55.27790101302069,52.428806,52.46019097289142,53.38896609694792
72.3474348365569,67.797574445509,70.735634,70.45675821070317,69.66332216876994
74.4059462535933,73.36109302555481,74.55277,72.41670173882304,73.44352242878351
56.5937382576199,54.27237240946736,55.631138,56.851744659801405,55.58508497238972
53.1844430717937,67.43400514299269,69.493126,70.17454000257001,69.03389035369669
64.7302592323612,47.2379868731249,49.510532,51.91151678424643,49.55334534550724
55.5363171393288,52.1349696264819,53.70424,52.97168695355934,52.936965157214274
49.9705680483452,55.40454856738127,54.049587,54.97402892304566,54.80938824672759
52.0022286953741,54.21106621054584,53.745583,53.74020855276743,53.898952447959886
55.6797276880824,54.93572325788134,52.34359,52.65181583911957,53.31037629323858
50.0936285203682,48.11523354327424,50.813602,50.35487007481095,49.76123535519832
60.4898896493669,54.07894533688476,56.5415,56.222332346719426,55.61425925838563
49.206792146278,54.23072276013816,55.506203,55.33316709116301,55.02336418301835
77.0109563764826,76.52393276160856,74.83986,73.6132132985028,74.9923350229668
56.3294062011488,54.034904169099576,54.370335,55.80405743714149,54.73643207716174
60.3270556182474,52.70426927802958,51.85569,52.65181583911957,52.403925039863516
71.9696368851567,68.47549362984498,67.77515,67.65544778843679,67.96869596755225
65.6487310867643,55.63330624901378,57.420475,57.30558884984054,56.78645670165262
50.0284138068301,55.84040593220113,54.328304,55.29787710889569,55.15552911062277
52.9147138990087,53.07976779987261,53.12047,53.38715490201593,53.19579694717899
59.9770838138137,60.38687239835886,62.12081,61.41587421413683,61.30785269163268
64.8041056616523,68.43567931306394,69.79782,70.22989764509354,69.48779933435979
75.025928245538,76.68098886954179,76.09552,74.50112627583488,75.75921172163598
50.1185469075047,52.59746952337231,55.05247,55.879087595131104,54.5096760931307
58.88915440252128,74.66940203727435,71.901855,71.74400065052025,72.77175271884819
48.1261661369384,46.715556690724846,48.965946,49.99511738433909,48.55887342419124
59.0564590156371,52.162567690005226,52.41127,52.27143220240262,52.28175667800314
57.7203479843415,54.52857899188648,55.150723,54.31286932872326,54.66405694142395
46.4798992553212,53.387593039110335,55.001,55.505135566780034,54.631242685524654
56.0335570380736,50.45641710968934,49.28595,49.45806443752499,49.73347708474853
52.1187871814374,51.77898823806308,54.417946,54.35108047207672,53.516004857318734
45.8263931139135,50.64349552930461,51.368927,51.69543758538541,51.23595337221439
76.3554412111041,75.04585159071885,76.40091,74.98432904024116,75.47703001826271
67.6233545983888,74.65581205839838,72.49936,72.62213265206891,73.25910128044222
78.7567342907253,75.18097062124954,73.23404,73.2302752143902,73.88176171409346
46.3398978589365,49.029018590966785,50.34669,51.05352371816817,50.14307781357559
63.4466632575061,53.869501741332094,53.185616,53.38397835428276,53.479698545055214
49.7940599394644,56.62285847430147,58.845215,59.171363544059176,58.21314562070355
47.0530976082042,47.88819607338217,50.39388,50.3112747625118,49.53111659088719
70.9033215247723,70.09440135165993,69.430336,68.97124172255842,69.49865969091785
74.6880572541576,68.92510046884362,69.55222,68.84543235588926,69.10758534343309
58.0794017117771,56.5103542895785,55.926086,55.99264641957146,56.14302904497706
43.4302426528749,54.66069220921167,54.04443,54.64345393614057,54.44952530813499
53.5161647041849,53.08799671750083,53.274666,52.89083056673045,53.0844977055836
69.4063541100743,72.42092777988613,72.230774,72.0968115308074,72.24950441215826
66.870217569058,59.20192791046913,58.02675,58.26570212128672,58.498126229660805
53.8144202422521,50.02847217576122,49.20005,49.3524704135618,49.52699764777564
42.4876863352811,58.856302435997826,57.760506,57.71803631497307,58.111614809080145
46.1261473968884,55.04117460886182,54.082455,53.909941786109776,54.34452369212269
55.7982381697844,55.585319994064776,53.860424,53.660929172069565,54.36889106929413
42.3522319339441,55.363119451390666,52.01149,52.13666714638526,53.17042548864666
52.2263682670456,53.41926387561755,52.9648,52.509437603762905,52.96450108923685
64.7311551139012,69.64446964077057,70.22724,70.64092153257334,70.17087756315239
