RandomForest,XGBoost,LightGBM,Ensemble,true_Biological Age,fold
67.56496910009693,68.99993896484375,69.66240140017833,68.742436488373,61.6189385117936,3.0
75.20043359311751,74.14022064208984,73.22278136894661,74.18781186805133,69.9339927955046,4.0
73.91644250294331,70.31539916992188,72.79011572842741,72.34065246709753,74.5751914830517,4.0
52.511908598064295,52.48135757446289,51.98129410382159,52.32485342544959,54.2640139368345,1.0
70.40564466485337,69.01544952392578,68.55598315436838,69.32569244771584,77.0246995120277,4.0
46.68292651230253,49.30441665649414,48.1397601737876,48.04236778086142,40.7020289261255,0.0
66.25775995140349,68.35941314697266,68.40422221485746,67.67379843774454,79.9341122136672,4.0
51.5277236845443,52.95812225341797,54.815198469294835,53.10034813575236,58.0565869003425,2.0
50.0756014993311,49.06625747680664,48.91190782078198,49.35125559897324,49.3305283609744,0.0
67.29947039020615,69.28253173828125,68.71083729823846,68.43094647557528,77.8717382869452,4.0
53.29124700001032,54.924072265625,55.18583722622052,54.46705216395194,49.1192396702729,0.0
55.65150673192842,54.63092803955078,54.03484149036637,54.772425420615185,48.7325543025606,0.0
53.12224841809655,51.45939254760742,51.8751298362013,52.152256933968424,57.7085394600187,2.0
51.7617622995134,51.21174621582031,50.50243812115365,51.158648878829126,56.2701873480194,2.0
56.409280738800796,61.774925231933594,60.91923656218143,59.70114751097194,57.4460546687078,2.0
47.2993946523178,48.27533721923828,48.505160264236444,48.02663071193084,53.7730132501753,1.0
73.8367174407249,70.06858825683594,71.73076924629932,71.87869164795337,67.844333948341,4.0
56.90851002630981,58.775482177734375,56.666160091556314,57.45005076520016,53.252631531266,1.0
44.69005321390445,47.352394104003906,47.80337536897254,46.61527422896029,48.4042794432284,0.0
54.343149075707444,54.16373062133789,54.40724767340956,54.30470912348496,51.1278335540113,1.0
50.63136661573899,51.73891830444336,50.8626474682877,51.07764412949002,43.5693352681108,0.0
52.319428291516004,51.65922164916992,52.44082106945779,52.13982367004791,61.0392581351107,3.0
57.61695872477508,59.12627410888672,59.04227339786055,58.59516874384079,63.9748912908372,3.0
53.00921448014327,53.19027328491211,52.13947221650413,52.77965332718651,50.3440776531608,1.0
49.6435901165508,50.43535614013672,50.507467668437286,50.19547130837494,52.3759927008083,1.0
57.38973620327489,59.8800163269043,56.95786849798857,58.07587367605592,58.6244256887574,2.0
58.39689433086769,57.034915924072266,58.039614561835876,57.82380827225861,53.6817822154173,1.0
58.79537001034417,59.156009674072266,58.91215438109249,58.95451135516964,61.7340752182743,3.0
69.32832269331443,71.52533721923828,69.4147648470063,70.089474919853,75.7440735043772,4.0
71.53783453698344,72.4521713256836,73.51182439306994,72.50061008524568,66.0068486410335,3.0
69.29130163401634,68.7257080078125,68.93300554049755,68.9833383941088,69.1363584945758,4.0
62.83547745617207,61.05225372314453,60.21602942573425,61.367920201683624,58.2916523911459,2.0
49.3337947767668,50.01962661743164,48.861637200903196,49.40501953170054,42.6963895099735,0.0
58.31105945807832,57.35342788696289,56.99247395480432,57.552320433281835,46.9248815400516,0.0
54.62523660200691,55.854759216308594,55.225625224147414,55.235207014154305,50.181199278298,1.0
50.73156573733171,54.774452209472656,54.45759935628482,53.3212057676964,62.3808187612199,3.0
73.30651805302783,72.19027709960938,73.17601354369344,72.89093623211022,62.5846475119101,3.0
53.40225793052863,54.5553092956543,54.70387275483907,54.220479993674,52.5687686670512,1.0
70.20768619108708,70.26386260986328,70.41948221702275,70.29701033932436,73.7100631636992,4.0
69.66482011342625,70.13821411132812,70.32283843730038,70.04195755401825,79.5447712532559,4.0
71.58611380404223,72.61627960205078,70.6965758832343,71.63298976310911,81.2714690902453,4.0
55.87514991038413,55.91984176635742,55.365161594994426,55.72005109057866,45.9403928786697,0.0
59.79733352374642,57.295066833496094,57.97277563494948,58.35505866406399,59.9739882300928,2.0
59.57362974197517,59.392005920410156,59.04420830810271,59.33661465682934,61.7981734981804,3.0
55.05114533703349,55.729095458984375,55.92166354824803,55.567301448088635,55.7493975374555,2.0
72.17434668092297,71.06376647949219,69.69903439542536,70.97904918528018,65.4274442928774,3.0
57.75148950650681,55.08476638793945,54.77161526260366,55.86929038568331,56.9138837091262,2.0
70.7422830601797,69.75084686279297,70.99486549387974,70.49599847228414,69.90961837026,4.0
58.425860075296505,59.24601745605469,57.947900135466035,58.53992588893908,66.1364429732997,3.0
54.2833834381801,51.7738151550293,51.96322835052541,52.67347564791161,48.72487432451,0.0
68.69272073815088,70.51676940917969,70.37293921532418,69.86080978755159,61.6929874177654,3.0
67.55589901141535,67.59882354736328,68.2165743701358,67.79043230963815,64.7087533562513,3.0
52.020786848818666,50.1673698425293,51.12016682912163,51.10277450682321,48.2307346669566,0.0
73.69508041129481,73.55094909667969,72.97455005173398,73.40685985323617,71.4595662309511,4.0
75.39670471584276,73.81456756591797,76.32353084848472,75.17826771008181,71.9052044096955,4.0
47.90870110616458,49.3853874206543,50.55459146146058,49.282893329426486,62.1825518961277,3.0
54.95553956118313,52.25432205200195,52.94372828764594,53.38452996694368,52.8773278204265,1.0
54.08435517092897,53.14449691772461,54.48881437720515,53.905888821952914,65.6398936503132,3.0
73.4196859877643,70.755615234375,72.74118312271342,72.30549478161758,74.4424339965264,4.0
51.168276080717,52.15354919433594,51.487201349167535,51.60300887474015,53.1465686327521,1.0
54.31608602437347,53.82291793823242,54.06769936759013,54.06890111006535,53.1923435500326,1.0
61.367583873182305,59.768531799316406,59.11458960645485,60.08356842631786,60.1252991654995,2.0
56.73859319726256,57.18622589111328,56.8512714407694,56.92536350971508,58.1982392785369,2.0
58.0784373202419,57.62958908081055,58.031446606964764,57.91315766933908,64.6870110111922,3.0
68.94028563825943,67.96475982666016,67.2283162718587,68.04445391225943,65.1318806595807,3.0
49.86334266871941,52.441226959228516,51.708524318226345,51.337697982058096,55.3476388575935,1.0
54.808849238559695,55.02739334106445,54.0594720579389,54.63190487918769,65.9816191301971,3.0
68.73961262138572,69.09557342529297,68.89469497220188,68.90996033962686,65.6391270682535,3.0
49.45779217560078,51.43570327758789,51.34024531186342,50.74458025501736,55.197004491955,1.0
43.60024228345325,48.10887908935547,49.11025172272864,46.93979103184578,33.6034394644382,0.0
56.30367027871127,62.54633331298828,59.72239854978136,59.52413404716031,63.302438451017,3.0
53.72356213238546,53.02371597290039,53.42712149592941,53.39146653373842,52.2263682670456,1.0
52.90892858465017,53.82628631591797,54.840690551389955,53.858635150652695,53.920074970075,1.0
71.8314458062245,73.16752624511719,72.61663733047502,72.53853646060556,58.9197044591292,2.0
53.873386693251774,54.18436050415039,54.45787406732395,54.17187375490871,54.8149767839164,1.0
54.486256802281545,53.17430877685547,54.539591098127836,54.06671889242162,44.8790881729012,0.0
52.90057608697273,52.92481994628906,52.56846035437541,52.797952129212405,54.3086445602439,1.0
46.60285884095464,47.58366394042969,49.33935785086632,47.841960210750216,48.4915822833611,0.0
57.61905732015525,59.61409378051758,55.97076597448567,57.73463902505282,61.7608258490969,3.0
69.3913626753756,71.28722381591797,70.6355340044596,70.43804016525105,72.1902140470142,4.0
52.2020473160449,54.563114166259766,55.02089565234636,53.928685711550344,60.8551860548198,3.0
73.52928783889443,72.32628631591797,72.7551104251119,72.87022819330811,73.574055215458,4.0
59.97015241075246,59.738128662109375,59.42390429574938,59.710728456203746,59.7517573895927,2.0
55.48008704645086,56.53828811645508,54.87533832149886,55.631237828134935,53.3961461930109,1.0
56.99665997771563,55.040924072265625,55.67369366413567,55.90375923803898,47.2018319275247,0.0
48.348081158420506,48.9383430480957,49.76589398962761,49.01743939871461,40.0381172688126,0.0
55.29052322077504,53.31354904174805,53.13614812134418,53.913406794622425,59.4282222798507,2.0
55.34760780883084,55.035118103027344,55.510248940928236,55.29765828426215,56.0750963465951,2.0
71.1022499755589,68.59097290039062,71.23526065150895,70.30949450915283,62.6308578935173,3.0
69.74856647721879,68.42979431152344,68.38979654687377,68.85605244520532,64.2946220309954,3.0
70.45353992610978,70.30796813964844,70.32018344838639,70.36056383804821,61.1152946201196,3.0
56.95719051497188,57.828636169433594,57.96420607828014,57.583344254228535,57.4958287863184,2.0
53.28155817839556,54.451087951660156,54.94676199278746,54.22646937428106,55.9576772361019,2.0
49.77019000028353,49.90591812133789,49.38032167261709,49.685476598079504,48.8497893993262,0.0
56.28094124555794,53.36144256591797,53.42390535588314,54.35542972245302,57.5535370053931,2.0
54.95493828256013,52.05590057373047,52.66841819689346,53.22641901772803,58.6418965031623,2.0
70.94434667146167,70.11552429199219,69.23841348436906,70.09942814927432,63.8424112125589,3.0
54.51060365557836,56.73891067504883,56.52342570647365,55.924313345700284,53.3244454789169,1.0
47.08818710155031,49.940582275390625,50.62595888611851,49.21824275435315,60.7516968669921,3.0
53.14249774539224,53.68694305419922,54.86833993293941,53.89926024417696,50.6801419346009,1.0
55.86401144529136,58.058372497558594,56.90928821829834,56.94389072038277,47.2777702488482,0.0
60.469378481921204,58.44546127319336,58.71686581187722,59.2105685223306,56.6003421742263,2.0
50.58609541445362,48.447540283203125,50.0797484181402,49.704461371932304,53.0850902623832,1.0
63.87664700415855,60.075138092041016,63.19439485314223,62.382059983113926,63.508247076325,3.0
54.612727319055416,53.9024543762207,55.10057240719343,54.53858470082318,50.5935150586104,1.0
67.75107263884155,68.92620849609375,69.97271929309734,68.88333347601088,67.8923225226035,4.0
74.62456364935154,75.0228271484375,73.10878748461167,74.2520594274669,67.2031455785131,4.0
60.99980255760926,60.48817443847656,58.563450856424964,60.017142617503595,61.9664906175052,3.0
55.04389825107796,54.92462921142578,55.259095263679306,55.07587424206102,69.5669432372434,4.0
48.56148531294967,49.45896911621094,49.51282145197367,49.17775862704476,54.4540160391915,1.0
61.854756752048054,59.821659088134766,58.88845065390736,60.188288831363394,60.2923646438253,2.0
71.5960950608452,71.40393829345703,69.24339575263006,70.74780970231076,74.2665768242432,4.0
52.73315769623947,51.808067321777344,50.63803568448171,51.72642023416618,57.2871683687654,2.0
52.933728239382845,54.887237548828125,54.55394111805807,54.12496896875635,46.4550197972488,0.0
72.35511412522969,70.51982116699219,70.53855374502002,71.13782967908064,65.2618019120426,3.0
56.9466610347173,56.43720245361328,55.951779682463645,56.44521439026474,60.6590123669874,3.0
70.01640707016493,71.58495330810547,70.70776199590877,70.76970745805971,82.7984277460171,4.0
61.915175262604464,58.58211135864258,59.190922273133076,59.896069631460044,59.5206653249131,2.0
54.88812930948815,54.51127243041992,55.15797303731105,54.85245825907304,54.7969797000258,1.0
56.972552855052044,56.323753356933594,55.7257804802271,56.340695564070906,59.5129948207322,2.0
69.8502251535521,69.3155517578125,69.19028197620422,69.45201962918962,69.9823466713205,4.0
65.64457318046007,67.01212310791016,66.68369381686134,66.44679670174385,65.4493206778436,3.0
67.47422319077738,65.8399429321289,66.7170032019063,66.6770564416042,72.4845106521625,4.0
58.31899224672486,60.73899459838867,60.47182652377229,59.84327112296196,57.2876255429597,2.0
51.319264712416576,51.6053581237793,51.383629010424485,51.43608394887345,56.4148690203636,2.0
48.4503995414262,49.40953826904297,49.516398547247135,49.1254454525721,42.777209993696,0.0
54.463302694312894,54.024803161621094,52.28974908677153,53.592618314235175,56.3122084041074,2.0
55.028440918259136,55.268001556396484,54.784418206446546,55.02695356036739,64.3038685539749,3.0
52.58438539150649,53.29304885864258,54.94464187378505,53.607358707978044,63.8582744170117,3.0
54.26816300204002,52.980159759521484,50.866353459453435,52.70489207367164,56.8418901023644,2.0
77.0045106239107,77.82396697998047,74.62440385181529,76.48429381856882,69.584996375708,4.0
62.22113137448388,59.85308837890625,60.403124480718425,60.82578141136952,58.6317764629232,2.0
54.01232844316965,51.8498420715332,51.389711757999095,52.41729409090065,51.594404342752,1.0
54.696139778597534,54.54647445678711,54.841330347805645,54.69464819439676,53.8890787384832,1.0
55.23832119289479,56.11024475097656,55.94233275184267,55.76363289857134,60.9291476573991,3.0
50.16341856574128,50.64756774902344,51.07000207709549,50.62699613062008,54.3247341581812,1.0
50.72366082346985,51.08005905151367,50.58687552138202,50.796865132121845,52.4814822746287,1.0
48.41767144909377,51.824851989746094,51.310793282850824,50.517772240563566,45.4235760590927,0.0
53.89336553263946,53.5654182434082,54.89032009263706,54.11636795622824,57.7203479843415,2.0
50.66168392932187,53.72167205810547,54.904280315224575,53.09587876755064,46.3804388138533,0.0
56.80447577664465,57.34800720214844,56.88703688227413,57.013173287022404,53.5435459053073,1.0
52.81339722310766,56.477420806884766,56.13913307062489,55.1433170335391,57.5104951308426,2.0
56.01545445708239,54.55796432495117,54.665521008177976,55.07964659673718,54.3760642592896,1.0
57.01851080068364,54.718955993652344,54.02453748021037,55.25400142484879,54.2975393221061,1.0
50.63384654447615,51.99244689941406,52.839496162726135,51.82192986887211,44.9823314181421,0.0
53.37354410870476,52.029659271240234,52.39651967280148,52.59990768424883,54.6212333924093,1.0
53.457664699054035,51.70577621459961,51.434507607257714,52.19931617363712,52.4826355452829,1.0
71.22657440253327,71.67251586914062,71.92489532047006,71.60799519738133,69.265699142042,4.0
59.56739431694453,63.97751998901367,63.50526640287819,62.35006023627881,61.5168687122022,3.0
59.10165177819086,60.556819915771484,61.36362225086765,60.34069798160999,55.320259916897,1.0
54.21159114736352,56.2317008972168,56.27710353077107,55.573465191783804,56.9526727322545,2.0
54.07159671830331,52.50642776489258,53.902351590483775,53.49345869122656,58.4361135155939,2.0
72.48143382416065,74.24491882324219,75.04045565264433,73.92226943334906,67.6816680460101,4.0
50.54184472987545,51.10577392578125,49.36387211827779,50.3371635913115,48.9964759244787,0.0
51.21636579566424,49.62017822265625,50.028087262121964,50.288210426814146,60.4215690131755,2.0
73.73132889788704,74.11265563964844,74.6692288682591,74.17107113526485,86.0212928488746,4.0
74.47262017471407,73.17448425292969,72.51985225402385,73.38898556055587,74.6046941759575,4.0
59.57660975341155,56.751590728759766,56.45448349426252,57.59422799214462,57.7935389016036,2.0
55.49506197911398,54.837345123291016,54.81173954762119,55.04804888334206,53.8389525465008,1.0
58.00945486853369,58.12208938598633,59.47784406848794,58.53646277433598,60.5355379508614,3.0
69.9444998223592,70.0167236328125,71.36235106977024,70.44119150831398,70.4204508771378,4.0
53.18494384942272,54.35078811645508,54.96540951815693,54.16704716134492,54.6130013575606,1.0
52.48536203887037,54.928314208984375,55.019385541244986,54.14435392969991,53.0828729745024,1.0
50.01867201602769,51.15947723388672,51.08190294883766,50.75335073291737,39.9240122334842,0.0
49.97510923482647,50.41466522216797,49.33949927004181,49.909757909012086,44.8100178097957,0.0
54.952951080704004,55.757545471191406,54.77099135847655,55.16049597012398,52.3317752307591,1.0
52.321852397905815,54.79439926147461,52.74445674690625,53.28690280209556,48.6929652287028,0.0
55.600461458869916,54.610504150390625,54.142831563773925,54.78459905767816,67.9104474634717,4.0
54.08285747531365,55.14529800415039,55.66017032712077,54.962775268861606,53.6037851276093,1.0
51.16890845901805,52.06277847290039,52.70335294506707,51.978346625661835,53.6927128308814,1.0
59.218199674215015,56.28037643432617,55.68604290639455,57.06153967164524,62.0038098529731,3.0
48.12557548549921,52.83869934082031,51.523956766571416,50.82941053096365,43.6233628370471,0.0
53.00743050075241,52.950687408447266,53.89264046883382,53.283586126011166,47.9267668167975,0.0
68.41692562092972,67.04002380371094,68.25100619948087,67.90265187470719,69.6321357393896,4.0
70.51495291090117,71.2782211303711,69.35008867069071,70.38108757065432,71.1125297782012,4.0
58.11391434806623,60.117431640625,57.716842615394036,58.64939620136175,66.0744808486326,3.0
71.15439328136725,74.66206359863281,71.74614698158373,72.52086795386127,72.7217129260037,4.0
53.854654385838394,53.33043670654297,54.9771014663143,54.05406418623189,51.6865539414869,1.0
55.942247951588385,55.682003021240234,58.87900812539212,56.83441969940691,56.348829123434,2.0
53.78134212034492,52.807979583740234,52.25094521641232,52.946755640165826,57.2856888436682,2.0
69.48282810357081,71.09812927246094,71.14948544976559,70.57681427526578,63.8894745424726,3.0
58.203149343040664,56.04475402832031,55.649694521071446,56.63253263081081,50.7522511786401,1.0
75.45132082641302,73.22257232666016,72.63465192443748,73.76951502583688,74.8400154812666,4.0
51.021251957974215,52.936317443847656,53.84899546324218,52.60218828835468,55.3435277432057,1.0
60.549144453725795,57.9180793762207,57.009213488884946,58.492145772943815,57.8954695720539,2.0
55.210662878900365,56.30628204345703,56.9941826968069,56.17037587305477,60.3238017114207,2.0
66.33527622706687,64.48868560791016,65.02605770044283,65.28333984513995,65.3940705796437,3.0
58.19630023263229,55.683162689208984,55.35704823371181,56.41217038518437,58.811286323716,2.0
53.20031141558595,53.34886169433594,54.23976520891025,53.59631277294405,62.9262427064082,3.0
56.07557730906074,51.93634033203125,51.86370960688937,53.29187574932712,58.5334419715615,2.0
56.676817942060175,57.29985809326172,56.34688187935125,56.77451930489105,61.953908965884,3.0
58.70995407472852,57.193660736083984,57.63838629259509,57.84733370113586,48.920918940678,0.0
73.7248083740068,71.65058135986328,71.89763908279592,72.42434293888867,71.1351654861854,4.0
74.39087648335564,75.05889129638672,72.97944111532378,74.14306963168872,82.4564978732535,4.0
54.73463426847723,54.375492095947266,54.08198097374236,54.39736911272228,58.4195595593056,2.0
58.09057124258304,58.69422149658203,58.257380579822794,58.34739110632929,61.2678642053386,3.0
51.32539774223535,50.46476364135742,50.698740854111655,50.82963407923481,53.8712344982466,1.0
57.11135045112867,55.62306213378906,55.71341347484357,56.14927535325376,54.740548998432,1.0
69.43289423665655,65.92839813232422,66.84787407502837,67.40305548133638,62.9531786704992,3.0
68.16678386344694,67.01000213623047,67.4473117038347,67.5413659011707,66.9782366214049,3.0
68.15729190013506,72.24838256835938,70.36417646536046,70.25661697795164,64.8555414923603,3.0
44.51497134017048,48.66963577270508,49.860041364062276,47.681549492312605,45.6201806036806,0.0
55.48843817032664,55.221351623535156,53.97221864895594,54.894002814272575,56.7716954645279,2.0
67.38254359269489,67.10299682617188,67.55342559273323,67.34632200386666,73.6711883855926,4.0
67.26916576633748,67.25811004638672,67.64447366517308,67.3905831592991,85.2461136316076,4.0
60.20050343476073,62.03950881958008,60.84960201305285,61.02987142246456,63.8434411906818,3.0
70.85874419088779,70.0703353881836,69.42273889762772,70.11727282556637,67.1268623494266,3.0
54.71909216313253,55.61753463745117,56.42703541839177,55.58788740632516,49.3839464200352,0.0
57.00643035254532,51.87254333496094,56.216917865402856,55.0319638509697,50.3447680647183,1.0
67.4795996204842,68.43829345703125,69.79257773871271,68.57015693874271,65.6783848272387,3.0
50.13315912945012,50.38124084472656,49.947715172776874,50.15403838231785,51.3351980115786,1.0
66.25899148664907,66.21208190917969,66.55140345804651,66.34082561795843,65.8118993029204,3.0
70.24322053142315,69.85309600830078,69.5459558816778,69.88075747380059,71.9491181203109,4.0
54.75085383666348,51.40439987182617,51.50582132283397,52.55369167710787,53.4271440737541,1.0
51.33661839501503,51.9396858215332,52.19449247672135,51.82359889775653,46.4350677443875,0.0
48.00248673574931,50.61393737792969,50.10036823973101,49.572264117803336,42.4151976962466,0.0
70.85220538342325,69.7109375,70.06618016329557,70.20977434890628,75.3551915729165,4.0
54.67915518188261,58.0202522277832,58.66598631338838,57.12179790768474,66.3113427836898,3.0
59.31080155209769,58.42280960083008,58.499386171418486,58.744332441448755,59.8063252229025,2.0
52.341001176510815,52.86183166503906,52.76531092625494,52.6560479226016,43.0026701428017,0.0
53.25309860587316,51.89567565917969,52.37236367652638,52.507045980526414,56.9900715055565,2.0
59.22737802481431,59.08125686645508,59.628653612701854,59.31242950132374,52.3927261078022,1.0
72.39431698199223,71.73936462402344,72.78974774618307,72.30780978406625,58.88915440252128,2.0
68.93365143733473,67.55545806884766,66.79991649630175,67.76300866749472,70.333324237922,4.0
49.87699503726597,50.06291580200195,49.67703407320277,49.87231497082356,56.9912439147176,2.0
64.59532061733276,61.89128875732422,64.91420518369466,63.80027151945055,54.2851738493007,1.0
49.89586210121355,51.55126190185547,51.250475551257736,50.899199851442255,58.611399288491,2.0
70.4523521543387,70.98136901855469,69.51082855214668,70.31484990834669,64.2796207226104,3.0
44.912540484371476,47.18770980834961,46.717049683223394,46.27243332531483,42.0405499589849,0.0
68.52549520398873,69.70645904541016,68.56467504463133,68.93220976467673,78.1760711065113,4.0
67.36348278012309,69.65576934814453,71.0752814925386,69.36484454026873,68.1301397192137,4.0
70.32569924897821,71.31761169433594,71.04543515635855,70.8962486998909,75.1040280868424,4.0
74.48269806858326,73.07818603515625,70.7213571425035,72.76074708208101,73.9644522266404,4.0
72.6423605581407,70.02715301513672,69.38985198621992,70.68645518649912,63.5785642174232,3.0
56.97560797738452,55.05779266357422,55.29790718263432,55.77710260786436,55.0357770621181,1.0
69.04049578546636,72.07035064697266,70.41159934276477,70.50748192506792,68.5991721581109,4.0
55.45244184287876,55.388614654541016,56.68520842615392,55.8420883078579,58.3635909550835,2.0
72.3336758095532,72.70924377441406,73.369923072819,72.80428088559542,73.3188417845145,4.0
49.8332856976815,51.41871643066406,52.388307072310454,51.213436400218676,49.5795694028508,0.0
71.81827189839353,72.69725036621094,72.66139219041443,72.39230481833964,73.4621201201253,4.0
64.00170232700522,63.918006896972656,64.7972161751589,64.2389751330456,66.1273772800408,3.0
64.56651263355177,64.14176177978516,65.01353554600828,64.57393665311507,70.8647216407771,4.0
57.77876460317724,59.95205307006836,60.44394309996469,59.391586924403434,55.9585754810287,2.0
73.42943423020027,70.68636322021484,70.60735196263919,71.57438313768478,62.6203035114595,3.0
72.3190942041073,73.5441665649414,72.20871572796628,72.69065883233831,67.885956192187,4.0
52.509583561699884,53.29170227050781,53.5802008749012,53.12716223570297,42.8890024068789,0.0
54.38944257182898,54.87547302246094,55.113966798380694,54.79296079755687,48.1584820939804,0.0
50.96038874245958,54.1722412109375,53.8105258674059,52.98105194026766,41.0421425169765,0.0
52.3137818129207,50.98811721801758,51.45137082473995,51.58442328522608,45.373632446641,0.0
70.36694865658109,67.9586181640625,68.87703832954148,69.0675350500617,68.108664541112,4.0
50.26542449309773,50.740455627441406,51.50021799113235,50.83536603722383,46.103969340133,0.0
55.453782768088146,54.639827728271484,54.98317793072491,55.025596142361515,59.2938085494718,2.0
51.27980912886674,53.15073013305664,52.89580489739402,52.44211471977246,49.31152994417,0.0
71.83711217119424,73.97828674316406,73.88390837076697,73.23310242837509,68.3969741313585,4.0
53.55178932832359,55.52224349975586,54.262178160280314,54.44540366278659,60.5026857142123,3.0
58.16231259969914,56.143699645996094,58.7072415789491,57.671084608214784,53.7920958001107,1.0
47.93830330209302,48.8242073059082,47.86230496012197,48.20827185604107,43.2709237612461,0.0
68.44754058234496,69.84725189208984,69.36145436315759,69.21874894586414,62.4902883173702,3.0
52.09154155252093,49.38174057006836,50.23265276763891,50.568644963409405,45.9303947199844,0.0
48.77050295669401,49.991180419921875,50.15870047144293,49.64012794935294,50.3204771486806,1.0
52.99595647829542,55.44480514526367,55.48450020352947,54.64175394236286,59.9360299841018,2.0
56.49730522732689,57.76862716674805,57.887153439217144,57.38436194443069,59.9330512901591,2.0
67.40647710088766,66.58137512207031,68.74071246214393,67.5761882283673,63.6043471410811,3.0
51.11060675146686,50.45980453491211,51.12888134430343,50.89976421022747,50.0307203936512,1.0
66.93472267931803,70.01101684570312,68.93557918513505,68.62710623671873,68.3886036061045,4.0
71.04118241239348,71.09915924072266,68.9479586418077,70.36276676497461,64.9630117961279,3.0
54.02872927736657,54.0238037109375,54.52655086760312,54.193027951969064,54.3624105050444,1.0
49.41463838347163,53.02524185180664,53.0804579713938,51.84011273555736,42.770572409168,0.0
74.37781136651951,74.3823013305664,74.7458344454131,74.501982380833,76.9872658126537,4.0
55.91942075145965,54.69322204589844,54.881498891726416,55.1647138963615,62.3001204745723,3.0
54.728920781939884,55.49748229980469,56.94612065808855,55.72417457994437,50.0353600381769,1.0
57.59610163522548,59.00935745239258,60.49774329580256,59.03440079447355,61.7093304830623,3.0
63.03889093155752,62.991973876953125,63.628825759905425,63.21989685613869,61.2361339376643,3.0
54.12351618659604,52.53529357910156,54.15577414412421,53.604861303273935,45.6955868318199,0.0
51.843727517978174,52.501609802246094,52.73057056261855,52.3586359609476,58.7196139883055,2.0
55.39060289944616,55.35978698730469,55.16324502254833,55.30454496976639,61.3945191060987,3.0
55.66268269062468,57.167232513427734,56.91936424990941,56.58309315132061,58.6629192903373,2.0
55.801120027539014,56.89860916137695,57.049515250626385,56.58308147984744,52.8511027970974,1.0
68.22277899341961,68.45474243164062,67.92140371517701,68.19964171341242,64.2310667423503,3.0
58.04011766862627,57.18730926513672,57.851676582007975,57.69303450525698,56.1356280536533,2.0
71.01938037050027,75.62289428710938,73.30279386275586,73.31502284012184,80.0771019724761,4.0
56.613952534675505,55.27754211425781,55.6262968690492,55.83926383932751,57.0984597400043,2.0
52.82517684011911,55.84981155395508,54.19678213404649,54.29059017604022,48.9270314049638,0.0
55.39199838776733,53.76106643676758,52.656193991430335,53.93641960532175,51.9511940000031,1.0
60.977538367309485,61.71208572387695,60.62881541982623,61.106146503670885,55.5407916425882,2.0
55.66411396749422,55.131629943847656,55.181193239615986,55.32564571698595,65.6939836809015,3.0
60.53981856932296,57.03313446044922,57.28860678697964,58.28718660558393,61.6186728779953,3.0
54.04318564324542,58.45257568359375,57.39525002915624,56.63033711866513,53.5253963103237,1.0
49.62011692015878,50.657955169677734,51.43437833952515,50.57081680978723,51.241714737672,1.0
51.46240458656915,51.61577606201172,51.28900551248439,51.455728720355076,44.3630940349441,0.0
51.74229496617371,50.958621978759766,51.23878900759694,51.31323531751014,37.5774821421688,0.0
67.44247936879155,66.74457550048828,66.87462970753072,67.02056152560353,66.3812895927521,3.0
65.82477090297812,67.14822387695312,67.92043501048337,66.96447659680487,73.6645551951597,4.0
53.284823513588734,56.65980529785156,56.688583198417554,55.54440400328594,59.3448980606968,2.0
52.33782251866563,53.31911849975586,52.37871090033647,52.678550639585985,47.8221181870765,0.0
54.76857751259519,58.29884338378906,58.5099777233648,57.19246620658301,60.979434429965,3.0
51.02083810010901,51.967803955078125,52.13995481248869,51.70953228922528,58.5208175444452,2.0
52.775975010936804,53.1556396484375,52.81233894732817,52.914651202234154,50.0107431263155,1.0
70.20538510649271,68.4510498046875,68.85062957448699,69.1690214952224,67.1811504571833,4.0
48.911242265165754,49.43259811401367,50.613508871294,49.652449750157814,54.6779407468983,1.0
69.47753756379623,69.77037811279297,69.25779030832976,69.50190199497298,72.3020863461813,4.0
48.2850597165924,49.29603958129883,48.901873954914905,48.82765775093537,59.608331185473,2.0
65.27785407322577,66.34848022460938,66.28579835015633,65.97071088266381,60.9020479792427,3.0
68.81753372359272,63.8892936706543,65.30800994793849,66.0049457807285,63.5322579615352,3.0
54.47670771881495,53.493614196777344,53.42458215702168,53.798301357538,53.1659945065981,1.0
59.93083626281232,60.23109817504883,58.91405082769822,59.691995088519796,52.0543899005932,1.0
55.159982596727254,54.314247131347656,51.96488805913606,53.813039262403656,50.0248880085524,1.0
54.74495847398461,54.81720733642578,54.54232041685319,54.70149540908786,43.1160480780675,0.0
65.24647370538872,65.48609161376953,64.526175799793,65.08624703965042,58.6493115467202,2.0
52.586389032052615,54.1607551574707,54.25181293442767,53.666319041316996,53.0828729745024,1.0
58.19630023263229,55.683162689208984,55.35704823371181,56.41217038518437,58.811286323716,2.0
53.06773007305226,54.568599700927734,54.572786918645825,54.06970556420861,49.2297183695352,0.0
62.575770347882326,64.02952575683594,62.49911551625975,63.034803873659335,74.1978046280409,4.0
60.65007871463966,58.725738525390625,58.807322515862666,59.39437991863099,59.1540119991835,2.0
55.68997776398801,51.831275939941406,54.222485280545,53.91457966149147,62.4178906180068,3.0
70.02109331853143,70.27294921875,70.99734669127325,70.43046307618489,70.4143564838505,4.0
51.64205274698472,53.89063262939453,53.59534746978225,53.04267761538716,53.1959574266267,1.0
71.25156742777105,71.3589859008789,70.06431359920059,70.8916223092835,85.1898365504944,4.0
55.58755171759868,55.318031311035156,54.698706068020876,55.2014296988849,60.5759327408935,3.0
70.57301453001915,71.47467803955078,70.43558023527845,70.82775760161611,69.812082285229,4.0
77.16940571267361,74.0524673461914,72.73045095782979,74.6507746722316,80.5088814456508,4.0
54.58788338338664,53.07542419433594,53.692701911641954,53.785336496454846,58.0330270228004,2.0
68.5779361916211,67.86271667480469,68.71227259255424,68.38430848632669,75.7187129160664,4.0
51.04192030286881,50.73737716674805,51.100069271524205,50.95978891371369,37.5599949621162,0.0
60.99980255760926,60.48817443847656,58.563450856424964,60.017142617503595,61.9664906175052,3.0
55.44922412791164,54.969085693359375,55.128144560740516,55.182151460670504,56.8190744766256,2.0
53.18603387860038,53.123252868652344,53.27910581146862,53.19613085290711,46.382847240077,0.0
54.37318361358832,55.555824279785156,56.286660400518976,55.405222764630814,56.1315017068884,2.0
53.554744956982745,51.89808654785156,51.86650807330513,52.439779859379804,54.3221702254669,1.0
49.10691298147063,49.45015335083008,49.6732660412181,49.41011079117294,41.5800486892685,0.0
53.71602563138563,52.73045349121094,50.63477777831143,52.36041896696933,50.9003524202718,1.0
54.20693077878018,55.20162582397461,54.36208393910349,54.59021351395276,61.5731537570727,3.0
55.388440766410504,55.815914154052734,55.15211491120413,55.45215661055579,54.2811581158882,1.0
52.576824078751365,52.25849533081055,52.89274299427181,52.57602080127791,46.0140129222713,0.0
74.10330542761416,75.56062316894531,73.87741463879134,74.51378107845026,74.9750125054225,4.0
58.48089610490805,57.05138397216797,56.40568618297267,57.31265542001622,59.5172957289784,2.0
48.348081158420506,50.28972625732422,49.76589398962761,49.46790046845745,40.500159841296,0.0
72.68237702484156,71.89713287353516,71.37117943910836,71.98356311249502,65.3279216771597,3.0
70.4666246111166,69.34418487548828,68.63401177897566,69.48160708852686,81.5863875962794,4.0
60.507678280570325,57.08222198486328,55.39742946127328,57.66244324223562,66.1343844597037,3.0
55.52158357140531,54.797630310058594,56.37145725867529,55.563557046713065,56.4183119129132,2.0
54.351133229880155,53.91793441772461,54.37319886644298,54.21408883801592,46.1164522601625,0.0
71.05448824967416,69.06571197509766,71.4257820734971,70.5153274327563,65.0019155476742,3.0
66.6233133371276,67.00531768798828,66.45803834520332,66.69555645677308,64.7396409117273,3.0
68.96800922961285,68.79379272460938,68.28894841944312,68.68358345788845,75.3107733455708,4.0
54.043917446271145,54.93510055541992,55.90674636666967,54.96192145612025,55.3436838330782,1.0
70.74759352878677,73.77628326416016,72.14720832004566,72.22369503766419,74.9461366047502,4.0
52.1384986773515,52.174339294433594,52.55712655965185,52.28998817714565,51.3160264170326,1.0
55.31119691705205,54.12858963012695,54.28273346604373,54.57417333774091,48.6622398581401,0.0
71.59774258693527,71.11202239990234,70.68034846161183,71.13003781614982,70.5134106325055,4.0
56.85850734457963,59.1465950012207,57.61713475436913,57.87407903338982,60.3310983640513,2.0
68.88717576691549,66.29898834228516,66.37622061993142,67.18746157637736,65.5273054132511,3.0
55.06532703946598,52.17896270751953,52.28665758127419,53.176982442753236,64.1919071476377,3.0
49.621022751294085,50.69331359863281,50.31470565044139,50.20968066678943,49.3572623161702,0.0
68.28237129921342,72.59479522705078,71.89355499763305,70.92357384129907,78.528458538185,4.0
56.50523569275754,55.54951477050781,56.29778492458506,56.11751179595014,60.2841216995379,2.0
51.78030429455291,52.20573425292969,52.81534271749345,52.267127088325346,45.8731038979248,0.0
55.097973327940856,56.53799819946289,55.177076758297076,55.604349428566934,67.066498113539,3.0
57.921636779290544,55.348426818847656,55.19745137266854,56.15583832360225,63.9101266808136,3.0
57.46703979698337,56.56515121459961,55.09226457693589,56.374818529506285,58.2386885622571,2.0
46.69635948125208,49.45896911621094,49.51282145197367,48.5560500164789,46.8879869615892,0.0
57.54443229992487,57.712806701660156,58.28627852663217,57.8478391760724,57.7542796428505,2.0
70.78754291694248,69.31087493896484,69.06319639830133,69.72053808473622,69.338358646753,4.0
54.91029579715358,54.34574890136719,55.17452238270691,54.81018902707589,48.9679095988001,0.0
55.02194648894148,56.872745513916016,55.27023046983815,55.72164082423188,59.4768538666207,2.0
73.97764470572305,73.16319274902344,72.23552948162416,73.12545564545688,86.1258207319059,4.0
49.74959830201218,47.722862243652344,48.008459798802555,48.49364011482236,56.8784585441087,2.0
68.18861764100957,69.3333740234375,69.16242649568248,68.89480605337651,59.7277089141176,2.0
57.53396921593651,56.118797302246094,57.20689639686903,56.95322097168388,48.5355356678644,0.0
53.96410812764382,54.01031494140625,54.2101714895447,54.06153151953159,51.5013321229765,1.0
55.98380728987941,56.79843521118164,55.36648892436026,56.049577141807106,61.0059192051227,3.0
66.84086403750317,63.24822235107422,65.02689416659784,65.0386601850584,73.8949471875703,4.0
69.40998252165153,68.69573211669922,67.87061883404624,68.65877782413232,74.4561086869842,4.0
68.78239603244324,68.06990814208984,67.83267739399878,68.22832718951064,81.5419488772287,4.0
61.76724638885621,62.066558837890625,59.92244792734927,61.2520843846987,69.2378729105188,4.0
49.246536041160795,50.18736267089844,50.230858228328174,49.888252313462466,60.7711858130919,3.0
51.50462835623125,51.35317611694336,50.79656822038876,51.218124231187794,47.15067972261,0.0
55.59471613343035,54.318199157714844,53.72939185696508,54.54743571603675,55.6800993707721,2.0
53.73977087883909,53.78372573852539,53.8541169964435,53.79253787126933,45.5511353290835,0.0
53.84707997643754,52.57929992675781,53.131722848574476,53.186034250589934,64.8678242423475,3.0
46.46929354122143,49.88168716430664,49.94459879235756,48.765193165961875,40.9113306434507,0.0
68.16495442764261,70.68875122070312,71.53125634121332,70.12832066318636,58.88915440252128,2.0
52.16610978095007,54.35483932495117,54.41745964847915,53.64613625146014,56.7310736731865,2.0
75.23476689355263,74.08418273925781,74.86774898878183,74.72889954053075,74.9153659566887,4.0
45.85054073003496,49.1411247253418,49.365608532521215,48.11909132929932,56.5747475608644,2.0
71.50548591664881,71.38372802734375,70.84696542247315,71.24539312215524,76.7044056297862,4.0
45.609309771433715,47.063297271728516,47.184721093796824,46.619109378986344,46.5358679450827,0.0
54.04416311484,52.49116516113281,53.26139867893968,53.265575651637505,48.9584173841189,0.0
53.06983659497341,50.986419677734375,51.39936730082083,51.8185411911762,49.947644848497,0.0
66.363698136598,60.74913787841797,62.57327633799487,63.22870411767028,71.521340513785,4.0
49.251770336653536,50.38124084472656,49.947715172776874,49.86024211805233,54.183741431699,1.0
71.08955218081474,72.9583740234375,71.9786493180219,72.0088585074247,72.3868136757894,4.0
69.51072611643514,69.82921600341797,69.54750892330762,69.62915034772024,77.4204094890146,4.0
52.73511787789376,53.07021713256836,51.85244534598548,52.5525934521492,56.0733997295155,2.0
51.779631553933115,54.760047912597656,53.82863787673189,53.45610578108756,48.6916068243205,0.0
60.464392236306615,59.31484603881836,59.87122752864686,59.88348860125728,57.9286048246935,2.0
68.46549908570871,70.0420150756836,69.429637426483,69.3123838626251,73.0578778166626,4.0
66.66483959188399,66.09716033935547,67.18619746702248,66.64939913275398,61.1986090866857,3.0
54.66092159262297,52.30599594116211,52.52407247223657,53.163663335340544,62.9004890008243,3.0
58.4123448481958,57.65909194946289,56.46440316057294,57.51194665274388,63.3695581002529,3.0
50.317317023121944,50.15524673461914,51.293248066573256,50.588603941438116,46.3398978589365,0.0
54.349149994300554,54.629859924316406,55.43923019753217,54.806080038716374,53.9274634750657,1.0
52.85441260947237,53.35947799682617,54.8082246158214,53.674038407373324,48.7112186292514,0.0
46.505692578700916,49.35911560058594,49.577453975099395,48.48075405146208,43.7004386380776,0.0
45.842127938530325,48.628173828125,48.477114059123046,47.649138608592786,61.1974297283351,3.0
56.45955091435208,53.953433990478516,55.78912821317241,55.40070437266767,49.5753970091373,0.0
55.67403853496946,54.539215087890625,55.19390410726042,55.1357192433735,56.0385652722961,2.0
71.90224132645632,72.1447982788086,71.64089764815132,71.89597908447207,73.8729090599557,4.0
71.37818672470854,71.79110717773438,71.68761944688015,71.61897111644102,70.2683203472005,4.0
58.1536933123388,56.5068359375,56.23829922098864,56.96627615694248,58.9084453078532,2.0
52.395598953063356,54.18864822387695,52.26834205288557,52.95086307660862,65.7360537465936,3.0
52.12478106759004,52.87907791137695,53.5902804711672,52.864713150044736,54.9277239607506,1.0
60.242203552077214,61.3837890625,61.24694423889373,60.95764561782365,59.7800514552252,2.0
68.41710015302874,67.4100112915039,68.82654600992937,68.217885818154,67.9787259195623,4.0
74.15649286034423,75.27800750732422,75.97819515368617,75.13756517378488,74.6533304444499,4.0
57.99444991783854,56.4396858215332,56.55384489478425,56.99599354471866,59.8538966985755,2.0
58.36814126353101,59.3570442199707,58.824630621743765,58.8499387017485,57.1098766339585,2.0
60.88997887692633,55.04159927368164,55.45892142478901,57.130166525132324,56.7910100108119,2.0
53.9735592303187,55.01194763183594,55.277310530441895,54.75427246419884,53.5482599228298,1.0
74.88670220775397,73.17697143554688,72.18086840834891,73.41484735054992,70.0352619767824,4.0
70.66694452539443,71.38511657714844,71.2542460387844,71.10210238044242,73.322743206553,4.0
70.5890217911355,74.13368225097656,74.49313618122669,73.07194674111292,73.793119382584,4.0
53.48775826960245,54.07867431640625,53.23568685044397,53.60070647881756,42.6141178949669,0.0
48.33322106125952,48.85275650024414,49.40801733336683,48.86466496495683,48.8452347496678,0.0
53.86008447101215,54.264244079589844,54.8511270816256,54.325151877409205,54.4066975224132,1.0
67.49774513294088,69.45651245117188,68.92699151008564,68.62708303139947,68.2300106748697,4.0
46.95053810826898,47.06010437011719,46.949980537012934,46.98687433846637,40.0911016528866,0.0
54.88485714148307,52.96478271484375,53.53115605736302,53.793598637896615,57.2827134227981,2.0
69.8517714517763,69.53924560546875,69.3407219371307,69.57724633145858,82.4203263730377,4.0
49.61169386323693,48.15594482421875,49.21056661756583,48.99273510167384,46.5197933555207,0.0
58.1787853691109,55.82247543334961,56.20920082044635,56.73682054096896,57.8928221466695,2.0
60.02620615821732,60.28147888183594,57.8840754156572,59.397253485236824,44.831160226932,0.0
53.55715673966104,54.08717346191406,53.762466362306654,53.80226552129392,54.388080456827,1.0
58.13967377541578,59.09517288208008,59.68249706037826,58.972447905958035,57.7781555402075,2.0
56.14952116068721,55.624359130859375,55.52125209879149,55.7650441301127,40.6989432917135,0.0
58.532124004414605,55.291873931884766,55.59663732264323,56.473545086314196,61.4486405173485,3.0
59.595208071521135,60.65789031982422,59.357089342145215,59.8700625778302,59.3390053018054,2.0
53.67980784079892,49.82267379760742,53.92578976753665,52.47609046864767,44.3068729425943,0.0
50.88061562901082,50.25877380371094,51.01494178967827,50.718110407466675,46.1285464532805,0.0
56.77430675073279,58.44868850708008,57.95690694774608,57.72663406851965,55.881031148188,2.0
51.32972826058753,54.418975830078125,54.32071738658343,53.3564738257497,50.2632824625883,1.0
53.897573746941774,51.354942321777344,50.937368873460485,52.06329498072653,57.4479509403935,2.0
57.81845000922311,56.48164367675781,56.47950038716711,56.926531357716016,55.3063790609458,1.0
50.989872533840824,54.37977600097656,53.88074605785194,53.083464864223096,51.3011916007116,1.0
60.306266845361606,60.475006103515625,61.34646813756418,60.7092470288138,62.6177249898254,3.0
54.754592760283664,53.98299789428711,53.80932354949654,54.182304734689104,60.0232470882568,2.0
72.36098167781022,71.93211364746094,72.50890515127615,72.26733349218244,72.8314254434773,4.0
52.20996850267433,51.534549713134766,51.56268107186117,51.769066429223415,45.1853243138204,0.0
52.64882379257731,54.35591125488281,53.96698201686221,53.65723902144077,65.6102745256364,3.0
58.28061578494323,59.487361907958984,59.06286085259512,58.94361284849911,60.7913071794213,3.0
61.49389131873206,66.50209045410156,63.17146013815912,63.72248063699758,54.4276211147163,1.0
50.90042100657975,50.23365783691406,51.08974282604582,50.741273889846546,47.8546503135721,0.0
70.67520054758275,70.47254180908203,70.38238370170548,70.51004201945675,60.3723090164691,2.0
70.30866549702361,70.05731201171875,69.72288405505302,70.02962052126513,68.8224250169641,4.0
52.761698218323026,54.411956787109375,54.45413131036429,53.87592877193223,52.9238695503026,1.0
55.87661258951937,53.291751861572266,53.612742882773404,54.26036911128835,65.3513115556585,3.0
53.55537853251854,54.64341354370117,54.13276628288973,54.11051945303649,45.9909388173388,0.0
55.22168691486275,57.4532585144043,56.990470276025185,56.55513856843074,54.8773068128859,1.0
47.93862341121856,48.31858444213867,49.07767758542985,48.44496181292902,49.5967642542946,0.0
60.009659083536,60.485477447509766,60.35263226296522,60.28258959800365,59.6735077007701,2.0
69.9919306955375,69.6204833984375,69.25406221308484,69.62215876901995,58.8538657745945,2.0
74.33927022455345,75.26185607910156,73.75074796650229,74.4506247567191,64.6604249015731,3.0
54.40214830552124,55.724815368652344,55.51862631548772,55.21519666322044,50.181199278298,1.0
53.16666809541973,52.662864685058594,53.54601545715133,53.12518274587655,56.2977784612433,2.0
70.31472477865087,70.36643981933594,69.2306979804751,69.97062085948731,75.7187129160664,4.0
51.24983981669888,51.85746383666992,52.60247034051839,51.90325799796239,46.3876014242333,0.0
59.67364890430216,61.61052703857422,60.46379118247336,60.58265570844992,63.4586500753049,3.0
50.470701892803255,50.918033599853516,50.621541525177726,50.67009233927816,46.2754061520394,0.0
52.5245122040349,54.97986602783203,54.86281643933005,54.12239822373232,53.6351061131482,1.0
69.80326349794399,69.09651184082031,69.05156122288741,69.31711218721723,71.5125282605411,4.0
56.839851077240105,53.322479248046875,52.604875723983895,54.255735349756954,56.4754012225017,2.0
49.06622296287616,49.69449996948242,49.17249014399067,49.311071025449756,46.3047273930331,0.0
52.20491458368315,51.51255416870117,52.652282091355715,52.12325028124667,64.0665866591722,3.0
56.50697639745704,56.78672790527344,57.969008006402476,57.087570769710986,58.2910416339842,2.0
49.85826182866216,51.87451171875,51.289098787502745,51.00729077830497,59.1011072357861,2.0
58.25129100337257,55.66475296020508,55.27693004417242,56.39765800258335,57.401678719501,2.0
67.85913138232564,70.06636047363281,70.93062805236106,69.6187066361065,65.5942066875455,3.0
68.78742776653488,69.91824340820312,69.68937034284602,69.46501383919468,63.5763521726019,3.0
52.695788320322144,51.8784294128418,51.97238993896933,52.182202557377764,59.0923164595637,2.0
48.67072257782165,45.85115051269531,45.99120568350657,46.83769292467451,44.1930990579228,0.0
53.783508568669504,56.47632598876953,57.22215463435244,55.827329730597164,51.5474129999406,1.0
43.63237343804055,49.49192810058594,48.42114539721049,47.18181564527899,48.9850001595044,0.0
53.32255143676686,52.16056442260742,51.70416151069524,52.395759123356505,52.6474631948342,1.0
61.00640909834212,60.089603424072266,59.59185124621921,60.22928792287786,54.4457347374206,1.0
56.22435881638834,54.73994064331055,54.54981443038515,55.17137129669467,54.9339196835939,1.0
52.90294941581613,50.54020690917969,50.528260989805446,51.323805771600426,52.999609150496,1.0
69.22458011294401,69.8792495727539,70.58125625926534,69.89502864832109,69.4939316698045,4.0
51.35116186265964,50.380210876464844,50.298749663986804,50.67670746770376,56.2683938786417,2.0
69.99300891768272,69.86327362060547,68.87661205400465,69.57763153076428,79.727715789385,4.0
57.21210719835086,54.504234313964844,54.49197162907043,55.40277104712872,64.337783418843,3.0
53.641933895826746,53.11288070678711,52.97461076299821,53.24314178853734,50.2574082989965,1.0
57.48188131929596,55.97329330444336,56.53452195591979,56.6632321932197,56.3314470021553,2.0
55.3897530188561,55.75653076171875,54.684134852173976,55.27680621091628,70.0387027336432,4.0
52.26303990698401,53.439823150634766,52.686297133394504,52.79638673033776,46.0831883264258,0.0
65.86501754542715,65.94157409667969,67.72504038924036,66.51054401044907,65.6645015310694,3.0
53.37444446943962,52.89763259887695,53.87753607169625,53.38320438000428,58.0204616335845,2.0
69.19833956210255,70.74622344970703,70.48953175056197,70.14469825412385,71.0356875181525,4.0
49.04178750790973,50.77745819091797,52.10078846901363,50.64001138928044,50.2878705498139,1.0
50.9695753534606,49.168766021728516,50.39714483353713,50.178495402908744,55.8203540818875,2.0
55.53830759707681,54.82803726196289,54.56911959665268,54.978488151897466,54.0687669906019,1.0
57.23755653325501,55.260643005371094,54.99829322821505,55.83216425561371,59.2676788448365,2.0
59.58748175517913,56.50802230834961,56.12957610084556,57.40836005479144,59.1622723655962,2.0
50.630757349757495,52.857234954833984,53.373201069985306,52.28706445819227,49.8722479942824,0.0
72.69734724288264,71.37688446044922,71.21203540753245,71.76208903695479,74.9072102456654,4.0
71.25910279934038,70.60327911376953,69.777905546672,70.54676248659398,81.2714690902453,4.0
74.41116736651642,74.95957946777344,75.18909322528128,74.85328001985705,71.7145638683332,4.0
70.49714073555444,68.03943634033203,68.5892005214142,69.0419258657669,66.0740423673651,3.0
55.34118278852413,56.125797271728516,55.86474249384018,55.777240851364276,66.0892853672183,3.0
52.782603998954386,52.42613220214844,53.62004031276856,52.942925504623794,50.3125319318217,1.0
52.48311135568667,51.7714958190918,51.11981589418191,51.79147435632012,52.5172584321193,1.0
48.87261647269309,48.60706329345703,49.714865307093284,49.0648483577478,43.3212822646294,0.0
51.50316708615481,49.03159713745117,50.41734821842199,50.317370814009315,43.9688821613539,0.0
71.4567191950307,71.37220764160156,69.64220936527053,70.82371206730093,74.9805599345669,4.0
50.154928600049494,51.8448600769043,52.23090070057636,51.41022979251005,49.6292378937012,0.0
52.46095674482649,51.98993682861328,52.36176189109019,52.27088515484332,59.6005876429757,2.0
48.967391244353436,48.67240905761719,46.91297890621664,48.184259736062415,48.9946553937538,0.0
51.762840934209656,55.307456970214844,54.77825043742514,53.94951611394989,62.8706226710387,3.0
52.15301886684151,54.2652587890625,55.05647124084133,53.824916298915106,58.772960276493,2.0
51.94914446876704,53.694278717041016,53.380417663191935,53.00794694966666,61.5178808375818,3.0
51.80044372613717,55.274173736572266,54.87115235618114,53.98192327296352,65.0492911286572,3.0
72.59290408483744,70.36166381835938,70.92330004157341,71.29262264825674,58.8278100859653,2.0
72.70497447387037,71.86165618896484,73.39645926524787,72.65436330936103,82.4437255518056,4.0
43.40193530654061,48.117977142333984,48.88819742374624,46.80270329087361,40.0381172688126,0.0
58.40485128887369,57.073692321777344,56.38181084143932,57.28678481736345,59.9408507637522,2.0
52.75039844851658,53.101497650146484,51.99064596772679,52.614180688796615,42.0175575142883,0.0
57.60445681383016,54.32386016845703,54.04973686697297,55.326017949753385,64.042631819419,3.0
74.57055881263044,71.34977722167969,71.73593426978857,72.55209010136623,81.2734298487628,4.0
74.78807381187143,75.5639419555664,73.57950963257171,74.64384180000319,82.0621435689171,4.0
52.28594958367019,53.18341064453125,52.892450301501746,52.78727017656772,50.1968792863448,1.0
51.8578381175827,53.31715393066406,53.399225116335145,52.85807238819397,52.8846190887736,1.0
70.04855052727943,72.68130493164062,70.68107187474503,71.13697577788837,75.3764755885133,4.0
52.46300076547101,52.47809600830078,54.147116543975415,53.02940443924907,67.4288630589557,4.0
53.0860794677753,51.80832290649414,51.413708160991796,52.10270351175375,51.3413681284309,1.0
59.159752820778884,56.85882568359375,56.30546970828834,57.441349404220325,55.5502517235443,2.0
58.279340947188736,57.45699691772461,57.67137839330625,57.802572086073205,62.6505401745685,3.0
57.434371706318124,56.5051383972168,57.31965004029045,57.08638671460846,56.2242979249724,2.0
63.4636820784175,59.62665557861328,58.40977619223662,60.50003794975581,60.7046778812822,3.0
50.57585083035491,52.249637603759766,54.09391362620237,52.30646735343902,52.7727029900313,1.0
58.13579367232055,60.745147705078125,57.67648828731087,58.85247655490318,61.6572233349428,3.0
56.647674209365505,55.82400131225586,55.366838471784106,55.94617133113516,52.8904205911247,1.0
67.51252706182125,67.63442993164062,68.42189175439373,67.85628291595187,68.190626880141,4.0
54.89044646327795,56.03733444213867,56.107131017704255,55.67830397437363,60.0298698514506,2.0
50.744146255534915,50.128929138183594,49.76162346319922,50.21156628563924,52.8146305611288,1.0
49.152189164280024,49.802772521972656,49.47920492907847,49.47805553844372,67.4941140682625,4.0
58.010245542761595,56.17182922363281,57.800505834769574,57.327526867054665,59.4477971707189,2.0
57.277975280339525,54.54439163208008,54.51165182414045,55.44467291218668,62.7435759243932,3.0
55.91078030458626,55.23066711425781,53.92647949077096,55.02264230320501,45.2319617731499,0.0
61.70429666739822,61.78669357299805,58.171707931152916,60.554232723849736,53.392897153908,1.0
71.42846384013917,72.5926513671875,71.64775882364417,71.88962467699027,72.1927798222117,4.0
50.16442943462758,51.57820510864258,51.78179733227887,51.17481062518301,46.0718322464225,0.0
59.976911034517364,56.54152297973633,56.30108949013883,57.6065078347975,69.2956388333109,4.0
53.54976813535611,53.11288070678711,52.90308477169205,53.188577871278426,46.4092377672915,0.0
50.16884173509991,51.87190246582031,51.39476117500939,51.145168458643205,46.4263013800589,0.0
61.71483302818352,59.28021240234375,59.64985464849647,60.21496669300791,59.7435666979901,2.0
61.92071817659526,61.54432678222656,61.12167445084018,61.52890646988734,58.6056451297081,2.0
56.52808494766111,57.44635772705078,56.13139256166684,56.7019450787929,66.7513762072,3.0
67.57450138337909,69.34521484375,69.5385054965145,68.81940724121453,60.435791668354,2.0
56.63361982382548,57.50131607055664,57.91456080974725,57.34983223470979,57.6553964741614,2.0
70.40658627271301,73.63377380371094,72.2403460954725,72.09356872396548,84.0920157611687,4.0
54.230851994754495,56.801780700683594,56.70099335909456,55.91120868484421,50.3899066155231,1.0
58.9231107266863,56.599388122558594,56.23918712261577,57.253895323953564,46.263538831914,0.0
50.11078602474997,50.862754821777344,51.44703895494452,50.806859933823944,48.6394712303527,0.0
60.703366593816355,58.75571823120117,57.71883983705751,59.05930822069167,55.9846484695531,2.0
57.81761967765115,63.24835968017578,62.6765289507503,61.247502769525745,71.3030649850245,4.0
55.266785206290464,53.9527587890625,54.43591555244507,54.551819849266,60.1224500214505,2.0
49.531758519536766,54.37814712524414,53.607432595307884,52.50577941336294,55.6578108048643,2.0
56.94571136957031,57.36781311035156,56.41392478677989,56.90914975556725,52.8116769397637,1.0
53.97398697171835,54.653316497802734,54.306737183264595,54.311346884261894,53.0428833571873,1.0
52.62285507116373,52.25128936767578,52.41987036397879,52.431338267606094,48.5166165471823,0.0
53.488521942071216,54.55215835571289,53.8914263087847,53.97736886885627,44.5468357655035,0.0
67.91038436681951,68.21343231201172,68.40514074208836,68.17631914030653,80.0451444535677,4.0
55.61540399024346,59.51988983154297,59.040112318952225,58.05846871357955,61.9004251951921,3.0
52.91185360930953,52.73824691772461,53.41943313307886,53.02317788670433,59.3817159565168,2.0
58.526529593361325,58.19175720214844,58.03237431973895,58.25022037174957,56.9185418360662,2.0
71.57373376344306,72.16140747070312,71.99688410831216,71.91067511415277,66.1849350977085,3.0
70.2982237137372,70.9180908203125,71.68012822200805,70.96548091868591,70.4869154417237,4.0
70.42152578985464,68.14566802978516,69.50370176534585,69.35696519499521,79.2474613730982,4.0
73.45701293654314,73.4688491821289,74.07191015590121,73.66592409152442,74.2994986047299,4.0
56.02036224312976,57.035552978515625,58.03327798297157,57.029731068205656,51.0052835964694,1.0
54.69659814454718,55.2496223449707,55.75368325496922,55.23330124816237,48.2982727696921,0.0
72.14418091704651,71.01964569091797,70.69859528086891,71.28747396294447,73.3672676143316,4.0
51.485948715412896,49.73768997192383,49.9081452464401,50.37726131125894,62.4861005058934,3.0
68.15554592050847,67.91072082519531,66.17820556161537,67.41482410243971,71.9880501492358,4.0
55.151872393196875,53.65489959716797,53.14272000158942,53.98316399731809,52.5136862740901,1.0
71.94755799384657,72.35096740722656,72.88842725161697,72.39565088423004,65.1650925514068,3.0
56.244220407765155,55.347984313964844,55.43804234980049,55.67674902384349,47.9244237728964,0.0
57.09052663738503,52.749717712402344,54.22833122504629,54.68952519161122,53.3673298185299,1.0
74.02391876216261,74.0069808959961,74.46136948829594,74.16408971548488,79.5775110084143,4.0
58.90057625966565,58.41917419433594,58.765856081798326,58.69520217859997,61.5805661445188,3.0
55.94155456681568,55.16183090209961,54.87968548011308,55.327690316342796,56.3994010220085,2.0
52.281140957624835,52.84162521362305,51.38982122004747,52.17086246376511,51.3694363236845,1.0
51.73618565184572,54.418975830078125,54.32071738658343,53.491959622835765,47.4195488105426,0.0
55.9408347825402,56.05377197265625,56.14989107633217,56.04816594384287,51.1759987048147,1.0
52.02080878397475,52.88064956665039,53.59925369433907,52.83357068165474,43.401187057172,0.0
53.79948476840071,55.24569320678711,55.44443607954743,54.82987135157841,57.2277956143984,2.0
53.62081456433251,53.480003356933594,54.23976520891025,53.780194376725454,48.131600818811,0.0
52.37992908619052,50.88725280761719,50.574796201043064,51.28065936495026,50.867784636032,1.0
56.73824727926075,54.703067779541016,54.86892415592706,55.436746404909606,58.7357796001766,2.0
55.14746905390413,56.02444839477539,55.71156598208575,55.62782781025509,60.5162551536042,3.0
71.86293976940986,72.1978530883789,72.17646829600757,72.07908705126545,70.2855343433904,4.0
55.33530328897879,56.277320861816406,54.66628965102043,55.426304600605214,56.930047406214,2.0
52.94628248493732,51.7484130859375,51.478216145321184,52.05763723873199,53.5213247997656,1.0
57.13729022862363,56.11372375488281,55.72307120335279,56.3246950622864,65.6120862912988,3.0
55.76581456087142,53.82346725463867,53.91186539397043,54.50038240316017,55.2390843186962,1.0
64.39162768510765,66.01083374023438,65.99055059419833,65.4643373398468,63.9622987827496,3.0
55.681150614214616,57.281402587890625,56.22368299609181,56.39541206606569,59.2007567109272,2.0
72.31018523265469,72.98710632324219,72.09202247997516,72.46310467862402,73.2894607533916,4.0
55.76124486309043,56.09703826904297,55.86568279779481,55.90798864330941,64.093220060682,3.0
52.031242420203846,51.99082565307617,51.332592335306835,51.78488680286228,44.8236203642876,0.0
69.35092139912835,68.8716812133789,69.67565922104554,69.29942061118426,64.2580665206171,3.0
48.22149342816595,47.148258209228516,46.25105097293581,47.20693420344342,45.6792457816025,0.0
52.25907674814386,53.83209991455078,54.76586251733163,53.61901306000876,68.5360872697168,4.0
50.919605298599365,52.253448486328125,52.50702915244177,51.89336097912309,49.2351702864751,0.0
51.80047710166995,50.511287689208984,49.94397079273528,50.75191186120474,57.7574872521105,2.0
66.63074833982984,67.07915496826172,66.84620991852887,66.8520377422068,62.5855862827179,3.0
50.557579829135996,51.96942901611328,51.860722155839646,51.46257700036298,50.8246625788592,1.0
49.82811830640912,51.21031951904297,51.15861417926776,50.73235066823995,44.5680849073291,0.0
74.38548456724976,73.76898193359375,73.46020300951726,73.87155650345359,58.88915440252128,2.0
49.4174443243357,50.612098693847656,51.027471390923594,50.352338136368985,48.8264585269154,0.0
52.86248775529358,53.96110153198242,54.29012425844612,53.704571181907376,47.0258704952926,0.0
72.29945140354297,71.41814422607422,72.00235527978731,71.90665030313484,65.8020586544238,3.0
53.49279430905717,55.13221740722656,54.89663587693352,54.507215864405744,55.6299457695418,2.0
58.15347785526415,56.61678695678711,55.97569153639507,56.91531878281544,59.1245859878769,2.0
49.330539762939,50.10316848754883,49.808612074344175,49.74744010827734,57.7822555630711,2.0
50.53722617384405,50.09197235107422,50.168782105818444,50.2659935435789,42.6024904785214,0.0
67.9877613968367,66.56725311279297,65.8032979615577,66.78610415706244,72.1126988264681,4.0
52.04447207089402,49.54042434692383,51.23779326451689,50.94089656077824,60.2553183623379,2.0
71.13159255685386,73.92178344726562,73.96667211553371,73.00668270655108,76.3425815856912,4.0
52.277035317801385,49.52809143066406,52.60284007103185,51.469322273165766,48.8772226282545,0.0
54.73890212601032,55.79507827758789,54.93786675382489,55.1572823858077,40.7177173724614,0.0
53.85253067800461,57.120513916015625,56.61932769825321,55.86412409742448,63.8820600962632,3.0
58.891916749793076,57.601112365722656,58.004979558649076,58.16600289138827,54.7132945507419,1.0
51.475422766698166,50.06513595581055,49.52567596264099,50.35541156171657,60.4215690131755,2.0
58.66814426872605,57.109214782714844,56.63211071795111,57.469823256464004,69.9013417023748,4.0
69.57599864498326,67.71038055419922,68.14372893415393,68.47670271111214,59.1187162396117,2.0
57.32526618285329,56.3663444519043,55.536628409093645,56.40941301461708,68.6196383997155,4.0
51.0368682104065,54.6253662109375,54.15555039466817,53.27259493867073,58.7815495597236,2.0
54.082998746538884,54.166744232177734,55.809759968892344,54.68650098253632,59.7657064898692,2.0
50.760207023365865,51.57999801635742,51.042260810837924,51.12748861685373,47.2958451655876,0.0
49.37212035475259,49.030792236328125,48.333369964955494,48.91209418534541,47.0964566231293,0.0
58.43422173036158,57.44227600097656,56.010038710653745,57.29551214733063,50.6994019009176,1.0
55.12653721881987,54.93852233886719,54.23507796601271,54.76671250789993,55.5446520064795,2.0
70.40825787244246,70.89733123779297,72.0851721082874,71.13025373950761,64.0016139335759,3.0
49.93199365072929,49.635684967041016,50.33679076427087,49.96815646068038,58.1659257806578,2.0
66.04656446370007,67.28620147705078,66.63586142507405,66.65620912194163,61.9954737621813,3.0
52.58691837450293,55.15658187866211,54.00152727166176,53.91500917494227,53.8847123274571,1.0
57.13154455718446,55.318031311035156,54.791919135220766,55.74716500114679,59.2211682997197,2.0
54.11641875316786,59.514312744140625,55.438635167244605,56.35645555485103,64.1035704023851,3.0
71.55192880131874,71.5479965209961,70.9138971008684,71.33794080772775,68.8980168997056,4.0
55.44426631310034,56.45158386230469,56.0538862170854,55.983245464163474,56.4785302030921,2.0
55.8305844297034,57.89582824707031,57.14581985480318,56.95741084385897,60.9307539359527,3.0
74.0658424785045,68.30376434326172,70.97383938586034,71.11448206920886,74.3096876525984,4.0
54.87890903641699,56.08132553100586,55.79708413845194,55.58577290195826,46.8013687319979,0.0
55.684296014916896,56.42919921875,56.397231453981746,56.17024222921622,50.9327466115113,1.0
63.59209348601379,61.63999938964844,60.51305111066964,61.915047995443956,55.280620505939,1.0
71.4687240951456,69.74702453613281,69.67657650958307,70.2974417136205,64.8195494024985,3.0
59.35035266631096,59.17420959472656,58.02124094474091,58.84860106859281,64.6507428016241,3.0
59.22455109869772,56.65341567993164,58.26981205398067,58.04925961087,55.3880736989567,1.0
70.16756648844876,70.93975830078125,72.2524399283098,71.11992157251326,69.8750624279045,4.0
76.27325851476245,79.49818420410156,75.70495035561729,77.15879769149376,81.7629121769494,4.0
72.11560349739008,70.24436950683594,70.57047436984529,70.97681579135711,67.3984146444871,4.0
55.994880502392114,57.47417068481445,57.8115272458202,57.093526144342256,47.2786434403018,0.0
56.84355474333593,58.73966979980469,57.62050131285744,57.73457528533269,49.5134100953942,0.0
65.72094995941607,67.33441162109375,67.49996262096357,66.85177473382447,70.4007721347396,4.0
77.13852603842398,78.45911407470703,79.3333506820435,78.31033026505816,70.8107937257004,4.0
54.02872927736657,54.0238037109375,54.52655086760312,54.193027951969064,54.3624105050444,1.0
55.51038015010233,54.118953704833984,55.38860322883413,55.00597902792348,67.4787697620507,4.0
52.69447552350573,52.829315185546875,52.685614925933756,52.736468544995454,52.2943749499235,1.0
56.98447435465475,56.789371490478516,55.61610277639629,56.46331620717652,51.6181617806011,1.0
52.12848247928689,52.86073303222656,51.83616376010142,52.275126423871626,49.2001330797585,0.0
55.23433265240487,57.682350158691406,57.006282314342954,56.64098837514641,55.8016549978805,2.0
48.35335846455662,49.79723358154297,50.14472717650279,49.4317730742008,42.7254980847538,0.0
55.13981880717951,54.91473388671875,55.34705068582904,55.13386779324244,48.9278005902587,0.0
56.702172747979915,55.530887603759766,55.80166996726624,56.011576773001984,49.7658641608102,0.0
49.09495051969369,48.646156311035156,48.982429545441995,48.907845458723614,50.834729909233,1.0
68.57642560154902,69.27976989746094,68.51215882036998,68.78945143979331,62.4958052518981,3.0
49.65211764949707,50.06724166870117,49.888356905636506,49.86923874127825,65.8648149906977,3.0
51.641409421473874,52.717071533203125,52.778759110375034,52.37908002168401,46.2200970906324,0.0
53.90442206098157,55.69246292114258,55.66642153935806,55.08776884049407,52.6727286571385,1.0
49.32753305184061,48.98574447631836,50.01292503274753,49.44206752030217,56.6755301549063,2.0
52.4295121645899,52.550010681152344,52.08614352824475,52.35522212466233,58.300109692083,2.0
55.191613954992974,55.25204849243164,55.16789797498371,55.20385347413611,65.1043015878473,3.0
55.454703143122245,53.46660232543945,53.34831743416648,54.08987430090939,52.7778669310959,1.0
52.561905678319754,53.090660095214844,52.967078703454774,52.873214825663126,52.871022700497,1.0
51.637061421591184,54.61159133911133,54.59005051777556,53.612901092826014,45.9337454652722,0.0
54.680400675521014,56.12627029418945,56.259343484373424,55.68867148469462,55.6223947316558,2.0
58.23685643725819,60.18735885620117,59.39837182549043,59.27419570631658,48.9207306606832,0.0
71.00765711536519,73.21321105957031,71.6101726715733,71.94368028216961,63.2829899844969,3.0
66.53072332763938,68.46400451660156,68.21012056717409,67.73494947047169,76.542889488364,4.0
61.879887622412994,59.941192626953125,59.685874568838614,60.50231827273492,60.1252991654995,2.0
57.95727853869076,55.67919158935547,55.78795353411407,56.47480788738677,68.6196383997155,4.0
58.177556969773406,58.87934875488281,58.45261397505292,58.503173233236375,60.9034200267308,3.0
54.26831574298746,54.295082092285156,53.395158581898876,53.986185472390495,58.380109355269,2.0
66.36831328730645,70.55829620361328,69.12653248498331,68.68438065863434,68.101708200022,4.0
57.90300865759611,55.042606353759766,56.114251779821736,56.353288930392544,65.4249917498532,3.0
57.619174146331595,57.580867767333984,58.640470006103484,57.94683730658969,60.8529885087409,3.0
54.60524679004615,56.161163330078125,56.33979920444431,55.7020697748562,56.3317715972042,2.0
74.20090215644517,72.16494750976562,75.28774732916582,73.8845323317922,82.9937692977893,4.0
58.26820710229307,59.691524505615234,57.659692285274836,58.539807964394384,40.9008970274873,0.0
54.4532078947582,51.600032806396484,52.24726013250563,52.76683361122011,57.2856888436682,2.0
69.19976257270295,69.83109283447266,69.81686992181754,69.6159084429977,66.1911984695499,3.0
54.19628674808561,51.64201736450195,51.554236957768644,52.4641803567854,59.8753409910875,2.0
58.55182518117601,59.65283203125,58.902030691880036,59.03556263476869,66.5035206422247,3.0
55.03077035162594,55.560707092285156,55.49324546433109,55.36157430274739,51.3394122442076,1.0
52.75913386119984,53.15867614746094,53.22680527296529,53.04820509387536,63.5394667879096,3.0
61.44474068329278,61.42473602294922,60.65109672386408,61.17352447670203,63.9867480734878,3.0
61.68037606911341,61.311424255371094,62.80102203925987,61.930940787914786,58.5204882468056,2.0
53.88331158365613,54.48617172241211,54.424709117162564,54.264730807743604,56.3244989061224,2.0
51.735744108829984,52.28953552246094,52.19913706264248,52.074805564644464,67.8262992419032,4.0
51.17205532418772,50.69916534423828,50.458459208997276,50.77655995914109,43.0400034602757,0.0
59.27339915204528,58.82255554199219,57.53430464044868,58.54341977816205,57.6263562868173,2.0
45.551500773945705,47.479190826416016,47.985856576635,47.0055160589989,49.1345601817679,0.0
67.85930388906617,70.75756072998047,70.57261863193463,69.72982775032709,69.7864679010167,4.0
67.59651343474209,67.44624328613281,68.60543554854316,67.8827307564727,62.2702307428181,3.0
59.955665102967835,57.37715530395508,57.20080774037318,58.1778760490987,60.6475823651328,3.0
52.74059693443422,53.488014221191406,53.58940522325709,53.27267212629423,63.3020524418792,3.0
55.995027430430554,53.710445404052734,53.70555095143621,54.47034126197317,61.4253995310227,3.0
68.16084100447763,69.53675842285156,69.38964759174338,69.02908233969085,65.6315027397119,3.0
69.14852390500882,66.07423400878906,65.87851759533366,67.03375850304384,74.3308180592447,4.0
58.18121405691853,55.77079772949219,58.72440813316182,57.558806639857515,52.715466788597,1.0
62.54980853415696,59.71124267578125,60.88043795411881,61.047163054685676,57.9490270184758,2.0
73.40629451093442,72.88194274902344,72.74118312271342,73.00980679422376,75.9348540937522,4.0
54.025711262926706,56.32899475097656,57.23256005244464,55.86242202211597,57.3667722138081,2.0
66.85327092005846,69.9151382446289,68.27579989807882,68.34806968758873,80.4351089841726,4.0
54.88033685643392,53.422237396240234,54.19722117087056,54.166598474514906,55.9968991848038,2.0
66.98347317485025,64.31951141357422,63.94179259009113,65.08159239283853,63.6727689477402,3.0
54.28403585450837,57.81712341308594,57.528202193683434,56.54312048709258,59.6189874685373,2.0
64.85610807316834,63.20766067504883,61.92311059759983,63.328959781939,73.9656856313925,4.0
58.88589991732804,57.94282531738281,58.66404081948339,58.49758868473142,61.7134895843666,3.0
49.765511036896875,50.699867248535156,50.42948453680481,50.29828760741228,56.8176567123815,2.0
53.50731555535005,55.37977600097656,55.58875711324229,54.825282889856304,53.4022098925013,1.0
72.49255039847247,72.50344848632812,71.35761708472309,72.11787198984122,76.9330341428736,4.0
48.846672669288125,50.256553649902344,48.55206762663027,49.218431315273584,54.4957153693854,1.0
68.37225005051314,69.24678802490234,69.1079308835063,68.90898965297393,69.380591216582,4.0
75.7420570067554,75.44933319091797,74.57677473315341,75.25605497694225,75.1199524997006,4.0
44.67935877216618,48.97549819946289,50.14249122427357,47.93244939863422,41.0374589565742,0.0
72.73235650126075,72.0616226196289,72.2112442140964,72.33507444499536,76.1924240555622,4.0
47.93862341121856,48.31858444213867,49.07767758542985,48.44496181292902,49.5967642542946,0.0
45.77568891073688,49.5113410949707,50.06296930120317,48.44999976897026,38.6861408083711,0.0
51.749305043137674,53.94758987426758,54.21652998198812,53.304474966464454,52.8023565412522,1.0
48.86301095063007,51.711177825927734,53.624478905901846,51.39955589415322,49.8310910742756,0.0
54.892976198728284,52.14480209350586,52.66841819689346,53.2353988297092,49.5799849697641,0.0
64.59830110176019,62.050567626953125,61.388075605487245,62.678981444733516,69.0311535836055,4.0
53.67340229870439,52.44798278808594,52.02599624028474,52.71579377569169,54.895215930499,1.0
59.86309336763883,55.0881462097168,55.38687740525083,56.7793723275355,63.6339043106801,3.0
57.37243623419934,54.68695831298828,57.039390923213645,56.366261823467084,58.6509999014369,2.0
57.470010910363875,53.348628997802734,54.049075988059755,54.95590529874212,65.1684557990528,3.0
54.513417648825474,54.889198303222656,54.30193859073858,54.568184847595575,55.8920730481112,2.0
71.32671730215853,71.74742889404297,72.09435674651833,71.72283431423995,83.2658508038567,4.0
50.101411925804996,51.89243698120117,51.35360829746841,51.115819068158196,60.7672297288526,3.0
50.5809697301898,51.436790466308594,51.93258232990086,51.316780842133085,48.6197319093079,0.0
56.87914005175825,54.591922760009766,54.866477281166816,55.445846697644946,55.8445909291374,2.0
72.36781524294385,69.41911315917969,69.05317130496971,70.28003323569776,79.9431135976017,4.0
55.35551990533171,55.77478790283203,55.40296879356916,55.51109220057763,62.9478976752398,3.0
54.81089757002279,55.474578857421875,55.25923665713907,55.181571028194575,52.9839709836092,1.0
51.665219917046166,53.7059440612793,52.059329648105184,52.47683120881022,46.5031652813475,0.0
51.182910430781014,54.187808990478516,54.13034241864593,53.16702061330182,45.4020438396772,0.0
70.19374539111932,67.70161437988281,67.9794264212072,68.62492873073644,63.7555857205472,3.0
56.38551319486214,56.6019287109375,55.50666371695702,56.164701874252216,57.9630148572038,2.0
56.71243491886756,55.81309509277344,54.656258722041805,55.7272629112276,60.2527449529404,2.0
58.186724372318736,58.066017150878906,57.58820919681388,57.94698357333718,56.9185418360662,2.0
69.78181191287972,70.09054565429688,69.8104728445281,69.89427680390158,67.5874063241264,4.0
49.786372111390335,49.16374588012695,48.48214792775335,49.14408863975688,45.3081684907739,0.0
49.72665227579512,49.81670379638672,51.137323929540564,50.22689333390747,44.5870991080335,0.0
57.56345582346444,54.882877349853516,57.12708128307356,56.524471485463835,64.3102822214175,3.0
70.3627383694968,68.3129653930664,68.22523106146653,68.96697827467658,72.8879283660219,4.0
53.940505166568755,55.01194763183594,55.277310530441895,54.74325444294886,61.0698864502447,3.0
47.393969330726506,49.745635986328125,49.06010216038233,48.73323582581232,46.9477267126032,0.0
50.27238150451256,49.43503189086914,49.067420679143716,49.591611358175136,50.6298979228037,1.0
70.05352419509082,67.60102081298828,67.98299585744975,68.54584695517627,72.0323885309469,4.0
50.81046522876987,53.4432373046875,53.90904080055844,52.72091444467193,55.3522085802451,1.0
66.76201019858802,67.0371322631836,67.11537809856867,66.97150685344675,66.0966892757906,3.0
53.260275465634074,53.96164321899414,53.03130861128063,53.41774243196961,54.0961270594567,1.0
52.864338264246086,52.85688018798828,53.28136870198938,53.000862384741254,51.9129234446172,1.0
56.05411605480376,57.07096481323242,55.50156327261945,56.20888138021854,59.9706191515967,2.0
74.2390522537302,75.57396697998047,73.88804552302022,74.56702158557697,70.8921419762464,4.0
50.37385682147255,49.845481872558594,49.69776650804988,49.972368400693675,46.0136806783417,0.0
52.1384986773515,52.174339294433594,52.55712655965185,52.28998817714565,51.3160264170326,1.0
56.61005102245283,55.870567321777344,54.756116267623966,55.74557820395137,54.1508079314864,1.0
52.7811561007695,53.02360153198242,53.69057065466899,53.1651094291403,54.8855228348967,1.0
48.88044496540338,49.67655563354492,50.10286586160769,49.55328882018532,48.8452347496678,0.0
56.557481956689685,58.49214553833008,58.343388000963536,57.79767183199443,55.8131453235717,2.0
47.83290935989853,48.60662841796875,49.43729667583259,48.625611484566626,41.6228149331583,0.0
49.39396092669207,51.675601959228516,52.46899195696825,51.17951828096295,42.832128429637,0.0
52.80392481517111,53.73719024658203,52.586306416220985,53.04247382599137,54.4090440214311,1.0
61.70429666739822,61.78669357299805,58.171707931152916,60.554232723849736,53.392897153908,1.0
58.91798041478882,56.75350570678711,58.11291950896222,57.928135210179384,62.8894212376442,3.0
58.12733451616897,55.49591827392578,56.82427328174458,56.81584202394644,66.3029106403794,3.0
52.06031796582701,52.19608688354492,52.70699352572105,52.321132791697664,52.2387476983545,1.0
72.49126044117851,75.10292053222656,74.72730358915531,74.10716152085347,73.1524748762471,4.0
54.88419079661453,54.367088317871094,54.985894285883326,54.74572446678965,56.9597296600948,2.0
71.05448824967416,69.06571197509766,71.4257820734971,70.5153274327563,65.0019155476742,3.0
69.60398158393,68.88728332519531,68.81398238668051,69.10174909860194,67.8691316677855,4.0
58.66509328447828,59.46380615234375,58.9306391346361,59.01984619048605,67.6182719492871,4.0
56.94325563569285,51.982460021972656,51.808160505851944,53.577958721172486,57.5410246358853,2.0
51.88246271854128,53.92073059082031,55.11705136240853,53.64008155725671,41.0421425169765,0.0
58.244740922221496,55.024147033691406,54.085796124518055,55.784894693476986,51.1934178922719,1.0
49.072853421623776,49.75627136230469,50.1248922047641,49.651338996230855,60.9551641954355,3.0
70.48115379297954,69.98272705078125,69.54448933290763,70.00279005888946,66.7005753041161,3.0
55.11245695150271,55.0991096496582,54.146256030275275,54.7859408771454,53.8953084598556,1.0
53.34223189642874,53.575374603271484,53.37419036535678,53.430598955019,50.153961782368,1.0
69.51072611643514,69.82921600341797,69.54750892330762,69.62915034772024,86.6708640733743,4.0
51.64846122994782,54.20737838745117,53.30510028020213,53.05364663253371,53.0151283198681,1.0
66.00201630721389,68.27803802490234,67.82215552851825,67.36740328687817,65.5667662506108,3.0
54.32735075635083,55.27511215209961,57.074912911984505,55.559125273478315,44.9487945732746,0.0
71.63068491833539,69.79847717285156,70.65221557432453,70.69379255517049,62.6543379926677,3.0
54.586344389332055,55.120567321777344,54.63497272017137,54.780628143760254,57.7721786494134,2.0
55.57342812768827,54.4074592590332,54.18129141500102,54.72072626724083,58.9491804068813,2.0
52.411495042482315,53.762672424316406,54.97088993574337,53.71501913418069,64.0081554463446,3.0
52.848992618872906,52.677490234375,52.866018054904906,52.7975003027176,54.8712663378289,1.0
54.75226024069461,55.41886520385742,54.4447851491564,54.87197019790281,59.704439499096,2.0
51.83625358714352,52.418495178222656,52.83011834989161,52.361622371752595,49.431219192603,0.0
54.519110917921935,53.850894927978516,53.12960305123901,53.833202965713156,64.3749045539875,3.0
51.31239624586097,47.813690185546875,48.05140959957031,49.05916534365938,47.000198115729,0.0
59.68719250422388,60.169010162353516,59.9320499841901,59.929417550255835,49.9236824304284,0.0
65.45659868196643,66.97994232177734,67.10852073966468,66.51502058113617,60.2202685111936,2.0
58.25172062808528,57.859535217285156,56.91044983384557,57.673901893072006,63.6623350834176,3.0
56.08069212053548,54.77735137939453,54.85043981344488,55.23616110445829,63.9933868682793,3.0
51.74229496617371,50.958621978759766,51.23878900759694,51.31323531751014,37.5774821421688,0.0
51.70265298671122,51.62619400024414,52.10259943030892,51.810482139088094,61.123047869738,3.0
50.28369358050186,51.829612731933594,52.29924943047002,51.470851914301825,63.8861705923747,3.0
55.16564864785836,58.50042724609375,58.46057453351667,57.375550142489594,55.8684078486574,2.0
53.43865288755689,50.66902160644531,51.01410827373316,51.707260922578456,53.8265758538975,1.0
70.80258442857249,71.19131469726562,71.08589644015454,71.02659852199754,73.6321795844999,4.0
71.85609160907451,71.2806625366211,71.79707719004728,71.64461044524762,58.88915440252128,2.0
62.08405904745809,60.671142578125,62.773207681787156,61.84280310245676,60.1398657025123,2.0
55.20170541917148,52.196388244628906,55.33403587513282,54.2440431796444,42.0658580583695,0.0
72.94282972131172,73.06813049316406,73.58714718335719,73.199369132611,78.2976561120287,4.0
65.15310166591864,62.989803314208984,63.528882680594265,63.890595886907306,68.0547626637105,4.0
65.97415664030787,65.73345184326172,65.09679229994218,65.60146692783725,72.7043994257719,4.0
52.16383344783754,54.44124221801758,53.72330504396894,53.44279356994135,57.775368120253,2.0
47.06733920490876,49.210205078125,48.86596919971677,48.38117116091684,46.3411175639228,0.0
57.51891891749935,54.44051742553711,53.76332543245082,55.24092059182909,60.9585930641069,3.0
67.52609477468323,67.53665161132812,68.4697972970936,67.84418122770165,72.4777084373094,4.0
67.99211954073732,65.63457489013672,65.62772531870358,66.41813991652589,68.8716654872816,4.0
50.30715603767351,49.1303596496582,52.101244297784355,50.512919995038686,45.3630160360266,0.0
50.48208124497932,46.72684860229492,46.671796255533295,47.960242034269164,46.0632886341533,0.0
49.452053278880875,48.554100036621094,49.62838603252883,49.21151311601026,58.4307345559543,2.0
52.04758746604033,52.59824752807617,51.71197232853166,52.11926910754939,59.7250176358627,2.0
69.37890812363429,69.81046295166016,70.0923686185955,69.76057989796332,71.0010716236487,4.0
54.494991173695844,56.85158920288086,56.02856522668554,55.79171520108741,49.6461240386541,0.0
54.99310065749228,54.783992767333984,55.03012354252572,54.93573898911733,58.465474519351,2.0
58.921521574760746,56.126861572265625,56.32694666283551,57.125109936620625,53.0720053911286,1.0
50.0704768115888,49.47443389892578,49.38901966385543,49.64464345812334,42.5102592095803,0.0
55.89099361562431,55.27215576171875,54.99932309246072,55.38749082326793,53.9452147015435,1.0
52.73309338492385,51.79842758178711,52.73381031346076,52.421777093390574,42.3931684476722,0.0
55.83965740260954,55.11226272583008,53.925129771000286,54.95901663314664,60.9859390751007,3.0
56.740023428578134,54.75959777832031,55.7625609687796,55.75406072522602,50.5164294650414,1.0
54.251065477329576,55.63069534301758,57.04979569525219,55.64385217186645,49.4602269910781,0.0
67.41467018818257,67.49684143066406,67.42904514257464,67.4468522538071,60.0051152227775,2.0
50.549627440677455,51.65651321411133,51.58155238266713,51.262564345818646,48.2870390955484,0.0
70.37666791307751,69.12545776367188,68.86120324813687,69.45444297496209,66.8590840784866,3.0
53.6576862389579,55.498653411865234,55.13779654068715,54.76471206383676,59.3637097105966,2.0
53.24328640883665,54.19654083251953,53.81490676887442,53.7515780034102,52.5164319261057,1.0
54.560269452977515,56.41194534301758,55.004474227829874,55.32556300794166,55.054569749216,1.0
45.99280272372037,48.55641555786133,49.24753584853966,47.932251376707114,55.1731500001427,1.0
53.79701893995647,54.629859924316406,55.43923019753217,54.622036353935016,55.8069257721609,2.0
53.443046731007,54.57432556152344,54.59687889457463,54.204750395701694,54.9463423298588,1.0
49.368816874326264,48.72099304199219,48.29235699045081,48.79405563558976,37.603746060497,0.0
75.00890099289046,71.70384979248047,71.43964191186024,72.71746423241039,72.491596775236,4.0
55.26618157943687,50.48040771484375,51.84898027984121,52.53185652470728,55.9967506299466,2.0
54.366529541743084,55.348941802978516,55.75961861456406,55.15836331976189,55.507180542668,1.0
55.7888754676061,54.52605056762695,55.16421947662006,55.159715170617694,52.1951931001395,1.0
58.20478183698852,67.86538696289062,61.70165951785562,62.59060943924493,56.9109876587496,2.0
52.81510622982706,52.69707107543945,52.88063799374466,52.797605099670385,41.8227654029886,0.0
79.25018905872756,74.84700012207031,72.233642522995,75.44361056793097,78.7474165625529,4.0
49.739785020990546,49.6302604675293,50.86052718318885,50.07685755723623,60.0700512925326,2.0
49.740599252425234,51.19404983520508,51.28850573829673,50.741051608642344,54.19509266725,1.0
64.01894984335836,65.59313201904297,65.93225666530623,65.18144617590251,66.1593761162453,3.0
66.22639056414562,67.3423080444336,67.48540553567346,67.0180347147509,71.0848147466823,4.0
73.66401661161265,65.79515838623047,69.64309503476252,69.70075667753521,72.8115665322685,4.0
57.11196293315023,59.78035354614258,55.31267124443367,57.401662574575504,71.4253191149634,4.0
66.83370703570114,65.00151824951172,65.24799827750854,65.69440785424047,70.175604902101,4.0
55.49220107538747,56.2237663269043,59.34337502692253,57.0197808097381,51.076611530317,1.0
49.805523838122426,53.77119064331055,54.494631184486174,52.69044855530638,51.2752429956616,1.0
65.20634722335389,64.43501281738281,64.79366155441376,64.81167386505014,67.2452387408318,4.0
55.8636209480439,55.47227096557617,55.43707362289881,55.59098851217296,55.6472353763042,2.0
55.92274531823649,55.02018737792969,54.56690856552739,55.169947087231186,64.51158893035,3.0
47.27846413337584,49.573917388916016,49.78520854086316,48.87919668771834,53.5372093158286,1.0
51.10992318995899,50.80390548706055,52.088437804932155,51.33408882731724,50.2488551670911,1.0
58.875473737837865,58.76266860961914,57.66470892053294,58.43428375599665,62.0807064945406,3.0
49.061521100006615,48.09717559814453,48.76445318173452,48.64104995996189,49.0773701119713,0.0
57.7228553394076,58.65381622314453,58.93231190543893,58.436327822663685,66.5582650408145,3.0
54.36709868561959,53.315711975097656,52.5225071851089,53.401772615275384,63.817955313587,3.0
53.053669758487175,51.923484802246094,52.77470808503137,52.583954215254884,56.0128279940547,2.0
59.433507742919524,56.602115631103516,57.831871272797876,57.9558315489403,69.7786488296282,4.0
68.85333410285726,69.32169342041016,69.7902479966482,69.32175850663855,82.9437312609511,4.0
59.88651620747987,60.03971481323242,59.302746992618395,59.74299267111024,61.1374240761532,3.0
52.07868103732213,54.997825622558594,55.50918970144554,54.195232120442085,42.7524891755321,0.0
50.16129361551552,50.30818176269531,50.25015187857858,50.23987575226314,42.483253058665,0.0
56.36929023046271,54.67338562011719,54.8221741860234,55.28828334553443,61.2822969140981,3.0
55.95616686404865,53.26676940917969,53.313728523700924,54.17888826564308,52.2857817065895,1.0
50.85239488629591,52.22773361206055,52.11589219434938,51.73200689756862,52.0569003217771,1.0
71.80700249208387,71.42760467529297,71.34635409376875,71.52698708704852,67.5566449401929,4.0
68.72227617144792,66.51341247558594,66.05145905028849,67.09571589910745,55.466962794051,1.0
60.56286265992051,62.224395751953125,62.17379968850701,61.65368603346022,67.2092584307685,4.0
46.54258956693295,48.32799530029297,48.96445198495614,47.94501228406068,56.3645178924601,2.0
68.00020370565002,67.68016052246094,68.82481040978962,68.16839154596687,77.4053146560168,4.0
74.71833348316915,72.59181213378906,72.27298669776519,73.19437743824113,67.5478864821845,4.0
45.48718665781869,45.30703353881836,45.00114795181793,45.26512271615166,40.586203611097,0.0
74.13014482390406,72.18964385986328,71.44195136144764,72.58724668173834,75.4859115839758,4.0
60.764172291116154,58.99721145629883,57.758395536884024,59.17325976143301,59.8091986814997,2.0
56.85831536501908,53.4555778503418,53.419564448727094,54.57781922136265,55.5495423253684,2.0
59.41402661885652,59.317291259765625,58.79795695942792,59.17642494601669,63.0849086635995,3.0
50.93139878926259,48.71793746948242,50.59233234177771,50.08055620017424,41.802594319842,0.0
55.14972729709623,53.322593688964844,54.69486379289717,54.38906159298608,59.6047954122898,2.0
52.879579457259425,54.17857360839844,53.165032494805665,53.40772852015451,57.3305558467263,2.0
58.916349721938715,56.95348358154297,56.4592991569392,57.44304415347363,45.086764007969,0.0
62.35595688625417,63.49619674682617,60.76552846525358,62.20589403277796,57.856043493194,2.0
71.79828742153543,70.16704559326172,69.7924715261362,70.58593484697779,69.6624421555715,4.0
57.54201932415005,58.30983352661133,58.57428926501114,58.14204737192418,54.9246968848365,1.0
58.5999022137886,57.68885803222656,57.87066564872945,58.053141964914865,46.1791012801286,0.0
52.2453477540489,54.103416442871094,54.5579799522383,53.63558138305276,46.1943436788646,0.0
57.21454098070254,56.75153350830078,56.677123632718,56.88106604057378,60.9388924574298,3.0
49.35941824759673,49.58773422241211,50.549321790496435,49.832158086835086,41.7426114215681,0.0
55.999606876716825,54.150814056396484,54.1129124324682,54.75444445519383,57.1030998400367,2.0
52.03903454477931,50.96654510498047,50.92243665400082,51.3093387679202,52.1171256896826,1.0
49.92139984815036,51.058067321777344,51.05236810292844,50.67727842428538,58.6466930919188,2.0
71.57862513445488,71.51952362060547,71.86398744757545,71.65404540087862,69.4995453966868,4.0
67.48492254861858,66.3748779296875,67.73276676431078,67.19752241420561,60.435791668354,2.0
69.06322301160137,68.75601959228516,68.62561440352829,68.81495233580493,67.3365798952878,4.0
53.8830740428129,56.11323547363281,57.14027865223374,55.71219605622648,61.8120122636901,3.0
66.52715932466303,66.41819763183594,66.0608767497416,66.33541123541353,59.6895248893662,2.0
49.57912533000283,50.83768081665039,52.36211862210167,50.92630825625162,50.1739908467175,1.0
61.232348974887245,60.77964401245117,60.23612589876707,60.74937296203516,57.2582875132008,2.0
64.4620016870766,66.51659393310547,66.51638682476874,65.8316608149836,65.2055262534383,3.0
71.00619860655725,70.70328521728516,71.45162517324407,71.05370299902881,57.873254857607,2.0
50.560919970239304,49.11763000488281,49.063671548646106,49.58074050792274,46.0554398580992,0.0
51.38971728745901,53.73221969604492,54.53431096513272,53.21874931621222,45.0581893035062,0.0
54.596540733570215,55.96367263793945,55.8971929413014,55.485802104270356,55.9645733197055,2.0
71.23006886083903,73.16854858398438,71.01566397058538,71.80476047180292,68.8348113144276,4.0
48.8094217621801,49.578941345214844,49.28055188645831,49.22297166461775,49.8536326517923,0.0
58.177556969773406,58.87934875488281,58.45261397505292,58.503173233236375,60.9034200267308,3.0
48.813405729162824,50.39134979248047,51.10338569778101,50.1027137398081,48.2695915518572,0.0
67.8006824513657,68.21720886230469,68.58777733179046,68.20188954848696,63.4621846691332,3.0
58.013309209653734,58.818294525146484,57.47805175024072,58.10321849501364,61.8786486516215,3.0
55.20844269900444,61.48390579223633,57.500931422736315,58.06442663799237,64.1576001598384,3.0
59.09009700264083,60.694190979003906,58.673418952117906,59.485902311254215,68.9387045977306,4.0
70.05619429422168,70.7904052734375,70.74220727284629,70.52960228016849,61.9305379369145,3.0
54.839046581796175,53.1313362121582,53.37374770449117,53.78137683281519,47.5253929324127,0.0
49.040661343130346,49.991180419921875,50.15870047144293,49.73018074483172,40.0752691635313,0.0
68.69092867710238,68.44031524658203,67.39713104766794,68.17612499045077,62.4941055648712,3.0
54.600005726769375,55.143680572509766,54.850954460671325,54.86488025331682,56.2315081589011,2.0
55.72472479245509,53.51502990722656,54.84654950183601,54.695434733839214,44.9160598983996,0.0
48.338188560873945,49.93581008911133,48.74808107562393,49.00735990853641,48.9946553937538,0.0
54.05086563314751,54.91697692871094,54.815389022523185,54.59441052812721,53.6417026005507,1.0
57.73492645060905,60.01226806640625,58.539304732066036,58.76216641636045,69.0792836592916,4.0
58.322535679040875,56.104270935058594,55.44283363068716,56.62321341492888,67.7429671758197,4.0
54.24131536766624,54.30241012573242,54.216099387853966,54.25327496041754,60.6335602419613,3.0
72.84701123852909,72.6280517578125,73.32301435360087,72.93269244998082,72.2604565714076,4.0
45.910138669775215,48.70150375366211,48.15826087808074,47.58996776717269,44.7036866256254,0.0
56.849955410009144,55.35842514038086,55.20697652831987,55.80511902623662,49.3031772269979,0.0
59.7097784553886,57.262367248535156,56.86030551732611,57.94415040708329,52.34102675042,1.0
70.28891047680415,69.8726577758789,70.69286716139533,70.2848118046928,75.2555492274073,4.0
61.26527050859293,60.566062927246094,61.69293974381716,61.17475772655206,64.2615425707189,3.0
70.7982366827103,71.21114349365234,71.12597650064342,71.04511889233535,70.1747667367521,4.0
52.53227152181872,54.78565216064453,53.6340439697898,53.65065588408435,59.0534302791976,2.0
57.44030583990819,57.2647705078125,56.728629321927784,57.144568556549494,62.9342465395666,3.0
67.75184119676206,68.9215316772461,68.76446655296814,68.47927980899209,63.3539989878253,3.0
68.23021555064861,68.39511108398438,68.17658182502697,68.26730281988665,69.1363584945758,4.0
68.5714890781744,68.75402069091797,68.2763111100789,68.53394029305709,62.1708276207406,3.0
47.959547387981054,49.42093276977539,50.074770358798055,49.151750172184826,40.6586366048615,0.0
52.282543141388444,55.84278106689453,54.67382588151461,54.26638336326585,42.0466168841371,0.0
51.89889195298253,53.00028610229492,54.44415259899018,53.11444355142254,55.6520063634593,2.0
54.17953310556575,51.972293853759766,52.09259446384195,52.74814047438915,51.2081508103606,1.0
72.04985159220539,71.44942474365234,72.74575175213414,72.08167602933061,64.8641782615143,3.0
51.12529220398193,52.07160568237305,52.363580692148446,51.85349285950114,44.2379998774355,0.0
71.7069021819607,70.89068603515625,69.88686243707625,70.8281502180644,68.1523159316773,4.0
70.51375750700302,68.21680450439453,71.02346891660547,69.91801030933432,68.0474204121226,4.0
74.08408544765241,74.41082000732422,73.85111707600751,74.11534084366137,71.4215120441452,4.0
52.8906967329429,53.047569274902344,52.167039671473894,52.70176855977305,51.3294490276239,1.0
56.85976797398279,55.72150421142578,54.89853163163067,55.826601272346416,48.3925901099909,0.0
51.56366939109646,52.527496337890625,52.55890713829599,52.21669095576103,57.4345011149406,2.0
72.69194746363326,72.79676818847656,73.44266969616854,72.97712844942612,78.4762728344018,4.0
50.72819135585524,53.34716033935547,54.06682788986723,52.71405986169265,48.0979197758496,0.0
56.730190206900126,56.34894943237305,57.34780596258982,56.80898186728766,55.343822442442,1.0
55.29343530687208,55.4480094909668,55.20197563972998,55.31447347918962,53.1059679432667,1.0
62.004909815732574,61.35905075073242,61.5542424462258,61.63940100423027,61.9811850351117,3.0
45.53981854124696,49.21067810058594,48.90910146894873,47.88653270359388,60.7452224487901,3.0
56.60679133176109,55.99882125854492,56.566587205950285,56.39073326541877,52.2208932877644,1.0
70.69089917481888,71.45856475830078,70.94258827556936,71.03068406956301,70.2764780805399,4.0
56.771811850157334,56.590553283691406,58.16394613172844,57.17543708852573,56.7214800876855,2.0
52.73169746459437,53.25693130493164,52.07243584656983,52.687021538698616,54.339195530627,1.0
58.329696534772644,58.589847564697266,59.39168555965933,58.77040988637642,61.1597961967652,3.0
56.21934559522281,55.92205810546875,55.483591903898315,55.874998534863295,57.4796200573104,2.0
57.796567385555655,56.20563888549805,56.57638836811088,56.85953154638819,56.3101379135667,2.0
56.81977153355813,55.46063232421875,55.315167774250355,55.86519054400909,56.378494371114,2.0
52.37086439134608,52.821327209472656,54.60220485226573,53.26479881769482,45.7080168922685,0.0
51.39911060467701,52.644222259521484,50.164495009311594,51.40260929117003,54.8720650561502,1.0
55.63187891931005,50.81221389770508,50.09322393726274,52.17910558475929,56.7461710556742,2.0
71.67642889702348,71.2064437866211,71.11658064815722,71.3331511106006,76.4149430857335,4.0
52.717451082863235,55.60138702392578,54.985894285883326,54.43491079755744,57.3385712283875,2.0
54.41986758051708,54.7482795715332,55.12679026262454,54.76497913822494,53.0874762140336,1.0
63.17619088468223,64.40425109863281,64.38390461477455,63.98811553269653,64.0681289099638,3.0
59.36623266844838,55.93439483642578,56.768009797790505,57.35621243422156,44.4955875070008,0.0
50.28288208829906,51.86033630371094,51.995522439579325,51.379580277196446,53.1410815090346,1.0
49.162100925158846,51.45953369140625,51.8554679753667,50.82570086397727,54.5644027427225,1.0
53.785710535367265,53.79410934448242,54.31988937755069,53.96656975246679,53.0171281962874,1.0
52.86661595947857,53.4557991027832,54.53867747073075,53.62036417766418,45.8412644737336,0.0
61.89340298757764,60.7623291015625,60.809338319876815,61.15502346967231,59.6255519756143,2.0
57.846268694826016,56.46469497680664,56.06046995349999,56.79047787504422,55.4145941953844,1.0
50.49055656753388,54.210628509521484,53.86375712537681,52.85498073414406,48.576154593757,0.0
53.572711956664946,51.290367126464844,50.82429459703581,51.89579122672186,45.1517058804009,0.0
52.56437640518671,53.33267593383789,53.14459678226609,53.01388304043022,61.6744401876343,3.0
67.42193591998497,70.6484603881836,68.34467997355983,68.8050254272428,63.5963413077476,3.0
52.06855926034821,49.056549072265625,49.29268760707154,50.139265313228464,47.6833446567731,0.0
51.44074467550315,54.4846076965332,53.61023795694493,53.178530109660436,46.7478580402675,0.0
64.11484994909263,65.31778717041016,64.82797295677229,64.75353669209169,64.8098403189372,3.0
47.24366153035268,48.19607925415039,48.25481485989529,47.89818521479945,45.207651196256,0.0
54.074736994992186,55.30161666870117,55.370484293975096,54.91561265255615,66.3242883823457,3.0
68.075595482468,67.86962890625,68.10897080874341,68.01806506582047,63.9002823284608,3.0
54.81498251835622,53.61749267578125,53.66367985309082,54.032051682409424,52.6630083525158,1.0
49.75857971089619,51.10671615600586,51.98004727592287,50.94844771427497,40.9253308228302,0.0
57.33048321785862,57.231319427490234,56.75547188955688,57.105758178301905,54.1030893931296,1.0
54.7907188745912,54.61799621582031,54.225690704267606,54.544801931559704,54.0517608899318,1.0
56.010987705668256,52.10142517089844,51.332248278304256,53.14822038495698,58.2560724127281,2.0
57.147343134858254,60.28022384643555,59.32108236966135,58.91621645031839,53.4220978081252,1.0
47.72240870064404,49.976619720458984,49.712711917844985,49.13724677964933,47.4814868154099,0.0
56.006827170069286,54.928890228271484,54.62644916711932,55.187388855153365,57.959873937147,2.0
54.11442886217007,52.02432632446289,52.4623359828895,52.867030389840814,54.6875376281831,1.0
52.618130097606496,53.53968811035156,53.855923206913815,53.33791380495729,55.492633036181,1.0
65.66695644520705,66.90961456298828,67.03031510084661,66.53562870301398,74.3687869575081,4.0
59.13197567177456,59.525634765625,60.15125217498813,59.60295420412922,50.605461242575,1.0
57.16093597470482,55.08476638793945,54.77161526260366,55.67243920841597,52.9658973062201,1.0
61.475165330351444,60.70880889892578,60.33499657084453,60.839656933373924,58.6063757742537,2.0
54.60262824875143,52.00474166870117,54.14549794003625,53.58428928582962,48.1078074745269,0.0
55.16163731438817,55.14788055419922,55.12516295961224,55.14489360939988,53.9498161131712,1.0
71.30406562314029,70.11715698242188,70.51081244096264,70.64401168217493,70.3125518408325,4.0
66.48981557866188,65.8499984741211,66.62237892623533,66.32073099300611,67.5924094732146,4.0
52.377923257145476,50.246585845947266,50.98069900396053,51.201736035684426,48.8641121497012,0.0
55.884661872318965,55.56317138671875,55.290200658561965,55.579344639199896,48.405925093341,0.0
66.9992854359853,67.11042785644531,66.81189079682882,66.97386802975315,66.8064682268279,3.0
49.34358391351088,52.41047286987305,52.13945828425005,51.29783835587799,44.7400149694926,0.0
53.37607180672328,53.798770904541016,53.162773699338345,53.44587213686756,47.4144740527003,0.0
57.03888855290645,54.94342803955078,55.643964815083415,55.875427135846884,55.1202994904397,1.0
73.22015751980328,70.67198944091797,69.33645025097465,71.07619907056531,62.5153909545802,3.0
49.39828230132883,50.69930648803711,51.209599254988795,50.43572934811825,52.6344599846346,1.0
64.70373622842287,64.6462631225586,65.33714800745618,64.89571578614589,61.3562471390397,3.0
54.81047491188963,53.19561767578125,53.032265726635835,53.67945277143557,57.698663776166,2.0
68.40868751861399,70.07242584228516,70.5355063555199,69.67220657213967,63.5923687860881,3.0
59.87887073169434,58.52534866333008,59.02622468901758,59.143481361347334,55.1847340796556,1.0
58.76288069712053,55.925228118896484,56.83246981814182,57.173526211386275,66.6518098289009,3.0
68.34953197124263,71.73377990722656,71.28896008198242,70.4574239868172,69.5645708065342,4.0
61.75593089643973,59.7896614074707,59.56456535732792,60.37005255374612,56.1443825278311,2.0
53.3022032702282,53.67813491821289,53.38669920205792,53.45567913016634,50.9212260440141,1.0
51.90906245595457,54.4090576171875,53.36882628549254,53.22898211954487,49.9382948709205,0.0
49.77019000028353,49.90591812133789,49.38032167261709,49.685476598079504,48.8497893993262,0.0
49.8149358300419,48.28938674926758,50.57178203803178,49.55870153911375,54.3863754289213,1.0
55.1620565603872,55.340171813964844,56.20523041588403,55.569152930078694,56.5033766153786,2.0
50.28799426308885,53.753196716308594,54.56492961810447,52.868706865833964,53.5413949343265,1.0
45.88385182666571,49.61891555786133,49.73667042943167,48.413145937986236,45.3758133463906,0.0
68.40178223364427,68.63566589355469,68.45425752889945,68.49723521869947,68.9160960534667,4.0
71.42472107005173,70.29718017578125,69.50196999843463,70.40795708142254,71.1962606395206,4.0
66.83882400727069,66.52298736572266,67.00562235206874,66.7891445750207,64.190937264175,3.0
53.81209139296331,52.59477233886719,53.424200794289774,53.27702150870675,46.4498560251149,0.0
55.71109534971848,55.48331832885742,55.73637077085548,55.643594816477126,50.7882940354283,1.0
68.4575372546653,69.49020385742188,69.27062201474014,69.07278770894243,63.4511321454176,3.0
56.628349400362964,56.71774673461914,56.2370056789045,56.52770060462887,55.1927366402449,1.0
51.74593020978643,53.601806640625,51.50515276372511,52.28429653804551,56.7632410515921,2.0
74.87194793791724,75.83954620361328,74.73918554266243,75.15022656139764,61.9730490754768,3.0
59.39234041486284,57.94105911254883,58.64412368262205,58.65917440334457,53.4660956490225,1.0
70.14738383133084,67.28360748291016,68.13080493981951,68.5205987513535,67.6299275855021,4.0
50.649243804879575,52.414520263671875,52.895561477668764,51.98644184874007,54.281004722166,1.0
52.937939444354804,52.70333480834961,52.74950663668498,52.796926963129785,55.5322792070478,2.0
72.30016167914106,72.21345520019531,73.53048332569789,72.68136673501141,70.0765689532106,4.0
58.04689975314001,58.1564826965332,59.22466488697978,58.476015778884324,59.0400790702163,2.0
72.8331954551731,71.32789611816406,68.67839546917774,70.94649568083831,75.1814803589377,4.0
54.02260695153461,54.09991455078125,53.50040553021278,53.874309010842886,55.1568312793871,1.0
55.600405263018246,55.04095458984375,53.85522959725247,54.83219648337149,56.8068749354371,2.0
71.11262024981148,70.20942687988281,69.46037706809378,70.26080806592935,72.7066194277224,4.0
69.11294706305394,70.10031127929688,71.3176218756789,70.17696007267656,62.4102868307615,3.0
57.240086899052606,55.52555465698242,55.75361025900974,56.17308393834825,53.9717407132145,1.0
52.68024017941539,54.215118408203125,53.78672480527292,53.56069446429714,51.5679465947744,1.0
71.36439415780177,72.43085479736328,70.74428766080965,71.51317887199157,72.4209999788255,4.0
68.1469021982061,67.6449966430664,67.98711830717019,67.9263390494809,63.0519562843583,3.0
55.79465993867571,56.90779495239258,58.03042653391314,56.91096047499381,65.7460802400312,3.0
54.82134926258578,57.44879150390625,56.30954658895176,56.19322911848127,63.7064909268069,3.0
58.04215135177839,54.64381408691406,54.58853698192204,55.75816747353817,49.8644516206295,0.0
52.218732753288776,54.85013961791992,55.31766059150803,54.12884432090558,53.3728717420423,1.0
50.101411925804996,51.89243698120117,51.35360829746841,51.115819068158196,60.7672297288526,3.0
50.87221591387995,52.22380065917969,52.50708027181032,51.867698948289984,48.6121187931593,0.0
61.927381974512706,62.9172477722168,60.04066694754395,61.62843223142448,73.9952733792134,4.0
54.50063047837222,52.92512512207031,52.42235509923738,53.282703566559974,63.2805280908176,3.0
58.01427887463645,55.40593719482422,55.96894757685891,56.463054548773194,64.5375106782754,3.0
57.47480057709103,55.490718841552734,55.76744239374836,56.24432060413071,47.0954211078164,0.0
51.91267496848732,54.579856872558594,55.27250896746829,53.92168026950474,55.2194481236911,1.0
69.11384905033997,68.5863265991211,69.41453562468847,69.03823709138318,61.6189385117936,3.0
54.92537110975063,56.90644836425781,57.18107890927047,56.337632794426305,58.9378161835089,2.0
69.27220080789697,67.0229721069336,66.3925980819596,67.56259033226338,69.9597333795827,4.0
57.039213600684974,55.5870475769043,55.491224035076804,56.039161737555354,65.9763825124101,3.0
65.29240649469054,65.50413513183594,64.46465617890613,65.0870659351442,60.6242287755518,3.0
48.896488228025575,49.59382629394531,51.223493988474104,49.904602836815,39.5860066836832,0.0
53.104883698640705,51.3314094543457,51.556591029905384,51.99762806096393,53.0624146341618,1.0
51.43194038939648,50.98069763183594,50.77937234600975,51.06400345574739,42.7047009034931,0.0
55.2573988179161,52.66067123413086,53.37374770449117,53.76393925217938,59.2974659584039,2.0
59.95251000411737,59.971595764160156,60.43495262378572,60.11968613068774,64.8133242127433,3.0
68.46665240000983,68.5892333984375,69.35297764171595,68.80295448005442,66.9768769156225,3.0
53.13143563932294,54.05708694458008,55.39303117006591,54.193851251322975,56.1482547276434,2.0
58.85583649588664,58.211639404296875,57.54739254306772,58.204956147750416,60.7073353065699,3.0
55.57875518104145,53.15468978881836,53.99445780111984,54.242634256993206,65.1043015878473,3.0
68.55896627599002,67.91719818115234,66.57189741662094,67.68268729125444,76.6971558729372,4.0
68.11797853828001,65.69965362548828,63.896652137037606,65.90476143360196,66.3558652191383,3.0
53.196906956148915,54.964012145996094,55.37269460698199,54.511204569709,51.3727977584959,1.0
73.80219616364879,72.14848327636719,71.88247539947675,72.61105161316424,58.88915440252128,2.0
70.96720212564173,70.40045166015625,71.60405503276596,70.99056960618798,77.296494990399,4.0
49.330382949562704,51.11655044555664,50.922837250673695,50.45659021526435,44.7310921509972,0.0
69.5653974139611,68.31304931640625,68.85428692583875,68.91091121873536,63.2166004197035,3.0
54.3215550738643,50.49263000488281,50.784496047643415,51.866227042130184,50.6070592797732,1.0
53.25496270850443,56.057064056396484,56.02493180193536,55.11231952227876,64.3423490611013,3.0
53.576914761608855,52.119415283203125,51.86737106731892,52.52123370404363,57.9099237415007,2.0
50.18758947251146,53.01458740234375,53.429929459195634,52.21070211135028,52.2139806342166,1.0
50.97321571456417,50.34565353393555,50.62573852305424,50.648202590517975,45.4801522710414,0.0
55.90275882035575,59.07844924926758,58.69952642218918,57.89357816393751,59.5061436621653,2.0
53.11077995478703,54.354644775390625,54.76764230047207,54.077689010216574,56.2113362133522,2.0
51.640931728049736,52.53085708618164,52.60507833353173,52.25895571592104,41.107150521536,0.0
53.720384174713956,56.18789291381836,56.45565856723574,55.45464521858935,46.276508231668,0.0
58.16835012918336,57.70548629760742,57.05606215100425,57.643299525931674,60.8855425864704,3.0
69.79541051870275,69.14155578613281,67.36506370207941,68.76734333563833,77.1660819095205,4.0
48.535591341045574,50.14400863647461,50.5055287940858,49.728376257201994,46.0123223029117,0.0
64.12989419555251,65.66368865966797,67.26467736285015,65.68608673935688,65.3870083116941,3.0
57.72847575570362,58.53987503051758,58.73244460435012,58.33359846352378,59.4097367031075,2.0
75.06057585352433,78.3526611328125,77.45886752323443,76.95736816985708,79.5880685025284,4.0
51.57007011791213,53.33986282348633,52.46749303387144,52.45914199175664,54.2839350458034,1.0
70.19882192557536,68.92346954345703,72.24063421446994,70.45430856116745,64.9422377946146,3.0
57.047442506544236,54.720516204833984,54.78301184070309,55.5169901840271,68.0784618250475,4.0
67.06713236272289,67.84368896484375,67.36386814993668,67.4248964925011,73.3353069801944,4.0
53.412161049353514,53.03697204589844,53.64765798318928,53.36559702614708,43.401187057172,0.0
70.412985343729,70.43766021728516,70.11899730945231,70.32321429015549,74.20815837498,4.0
57.0286799388625,55.660316467285156,54.46013595676753,55.716377454305054,61.4105940851314,3.0
71.59547623090747,76.41876983642578,71.8083661328696,73.27420406673427,80.0771019724761,4.0
50.87313233658805,50.55500411987305,50.09516420783561,50.5077668880989,58.5863461959508,2.0
54.50373139417083,57.66331481933594,57.813891324837876,56.66031251278155,44.3273854362588,0.0
60.127890687963045,64.29918670654297,62.2541565030275,62.22707796584451,67.64766040982,4.0
54.53225420896342,54.77379608154297,54.5376896544318,54.61457998164607,55.6223947316558,2.0
70.80767422943113,69.36773681640625,72.33000983807895,70.83514029463878,77.8658286621415,4.0
54.4386901831744,52.86935806274414,53.07001622762088,53.45935482451315,53.372390596387,1.0
52.60001391691888,56.686668395996094,54.19669065726251,54.49445765672582,49.4245058366544,0.0
50.96708426032568,50.533973693847656,51.14127802367761,50.88077865928364,53.2127591688505,1.0
54.94387520671341,54.17301940917969,55.25251631133339,54.78980364240883,59.917559671202,2.0
55.207184199450516,55.636260986328125,55.83473322818776,55.55939280465547,40.0845407407597,0.0
55.58054817651658,55.36302947998047,54.568045925007674,55.17054119383491,53.2832753684669,1.0
55.99683152153389,57.71461486816406,56.6521830315537,56.78787647375055,63.9959787438297,3.0
69.18490999047717,68.20035552978516,66.61595459390381,68.00040670472204,80.1831457595256,4.0
45.78272693912982,48.0792236328125,46.682588570973095,46.84817971430514,47.6237030325117,0.0
61.128838661135354,59.63090515136719,59.90382189588298,60.22118856946184,63.3132689081141,3.0
54.285229857434096,55.10057830810547,54.32606977830566,54.570625981281744,51.3902877340332,1.0
71.85220885629923,72.06298065185547,71.39650776331975,71.77056575715814,72.1077963401654,4.0
67.83197811877618,67.79529571533203,69.6100400895336,68.41243797454727,66.6217002955373,3.0
51.40281931945356,54.187808990478516,54.13034241864593,53.24032357619267,48.1807145115157,0.0
67.88842178261224,69.47856903076172,69.12833420170922,68.83177500502772,68.6823876215908,4.0
55.50252207460035,55.653343200683594,56.39948786806997,55.851784381117966,51.6185460477725,1.0
50.8730454819628,52.92662811279297,52.3489867049772,52.04955343324431,50.0168566044988,1.0
60.316488198902896,60.527069091796875,59.67575701264039,60.173104767780046,63.5810238067419,3.0
52.25744892290101,53.603633880615234,53.53157041868005,53.13088440739876,75.3095944105818,4.0
72.24760349121912,69.92981719970703,69.73710853646081,70.638176409129,72.5337136325051,4.0
72.3513274888398,68.81898498535156,68.92634317717204,70.03221855045446,70.6690123267455,4.0
52.22080154096761,54.411956787109375,54.45413131036429,53.69562987948043,63.4123686071962,3.0
50.51856207315674,53.15096664428711,52.733367510748494,52.13429874273078,54.171399760529,1.0
72.17627821109045,72.21914672851562,71.43737296756855,71.94426596905821,65.0707405400851,3.0
65.54124863569784,66.74080657958984,67.36944318915141,66.55049946814637,60.5411451835491,3.0
51.32943731534824,56.417015075683594,55.75659206061603,54.501014817215946,59.6896873504194,2.0
50.682828417415074,49.904449462890625,49.92565641570892,50.17097809867153,50.3523367633004,1.0
53.42089977666865,55.030216217041016,55.62963933974099,54.69358511115022,44.761437324518,0.0
41.13254106891194,47.21575927734375,48.10962565430128,45.48597533351899,57.9259373264185,2.0
48.78196137808339,49.33163070678711,50.021851675873656,49.378481253581384,42.5440599126651,0.0
58.73302475822524,58.22163391113281,58.164428508934755,58.37302905943093,68.0062593873505,4.0
60.9135270800064,62.67234420776367,60.36569813609387,61.317189807954655,74.1978046280409,4.0
54.95169728622795,55.17099380493164,54.14500016726374,54.75589708614111,53.7617036506304,1.0
57.2104382258785,59.9586067199707,59.67966399935083,58.94956964840001,49.6553802283684,0.0
76.36237558468834,75.91157531738281,73.81675329009323,75.36356806405479,77.4475655120523,4.0
54.91201510860347,55.897178649902344,55.386472705373535,55.39855548795979,52.2944877041633,1.0
58.75353177124587,62.32155227661133,59.43488054662606,60.16998819816109,55.4980789381692,1.0
56.97029599051988,52.728816986083984,52.15038069437621,53.949831223660034,56.999034894252,2.0
72.39378532725863,70.81082916259766,70.74208446880252,71.31556631955293,69.1752172390518,4.0
53.173824535784185,53.45237731933594,54.60655704652223,53.744252967214116,54.589085254671,1.0
53.765874414765634,54.02219772338867,53.76558376402631,53.85121863406021,51.796028044405,1.0
48.54378432118251,51.08283996582031,50.811884559563424,50.146169615522076,48.6757769176416,0.0
72.29777149643265,72.91236877441406,72.14643460523162,72.45219162535943,67.9100104730833,4.0
54.05306390980175,52.825557708740234,53.04594596671594,53.30818919508598,53.1395548368032,1.0
54.880856470142824,53.48711395263672,54.57023769737858,54.312736040052705,63.8441774604369,3.0
67.53825480927848,69.21090698242188,69.14867992470423,68.6326139054682,73.9041532266797,4.0
68.33162246670798,67.67628479003906,66.83789317701799,67.61526681125501,67.110911523573,3.0
71.8669600362783,69.55547332763672,70.63471996237152,70.68571777542884,77.593156666013,4.0
69.09638955303922,68.36426544189453,68.46448454482243,68.64171317991872,61.3948962587824,3.0
53.73920856868613,54.79166030883789,54.56894278608193,54.36660388786865,63.1065987817007,3.0
51.871852678438195,51.249977111816406,51.14919822919256,51.42367600648239,56.2189824458273,2.0
51.75234399660082,52.76673126220703,52.32040785175991,52.279827703522585,53.064421072706,1.0
57.78120981960502,57.776268005371094,57.68428573796496,57.747254520980356,54.0105669041939,1.0
68.82476262447697,68.98453521728516,68.30315901516008,68.70415228564075,58.4934190503215,2.0
53.694287532904504,53.233848571777344,52.25212129650424,53.06008580039536,54.2167709820664,1.0
51.2652648122936,49.69619369506836,51.086028328938006,50.682495612099984,43.0575003829568,0.0
57.96906043538671,58.74941635131836,59.3336160402887,58.684030942331255,59.1245859878769,2.0
60.79615469991016,62.80084228515625,63.71685981991753,62.43795226832799,55.9858827226965,2.0
71.5654839138177,71.13291931152344,72.08212531418859,71.59350951317657,86.1683375639946,4.0
47.19940385732719,49.348453521728516,50.52452249828917,49.024126625781626,48.7603673762673,0.0
70.42183189496983,68.47440338134766,69.04271226333476,69.31298251321742,69.4004514052692,4.0
54.35073606426036,54.35838317871094,54.420632259033404,54.37658383400157,58.4386825271573,2.0
61.39445718270412,59.66091537475586,58.594427854290245,59.88326680391674,52.7448337858899,1.0
75.92824251671433,74.54199981689453,74.5526914472031,75.007644593604,74.3845756329774,4.0
55.28449598525516,55.51036071777344,56.314564393632324,55.703140365553644,50.2932314512977,1.0
50.72448176707578,54.45219802856445,53.99500803543244,53.05722927702422,56.4364132149561,2.0
59.65990522785916,60.539161682128906,61.40914021608138,60.53606904202314,60.8351348361646,3.0
67.43670330886752,69.95781707763672,69.70912459206689,69.03454832619038,71.667659040829,4.0
55.463396919133324,51.09523391723633,50.9519958936167,52.50354224332879,60.0340394046584,2.0
53.314584820603116,56.219139099121094,55.52855125094996,55.02075839022473,51.0277846474202,1.0
52.62970087351941,51.65697479248047,51.488469374226135,51.92504834674201,50.7770738882715,1.0
57.10360313810313,53.568294525146484,53.34802138959288,54.67330635094749,61.1464002695373,3.0
50.43411371790909,52.08167266845703,51.76459849967156,51.426794962012565,59.2281496918348,2.0
54.37003216667761,51.546104431152344,51.21295668611997,52.376364427983304,58.0879173001554,2.0
68.35127469404812,69.27183532714844,67.895616057649,68.50624202628185,62.4902883173702,3.0
52.681609816130006,51.223289489746094,50.96816717641604,51.62435549409738,49.1686540106018,0.0
50.903785755339925,52.69108581542969,52.89941152992932,52.164761033566315,43.525658666654,0.0
71.98465612262976,71.24844360351562,71.83332731133612,71.68880901249383,76.7742561749318,4.0
48.184998247275075,48.99482727050781,50.31313997812253,49.16432183196847,41.3444804051105,0.0
53.1218405288064,53.8702507019043,53.701181628429765,53.56442428638015,46.723458533114,0.0
49.472395496541445,50.080650329589844,49.90470189336377,49.819249239831684,53.7873581430681,1.0
69.78739195137912,69.3155517578125,69.19028197620422,69.43107522846528,65.3021065557763,3.0
52.58691837450293,55.15658187866211,54.00152727166176,53.91500917494227,53.8847123274571,1.0
77.35481710535524,75.79339599609375,74.11484386160461,75.75435232101786,68.3947995351412,4.0
49.17510527311892,46.67702865600586,46.24763250189398,47.366588810339586,49.3908411132388,0.0
69.67749934496297,71.27630615234375,71.39314248388006,70.78231599372894,72.8878897957671,4.0
72.0378594821077,77.09136962890625,76.70345966567321,75.27756292556239,74.0719673163916,4.0
75.13310267292944,76.93441772460938,75.66106163191046,75.90952734314975,75.3222542427986,4.0
69.80369739188936,69.3712158203125,69.30852391920664,69.49447904380284,70.8720241499053,4.0
52.33019710747481,53.32280349731445,55.05753446959949,53.57017835812959,56.3174092067017,2.0
57.19488538137344,56.49476623535156,57.513554036476314,57.06773521773377,52.5565697058579,1.0
54.440916625546855,56.022342681884766,55.69437592491695,55.38587841078285,51.2830769246511,1.0
48.60922800076824,49.340335845947266,48.49463521117425,48.81473301929659,41.0288411729185,0.0
54.07627852752098,54.24186706542969,54.80967314583221,54.375939579594295,53.1059679432667,1.0
68.77555147928273,67.73719024658203,67.7307506682918,68.0811641313855,66.2265111293947,3.0
67.2340378880172,68.84636688232422,68.79664860315917,68.2923511245002,60.3952969829243,2.0
76.43501945519272,77.03968811035156,75.78837512606705,76.42102756387045,83.0034132011353,4.0
55.87519785592089,56.99557876586914,58.20810617201189,57.02629426460064,51.0595812201635,1.0
66.9992854359853,67.11042785644531,66.81189079682882,66.97386802975315,71.4482678967714,4.0
73.88202370680847,73.28343963623047,73.23492219531697,73.46679517945195,71.3644891082658,4.0
61.97450073798831,62.175540924072266,62.97957661106491,62.37653942437516,63.9867480734878,3.0
53.40964589260118,51.36977005004883,51.60213616282621,52.12718403515874,47.9774754323631,0.0
46.60815685658528,48.40463638305664,48.637732019469055,47.88350841970365,47.8101507134586,0.0
56.26849101584621,53.5948600769043,55.007872702257956,54.957074598336156,43.7813521234652,0.0
55.463396919133324,51.09523391723633,50.9519958936167,52.50354224332879,60.0340394046584,2.0
70.28022963561595,71.22100830078125,70.58718523211346,70.69614105617022,70.1287282284586,4.0
56.7673102944749,54.56524658203125,54.84809093266315,55.3935492697231,57.0084782397089,2.0
77.90561930422781,75.71247863769531,75.00903227415345,76.20904340535888,74.4218120457676,4.0
63.228032029519845,63.27122497558594,62.82301992181802,63.10742564230794,64.7904987644197,3.0
50.450122449274296,52.65446472167969,53.090603471547205,52.065063547500394,52.3554878606171,1.0
53.531335889346906,53.686458587646484,53.744696161802146,53.65416354626518,55.0328367056402,1.0
62.201291164954505,62.51327896118164,62.96524129965031,62.55993714192882,65.5363668693897,3.0
75.26496819468854,74.67180633544922,73.49986642699311,74.47888031904363,69.0445275264851,4.0
51.02817722282776,50.33696365356445,51.21673001588264,50.86062363075828,45.9291691888005,0.0
54.35714924799724,51.98025131225586,55.762698818867534,54.03336645970688,63.8122516381191,3.0
50.72720538663239,53.99274444580078,53.087255472886746,52.60240176843997,62.4426665035245,3.0
55.44202931912952,55.11386489868164,55.717767379642076,55.42455386581775,56.4152066725033,2.0
54.027969430103944,54.23564529418945,52.1776140938328,53.480409606042066,60.458133656301,3.0
53.630762321374036,53.34574890136719,54.06866909539173,53.68172677271099,60.2438664013504,2.0
54.22415390463439,53.190528869628906,52.28223384262585,53.232305538963054,52.5713547920413,1.0
55.92054325658525,55.28444290161133,55.197378864770975,55.46745500765584,58.243649807256,2.0
57.56064577880139,58.824951171875,58.72167920021865,58.36909205029835,48.9207306606832,0.0
66.7952349354031,67.73798370361328,68.44999899725933,67.66107254542523,69.6843222498879,4.0
57.7450370807064,55.09808349609375,54.84853045404888,55.897217010283015,39.6821123069534,0.0
57.15475537223718,58.56449508666992,58.46577665647042,58.06167570512584,56.1121832713304,2.0
49.817263925750694,50.22437286376953,51.33357306907729,50.45840328619917,38.0689294184738,0.0
49.97482956710035,52.571353912353516,51.569197601723324,51.37179369372573,45.7427567412584,0.0
56.46824193575922,56.06271743774414,57.82360427298674,56.784854548830026,53.1719196734325,1.0
47.386380855055386,49.79752731323242,49.80658948379152,48.996832550693114,52.768148954364,1.0
61.75750319704598,63.059364318847656,62.94877987219974,62.58854912936446,62.9948150342239,3.0
46.81700190413863,48.6087760925293,49.692108833959324,48.372628943542416,47.3634638408788,0.0
53.64144544136366,53.744354248046875,52.5543650432801,53.313388244230204,48.3219568283169,0.0
58.54259178176866,57.540775299072266,60.535084772301694,58.87281728438088,69.4819445249146,4.0
52.77269449451399,53.02360153198242,55.72547424087872,53.840590089125044,53.2907623352735,1.0
57.59232654502866,57.52876663208008,57.277730370295856,57.46627451580154,62.4999084544827,3.0
47.66482955891575,49.74167251586914,50.2410022417289,49.21583477217126,42.5209665673312,0.0
57.58720815901019,54.756404876708984,54.16871307357422,55.504108703097806,60.238924082525,2.0
69.36946333701835,69.37699890136719,67.79061900289072,68.84569374709208,69.4150355919565,4.0
75.16733029778916,72.21662139892578,71.34205789518148,72.90866986396547,72.491596775236,4.0
72.95036549527747,72.29364776611328,71.60253634988702,72.28218320375926,73.4631271496855,4.0
67.73399956166737,68.37545776367188,67.01230090503412,67.70725274345779,74.388933574017,4.0
51.56998271327205,53.23339080810547,54.68471888460048,53.16269746865933,54.419158307456,1.0
54.39596846192917,53.756065368652344,54.162744042988834,54.10492595785678,55.0328367056402,1.0
57.30467417036109,56.8104133605957,58.0697613073755,57.39494961277743,53.9998460924997,1.0
61.2988710063928,60.60222244262695,60.872251414069154,60.924448287696315,49.5498324585373,0.0
59.79891734713088,58.299842834472656,59.41111854439378,59.169959575332435,67.7000484692314,4.0
57.027782579679965,54.75995635986328,57.70791068634936,56.498549875297535,72.6183278502004,4.0
61.70511625141626,59.81645965576172,58.18521857341106,59.90226482686302,66.9285077871639,3.0
44.09741399326642,46.86962890625,47.635314366095734,46.20078575520406,43.9003554673344,0.0
58.46844349242441,57.64692687988281,57.45342624586112,57.85626553938945,57.0367408025212,2.0
74.16638425103766,74.39786529541016,74.57175368057854,74.3786677423421,79.747651627237,4.0
56.59458297926172,60.561729431152344,60.76224226052385,59.306184890312636,59.8980270584866,2.0
73.13336365925363,68.71778106689453,70.84067843332485,70.897274386491,61.2974890869466,3.0
56.79285932398526,56.99283981323242,57.010137158167026,56.9319454317949,57.0910784081683,2.0
75.2498921968518,75.56893920898438,75.83477956298512,75.55120365627377,61.7721111445191,3.0
56.433707418355986,52.046566009521484,52.1789981132562,53.553090513711226,56.5340574143536,2.0
65.31835765350962,66.67635345458984,69.19175160978025,67.06215423929324,61.9840344491349,3.0
55.06577339985728,55.7818489074707,55.51389188542497,55.45383806425099,59.704439499096,2.0
55.210552025740895,54.441490173339844,53.566953403828805,54.40633186763651,61.5313673499253,3.0
50.23751973443336,48.86646270751953,50.648829583779396,49.91760400857743,46.6634226330078,0.0
54.11307472355742,54.95510482788086,55.33838753636667,54.80218902926831,56.806367734377,2.0
68.41561494131888,68.51068115234375,67.56584884384574,68.1640483125028,65.1789958872213,3.0
55.41684311296062,54.193443298339844,54.103725384528815,54.57133726527642,65.399426336382,3.0
54.09524571921711,55.3415412902832,54.362804638754845,54.59986388275173,69.2911467760305,4.0
64.1292774916346,65.0189437866211,67.19483916010462,65.44768681278676,66.4148214735802,3.0
75.93584029466113,75.01378631591797,74.43475327179158,75.1281266274569,82.1859669870835,4.0
51.319264712416576,51.6053581237793,51.383629010424485,51.43608394887345,56.4148690203636,2.0
57.49668332061091,59.02598571777344,58.8663760251841,58.463015021189484,65.1234833152942,3.0
54.44315861549801,53.49457550048828,54.54082341822092,54.159519178069075,53.5161647041849,1.0
56.66113705589333,54.52537536621094,54.7682647137176,55.318259045273955,52.0040696001359,1.0
67.26410554840594,69.9907455444336,72.40696601297623,69.88727236860525,66.1229504080477,3.0
57.50877183280964,55.6433219909668,55.23515949949024,56.1290844410889,67.9824901599353,4.0
55.94919259435383,54.76983642578125,55.72523758142584,55.481422200520306,49.04106494703,0.0
53.60978229722525,56.058921813964844,56.02493180193536,55.23121197104182,59.2983771699117,2.0
58.62281316058169,58.295387268066406,57.89535373986909,58.27118472283906,57.7134871670343,2.0
72.08746754542976,67.6995849609375,66.38384995930225,68.72363415522318,72.1378289668735,4.0
52.44810409176294,52.30265808105469,52.61443402395472,52.45506539892412,55.8685388050378,2.0
54.111500545032506,53.7169075012207,52.82523839462588,53.551215480293024,52.4570044653169,1.0
55.766107485263795,54.587547302246094,54.090118687494744,54.81459115833487,57.7067285370187,2.0
57.32221602844164,55.8902702331543,55.481089318136206,56.23119185991072,57.5391266680898,2.0
75.05399397951857,73.19992065429688,71.76117922965992,73.33836462115845,80.7316781912273,4.0
72.14071660600727,71.41464233398438,71.92947479412037,71.82827791137066,85.4831041523117,4.0
56.95427906218636,55.704612731933594,55.990600212608726,56.21649733557623,66.2748679107766,3.0
56.90514665809085,59.02206802368164,58.93695831140215,58.28805766439155,67.1890632743594,4.0
52.17273564545789,53.91981506347656,53.470603692353436,53.18771813376262,52.8603527409581,1.0
78.11667084500849,76.33698272705078,75.7872277075357,76.74696042653164,68.7343641372207,4.0
58.54320248124015,59.542503356933594,59.07494532941272,59.053550389195486,57.1384061413496,2.0
54.81231147852678,55.11709213256836,54.70144123566785,54.876948282254325,46.1357614853369,0.0
66.99096237286597,71.00455474853516,71.17834275520737,69.7246199588695,73.4260518643198,4.0
56.625710786170714,59.70505142211914,59.44670860640064,58.5924902715635,58.3799292676277,2.0
56.69019954585104,54.6494026184082,54.56189293198684,55.300498365415365,64.51158893035,3.0
58.18271632996915,59.81454849243164,57.85883753359329,58.61870078533136,50.3512583466368,1.0
71.40730692265699,70.24308776855469,68.54473543888062,70.06504337669743,81.6152353811423,4.0
52.085893161983314,55.790828704833984,55.89641807172104,54.59104664617944,47.1585109501945,0.0
56.73677091906153,57.307029724121094,58.15464397432139,57.399481539168,55.8131453235717,2.0
49.85937515646257,50.70872116088867,51.71854358677892,50.762213301376725,49.1694851930989,0.0
55.45278980066217,54.59236526489258,53.89488008467918,54.646678383411306,60.2470582870423,2.0
56.10748745190255,56.72481155395508,56.57183023847447,56.46804308144403,56.576126438117,2.0
70.8025053715253,71.63964080810547,71.58323986501392,71.34179534821489,75.1853910927699,4.0
55.65791551054262,56.97692108154297,58.501719605250585,57.045518732445395,49.0960746902453,0.0
50.086610501048476,50.46062469482422,51.09064697676585,50.545960724212854,44.4931543302749,0.0
50.23394766984412,50.28895950317383,52.181662814133816,50.9015233290506,51.465318623746,1.0
74.21840590347541,77.11726379394531,75.17380012148988,75.50315660630353,72.6344911547096,4.0
50.74636735017292,52.243011474609375,52.51667590109575,51.83535157529269,46.4909560975349,0.0
74.68320674225431,74.76760864257812,75.36422270265139,74.93834602916128,68.4929983138702,4.0
53.30409702750263,54.17964172363281,55.47695798825411,54.32023224646318,48.0105882719574,0.0
49.97510923482647,50.41466522216797,49.33949927004181,49.909757909012086,44.8100178097957,0.0
49.231172797596734,50.44951629638672,48.84582035630671,49.50883648343006,46.2658624425778,0.0
72.21760758888554,71.70845794677734,73.24158881553224,72.38921811706503,68.445517220471,4.0
64.95884899191675,63.96382141113281,63.95313929385405,64.29193656563454,68.0327484105079,4.0
51.17434978682623,54.16981506347656,52.70265905914957,52.68227463648412,44.755622282599,0.0
55.80011579025196,53.727848052978516,53.67008397883897,54.399349274023145,59.0141722315612,2.0
57.169664598278516,57.36147689819336,56.1698284218426,56.900323306104816,64.8067244768349,3.0
59.18062230755325,56.847923278808594,56.03787785246504,57.355474479608965,55.6249868384921,2.0
51.31387128252583,52.8457145690918,53.032136675736936,52.39724084245152,49.2395776872792,0.0
69.02123958514073,68.07723236083984,68.47369783907737,68.52405659501932,67.2571119649058,4.0
51.71573667691133,52.68696212768555,53.072949554198125,52.491882786264995,41.5831363663199,0.0
59.40329664050267,56.83807373046875,55.99613740681968,57.412502592597036,52.5460312076802,1.0
52.8706661733021,53.24758529663086,53.564271096519455,53.22750752215081,53.4310439053785,1.0
58.88063378766701,55.820823669433594,54.20655892395238,56.302672127017665,53.7595571464684,1.0
55.45794804437081,53.996673583984375,54.76764230047207,54.74075464294242,62.6710305500987,3.0
54.51632768957384,52.96604919433594,52.86286335954605,53.44841341448528,51.3694363236845,1.0
67.74496914198201,67.73973846435547,68.78976580260765,68.09149113631504,69.4172755656773,4.0
50.00115642236168,52.78297424316406,50.786737107422624,51.190289257649454,47.2203186678564,0.0
73.4450384771605,75.80584716796875,77.58064268326265,75.6105094427973,70.166695355452,4.0
48.10554305869939,48.226661682128906,47.1033949137476,47.8118665515253,52.4915893533586,1.0
54.462360322735236,53.48512649536133,54.34310080862439,54.09686254224032,61.5791240614765,3.0
46.271210033927005,48.5382080078125,48.259378573486565,47.68959887174202,49.1348978238112,0.0
56.671739500166474,55.70223617553711,56.03702333100554,56.13699966890304,73.2200110416275,4.0
51.187097923416886,52.01215744018555,52.02349128312508,51.740915548909165,54.6520518839579,1.0
52.11502887679658,50.2540168762207,48.277423117917024,50.21548962364477,48.5838562016134,0.0
57.46917290002184,54.96003723144531,54.11210597798287,55.513772036483346,58.7094827846864,2.0
55.06808080548591,54.87356185913086,55.75893438205551,55.2335256822241,52.9328664060212,1.0
51.17682642273606,50.584716796875,51.30572664137388,51.02242328699498,59.4122392061378,2.0
52.86173283171801,53.256996154785156,52.41707122727639,52.845266737926515,58.7580576297962,2.0
57.88135885087027,55.5606803894043,55.09796461527509,56.18000128518322,67.7197426291323,4.0
57.458395774425504,54.63642120361328,54.085796124518055,55.393537700852285,54.2975393221061,1.0
52.91849862724715,53.584007263183594,52.43885769425273,52.98045452822783,49.2782029181153,0.0
67.40797841213502,67.46642303466797,68.24433972366742,67.70624705682347,62.9899598176413,3.0
72.56259613795888,68.448974609375,68.18674615779105,69.73277230170831,76.8512262388788,4.0
47.73389575314696,47.0516357421875,46.722928496036985,47.16948666379048,51.75473437417,1.0
57.17905883568173,56.7140998840332,56.690698891694524,56.86128587046983,48.4268662451225,0.0
56.09573454865433,56.07017135620117,57.154047309671206,56.43998440484223,51.388447390517,1.0
58.03081086764095,54.386985778808594,55.33534529403971,55.91771398016308,55.3330743601581,1.0
59.690111392636574,58.621009826660156,58.95552119826079,59.08888080585251,54.038133178678,1.0
50.20924242058021,51.28657150268555,52.41767777514199,51.30449723280258,54.2946434415404,1.0
70.1878128166825,69.38516235351562,69.90445725718986,69.82581080912932,68.3034136314114,4.0
61.96515068156443,61.32870864868164,60.64848298810543,61.31411410611717,59.7315814577403,2.0
60.478785464896646,57.275028228759766,57.46963149189454,58.40781506185032,57.1365180091875,2.0
72.91631749389221,71.57609558105469,72.27826163542892,72.25689157012528,58.88915440252128,2.0
55.665174811360366,53.37582015991211,52.0851439939146,53.70871298839569,53.6764085979733,1.0
69.32786288506527,69.44384002685547,69.2109805215099,69.32756114447687,62.4231634696886,3.0
53.56014678548989,49.430110931396484,49.59441498525028,50.861557567378895,46.9113167949138,0.0
57.2199211368583,62.14075469970703,60.934884769491916,60.098520202019095,68.5422131813838,4.0
61.67265503507263,64.57819366455078,65.12848342992724,63.793110709850225,65.060409946626,3.0
59.188293118983445,57.60320281982422,56.66174789753777,57.817747945448474,54.6312218363611,1.0
70.26151270284255,70.71212768554688,71.35218483948198,70.77527507595714,73.5436147042199,4.0
55.25200013763115,54.91720199584961,55.191566098648906,55.12025607737656,62.9358224362423,3.0
58.033996267469156,55.49191665649414,56.06485177076791,56.53025489824373,55.5102412358281,1.0
75.44363607164829,73.36540985107422,72.34983063127709,73.71962551799987,81.0961364871283,4.0
49.92442870604479,50.88916015625,52.30514047461509,51.039576445636634,44.2200667518524,0.0
72.3190942041073,73.5441665649414,72.20871572796628,72.69065883233831,67.885956192187,4.0
74.87833059880381,75.10204315185547,75.44708563813182,75.14248646293036,76.8516858441043,4.0
77.38891499047395,72.48245239257812,71.44397288756913,73.77178009020707,80.0841883191115,4.0
50.19615695910743,49.67490005493164,49.385712079411526,49.752256364483536,51.7960894389266,1.0
47.73389575314696,47.0516357421875,46.722928496036985,47.16948666379048,51.75473437417,1.0
60.708562780826625,60.35105895996094,58.797742975158584,59.952454905315385,66.2957439351678,3.0
58.68968887315231,55.9703254699707,55.7335814633973,56.797865268840106,59.4802274726562,2.0
52.67235161598362,52.393741607666016,52.61305316472267,52.55971546279077,55.7296150584556,2.0
51.474745980927075,50.670223236083984,53.13002816783859,51.758332461616554,50.5227525052397,1.0
52.76240989589476,54.43803787231445,54.29309525087139,53.831181006360204,60.1971608523781,2.0
47.13167005285212,47.952964782714844,48.30790800655876,47.79751428070858,39.2872507261097,0.0
68.16380095297504,69.53265380859375,69.21618091131464,68.9708785576278,66.838264196412,3.0
66.0164544274428,64.07178497314453,66.28344078282532,65.45722672780421,64.4709631706624,3.0
70.57751239296535,71.68367004394531,71.74235153533664,71.33451132408243,66.5827639168155,3.0
58.64537634362091,58.494712829589844,59.47023023653414,58.870106469914965,65.3415235522119,3.0
60.95197123576229,57.52314376831055,57.95241337403092,58.80917612603459,59.2528103266895,2.0
67.77509918902199,67.30741119384766,66.44672330062645,67.17641122783203,69.5618703573411,4.0
68.61327221509718,68.81587219238281,67.97808546061759,68.46907662269919,73.2025880989704,4.0
62.50780157497172,61.30188751220703,60.66649430020877,61.492061129129176,65.1730399623755,3.0
56.00663612150086,55.20402908325195,54.594245123908856,55.26830344288723,60.4450634632405,2.0
59.76790845403291,57.29009246826172,56.86030551732611,57.97276881320692,62.9786278782228,3.0
54.38662766095855,54.317989349365234,55.44411877089343,54.71624526040574,49.4566596725117,0.0
61.34334733748663,60.33143615722656,60.55018390761935,60.74165580077752,57.2519102001627,2.0
56.36513441421904,53.36144256591797,53.345129722102996,54.35723556741334,54.4116448982254,1.0
66.2909773257521,68.06359100341797,67.87948451095716,67.41135094670908,84.01721546499,4.0
47.98085185686185,50.418968200683594,51.76440436750415,50.05474147501653,43.5062626589659,0.0
72.84603143569944,71.56937408447266,73.04496247397378,72.48678933138197,65.3832601748337,3.0
77.62904182877989,76.1865234375,74.69140211968325,76.16898912865436,78.2136747482544,4.0
72.2353187102868,71.66853332519531,71.33889859421282,71.74758354323164,70.2651261618404,4.0
73.5956291236619,71.05587005615234,71.26016593132634,71.97055503704685,70.6811712593436,4.0
57.14227007181014,55.3151969909668,55.20416564499351,55.88721090259015,54.5205133811042,1.0
71.33745853975583,72.58256530761719,71.02609840801489,71.64870741846264,66.5067071457441,3.0
57.97718015862139,59.06684875488281,58.38478759673386,58.47627217007935,62.2707106405425,3.0
62.76515765315937,62.98442077636719,65.30745128730914,63.68567657227857,61.4258864198326,3.0
59.61898909554755,58.949893951416016,59.700716896540165,59.423199981167905,70.0155061824926,4.0
51.20836192381769,53.125160217285156,51.68892157474875,52.007481238617196,54.2726694278998,1.0
69.10345588126519,70.51846313476562,70.67500365092367,70.09897422231815,65.1903816404288,3.0
52.97769322529212,50.71937561035156,51.955094208237504,51.884054347960394,52.648547684917,1.0
51.90917238366875,51.8646354675293,53.12445936028883,52.29942240382896,52.9212369957252,1.0
55.533888717496325,60.76860046386719,57.33298126769462,57.87849014968604,63.1758864712687,3.0
59.37295541628668,57.81801223754883,57.624806242367406,58.271924632067645,70.2387051199064,4.0
71.39755095575711,71.06376647949219,69.69903439542536,70.72011727689154,74.5112695743027,4.0
54.363561182489384,54.71556091308594,54.953639060085806,54.67758705188704,44.8745088295039,0.0
55.905386090662745,55.86244201660156,53.69880284683577,55.15554365136669,60.2470582870423,2.0
58.71347510783016,59.49077606201172,57.876612723791034,58.693621297877634,75.2647324307877,4.0
50.98843071532245,50.842464447021484,50.66192735310214,50.830940838482036,59.7952867276292,2.0
56.82614514722157,57.56092071533203,57.58945131411291,57.3255057255555,58.4185449872184,2.0
74.30672430681194,70.1339111328125,68.73500591833626,71.05854711932024,66.8675401285813,3.0
52.56249782023954,51.80898666381836,52.04228164890258,52.13792204432016,49.2563638359204,0.0
57.21147934802803,56.969112396240234,56.36161055508953,56.8474007664526,63.9424241664599,3.0
55.207088031365835,55.97002410888672,55.75659206061603,55.6445680669562,46.0041599879573,0.0
55.704495619679946,53.79448699951172,56.82318369654195,55.44072210524454,47.5033976172528,0.0
55.73242707872169,54.676605224609375,54.39187743853564,54.93363658062224,57.5391266680898,2.0
69.89207739118228,70.94667053222656,69.47788081216751,70.10554291185879,66.60457160254,3.0
52.876038996752634,51.10026931762695,52.10263855881613,52.02631562439857,47.8691595969616,0.0
56.81693667370092,55.043575286865234,55.70792062919021,55.856144196585454,60.430327221098,2.0
69.88681665341885,69.41854095458984,68.97748397483429,69.42761386094766,70.1952515991575,4.0
48.8727066814132,52.17992401123047,51.49279587806156,50.8484755235684,42.2535050941615,0.0
46.79483974859765,50.16051483154297,49.81435543361473,48.92323667125178,56.9214457099932,2.0
52.60873221541506,54.728145599365234,54.81225000114887,54.04970927197638,52.2944877041633,1.0
53.923408054738786,58.3009147644043,56.6167342643572,56.28035236116676,59.447670783821,2.0
55.45726107473772,54.44713592529297,54.32309902607728,54.742498675369326,53.0977425449696,1.0
53.62951310260052,50.73394775390625,49.57967713435064,51.31437933028581,37.5534189753485,0.0
58.939220135315736,58.447166442871094,58.164428508934755,58.51693836237386,53.0213038818849,1.0
52.54686750886915,52.45905303955078,52.73381031346076,52.579910287293565,53.6501725686602,1.0
48.577729663675946,51.00665283203125,50.52375826194987,50.03604691921902,49.9635826226776,0.0
49.41477364547193,49.93976974487305,49.45680965577228,49.60378434870575,52.5931930228238,1.0
74.4378945760234,72.85733795166016,73.17925548438907,73.4914960040242,70.0717924996093,4.0
71.59113241058081,72.67444610595703,72.11015230373798,72.12524360675862,66.0513779142899,3.0
59.203950098677716,57.49919891357422,57.32618372467168,58.009777578974536,66.5113030380478,3.0
69.6759698079654,69.48157501220703,71.33499833714114,70.16418105243785,77.5088978960657,4.0
51.542866742919124,51.74208450317383,51.960371668638324,51.74844097157709,56.0433350508266,2.0
59.434309532965976,57.29060363769531,57.21882641617931,57.98124652894686,56.3726626116394,2.0
61.15566603656207,56.50347137451172,56.51461031439295,58.057915908488916,61.0510760756517,3.0
63.827056230270244,67.53328704833984,66.98073412230369,66.11369246697126,57.3936982463521,2.0
69.68410335907686,71.5254135131836,72.3027146433174,71.17074383852595,71.0334370017784,4.0
57.2070879901851,54.49496841430664,56.52710151099743,56.07638597182972,64.2638222622566,3.0
55.44731244137134,52.856178283691406,53.13534861748147,53.81294644751474,51.2769653068029,1.0
59.18769560123908,57.11232376098633,56.53686955182147,57.612296304682296,56.1651475319637,2.0
55.53081038694499,53.7741584777832,53.63456483121836,54.31317789864885,49.2834345766369,0.0
55.552661154207,55.867759704589844,55.72771663707313,55.71604583195665,52.8007936881215,1.0
51.20210298734576,52.66149139404297,53.26282182247032,52.37547206795302,56.1669251073683,2.0
52.552165332061165,53.708953857421875,53.59084787762641,53.283989022369816,53.1345835249363,1.0
59.41176613796495,59.564453125,59.848522282703584,59.60824718188951,65.5957382308593,3.0
67.48816073678859,67.82746124267578,68.15952393169238,67.82504863705225,62.4941055648712,3.0
76.98067979514884,83.56623077392578,75.48424820680611,78.67705292529358,70.2049530408158,4.0
54.556925662899964,53.96129608154297,52.74233618605449,53.753519310165814,56.8227358360456,2.0
52.311365862826435,51.99466323852539,53.47779994042094,52.594609680590914,45.2374841033015,0.0
54.540814552876434,50.845603942871094,50.19916704232575,51.861861846024425,52.1493259163896,1.0
71.73645516208909,71.1221694946289,71.72774482187337,71.52878982619713,71.0664365273044,4.0
54.9900102756167,54.57047653198242,55.79446249907079,55.11831643555663,47.9903825885301,0.0
71.9287253453088,72.12551879882812,72.41090290893104,72.15504901768932,80.2094303584152,4.0
49.86192545120296,49.38945770263672,50.226903679607204,49.82609561114896,53.0850902623832,1.0
53.887685106558386,55.9316291809082,56.36739741642362,55.395570567963404,66.2447779279032,3.0
70.02713310773606,71.56333923339844,71.54564586075116,71.04537273396188,74.2057371934619,4.0
55.118638623213265,53.21035385131836,53.390845396216406,53.90661262358268,57.1324997121978,2.0
57.62545124100783,55.85171890258789,56.177775976977856,56.55164870685786,60.6590123669874,3.0
64.253989967428,66.56584167480469,67.93206972895268,66.25063379039513,70.4258728764783,4.0
56.12165929098602,59.95135498046875,57.07883312925569,57.71728246690349,56.4768884713325,2.0
68.75156381299601,70.98676300048828,69.50874515709734,69.74902399019389,75.7440735043772,4.0
67.82820366440285,67.85218811035156,68.06259761902169,67.91432979792536,64.6238341123345,3.0
69.53251672665746,68.43429565429688,69.00384282745964,68.99021840280466,73.8098290176691,4.0
74.4906292723206,76.8892593383789,74.5741644474919,75.3180176860638,75.7378277929066,4.0
67.42471736213272,65.80461120605469,65.61465735065075,66.28132863961271,67.1930644789035,4.0
73.83979587153726,72.55387878417969,73.5163032770158,73.30332597757759,62.5644623458254,3.0
49.06729086581906,53.856964111328125,53.866451558170276,52.26356884510582,55.8765152364276,2.0
66.3644172884175,68.1630630493164,67.14281763099038,67.22343265624143,62.6055929896323,3.0
56.340121408291516,54.91891098022461,55.798829985882186,55.68595412479943,58.0220508946927,2.0
55.60652405926047,54.60124969482422,55.97138685202848,55.39305353537106,52.3194639236364,1.0
65.73895525700995,68.08724975585938,67.38547846180083,67.07056115822338,70.4646462406767,4.0
69.95640950279234,71.2841567993164,70.22811027306062,70.48955885838978,65.3026510406818,3.0
56.93066623976859,57.03810501098633,57.121110320233036,57.02996052366266,70.2162049308716,4.0
75.93584029466113,75.01378631591797,74.43475327179158,75.1281266274569,82.1859669870835,4.0
53.82453365818733,55.125953674316406,54.8884604886477,54.612982607050476,58.9269037079236,2.0
68.22810299875201,73.13031768798828,71.81087561198238,71.05643209957422,65.1251047454441,3.0
62.59724533743708,60.123111724853516,60.383715189938734,61.0346907507431,62.0561128441807,3.0
61.656463304686014,60.93599319458008,60.95549616170756,61.18265088699121,74.1518129705462,4.0
51.90286632910215,53.83580780029297,54.347159311027156,53.36194448014076,55.2112331072735,1.0
47.59166316372605,52.425323486328125,52.48147574724487,50.832820799099686,59.5248051914912,2.0
68.48952176787266,72.13015747070312,71.59322557283905,70.73763493713828,71.0027169702468,4.0
47.53087071478993,48.7972412109375,48.43904124212644,48.25571772261796,43.5829396318362,0.0
54.84471059751873,55.55501174926758,58.930997495285055,56.44357328069045,44.4501571178805,0.0
50.719014048672165,50.409603118896484,52.48802598320216,51.205547716923604,44.9823314181421,0.0
73.39727552360195,73.62168884277344,74.45055660263714,73.8231736563375,75.5212731687148,4.0
71.90708535477773,71.90766143798828,71.75965290011094,71.85813323095898,65.1540893300104,3.0
52.43023906300312,54.39985656738281,53.86718954622273,53.56576172553622,58.8182073652242,2.0
52.709669769078744,52.69135284423828,54.18234567927995,53.19445609753232,44.6007038725669,0.0
53.026070038266894,54.47428894042969,54.42572140554814,53.975360128081576,57.0496801688204,2.0
53.36731478602647,51.170379638671875,50.7725596081977,51.77008467763201,59.5075534863863,2.0
54.791415351051064,53.50135040283203,53.585710175169204,53.95949197635077,61.7071306740305,3.0
53.49495903639865,54.67338943481445,55.08107101569113,54.41647316230141,49.3839464200352,0.0
50.18763312268524,50.860286712646484,51.91627277903513,50.98806420478895,63.6866610694202,3.0
58.18037338992855,55.825077056884766,55.49579169232265,56.50041404637866,65.712770502182,3.0
72.98927862569084,74.29944610595703,72.18467750550752,73.15780074571846,78.2485917449966,4.0
56.42687825677111,57.30501937866211,57.982115286022605,57.23800430715195,56.6198431542352,2.0
68.1169186479689,67.40380859375,66.91755234441486,67.47942652871126,81.8070373891777,4.0
44.812930900657214,49.906497955322266,50.46684689902964,48.39542525166971,45.9581266891755,0.0
68.94631671254687,69.75369262695312,70.6170495128451,69.7723529507817,74.4431037090446,4.0
54.633232006180236,54.494789123535156,54.43163123284783,54.51988412085441,62.9358224362423,3.0
56.829799447587384,55.46733093261719,56.08488163420605,56.127337338136876,58.917757980386,2.0
74.63875898486648,72.35350799560547,72.31174712478716,73.10133803508637,69.9725218680873,4.0
56.90333629316822,59.43028259277344,58.723696987446196,58.35243862446262,45.0916495768304,0.0
60.53845507264143,60.93418884277344,60.13465185183932,60.53576525575141,51.4930722023242,1.0
69.20031808498508,67.09740447998047,69.01476583613547,68.43749613370035,67.1553578963783,4.0
68.62115246327684,67.70808410644531,67.67382455667921,68.00102037546712,64.6392961377112,3.0
72.88666082261997,71.57440948486328,70.82070441690597,71.76059157479641,71.6392662291232,4.0
52.10038630292837,54.03343200683594,53.23917095534356,53.12432975503595,53.9730925966867,1.0
47.88776337097582,48.64508056640625,50.02560579899301,48.852816578791696,44.3780806672773,0.0
56.97029599051988,52.728816986083984,52.15038069437621,53.949831223660034,54.4940345112319,1.0
49.06692305905505,47.655418395996094,47.20379831912395,47.97537992472502,40.9477409477594,0.0
51.96745720908971,49.04887008666992,50.476846837793566,50.4977247111844,64.2587656098013,3.0
52.37707132324889,55.372737884521484,54.422800117770024,54.0575364418468,48.2909844268776,0.0
69.5943912967637,70.49378204345703,69.79686705255187,69.96168013092421,81.7337857633408,4.0
48.1655954016673,50.81303024291992,51.53180415256597,50.17014326571773,46.5485446122244,0.0
55.99290151016145,55.49553680419922,55.10450240081678,55.53098023839249,59.6047954122898,2.0
57.61531711703055,57.673133850097656,56.99357590653392,57.427342291220704,58.1883131252202,2.0
72.150784206628,70.03938293457031,71.2367590340335,71.14230872507727,63.8665880758965,3.0
68.0430164104381,67.69308471679688,68.17153675983721,67.96921262902406,65.5428077648197,3.0
50.7120646431381,52.03153610229492,51.3404054809859,51.361335408806305,60.6733916994946,3.0
53.24308214147473,54.70427703857422,56.16304025538583,54.703466478478255,51.7172657677083,1.0
73.36118097437149,73.28121948242188,71.28344467489536,72.64194837722958,63.8652479793591,3.0
55.60042813361392,55.053985595703125,55.40074152961692,55.35171841964465,53.4368173381533,1.0
59.153637925409406,55.971595764160156,54.94546782450063,56.6902338380234,66.1891347950841,3.0
58.19001309467056,56.124755859375,55.77146355926081,56.69541083776878,52.34102675042,1.0
51.37107427273934,53.64279556274414,53.00331868475689,52.67239617341346,60.1894696072961,2.0
52.608037582709194,52.11239242553711,51.73898445789214,52.15313815537948,59.9561143519682,2.0
55.350230772395676,55.35599136352539,55.772756695799174,55.49299294390675,59.1610279414369,2.0
53.802472873573116,54.006065368652344,54.40238739703118,54.07030854641888,52.9272236646667,1.0
71.77242801666024,74.42704010009766,72.13457182545186,72.77801331406992,84.1269013941123,4.0
58.96569608085988,56.85662078857422,57.07140682512288,57.63124123151899,60.7807711619108,3.0
50.06422150592533,48.80113983154297,48.035667759990766,48.96700969915302,52.8700167814861,1.0
60.156033554372684,56.29838562011719,56.47970375120858,57.64470764189948,65.9937255085165,3.0
48.96458738855297,49.695491790771484,48.50773591503223,49.05593836478556,52.7852173465121,1.0
73.18111533570703,75.94087219238281,75.60507634717699,74.90902129175561,66.2885985160452,3.0
53.304946960257595,55.4107780456543,55.14758481568243,54.621103273864776,57.8980166239925,2.0
70.36164735017901,71.7480239868164,70.66784039184036,70.92583724294525,66.4733113915913,3.0
56.254124477849956,58.35482406616211,59.18246091195683,57.9304698186563,62.3814885066327,3.0
75.79695003365796,73.48481750488281,74.61341881320931,74.6317287839167,73.7926204917046,4.0
56.112523942115345,52.48330307006836,51.8819053748936,53.4925774623591,58.7918086997419,2.0
73.82024428905258,73.1302490234375,73.3467522213656,73.4324151779519,72.8314254434773,4.0
52.89543484182333,50.87708282470703,50.335220808689705,51.369246158406696,49.61636164814,0.0
58.67178258421805,61.16966247558594,61.937079482578575,60.59284151412752,65.0446177682047,3.0
57.32705615165038,53.891868591308594,53.9275568199571,55.04882718763869,55.949793765614,2.0
57.83957811070447,55.309635162353516,55.11130508601391,56.08683945302397,67.5346670270639,4.0
50.989872533840824,54.37977600097656,53.88074605785194,53.083464864223096,51.3011916007116,1.0
55.964824147743215,56.253387451171875,55.921799789408354,56.04667046277448,55.6472353763042,2.0
58.25170165176321,57.929012298583984,56.83646199829423,57.67239198288048,52.6859706359151,1.0
52.165949275674656,56.264366149902344,54.08286626568232,54.17106056375311,59.26168880795,2.0
62.75344490336635,60.46799087524414,61.125753139430685,61.449062972680395,67.1933572959334,4.0
57.66563332822247,58.24984359741211,57.57346434355628,57.82964708973029,57.0628502735964,2.0
55.26988191263623,56.768680572509766,56.06679421869391,56.035118901279965,56.7507564165244,2.0
69.34676398551056,71.52422332763672,69.84632160403258,70.2391029723933,74.7688683489477,4.0
54.30272808345122,53.57696533203125,54.236158665897946,54.03861736046014,47.3161406717304,0.0
55.33029306817293,51.01520919799805,50.81869893407401,52.38806706674833,57.9968281159984,2.0
59.6274915986016,57.28693389892578,57.130745461646306,58.01505698639124,59.1798688916985,2.0
58.20946281589782,58.25823974609375,56.08555837175982,57.5177536445838,68.1064652265528,4.0
59.74178782620249,65.51410675048828,63.32224112831758,62.85937856833612,55.9651453948198,2.0
57.84430934726616,57.4302864074707,56.192336178355724,57.15564397769753,64.5030245442886,3.0
72.42369229770148,73.14572143554688,70.84542614354608,72.13827995893149,67.9878285807109,4.0
56.725964522125615,56.464534759521484,54.353697945206335,55.84806574228448,57.9335411794953,2.0
59.16426147341869,62.27251052856445,60.82372519368489,60.753499065222684,64.8898067109707,3.0
66.87191828516697,66.3779296875,67.2440768106623,66.83130826110977,65.2388964793585,3.0
50.98125116647223,54.3978385925293,54.196878826948236,53.19198952864992,58.1500086171033,2.0
68.79419013924773,68.22686767578125,69.34949539699764,68.79018440400888,63.2861861191242,3.0
45.33885963567572,48.135963439941406,48.94789799442533,47.47424035668083,45.2112236980115,0.0
54.91699554929439,52.07838821411133,52.5173078739728,53.1708972124595,59.3348203743268,2.0
76.43439801147869,74.57740020751953,73.79774864868787,74.93651562256203,67.7290551691058,4.0
54.59308292192407,54.4272575378418,53.91221033359881,54.31085026445489,61.4591303293577,3.0
55.68335403558271,53.71787643432617,53.42458215702168,54.275270875643514,56.9900715055565,2.0
58.81128884547076,54.555015563964844,55.6276557973866,56.331320068940734,57.7067285370187,2.0
67.87768924340853,68.52605438232422,70.19509925625364,68.86628096066214,67.2985748057273,4.0
53.96155763087297,50.133060455322266,50.292373625063284,51.4623305704195,48.6038817932703,0.0
72.2273395182716,74.06096649169922,69.87376720816133,72.05402440604405,73.3859146581278,4.0
59.608561662620595,58.81510925292969,58.39364700485429,58.93910597346818,67.7151811901788,4.0
72.68622678271821,70.69235229492188,70.94283229470831,71.44047045744946,73.2539695221083,4.0
51.56081526020619,49.21112060546875,50.86127443969076,50.5444034351219,67.4941140682625,4.0
47.967876144631944,50.30916976928711,49.02557857406614,49.1008748293284,50.8242788199798,1.0
60.283529303435195,59.41386795043945,58.56671199149644,59.42136974845704,64.4966940625177,3.0
54.94791173199979,56.30628204345703,56.9941826968069,56.08279215742124,54.0211849654174,1.0
54.48401720041482,53.032989501953125,52.98099517999314,53.49933396078703,54.512857830146,1.0
53.053669758487175,51.923484802246094,52.77470808503137,52.583954215254884,56.0128279940547,2.0
54.49955105198004,53.41263198852539,54.56318624104014,54.158456427181854,56.0925384218795,2.0
48.74817152977735,50.79646682739258,50.55911657376308,50.03458497697767,54.6723231415852,1.0
46.62697605885085,45.73651123046875,47.79315484377153,46.71888071103038,42.8508634569404,0.0
51.10992318995899,50.80390548706055,52.088437804932155,51.33408882731724,50.2488551670911,1.0
56.02924637161779,55.064151763916016,54.72428061404562,55.27255958319315,47.6793227159309,0.0
52.14677600100929,51.21922302246094,51.314032478309564,51.56001050059327,56.5617072516055,2.0
61.51035708836309,56.3791618347168,58.88940797623273,58.92630896643754,50.4802161146361,1.0
71.88669368489514,71.57319641113281,71.23795093725379,71.56594701109391,70.9828023867566,4.0
58.34317713426311,58.77129364013672,58.59179112853888,58.56875396764624,59.7435666979901,2.0
54.29438251727686,53.05753707885742,52.911240781283254,53.42105345913918,56.0314726999184,2.0
68.94338787772644,68.78087615966797,68.1193595456239,68.61454119433942,60.6283746923433,3.0
57.84671964241063,56.21070098876953,57.03951411614535,57.03231158244184,65.3156161867361,3.0
49.8878963631119,49.139461517333984,50.24804090132838,49.75846626059141,44.548841173897,0.0
55.69181272680937,53.705406188964844,54.55082366718943,54.64934752765455,53.7513945745257,1.0
69.6851433459573,72.6510238647461,72.54241212597498,71.62619311222612,75.7303449247123,4.0
56.59475968978528,57.04612731933594,57.115530857652104,56.9188059555911,44.2805381688235,0.0
53.73720566407859,56.650474548339844,56.63042615090593,55.672702121108124,53.5984908437432,1.0
76.72397162216569,79.37564086914062,78.63420835793825,78.24460694974819,78.9015613575125,4.0
59.64475734302841,58.98609924316406,58.07782030976134,58.90289229865127,67.9258416050169,4.0
57.47243352428196,56.70707702636719,56.41923722721378,56.86624925928765,57.2516811373374,2.0
57.44159198839311,56.89137268066406,56.87969543676579,57.070886701940985,49.6867441885783,0.0
57.61828311298361,55.94120407104492,56.58220757478312,56.71389825293722,61.3062592910751,3.0
47.05919031452436,50.01832962036133,50.475477157581096,49.1843323641556,43.6670010619542,0.0
68.96774157318326,68.7747802734375,68.94271080585015,68.89507755082364,65.8582142172153,3.0
59.19535657705448,60.502227783203125,60.33381887568463,60.01046774531408,60.780576630459,3.0
54.31393446869943,53.0966682434082,53.01649514253853,53.47569928488205,57.767279606409,2.0
56.199590653662405,55.00962829589844,55.088903782296,55.43270757728562,50.8478945657609,1.0
70.86017198625173,70.41834259033203,69.96393233031728,70.41414896896701,75.0290576674604,4.0
58.44331650139009,60.361820220947266,59.22573302309603,59.3436232484778,65.0534893290553,3.0
67.09206626136711,70.9317398071289,71.06688801777504,69.69689802875702,70.1678107808099,4.0
68.81426279588587,65.70516204833984,66.25196666175273,66.92379716865948,64.928995286153,3.0
54.001729451551995,53.89891052246094,54.75122800923697,54.21728932774997,46.1299730209697,0.0
51.28202603511704,52.80973434448242,52.76983955347721,52.28719997769222,50.6941726909817,1.0
48.845592066231475,47.342323303222656,48.83198220681795,48.33996585875735,57.8228197972705,2.0
49.01709823977595,51.462005615234375,52.97253303688767,51.15054563063266,50.0269666380203,1.0
51.47037082356629,50.18629455566406,49.51023164628745,50.38896567517261,43.0400034602757,0.0
53.087653687909075,50.698917388916016,51.10460098597803,51.63039068760104,58.7143983876888,2.0
58.36715940294277,55.335418701171875,55.21796091110268,56.30684633840576,55.3389701755329,1.0
57.583848734095675,59.954437255859375,59.43835717135922,58.99221438710476,58.4240594272188,2.0
51.79032032921788,49.80763244628906,50.68680528909228,50.76158602153307,48.2015300119655,0.0
51.5277236845443,52.95812225341797,54.815198469294835,53.10034813575236,58.0565869003425,2.0
69.80326349794399,69.09651184082031,69.05156122288741,69.31711218721723,71.5125282605411,4.0
56.76403940977941,55.59062576293945,55.311549904224314,55.88873835898105,52.0225926986449,1.0
56.67034903463853,54.35519027709961,53.82147079594664,54.94900336922827,50.5935150586104,1.0
69.55061354731028,67.14778137207031,66.80674016142495,67.83504502693518,73.7311702032111,4.0
53.84105234611126,53.28062438964844,52.180616319751216,53.10076435183697,57.7515737290771,2.0
60.88996674030038,60.07830047607422,60.381642923660465,60.44997004667835,61.992935438626,3.0
54.8798316110576,55.7150764465332,55.783223981931876,55.45937734650756,59.0105862365099,2.0
54.81950473069223,55.958213806152344,55.53944483492935,55.43905445725798,50.5730977548761,1.0
52.09447399258379,51.82660675048828,51.47862132500712,51.79990068935973,51.5820704133738,1.0
51.91273475689705,52.9779052734375,52.76951369891832,52.553384576417635,52.2964968824919,1.0
52.73143096614381,55.725067138671875,55.73824612630729,54.731581410374325,49.2728619897537,0.0
73.48664832410924,71.68231964111328,73.05962630450537,72.74286475657597,70.6432491169691,4.0
69.06609950829333,70.83293151855469,69.83389945815274,69.9109768283336,70.4562550634451,4.0
50.17811613480635,51.07439041137695,50.98383472567266,50.745447090618654,41.8823772771199,0.0
60.707284980413135,60.90376281738281,60.06560939960869,60.55888573246821,62.8498216691475,3.0
68.7481858125709,68.98102569580078,68.45624401996913,68.72848517611361,65.8311019220941,3.0
54.750895748153624,55.13086700439453,56.01449151045559,55.29875142100125,55.5766265478238,2.0
53.94864851290926,54.52872848510742,54.15292259080045,54.210099862939046,55.0666877156658,1.0
68.01761942865666,67.79529571533203,69.08669162660827,68.29986892353232,79.6257900424332,4.0
75.68110670522827,77.34929656982422,75.68301039145511,76.23780455550254,76.7714885100718,4.0
70.40564466485337,69.01544952392578,68.55598315436838,69.32569244771584,77.0246995120277,4.0
59.607139642433076,61.79001235961914,62.109194276660446,61.16878209290422,59.4105093989958,2.0
66.92164109385122,69.0428695678711,69.35621745212758,68.44024270461664,65.4058573812416,3.0
53.38408543460002,53.82609176635742,54.82321719612077,54.011131465692735,54.589085254671,1.0
57.79597334306191,54.8760986328125,54.37036082385187,55.68081093324209,61.6028200493266,3.0
64.66321201318787,65.62749481201172,65.97555417086697,65.42208699868887,70.4317495189848,4.0
55.88771681262966,55.640586853027344,56.2481295055756,55.9254777237442,43.6797619680706,0.0
55.200778988772136,54.64103317260742,54.154960264501874,54.665590808627144,56.0367926210957,2.0
75.00277067100112,73.768798828125,73.57931383525275,74.11696111145962,67.1740428764204,4.0
51.11590994573953,51.736473083496094,52.61272189874673,51.82170164266078,47.4782505986711,0.0
68.58042647593653,70.16264343261719,68.15872214861166,68.96726401905512,72.136928156922,4.0
73.52928783889443,72.32628631591797,72.7551104251119,72.87022819330811,73.574055215458,4.0
58.939220135315736,58.447166442871094,58.164428508934755,58.51693836237386,53.0213038818849,1.0
55.82891875895082,54.72455978393555,54.507792094931204,55.020423545939195,53.8953084598556,1.0
75.28678184476873,71.64376068115234,73.40137791210338,73.4439734793415,69.3410070696077,4.0
70.89646899888285,71.4255599975586,72.13358975987066,71.48520625210404,66.1771326309723,3.0
57.13729022862363,56.11372375488281,55.72307120335279,56.3246950622864,65.6120862912988,3.0
68.68939997218115,69.40229797363281,68.96507527270326,69.0189244061724,71.3634317616717,4.0
50.63383535341858,51.675804138183594,51.431870643690424,51.24717004509753,46.4956569351191,0.0
53.13274047701221,53.713829040527344,53.11403286821395,53.32020079525117,48.4041394790151,0.0
61.33245746391101,59.04024887084961,58.172298581291265,59.51500163868396,68.0715171575578,4.0
55.638758637178505,56.08991241455078,57.83639881261091,56.521689954780065,51.5609728045531,1.0
55.758117177370686,57.1024169921875,57.3881209351469,56.74955170156836,58.0214256016736,2.0
62.08603491824996,61.48671340942383,61.674093060709495,61.7489471294611,59.8534907576035,2.0
69.30838467327789,67.0501480102539,68.5322792854188,68.29693732298352,67.110911523573,3.0
58.35369396285183,61.53258514404297,59.417064933078954,59.76778134665793,66.2062471926641,3.0
54.33902227183353,54.97488021850586,55.2471907147664,54.85369773503526,61.6769702223865,3.0
71.01419021361335,70.5033950805664,70.9342151814632,70.81726682521432,63.1401995461255,3.0
54.87453178317171,54.8870964050293,53.9273073591552,54.5629785157854,69.2911467760305,4.0
49.86731417269467,51.154052734375,50.70789742673713,50.57642144460227,61.6329881651694,3.0
70.1205082377224,73.80962371826172,72.36505458675089,72.09839551424501,74.8198586997043,4.0
68.76443465822864,68.71697235107422,68.28260093454014,68.58800264794766,68.4599019822579,4.0
68.11776282491309,66.63567352294922,66.84280881716465,67.19874838834232,71.3521586652875,4.0
54.54502634047347,51.41373062133789,50.71369880597029,52.22415192259388,59.8753409910875,2.0
56.6326269773572,53.23704528808594,52.698440469410265,54.1893709116178,57.5410246358853,2.0
53.612929432592864,57.173423767089844,56.75501791908043,55.847123706254386,55.8383681392772,2.0
65.56502585607866,64.64580535888672,65.30257972291184,65.1711369792924,62.9407610187611,3.0
54.799134270116504,54.04375457763672,57.626296356617424,55.48972840145689,49.272557183872,0.0
56.019706920755645,52.78621292114258,55.206524501104035,54.67081478100075,60.2893852455706,2.0
69.12000714522686,68.87581634521484,68.90354764236578,68.96645704426915,68.0902234831164,4.0
60.92307349151443,56.60880661010742,55.70034889858334,57.74407633340172,65.8185436585987,3.0
66.27478271112676,67.71602630615234,68.73933565650938,67.57671489126282,59.7417166300059,2.0
50.083290340389325,51.32306671142578,51.13353171647856,50.846629589431224,49.2849739520051,0.0
51.72754195534851,50.89113235473633,50.898044766938696,51.17223969234118,50.867784636032,1.0
52.871833798544614,51.97842025756836,51.93678266639334,52.26234557416876,46.23979913247,0.0
69.08485190204316,68.29952239990234,69.32996245748144,68.90477891980898,68.1106366628563,4.0
63.538703504301616,62.99040222167969,63.68927286771238,63.4061261978979,58.3407151037702,2.0
53.202555024755874,52.31277847290039,51.883349094986464,52.46622753088091,56.6371524372255,2.0
71.07537839382816,71.8760757446289,68.97234788795713,70.64126734213806,81.0511397015764,4.0
57.09768819343619,58.13679885864258,58.21183485959434,57.81544063722436,57.0388459793332,2.0
58.15472882371014,57.87388610839844,57.0496649217798,57.692759951296125,55.8360958454305,2.0
50.507583793086326,52.047054290771484,53.84941570593345,52.13468459659708,43.6499441215347,0.0
69.56071373883577,68.89427947998047,68.52971236647217,68.9949018617628,67.0840347799821,3.0
48.42185701037966,48.3812141418457,48.09877104929662,48.300614067173996,44.6740700770731,0.0
56.874825260948626,58.70691680908203,60.60670231254737,58.72948146085935,47.1523115286729,0.0
68.27201091224228,67.73969268798828,69.27582712018393,68.42917690680484,68.5665811433973,4.0
54.53470696370185,57.20425033569336,56.08751511628375,55.94215747189298,69.8111136256019,4.0
48.125147456866245,49.14661407470703,49.23966006575285,48.83714053244204,52.5931930228238,1.0
47.875475652930724,51.86907958984375,51.561875794946815,50.43547701257376,57.1349726689477,2.0
57.300272038606614,57.134151458740234,56.636501699464745,57.02364173227053,48.177382729201,0.0
70.86848155394445,71.46891021728516,70.45532322845419,70.9309049998946,59.2081871201241,2.0
53.10118573633062,52.491764068603516,52.86463601594859,52.81919527362758,48.1417515399441,0.0
55.17655368958046,55.1909065246582,55.27659554488011,55.21468525303959,51.948950619265,1.0
52.59011224406581,50.15528869628906,50.23814609485027,50.99451567840171,40.3419762554358,0.0
54.297020062201746,54.36227798461914,53.570555256181876,54.076617767667585,43.3776098857887,0.0
54.64860959395113,54.464149475097656,53.550127844742335,54.22096230459704,52.2323500938337,1.0
62.96597234882988,63.678504943847656,65.5942073676232,64.07956155343358,61.7826992344644,3.0
69.98593997760182,71.5781478881836,71.44627569340466,71.00345451973003,74.4627444049287,4.0
54.00954207704663,54.0009880065918,54.74930405769436,54.25327804711093,48.0183822013607,0.0
54.6581509432652,52.2457275390625,52.67541886968976,53.19309911733915,57.0938293009528,2.0
61.25217262978362,63.28566360473633,60.80624012801192,61.78135878751062,50.5419115916941,1.0
65.05280638554233,67.16402435302734,69.41716228232917,67.21133100696628,61.4484199660564,3.0
48.74817152977735,50.79646682739258,50.55911657376308,50.03458497697767,54.6723231415852,1.0
69.47410449498722,69.34227752685547,71.05982729496606,69.95873643893624,62.4102868307615,3.0
70.01203277043733,72.40352630615234,72.94834858225272,71.78796921961413,77.9306651747577,4.0
66.98706423278809,67.63320922851562,67.70647818435155,67.44225054855174,64.7719344609463,3.0
49.56571196598059,55.37192916870117,55.35361839287041,53.4304198425174,48.9215348722263,0.0
53.349776548917866,54.312381744384766,55.45267876820289,54.37161235383517,57.0496801688204,2.0
67.09156078332309,68.31644439697266,69.04046190104081,68.14948902711218,63.5923687860881,3.0
53.43665290866406,55.337646484375,54.626644085769364,54.4669811596028,45.6990115013238,0.0
71.28266668512468,70.42772674560547,71.67634336817979,71.12891226630332,77.4868924717344,4.0
58.718919765673554,58.25444030761719,58.44185468344626,58.471738252245665,66.2761420606101,3.0
72.72058461207212,72.28996276855469,71.87227801983234,72.29427513348638,79.2943532530465,4.0
60.57519850329143,56.76005554199219,56.43853473481364,57.92459626003242,48.9086663569962,0.0
70.63338744578336,71.23338317871094,72.20254686292783,71.35643916247403,70.0914726908241,4.0
52.98388132011966,53.66886901855469,53.32085600232209,53.3245354469988,55.7218120947826,2.0
51.641409421473874,52.717071533203125,52.778759110375034,52.37908002168401,46.2200970906324,0.0
76.57092925935048,76.3143310546875,76.3078792855771,76.39771319987169,65.648288591054,3.0
55.07292227619495,55.355552673339844,55.70918677389654,55.3792205744771,51.2698407126122,1.0
62.87026665833737,65.37028503417969,64.89353273628078,64.37802814293262,72.501500363241,4.0
52.52026333613677,53.26903533935547,53.605158515499284,53.1314857303305,62.1006045084469,3.0
53.350814854956326,54.8737678527832,54.24997289889126,54.15818520221026,45.5100941274589,0.0
52.519676417943295,53.71992492675781,54.49960214946926,53.57973449805679,51.7928774321767,1.0
55.791379018674704,54.06526184082031,52.839223984299316,54.231954947931435,67.1424159025572,4.0
49.71044011386197,52.44644546508789,52.6045902444461,51.58715860779866,61.7788636031179,3.0
54.66216844528962,52.805267333984375,52.35008711977472,53.27250763301624,51.2451081562849,1.0
50.27940281671372,51.16526412963867,50.65099165812591,50.69855286815943,38.921848489371,0.0
57.99292259606153,59.556846618652344,60.46391741895062,59.33789554455484,57.0797160337573,2.0
57.985927222715205,57.9414176940918,58.45657677831045,58.12797389837248,50.8715774071339,1.0
59.796317846246964,59.2703971862793,57.50093516421954,58.855883398915275,49.8068986816333,0.0
49.97247021543982,54.00238800048828,52.97253303688767,52.315797084271914,53.3105147423423,1.0
54.060207576528015,52.76835632324219,53.731569316412866,53.52004440539435,49.4575670212384,0.0
57.18360265525299,55.68328094482422,55.34966903467852,56.072184211585245,54.4674900968274,1.0
69.33541123614006,67.6743392944336,69.74174979583742,68.91716677547036,63.476079302419,3.0
49.88383694583208,49.12717056274414,49.90250830532576,49.637838604634,49.7629416714967,0.0
69.04899649615798,72.90950775146484,71.24017383503676,71.0662260275532,64.4803519270259,3.0
69.23857780863656,70.43717193603516,70.46841386814732,70.04805453760635,73.8898035042441,4.0
53.60237998063623,54.45329666137695,54.73742110177236,54.26436591459518,58.4195595593056,2.0
52.82516407939934,51.49106979370117,52.618285494741095,52.3115064559472,42.945066778154,0.0
56.08999632977181,54.005104064941406,54.08418849374201,54.726429629485075,49.9705680483452,0.0
60.35270353885843,59.86282730102539,58.149938278474984,59.455156372786284,52.8196884926489,1.0
52.27026117374638,49.42145919799805,49.10585549722683,50.265858622990415,53.1317911839644,1.0
56.20280991121335,55.05061340332031,54.99720775365377,55.416877022729146,55.6131522218558,2.0
53.378337807164435,54.097206115722656,54.888441131180045,54.121328351355714,42.8890024068789,0.0
55.79002481853763,56.832332611083984,53.94926529982997,55.52387424315054,60.7747637344563,3.0
56.974769934217086,57.98771286010742,57.1758349658693,57.379439253397926,52.882021531946,1.0
51.49197042101053,51.164154052734375,51.843572595613715,51.499899023119546,50.4954431117578,1.0
60.73379046904169,61.4708366394043,59.99458702269838,60.73307137704811,65.2631457536142,3.0
50.8259760419623,50.27024459838867,50.83572714752887,50.64398259595995,60.2380193216084,2.0
69.67963312197594,72.41163635253906,71.99665019632813,71.36263989028105,70.7195993574964,4.0
56.350730149657004,55.319732666015625,54.857984069769785,55.50948229514747,52.9238695503026,1.0
62.30411469726274,62.52753448486328,63.3918461808694,62.74116512099848,61.2225044851876,3.0
59.599267721670806,57.47871398925781,57.78151708402297,58.28649959831719,51.5264488053258,1.0
48.03418171313386,48.5574836730957,49.227272352820485,48.606312579683355,47.5276014578496,0.0
51.84713278102492,51.697975158691406,51.64084755697238,51.728651832229566,57.287982879729,2.0
65.19313113603519,67.55409240722656,69.41630341292525,67.387842318729,64.8432000707624,3.0
54.38116990274859,55.821475982666016,55.68682242254266,55.296489435985755,64.8289088367796,3.0
55.087112879663,56.23310470581055,55.08084603625967,55.46702120724441,56.2726372221325,2.0
52.66704517639522,55.66331100463867,55.04650728719313,54.458954489409,56.5160119587333,2.0
66.59367533415562,68.25406646728516,68.5062309679156,67.78465758978545,65.520153601878,3.0
57.18902727210543,54.58077621459961,54.40765056988039,55.39248468552847,47.2018319275247,0.0
51.200026090808045,51.982364654541016,51.912047873897805,51.69814620641563,52.7741235577165,1.0
65.7998284639005,70.95945739746094,69.4280090390643,68.72909830014191,76.30892844574,4.0
50.221722729147274,51.15108108520508,52.32218240333202,51.231662072561456,46.9506622533763,0.0
70.83353301385978,72.48665618896484,72.55615124273234,71.95878014851898,70.4492955480288,4.0
53.1230063730488,53.06275939941406,54.93321401773245,53.70632659673178,67.4820456801825,4.0
69.14062680814445,68.4593276977539,69.03462973986622,68.8781947485882,63.476079302419,3.0
54.898336577245985,57.26008987426758,58.48585804294067,56.88142816481808,63.7925916802364,3.0
55.96836148318615,53.86378479003906,53.59449056031743,54.475545611180884,56.6434947026484,2.0
56.66722689849686,55.91170883178711,55.52876956082225,56.03590176370207,64.2262960504741,3.0
71.4391742946144,72.4320068359375,72.66541619453712,72.17886577502968,85.281116060045,4.0
53.457174340530635,49.36623764038086,49.063671548646106,50.62902784318587,56.0734514349856,2.0
49.72783933218278,48.346317291259766,48.7477414181459,48.94063268052948,46.0672856328673,0.0
48.706582555501534,49.59416961669922,50.07920469949879,49.459985623899854,48.6395784021143,0.0
57.21343622144763,55.147010803222656,55.12625239064693,55.82889980510574,63.6728820773415,3.0
54.91108366902384,55.4665412902832,56.04679915024405,55.47480803651703,55.0361272679324,1.0
54.59840842886273,56.563255310058594,55.390862256149006,55.51750866502345,58.3149076107682,2.0
50.45862063976897,50.15126037597656,50.670383006849896,50.426754674198484,43.9115673073253,0.0
57.7848456100749,56.12208938598633,55.16338035544629,56.356771783835846,60.430327221098,2.0
53.69324287819624,54.66780090332031,54.22843079643138,54.196491525982644,75.0448410635583,4.0
75.06057585352433,78.3526611328125,77.45886752323443,76.95736816985708,79.5880685025284,4.0
49.24791011101136,51.43613815307617,50.86719616794212,50.51708147734322,50.6184413390509,1.0
54.60132922543069,55.769832611083984,56.71911231315505,55.696758049889915,61.1744726602002,3.0
51.63045515595042,52.33270263671875,52.44527629410695,52.136144695592044,46.23979913247,0.0
54.4935739366743,55.17913055419922,55.03066941953362,54.901124636802386,57.5300957244989,2.0
50.09703248118117,49.29499053955078,48.079157833377415,49.15706028470313,43.5364892780107,0.0
64.53061575914464,63.17603302001953,61.63777435715824,63.11480771210747,63.2336173481745,3.0
49.23153171633334,51.75699996948242,53.674645688679234,51.55439245816499,52.8406918325741,1.0
55.796720174943296,56.20149612426758,55.49019059924255,55.82946896615115,51.8267886134868,1.0
50.25508655709092,51.38054275512695,50.70306883049276,50.779566047570206,47.1781748240382,0.0
71.12643570740403,71.5067138671875,70.67043524167616,71.1011949387559,70.0311981383804,4.0
53.40400329272023,53.345489501953125,55.48721468801644,54.07890249422993,49.6117910457705,0.0
56.47423042948314,58.60721969604492,57.15089844681346,57.410782857447174,57.2516330785076,2.0
55.609689220134946,52.1093864440918,53.175343477127704,53.631473047118156,65.598401228459,3.0
50.9574445715229,50.49667739868164,49.750050349681054,50.4013907732952,58.6041722812293,2.0
49.90979609985547,50.72895050048828,50.09434160335528,50.244362734566344,61.8866136042443,3.0
72.63745525985091,68.88159942626953,69.4047875142403,70.30794740012024,68.7306282236092,4.0
50.751471922011675,51.160823822021484,51.829355636419265,51.247217126817475,44.8142323431455,0.0
74.34034654726725,77.30890655517578,77.96115959286398,76.536804231769,74.8409311953894,4.0
55.043122712039036,53.91416931152344,52.95531547762416,53.97086916706221,51.4817286558692,1.0
52.88647151724724,52.775760650634766,52.8754483927454,52.84589352020913,49.1621160984832,0.0
56.71122354946754,55.92295837402344,55.99596978763802,56.21005057037633,59.5129948207322,2.0
52.879995995714246,52.8114013671875,51.660352752434136,52.450583371778635,46.0409427401952,0.0
71.55757564862517,70.53121185302734,70.25084443291874,70.77987731152375,79.727715789385,4.0
45.3063826890111,46.806732177734375,46.84355916367922,46.318891343474895,49.4521856103292,0.0
56.0103978026076,54.71791076660156,55.138229267719936,55.288845945643025,62.3457204535551,3.0
73.75873608552575,72.521240234375,73.56993638446181,73.28330423478752,75.510394982556,4.0
54.239302934061186,53.158416748046875,52.63310942583108,53.34360970264638,53.706087537957,1.0
54.48461813977632,55.689788818359375,55.151114039710336,55.108506999282014,55.2028340597516,1.0
71.90278767565852,69.74629211425781,69.7204384417667,70.45650607722769,80.4044700732159,4.0
51.63313496913463,50.247928619384766,51.13281606276538,51.00462655042826,54.7108489152837,1.0
63.92559672836992,66.96821594238281,67.22925769330593,66.04102345468623,61.7426109058737,3.0
71.97553654847536,72.59323120117188,74.00128936024059,72.85668570329595,78.4323293927832,4.0
70.59952559958927,70.622802734375,70.97533177334999,70.73255336910474,71.6745606723788,4.0
51.400023848793104,53.730953216552734,54.45578112137019,53.195586062238675,46.9202480146466,0.0
52.27937709000082,53.80384826660156,52.72458685415712,52.9359374035865,58.8964802921947,2.0
57.92666305002544,56.565696716308594,56.44644571851142,56.97960182828182,61.3094132964795,3.0
70.38073601899367,72.96023559570312,72.61231307555288,71.98442823008322,61.3021338715404,3.0
55.00093149557072,53.0629997253418,53.25426230594399,53.77273117561884,47.1290233295758,0.0
47.637945224513984,51.796836853027344,52.164790296439975,50.533190791327094,50.3182852671443,1.0
56.87484460361108,53.134864807128906,53.24120852778462,54.41697264617486,58.9729668029928,2.0
77.32753604926135,79.7225112915039,78.09652650396765,78.38219128157765,83.6512351437993,4.0
67.7135504949748,68.64370727539062,67.78160172217332,68.04628649751291,66.8127073095124,3.0
49.71183714090821,51.314109802246094,50.43308586024112,50.48634426779847,50.1777236091431,1.0
52.58283770335582,51.84807586669922,52.68378556532526,52.371566378460095,49.601308125074,0.0
56.16367393015755,59.05513381958008,59.34654363769074,58.18845046247613,58.8144006774601,2.0
64.5033786901503,65.87736511230469,66.50038528651466,65.62704302965655,65.4912959022648,3.0
61.41913702538573,58.76813507080078,58.11341207391124,59.43356139003259,61.6190875001718,3.0
56.38553531231163,58.6385612487793,58.84211945010918,57.9554053370667,71.6916624355623,4.0
50.16569554614818,52.230621337890625,51.96470085762104,51.45367258055328,53.3075431733338,1.0
55.334001852873065,55.97002410888672,55.40296879356916,55.568998251776314,65.744241021542,3.0
61.18080435723658,57.72808837890625,60.121464892127015,59.67678587608995,54.2377066024161,1.0
64.1128023356161,65.4324951171875,66.1967234452502,65.24734029935127,60.4344142829359,2.0
59.84139957489496,58.7447509765625,59.12766669163646,59.2379390810313,60.8451445687927,3.0
52.37673620058333,54.097328186035156,54.10255227200943,53.52553888620931,46.2076464774976,0.0
51.340810432268626,49.50778579711914,48.72876269197014,49.85911964045263,40.7449896020863,0.0
57.82644224988714,55.307395935058594,56.177775976977856,56.43720472064118,57.5358178934967,2.0
53.343161144694456,52.142330169677734,51.52253147032412,52.33600759489877,42.6134010092436,0.0
55.43841153033861,55.957313537597656,56.434909816532645,55.943544961489636,61.5834736130928,3.0
52.03465927188075,51.82548141479492,51.83616376010142,51.898768148925704,56.7397464159336,2.0
56.12667742853077,56.240196228027344,55.70164780602011,56.022840487526075,61.0059192051227,3.0
48.49537290489866,49.18085479736328,49.67187346754498,49.11603372326897,42.2431880592019,0.0
48.797579277013284,48.2127799987793,48.61817462552146,48.54284463377135,47.5276014578496,0.0
53.656523723122746,54.97319030761719,54.42032819800174,54.35001407624723,43.9837052818425,0.0
71.38193876834202,70.72954559326172,69.98662572922512,70.69937003027628,72.4639054927276,4.0
52.29829275813611,50.46627426147461,51.40996485183268,51.39151062381447,48.669791810585,0.0
75.75449927194303,79.10081481933594,77.73426479354963,77.5298596282762,83.2653726093166,4.0
58.72904408176398,56.798152923583984,56.21697379095262,57.24805693210019,56.0497086922765,2.0
53.681635287962024,52.44798278808594,52.02599624028474,52.71853810544423,43.279585917434,0.0
50.16432905249957,51.61626052856445,51.272074739905264,51.01755477365643,55.3202398189494,1.0
52.00893868921039,53.148193359375,51.40337716585414,52.18683640481317,67.8554532168763,4.0
68.47129326566153,69.32921600341797,69.56249750626625,69.12100225844858,65.4837385206784,3.0
51.144030965182466,50.79443359375,50.86626681079011,50.93491045657419,56.5617072516055,2.0
72.80158195751214,73.57579803466797,72.50356294418467,72.9603143121216,78.4762728344018,4.0
57.74010256895319,58.78203582763672,58.14088914711918,58.22100918123636,61.0961790625613,3.0
59.60083368238896,59.020503997802734,59.094263204917205,59.23853362836963,63.3966884619987,3.0
55.09516177781777,54.572998046875,54.94145872133389,54.86987284867555,54.5656234806271,1.0
53.23988605695319,51.28935241699219,53.20146027102817,52.57689958165785,49.2872048093222,0.0
75.12548620891171,77.24286651611328,75.97850794231184,76.1156202224456,77.1845877124696,4.0
57.36458525278101,55.68620681762695,55.58547059114475,56.2120875538509,61.8130136615396,3.0
53.01620582283004,54.491512298583984,54.82129653235939,54.109671551257804,57.3083768849454,2.0
73.293483554666,73.2623291015625,73.85884693837507,73.47155319820119,71.5540013090246,4.0
55.471294966206926,56.959075927734375,55.813204229946926,56.081191707962745,60.0051045916815,2.0
50.84592891598848,55.4328727722168,54.398046238743106,53.55894930898279,58.8213574528809,2.0
57.36107735702894,57.144256591796875,56.79827077852682,57.101201575784216,63.8842299044326,3.0
51.712661581543,53.39397048950195,54.444856114085155,53.18382939504337,48.0105882719574,0.0
60.32088200160536,59.881492614746094,59.53899731884006,59.91379064506384,68.9387045977306,4.0
47.91926895796613,48.63776779174805,51.30734784810194,49.288128199272045,48.2695915518572,0.0
72.08818302933152,72.7830581665039,72.41372981770938,72.4283236711816,70.2683203472005,4.0
74.14406212728454,76.57962036132812,75.71349751127721,75.4790599999633,74.7559936800691,4.0
76.18937946599581,72.92455291748047,73.0482609242929,74.05406443592307,81.4157421451645,4.0
48.36258207702229,48.9383430480957,49.88616879959199,49.06236464156999,53.6754982873249,1.0
47.19151805953021,45.551902770996094,45.525479094129835,46.08963330821871,48.0010829199651,0.0
57.058905512155384,60.179786682128906,60.084873879099526,59.1078553577946,61.6884802166653,3.0
57.55111205587836,58.17496109008789,57.5018283078615,57.74263381794258,52.8561282779206,1.0
54.31565733567374,55.24251937866211,55.15829901739076,54.905491910575535,49.0424815508535,0.0
63.82705501724636,61.533077239990234,59.86409418445638,61.74140881389766,60.8109524598501,3.0
52.721595322449566,52.5758171081543,52.24566428105594,52.5143589038866,44.4192746119109,0.0
69.35250260028327,71.38533020019531,70.73181235908226,70.48988171985361,68.4974644594367,4.0
46.4212506785399,48.055458068847656,48.57494320995256,47.683883985780035,59.4401701587548,2.0
53.821720180498545,53.02029037475586,54.40724767340956,53.749752742887985,62.4068112159626,3.0
69.88634954355395,69.48198699951172,69.8013579040325,69.72323148236605,70.4372335329424,4.0
59.17170091806073,57.64370346069336,57.92819716401887,58.247867180924324,57.5599969362784,2.0
54.336099485490585,55.39310073852539,54.735343869748284,54.82151469792142,63.7186534225489,3.0
52.00276242182649,54.756561279296875,53.893642211353395,53.55098863749225,55.8496706389022,2.0
51.21123253071878,53.856544494628906,53.49573928605681,52.85450543713483,55.3451332296542,1.0
65.09027722250937,67.7812271118164,68.19543574765869,67.02231336066149,58.88915440252128,2.0
57.8580374142531,57.54574966430664,58.012247511271234,57.805344863276986,66.1075027174141,3.0
58.373138687527984,56.28184127807617,56.83184792173544,57.16227596244653,57.7123025874853,2.0
53.91994903488569,54.17301940917969,55.25251631133339,54.44849491846626,45.2674006820729,0.0
73.99836983207162,76.37533569335938,75.56754024511847,75.31374859018315,81.6644510809682,4.0
58.371623601264815,61.612361907958984,61.35776245284257,60.44724932068879,54.6529705177208,1.0
60.34918415869633,58.48924255371094,58.208731262655064,59.015719325020775,63.3439046765782,3.0
53.57284110298417,53.26680374145508,52.88507739479173,53.24157407974366,56.3633056978573,2.0
55.319338728010926,52.89033126831055,52.08132365976245,53.43033121869464,59.3348203743268,2.0
51.1401689883672,52.19546127319336,54.02304125301295,52.45289050485784,60.3636206922811,2.0
52.01780606352449,51.625205993652344,52.68977370946364,52.110928588880164,46.4972373230964,0.0
71.95248597430621,72.94161987304688,73.77000669991817,72.88803751575709,80.9597679168513,4.0
75.28678184476873,71.64376068115234,73.40137791210338,73.4439734793415,69.3410070696077,4.0
71.05448824967416,69.06571197509766,71.4257820734971,70.5153274327563,64.9422377946146,3.0
50.437600151952026,51.50184631347656,52.52860321493168,51.489349893453415,49.7567105330286,0.0
65.78872542495098,66.32209777832031,65.49683413330374,65.86921911219167,65.8171256056976,3.0
50.74325986655332,50.707481384277344,49.79708588727984,50.415942379370165,44.5259820973031,0.0
55.011499524198854,54.54361343383789,56.12151688079518,55.22554327961064,59.1750795979247,2.0
57.221379520458306,55.260643005371094,54.99829322821505,55.82677191801482,47.885990922551,0.0
56.83598197191854,57.32038879394531,57.009273518807454,57.0552147615571,53.5435459053073,1.0
70.76002034867234,70.26866149902344,69.98042180405216,70.33636788391597,73.0938237672884,4.0
66.87609243868175,66.59323120117188,66.49974059809485,66.65635474598282,79.8148187626063,4.0
71.57445403784138,71.0784912109375,71.13414774188824,71.26236433022238,75.3443641977914,4.0
57.41202761864913,58.05859375,57.44621679492262,57.63894605452392,60.9538615060146,3.0
52.69094154048414,49.31721878051758,49.412989076893574,50.47371646596509,49.4101517738019,0.0
54.099074462464074,56.33600997924805,56.68042359142359,55.70516934437857,55.8098228990706,2.0
56.54269067194525,55.47338104248047,55.46457946993596,55.826883728120556,61.2281205326294,3.0
54.45231851369251,56.022342681884766,55.36558281429817,55.28008133662515,50.4539419646095,1.0
56.32551847211941,53.66112518310547,55.21056011581468,55.06573459034652,52.9831559562074,1.0
65.54124863569784,66.74080657958984,67.36944318915141,66.55049946814637,60.5411451835491,3.0
48.92859026224839,47.676795959472656,50.05641166972771,48.88726596381625,42.777209993696,0.0
53.95901459004251,55.485321044921875,54.944610017428346,54.79631521746424,46.1356388247377,0.0
55.15447235248026,52.05290222167969,51.695648688665315,52.96767442094176,58.5032322864838,2.0
68.95509101461658,69.81236267089844,69.8562302355923,69.54122797370245,63.5415887948998,3.0
53.286363287978375,55.07564926147461,54.596740518483834,54.31958435597894,60.8551860548198,3.0
67.23687711579473,67.03877258300781,65.9897017232471,66.75511714068321,63.8302604242016,3.0
54.96763857256579,55.590904235839844,55.99639780121964,55.51831353654176,60.6040114043253,3.0
56.717857208756804,54.522369384765625,53.89592199325192,55.04538286225812,59.5360268017572,2.0
73.8367174407249,70.06858825683594,71.73076924629932,71.87869164795337,67.844333948341,4.0
56.33773726134307,53.480377197265625,54.53509472424416,54.78440306095096,50.2860972939874,1.0
50.96855659838696,49.968711853027344,51.826774920923846,50.92134779077938,44.446948937866,0.0
53.31055823421425,53.566917419433594,54.124359193273364,53.66727828230707,56.2030744726878,2.0
57.48355406085375,58.61128234863281,57.603461500763395,57.899432636749985,59.1829131564039,2.0
66.65357431417036,65.74063873291016,65.70812731165493,66.03411345291181,62.7439652300367,3.0
42.1892502297437,47.20240020751953,47.58286220288701,45.65817088005008,55.4716530040963,1.0
48.83374315066815,50.77745819091797,52.10078846901363,50.57066327019991,37.3594421678341,0.0
56.32897592593301,57.27329635620117,56.93236535388253,56.844879212005566,59.1829131564039,2.0
75.98278169375963,75.43816375732422,73.7197366160624,75.04689402238209,73.629566174437,4.0
58.68432597084494,56.911216735839844,56.315890071823574,57.303810926169454,68.8838232393802,4.0
53.71593059827494,55.57955551147461,55.13101108208367,54.80883239727774,60.6739054923645,3.0
55.45199656112368,54.84048080444336,55.13391203462194,55.142129800062996,52.7093938636938,1.0
55.88342280577013,55.12117385864258,55.07024506527124,55.35828057656132,52.1951931001395,1.0
51.036104905919984,51.2941780090332,52.0117991251914,51.4473606800482,49.3305283609744,0.0
55.14287175981157,56.82069396972656,56.674800481022,56.21278873685338,54.6355878177228,1.0
57.24663466307607,53.70133590698242,53.944791591300195,54.96425405378623,56.5439984176002,2.0
61.51975249441155,62.22107696533203,62.163508942007844,61.96811280058381,59.5340394583128,2.0
51.37229971991428,49.69409942626953,49.61797863138842,50.228125925857405,61.9730151235557,3.0
54.47926550720376,53.96129608154297,52.74233618605449,53.72763259160041,53.9374638173592,1.0
58.48436461123752,55.599178314208984,55.71633865434487,56.59996052659712,57.0006682290731,2.0
54.427165043498114,53.99186706542969,56.284869683496545,54.90130059747478,61.6676996895391,3.0
58.17978109753831,56.37212371826172,56.3569376747171,56.96961416350572,59.5107646371267,2.0
51.244279117762446,49.30430221557617,49.98125340243149,50.17661157859004,44.8516591265223,0.0
55.748685345774575,52.084171295166016,53.77995165324204,53.870936098060874,56.0933268244484,2.0
58.96472088399138,58.65412139892578,57.73516453236016,58.451335605092446,56.3316306871189,2.0
49.10249174334428,49.27776336669922,49.416955041152775,49.26573671706543,43.7287634165078,0.0
66.85020431026105,66.82600402832031,67.8351546389572,67.1704543258462,69.6236124970059,4.0
55.52203148906416,51.634944915771484,51.78016139888969,52.97904593457511,52.8862223135395,1.0
56.92363073634027,56.1917839050293,55.02081554677074,56.04541006271344,61.772455669263,3.0
59.107229325769225,58.61437225341797,59.40321829580113,59.04160662499611,56.1400425074911,2.0
54.53269809501991,52.19999313354492,50.96246971667688,52.5650536484139,64.543208619091,3.0
55.053408228046756,56.80156707763672,57.8063905498688,56.55378861851742,58.1359324023817,2.0
51.81657496457384,51.17787170410156,51.16799505288712,51.38748057385417,47.9893493590055,0.0
54.34335564703398,53.85169219970703,55.64628618346989,54.6137780100703,67.0671359385263,3.0
48.60896536569725,47.108848571777344,47.82765696009154,47.84849029918871,45.2540442604447,0.0
57.112915880570654,54.02607345581055,55.20452978835892,55.447839708246704,59.1510271850531,2.0
68.73997496128534,71.42129516601562,70.67163598883565,70.27763537204554,77.3380324466917,4.0
69.90574931852403,68.81499481201172,68.00636984345213,68.9090379913293,74.4681182165886,4.0
59.06961971649791,59.26728820800781,57.43056120836136,58.58915637762235,62.3786115121177,3.0
74.36426730996197,74.49283599853516,73.83499484667436,74.23069938505716,78.763219809038,4.0
55.70630524693613,57.52652359008789,55.184951752384265,56.13926019646942,64.4954215189547,3.0
61.1082998030015,58.49515914916992,57.98537223417837,59.19627706211659,53.1527490219645,1.0
73.192457509091,71.48533630371094,72.0153530937405,72.23104896884747,71.9812818714127,4.0
52.694273092313814,50.474056243896484,51.29106563677017,51.48646499099349,46.7950485457298,0.0
69.243011329792,67.9295883178711,68.45811551785077,68.54357172183796,56.6246784584095,2.0
52.36591824832697,51.86906433105469,52.486453182148864,52.240478587176845,54.5625828297165,1.0
72.49361593248788,71.74425506591797,72.52344675157242,72.2537725833261,69.892386434595,4.0
69.41926750002271,70.3629150390625,73.22199476944822,71.00139243617781,74.5644629159369,4.0
59.06655793946794,57.552852630615234,57.14547512142845,57.9216285638372,59.5538500998744,2.0
58.48853150456094,58.62479019165039,57.61081966003593,58.24138045208241,56.792423714502,2.0
56.32578158326904,53.84394454956055,53.82351708675365,54.66441440652773,52.5713547920413,1.0
53.29894634233862,55.26570129394531,54.87725825672776,54.48063529767055,53.2236747890674,1.0
53.361038730905356,53.62574768066406,53.359417393263456,53.448734601610965,58.9919285790104,2.0
52.44172838134668,52.51997756958008,52.258238183233615,52.40664804472012,47.0175714223326,0.0
53.429303840205506,53.6249885559082,53.09506115623869,53.38311785078414,59.6296318498639,2.0
59.80234200961369,55.76289749145508,56.74388117372789,57.43637355826555,63.4132954093308,3.0
45.821386820098695,48.92097091674805,48.945277932117065,47.89587855632127,47.9544523713484,0.0
52.36604210701738,52.87055206298828,54.09220850069723,53.109600890234304,52.3298869888161,1.0
75.01692152572245,76.61700439453125,75.11252956410677,75.58215182812016,74.8813561268787,4.0
65.46687415440654,68.58272552490234,69.14631202099403,67.73197056676763,65.5626129459626,3.0
59.30517623192461,55.13001251220703,55.16425086806283,56.53314653739815,58.474589027797,2.0
49.90782201585755,51.91226577758789,52.47719445461779,51.43242741602106,42.770572409168,0.0
49.26385219446694,46.42288589477539,47.64128008956823,47.776006059603525,43.893195175555,0.0
55.773037087547685,52.432029724121094,51.79600481269217,53.33369054145364,54.6999794028383,1.0
73.11918941883337,73.63192749023438,72.46535108100021,73.07215599668933,74.8216688055133,4.0
54.66535067339429,56.26649475097656,56.56027082008122,55.830705414817366,56.2315081589011,2.0
68.71615349003899,68.5938949584961,69.27008122590773,68.86004322481428,74.080080119863,4.0
69.34268712058967,71.33342742919922,70.55441865188462,70.41017773389117,73.2757172967348,4.0
57.46714431338074,58.46281433105469,56.41338696392524,57.44778186945356,58.5943436907844,2.0
50.26172338939944,49.77342987060547,49.42867006530009,49.82127444176833,50.391980952983,1.0
50.47209569600768,52.627906799316406,52.19219429830552,51.76406559787654,49.2572255632025,0.0
69.76696822706927,71.7965316772461,69.71928184635883,70.42759391689138,73.6433491386484,4.0
53.191684667641994,51.89347457885742,52.149864691387585,52.411674645962336,51.0279407449793,1.0
57.44898498223544,57.528472900390625,58.13048791838345,57.70264860033651,50.8731882870799,1.0
60.38133258972636,55.9747428894043,54.99463931430271,57.11690493114446,57.3233316905456,2.0
70.20688787771867,70.58061981201172,68.97320342628149,69.92023703867062,72.9158451812568,4.0
62.26827359334987,61.47040939331055,61.038877070972006,61.59252001921081,63.5810238067419,3.0
58.29095636161612,55.317413330078125,55.53776769347765,56.38204579505731,55.227233370051,1.0
77.34561678970134,74.33041381835938,72.41212152854804,74.69605071220292,80.5088814456508,4.0
73.02728003339502,74.5212631225586,72.25007470081998,73.26620595225786,86.802832399336,4.0
52.29603191634333,53.503509521484375,53.025249099746716,52.941596845858136,50.7865566135736,1.0
56.56614788201817,56.92171859741211,56.22338053231628,56.57041567058218,61.260364852922,3.0
67.19795558456075,67.62126922607422,68.73175202697739,67.85032561253745,76.0305540736285,4.0
58.53031931173781,60.12980270385742,59.94377498341539,59.53463233300354,62.0507443495615,3.0
55.27916285651379,53.63904571533203,54.22658755835178,54.38159871006587,55.1197339367355,1.0
61.52849322283637,59.2681999206543,60.73013807837443,60.5089437406217,66.827533382365,3.0
51.43121554288978,51.224273681640625,51.895532188658194,51.517007137729536,46.3347277477937,0.0
54.240056217984616,55.744842529296875,57.22763788555551,55.73751221094566,56.348829123434,2.0
54.17044558023067,53.09621047973633,53.99423608127423,53.75363071374708,43.7251985958849,0.0
70.01961662374603,70.99251556396484,71.67479983347232,70.89564400706107,72.6109796718038,4.0
55.773755058214086,55.367271423339844,55.138344466952326,55.42645698283542,62.8953016338146,3.0
62.54377598349995,59.8800163269043,59.23709817936694,60.55363016325706,67.1358884044368,3.0
52.84973550756919,53.26605987548828,55.37094516600239,53.82891351635329,40.7173163309445,0.0
56.69335839424929,53.310184478759766,52.84536594950678,54.28296960750527,60.2925393850035,2.0
52.33019820923874,55.41421890258789,54.73860383858736,54.16100698347133,50.8739110625232,1.0
68.04913008134889,68.71359252929688,69.00526126395198,68.58932795819925,75.3119335027026,4.0
54.586344389332055,55.120567321777344,54.63497272017137,54.780628143760254,57.7721786494134,2.0
65.63755570693607,66.43901824951172,66.8538733003686,66.31014908560546,60.2202685111936,2.0
56.96870786769008,57.53092956542969,56.10808467851959,56.869240703879775,56.6589971111569,2.0
59.57345987642875,57.984283447265625,58.137376792165504,58.56504003861996,61.1146328142123,3.0
69.60825084777538,69.98563385009766,69.64457856886071,69.74615442224457,76.4758940831492,4.0
58.44689073906953,61.53884506225586,58.9353829091394,59.64037290348826,62.1270047606899,3.0
49.24334022873272,48.80743408203125,48.489818909440224,48.84686440673473,47.2050875998406,0.0
58.82014083326724,60.46052932739258,58.57244704749015,59.284372402716656,60.5483431859183,3.0
72.30218716919137,72.8392333984375,71.4244618355352,72.18862746772136,71.2620595822365,4.0
75.98278169375963,75.43816375732422,73.7197366160624,75.04689402238209,73.629566174437,4.0
61.812290354615286,62.93150329589844,62.811361484218615,62.51838504491079,52.4028894634974,1.0
55.25180408207507,56.10060119628906,57.62665779610808,56.3263543581574,57.1746618404253,2.0
70.93631972640556,65.6934585571289,67.41158951570786,68.01378926641411,63.2410642133509,3.0
73.86964066277457,75.63160705566406,74.06852132648193,74.52325634830686,69.3822880739481,4.0
53.0855486190916,50.8967170715332,50.45767930306762,51.47998166456413,50.0052032122034,1.0
49.97965188317615,51.17136764526367,50.55496268426996,50.56866073756993,50.1739908467175,1.0
72.49421802136777,67.36965942382812,67.52715115224265,69.13034286581285,64.5132579993225,3.0
70.3674282323679,70.65901184082031,69.45728353396095,70.16124120238304,78.577352878108,4.0
70.02186945756473,71.03487396240234,71.19598656114118,70.75090999370276,72.201443980886,4.0
53.06366502210367,56.11577224731445,55.07965748984014,54.75303158641942,57.269537260166,2.0
68.92865718996727,69.92506408691406,69.64973800725788,69.50115309471306,67.7844855014793,4.0
70.25911304815,72.03729248046875,72.5309228554054,71.60910946134139,69.7166367872873,4.0
54.09559649735685,54.95655059814453,54.96781852909246,54.67332187486462,47.3336330116133,0.0
68.20552493690172,66.14678192138672,66.98971262487451,67.11400649438765,64.4562578855303,3.0
50.149104524919345,49.92718505859375,50.02009806945356,50.03212921765555,45.9533644719728,0.0
57.13237323800799,56.53819274902344,56.16684977568699,56.61247192090613,63.8478448018546,3.0
66.37678151314739,66.32958221435547,67.49848039348213,66.73494804032833,64.7087533562513,3.0
70.06182574174395,66.93000030517578,69.30151612565365,68.7644473908578,68.108664541112,4.0
68.71662631807818,68.10326385498047,69.54202494653256,68.78730503986374,68.1301397192137,4.0
56.80432410105642,55.579505920410156,56.419543387644765,56.26779113637045,58.6065523713236,2.0
53.736415568783336,54.34419250488281,54.30193442391346,54.12751416585987,61.2479827244959,3.0
73.45943073133871,70.92825317382812,71.90693747129032,72.09820712548573,70.2651261618404,4.0
64.40194951521111,66.98680877685547,66.5911525395672,65.9933036105446,73.3560958939967,4.0
58.08477171723216,55.372737884521484,56.801398855606564,56.752969485786736,56.6118403051309,2.0
58.70398292463727,55.8038330078125,56.89416917724268,57.13399503656415,46.9440857687016,0.0
53.86101926628439,55.649478912353516,55.48267151697189,54.997723231869934,59.3637097105966,2.0
54.63486485785009,58.42518997192383,58.3665839695217,57.14221293309854,50.8191451571342,1.0
66.42918683175623,68.32740783691406,67.08262665916077,67.27974044261036,61.0023016915646,3.0
44.20319546233958,42.82252502441406,44.2814525428282,43.769057676527275,52.3893800595489,1.0
62.8620203048542,59.38371658325195,60.13574904025984,60.79382864278866,70.243315664343,4.0
55.547548819431384,58.149559020996094,57.570398553941416,57.08916879812296,54.0123369844553,1.0
67.00785056213887,67.54515075683594,67.32537531765487,67.29279221220989,72.3823921095846,4.0
55.98190487761936,55.81364059448242,57.32174448506098,56.37242998572092,47.5731991219532,0.0
72.24156285129763,69.81869506835938,69.45843854824166,70.50623215596623,66.0886573996119,3.0
51.99259849836796,52.94010543823242,52.99869454651217,52.64379949437085,55.8909373772662,2.0
57.48804235362923,55.991756439208984,56.085371397534104,56.521723396790776,57.9904489326766,2.0
51.22059186692342,50.6765022277832,51.424986176538226,51.10736009041495,48.011203501923,0.0
60.32578613774231,57.13295364379883,57.30120411239166,58.253314631310936,51.1499336240106,1.0
52.54066056240667,54.59742736816406,54.68116826619868,53.9397520655898,55.2112331072735,1.0
52.0709386226915,54.074588775634766,53.13188809911822,53.09247183248149,44.295585251172,0.0
49.10264137122778,49.27433395385742,48.93660551523138,49.10452694677219,49.6489638811586,0.0
55.79095338156036,55.454200744628906,55.86984521729795,55.70499978116241,52.8068416807458,1.0
47.76971710052273,49.19575881958008,49.1346153276489,48.70003041591724,44.747158722098,0.0
72.16476676948203,70.78217315673828,73.47434048244992,72.14042680289008,67.1268623494266,3.0
58.53560014096264,59.701663970947266,58.52805881447642,58.92177430879544,63.5833592550106,3.0
67.97730371194464,69.00196838378906,68.91899746262933,68.63275651945433,73.2281928174643,4.0
55.450301606269775,54.12828063964844,54.89210303451935,54.82356176014586,46.937826826773,0.0
68.5037161388372,68.17122650146484,68.2773294229751,68.31742402109238,86.1503917944263,4.0
63.027389079809524,62.81673812866211,61.51177136926492,62.45196619257885,65.6725246672479,3.0
55.3172830801053,55.21714782714844,55.27283948919398,55.26909013214924,67.9104474634717,4.0
52.77847717209999,53.587615966796875,52.97775499941152,53.1146160461028,59.0251576842464,2.0
56.06415268053407,51.69822311401367,54.19255875464638,53.984978183064705,58.8949999331005,2.0
72.00648507864295,72.70851135253906,71.97807284205628,72.23102309107942,64.873178558622,3.0
66.01656431005412,65.49757385253906,64.81250586775434,65.44221467678251,66.3364602700155,3.0
52.94890526346831,54.001495361328125,53.919429205354966,53.62327661005046,52.2491472517924,1.0
55.85748539025329,61.9693603515625,59.37079717065426,59.06588097082334,66.2062471926641,3.0
69.9793192062887,71.24601745605469,70.12539106319295,70.45024257517879,63.5760955059784,3.0
70.66653932180043,71.67776489257812,70.63882479667537,70.99437633701797,74.511657717278,4.0
52.98316857586077,54.9023551940918,55.128144560740516,54.337889443564364,61.9576413156653,3.0
73.1413976888548,73.01981353759766,72.70761115783685,72.95627412809644,83.7129417754922,4.0
44.665430718005844,45.82771301269531,46.8770001207912,45.790047950497446,56.9061426738744,2.0
66.50753100837272,62.84787368774414,62.934302200047995,64.09656896538829,58.8531206973044,2.0
63.312496941145085,63.019866943359375,64.36314069180571,63.565168192103386,61.8193068483665,3.0
54.880856470142824,53.48711395263672,54.57023769737858,54.312736040052705,63.8441774604369,3.0
58.9435610271001,58.2052001953125,56.87477941911521,58.00784688050928,61.0020291326132,3.0
52.592062473901684,52.52783203125,53.223367395094144,52.781087300081936,43.0026701428017,0.0
63.97143610158853,66.04607391357422,66.48815461205422,65.50188820907232,58.4022190931393,2.0
52.653472148749444,50.807098388671875,51.22657130944385,51.56238061562171,43.6699181363868,0.0
72.80592376888812,73.58535766601562,71.43116516980298,72.60748220156891,74.6173540306605,4.0
75.59860705585521,78.98452758789062,76.07934398246715,76.88749287540433,79.7593086090092,4.0
68.27851644190585,69.77098083496094,70.44470869353252,69.49806865679976,61.6929874177654,3.0
55.18898853358477,53.885772705078125,53.57275389572452,54.21583837812913,59.1645669646565,2.0
50.72664209607069,49.74229049682617,49.87766453037987,50.11553237442558,46.5149939059651,0.0
57.380768479127525,55.986167907714844,56.540022971703245,56.63565311951521,56.9630614614761,2.0
54.02503652427628,56.79011917114258,56.740653335171665,55.85193634353018,53.5984908437432,1.0
67.04564810978837,66.59749603271484,67.47401053736901,67.0390515599574,60.5334009461154,3.0
64.10984908624931,64.57855224609375,66.74144914252668,65.14328349162325,72.7043994257719,4.0
51.431382430289695,49.58147048950195,49.309141666169616,50.10733152865375,51.0035924400372,1.0
72.99226610067257,73.12737274169922,72.36958378987445,72.82974087741542,77.3545545415961,4.0
51.315307923718024,54.12856674194336,55.15240590998009,53.53209352521382,60.7982666788288,3.0
51.33810751715846,53.34716033935547,54.06682788986723,52.917365248793715,58.6805134219908,2.0
68.75145838443909,71.79436492919922,69.87140586555388,70.13907639306404,70.8824527999414,4.0
76.50850208322501,75.8812484741211,75.06851628473557,75.8194222806939,74.6187268330865,4.0
55.11626134063424,56.21561050415039,55.98459294412864,55.77215492963776,54.8029867263647,1.0
57.98037467231137,56.356510162353516,55.94504906088318,56.76064463184935,64.5452101665967,3.0
54.76514000339267,49.69476318359375,49.7446306751253,51.401511287370575,50.8278018282665,1.0
60.92825005931625,57.24174499511719,57.86745681519044,58.67915062320795,53.6524344252974,1.0
54.87890903641699,56.08132553100586,55.79708413845194,55.58577290195826,46.8013687319979,0.0
54.747019692022015,53.93335723876953,53.17793908733486,53.95277200604213,59.1327616154202,2.0
74.79497213544286,76.220458984375,74.98456411636205,75.33333174539331,71.1669969132349,4.0
53.99382938802309,51.851173400878906,50.56498036882779,52.136661052576606,56.2566342738825,2.0
68.68855189926552,69.91824340820312,69.68937034284602,69.43205521677156,68.3270015957314,4.0
59.58171748128108,60.065921783447266,57.791353969591306,59.146331078106556,61.6572233349428,3.0
50.416890019212154,51.87409210205078,51.707443256084474,51.3328084591158,43.1247729827042,0.0
70.90834204751879,71.76410675048828,73.293093115279,71.98851397109536,74.8914771472117,4.0
54.94079560223398,53.429134368896484,53.78426724388065,54.05139907167037,58.3679214658883,2.0
72.13157324899711,71.18382263183594,73.83905835789385,72.38481807957562,58.88915440252128,2.0
57.482876107939795,56.090213775634766,56.894819618649706,56.822636500741424,56.436367934904,2.0
51.37540054024711,50.474422454833984,50.39645992945631,50.7487609748458,65.1027246278694,3.0
55.52484531991375,55.269351959228516,55.34772266813819,55.38063998242682,58.4281826160324,2.0
51.55570109341722,53.57828140258789,53.157500131334416,52.763827542446506,43.5770286711825,0.0
50.58184096667574,54.28901290893555,54.48029622408422,53.117050033231834,48.2128570076809,0.0
62.090888774510255,63.18217468261719,63.095543311987946,62.78953558970513,69.4385175969781,4.0
56.09548543439437,58.57825469970703,58.26941707096548,57.64771906835563,57.7810078216038,2.0
55.378608292225934,58.98566436767578,58.60629378924662,57.65685548304945,54.3761506660051,1.0
60.7198378583375,64.5067138671875,65.15129549490861,63.459282406811205,68.1000190329279,4.0
46.4332163081658,48.57170486450195,49.26862024966445,48.09118047411073,45.7759943217878,0.0
69.280754428422,68.0429916381836,67.21296659449717,68.17890422036758,61.4246657761176,3.0
51.96456124400741,51.001190185546875,52.07788622669058,51.681212552081625,48.5151626342759,0.0
53.26063710044832,51.420623779296875,51.07109754366592,51.917452807803706,66.0222016029608,3.0
66.96656773939873,64.82079315185547,66.27935574061166,66.02223887728861,73.0633747774652,4.0
68.41263308256835,69.31694030761719,68.61472864978795,68.78143401332449,70.4562550634451,4.0
54.035610306110634,56.51218032836914,55.91509838539994,55.48762967329324,48.4444080002719,0.0
65.95982135405853,69.34660339355469,68.85988527256613,68.05543667339312,60.9378597800863,3.0
53.55537853251854,54.64341354370117,54.13276628288973,54.11051945303649,45.9909388173388,0.0
57.51173191293032,54.70901870727539,53.97770038024884,55.39948366681819,47.3415165594411,0.0
59.43087724750983,59.106292724609375,58.08383881509803,58.873669595739074,60.8451445687927,3.0
55.48936706068671,56.577110290527344,57.31780094897394,56.46142610006266,54.5503367886259,1.0
49.02374962355818,49.6442985534668,49.71809830671634,49.462048827913776,42.3346147743096,0.0
53.06278007162072,54.017799377441406,54.05116068512583,53.71058004472932,46.3382548126673,0.0
67.03111538608734,68.1469497680664,67.75878232006671,67.64561582474015,62.1247296556115,3.0
60.21374187778915,59.328678131103516,57.57859262214761,59.04033754368009,57.5517239731723,2.0
51.85253704984815,52.59652328491211,53.27134122015264,52.57346718497097,51.2273550888243,1.0
59.99206766452455,54.746620178222656,55.56486828044861,56.76785204106528,60.8342290871244,3.0
48.467132665070295,48.905521392822266,49.49677126781254,48.95647510856836,48.7220499195142,0.0
53.83634407012385,54.32941436767578,54.13792985488473,54.10122943089479,63.1354693111404,3.0
59.52932798105497,59.61599349975586,56.94950534363813,58.69827560814965,69.9809540240668,4.0
52.72421110984279,52.619972229003906,53.22237532553194,52.855519554792885,54.9568619915835,1.0
53.107977729503745,53.35765075683594,52.60356683516404,53.0230651071679,41.9151533884314,0.0
73.91422156635926,73.51034545898438,74.81150638102743,74.07869113545702,71.4215120441452,4.0
50.275081159537905,51.04654312133789,50.95552261767193,50.759048966182576,58.5751744001149,2.0
57.54920064929136,56.024471282958984,55.83634182326064,56.47000458517033,57.5338751842143,2.0
73.9154042162383,69.81342315673828,70.78456512626656,71.50446416641438,71.6672910880756,4.0
61.687686012304496,62.36265563964844,60.317831004858675,61.45605755227054,61.8193068483665,3.0
55.994880502392114,57.47417068481445,57.8115272458202,57.093526144342256,47.2786434403018,0.0
55.90730293615568,54.260108947753906,55.003986204985246,55.057132696298275,45.3511786935772,0.0
43.9906747297468,47.80986404418945,48.957373700461304,46.91930415813252,42.6492682643435,0.0
53.49586390628369,53.941890716552734,54.41145386316828,53.949736162001564,47.2799173797791,0.0
53.228285937284156,54.92787170410156,54.0661353947902,54.07409767872531,51.3902877340332,1.0
56.124152715910206,53.652130126953125,55.84914078608421,55.208474542982515,56.3244989061224,2.0
46.500850170520195,50.33963394165039,49.44301427938406,48.76116613051821,49.9392662566484,0.0
64.4498960113109,65.38069915771484,66.13385274037941,65.32148263646839,65.2055262534383,3.0
62.266378173690285,60.79368209838867,60.29367021714271,61.117910163073894,61.6021572117889,3.0
54.26410312503862,53.49225997924805,53.04754841461049,53.601303839632386,47.2223060305209,0.0
54.09147641762602,55.77302169799805,56.87802832660022,55.5808421474081,55.4622846383715,1.0
65.95982135405853,69.34660339355469,68.85988527256613,68.05543667339312,60.9378597800863,3.0
68.17852316853379,70.57556915283203,70.17544851690015,69.64318027942198,63.6295685595903,3.0
75.1338879746871,71.20759582519531,71.58868990960708,72.64339123649648,73.2114706398596,4.0
53.29243717414265,55.968711853027344,56.22723135718255,55.16279346145084,46.3437492393866,0.0
74.71833348316915,72.59181213378906,72.27298669776519,73.19437743824113,67.5478864821845,4.0
77.64131926847168,76.08946228027344,74.56345029587668,76.09807728154061,74.2605881346223,4.0
52.760099091695935,53.21584701538086,53.29201426907219,53.08932012538299,63.4702202784173,3.0
56.73445272227026,55.015159606933594,56.34742365662935,56.03234532861108,56.9477091907439,2.0
51.210313924137175,54.17818069458008,54.28869050680945,53.22572837517557,55.4038729202543,1.0
56.29115389218685,55.4422607421875,55.444587673074636,55.726000769149664,58.6037842814932,2.0
50.68714913275136,52.302371978759766,52.21556177586875,51.73502762912663,55.7691616679665,2.0
59.73134691808557,56.73996353149414,56.38088866455505,57.61739970471158,61.3925698871032,3.0
57.21454098070254,56.75153350830078,56.677123632718,56.88106604057378,60.9388924574298,3.0
55.15641283482581,51.00310516357422,52.02492923675583,52.72814907838529,49.1815552246232,0.0
57.39228162587409,56.303009033203125,55.900709828099075,56.5320001623921,48.7576056165501,0.0
73.56467679547394,73.95396423339844,73.24814743687459,73.58892948858234,73.8385776055964,4.0
57.00382880585095,58.2517204284668,58.33251123067616,57.862686821664646,61.099377866898,3.0
70.94694539298092,66.00405883789062,65.22201537718908,67.39100653602021,66.0805471414833,3.0
50.96074576959433,51.759620666503906,52.721063125849405,51.81380985398255,60.7693787896198,3.0
69.81119007457184,68.83763122558594,68.62950481911118,69.09277537308965,61.0349197758198,3.0
50.63897422481191,50.76767349243164,51.352145411517284,50.91959770958695,46.6503025206142,0.0
53.6671226768971,54.95214080810547,55.023473675742665,54.54757905358175,46.5402671790533,0.0
70.6759034581278,67.91641998291016,72.44667254727902,70.34633199610568,66.7297629479579,3.0
50.546754219257686,51.33173751831055,52.72471994054105,51.5344038927031,52.7727029900313,1.0
68.30200812287532,69.35301208496094,69.10181033796962,68.91894351526864,65.8852092229906,3.0
59.62410872793804,58.2081413269043,57.53394172083772,58.45539725856002,63.5941167436841,3.0
44.9969918219997,48.89316177368164,49.36332913782684,47.75116091116939,58.1166563870143,2.0
68.40422856210158,66.22542572021484,68.26379735173828,67.6311505446849,65.1715346948531,3.0
72.62318868414692,70.0936050415039,70.68247783101918,71.13309051889,72.9029341005334,4.0
47.74948237398949,51.236942291259766,51.561875794946815,50.18276682006535,50.5023586225719,1.0
53.32058993718886,55.23594284057617,55.21088553281004,54.58913943685835,53.5482599228298,1.0
55.707560255991645,56.76277542114258,55.06665351592746,55.84566306435389,52.6025966808405,1.0
72.198127501626,73.43305969238281,73.53460359911585,73.05526359770822,70.2422923041796,4.0
63.756284093979595,63.92780303955078,63.34152819657353,63.67520511003463,53.8213631472731,1.0
46.27661502882315,49.3184700012207,50.02995240531443,48.541679145119424,45.1265490309377,0.0
51.58627529546426,54.02241134643555,54.066557552993046,53.22508139829762,63.8056311908246,3.0
46.65871748368949,47.24138259887695,47.11501486844496,47.0050383170038,45.2950493301853,0.0
62.28557197864089,58.74787139892578,58.42570997880346,59.8197177854567,44.4795797108283,0.0
48.72191090208013,45.85115051269531,48.304187980234644,47.6257497983367,47.2836345111734,0.0
69.47815181979762,69.06423950195312,68.74723743710125,69.09654291961733,67.5778233615335,4.0
53.23810017761658,55.77627944946289,55.20584679223982,54.74007547310642,54.1529503814979,1.0
51.214613158257286,55.83376693725586,55.57854547808798,54.20897519120038,51.7033604152505,1.0
72.34438350555274,71.42931365966797,71.31913772200403,71.69761162907491,75.0637879790446,4.0
61.18080435723658,57.72808837890625,60.121464892127015,59.67678587608995,54.2377066024161,1.0
51.827896536277095,52.6102180480957,51.6878936600935,52.04200274815543,57.287982879729,2.0
50.614343804633926,50.62916564941406,50.60480931895823,50.61610625766874,45.4057172015593,0.0
54.797924665349385,49.77672576904297,49.58153227264068,51.38539423567767,56.4717068054249,2.0
56.24234984719076,54.96826934814453,55.98578063020555,55.732133275180274,61.2281205326294,3.0
55.73766646287033,56.277252197265625,55.444305053773455,55.8197412379698,60.6804438963333,3.0
65.50302351955746,63.68656539916992,66.34329450732805,65.17762780868514,57.8296654340403,2.0
54.27245061787639,55.068023681640625,54.982055391396834,54.77417656363795,52.4769267937633,1.0
69.20064504594835,73.52225494384766,70.84201806747366,71.1883060190899,70.999256182625,4.0
51.254930936326495,52.248748779296875,52.67807315790539,52.06058429117625,50.153961782368,1.0
75.18805722470985,72.22439575195312,72.49830383677264,73.30358560447853,74.3625636572024,4.0
74.6799554132625,72.95952606201172,73.13916729665326,73.59288292397582,82.6081860568809,4.0
57.912646042574536,54.113861083984375,54.16911637127918,55.39854116594603,47.2606062949748,0.0
68.64863579021782,69.26255798339844,68.914138280534,68.94177735138344,64.2554636677998,3.0
55.77819589500282,52.887351989746094,53.46366314166552,54.04307034213815,42.5469621808721,0.0
46.27435295907598,51.31957244873047,52.15313414211958,49.91568651664202,52.1467714627361,1.0
60.415393703819525,60.718223571777344,60.759289498043756,60.63096892454687,59.4002106844496,2.0
48.904954985234156,50.772579193115234,51.16711135169922,50.2815485100162,51.1027678657147,1.0
51.99383941758335,49.52875900268555,50.69533755369217,50.739311991320356,46.243850227974,0.0
75.1880520501977,74.08511352539062,74.4352734270151,74.56947966753448,71.8245039893831,4.0
55.202102946520355,53.845516204833984,53.797750103104306,54.28178975148622,61.1785913822243,3.0
67.74581482935498,67.65186309814453,68.73762032050925,68.04509941600291,75.5299006289562,4.0
56.21993328035164,57.10867691040039,56.38591545745973,56.571508549403916,52.780901374906,1.0
61.06379016016365,60.887813568115234,59.66676450583289,60.539456078037254,56.6580757957198,2.0
53.54100741425329,54.914344787597656,55.23304373967153,54.562798647174155,57.9646918644795,2.0
61.41863320816826,60.330772399902344,59.616896428669946,60.45543401224685,66.2957439351678,3.0
68.61783954408943,66.39352416992188,66.12079008945871,67.04405126782332,71.4098230745578,4.0
50.09395357742708,50.43558883666992,50.352634606957146,50.294059007018056,50.2813944590435,1.0
52.94975948156693,51.899085998535156,51.707088935245,52.18531147178236,54.8183592535457,1.0
76.19001011478662,73.09738159179688,72.24497674738055,73.84412281798801,75.030551368343,4.0
55.12139335089859,54.98845672607422,54.83301902310178,54.98095636669152,61.3692232351283,3.0
54.690671660456985,56.084312438964844,57.769460906880816,56.18148166876755,58.8140943717265,2.0
72.95962306596219,72.00896453857422,71.25904643178251,72.07587801210632,72.445961481126,4.0
71.94752833883621,71.33338165283203,71.12141279538959,71.46744092901928,72.5786810608964,4.0
49.17747249244917,49.310585021972656,49.93258640143177,49.4735479719512,40.7801974707185,0.0
50.91729103313561,49.23963165283203,49.89397509044069,50.01696592546944,50.9291899464108,1.0
69.60361449799653,70.01604461669922,69.70172152910305,69.77379354793294,74.0467303387496,4.0
67.49901100479366,68.57268524169922,69.17343583035293,68.41504402561527,73.7223240640218,4.0
73.97226517308754,76.89940643310547,75.32909058803324,75.40025406474207,74.9507869456743,4.0
58.2501028792716,57.01860046386719,55.619537730244836,56.96274702446121,50.5164294650414,1.0
47.720005530734156,46.088768005371094,44.086878459179005,45.965217331761416,48.0010829199651,0.0
48.60000242399988,49.317649841308594,49.976856072975494,49.298169446094654,49.1205162523267,0.0
55.96817657930761,54.40731430053711,53.493723395890854,54.62307142524519,70.5111332878526,4.0
53.923408054738786,54.3255615234375,56.93242009792305,55.06046322536645,58.9854810691056,2.0
58.81967457863438,60.921966552734375,59.36329060561218,59.70164391232698,56.6200192968244,2.0
70.04531101470805,69.16790771484375,68.79492548714926,69.33604807223368,71.795099631309,4.0
67.68869044807558,68.75779724121094,69.75051728541708,68.73233499156784,63.4511321454176,3.0
55.44285216320182,55.63226318359375,55.003340635571284,55.359485327455616,57.2324305553631,2.0
53.66575513036625,54.87346267700195,55.210284102068364,54.58316730314552,59.0061530472399,2.0
58.406540783477055,53.779640197753906,53.45009346319205,55.21209148147434,55.9975652777049,2.0
56.65313074310898,57.699588775634766,57.589868461554836,57.31419599343286,51.4408753966317,1.0
60.51704982911501,61.93698501586914,60.28590007038998,60.91331163845805,61.5842093962123,3.0
53.05365805964002,52.10075378417969,51.7779175854445,52.31077647642141,51.8874937044199,1.0
60.705100003208585,62.03892135620117,60.07435419065079,60.93945851668684,67.1785697853695,4.0
54.84654850464435,56.34861755371094,55.66029008864155,55.61848538233229,47.7429366888479,0.0
74.50862014393157,76.5951156616211,76.64888408568078,75.91753996374449,73.2402575877646,4.0
57.045375349946895,55.25131607055664,55.07073050822395,55.78914064290916,54.8844700878683,1.0
55.40328475720675,56.04104995727539,55.688592903414026,55.710975872632055,51.9223670308632,1.0
52.14062521080149,53.88998031616211,54.24562510289023,53.42541020995128,48.297448851203,0.0
59.64238368536712,57.64857864379883,59.27493958114855,58.855300636771496,61.6671830416094,3.0
57.068336255591845,55.87855911254883,55.507307158210224,56.15140084211696,57.8928221466695,2.0
55.3475851814809,58.52281951904297,58.7622774314542,57.544227377326024,56.4161984327918,2.0
55.88584204413094,55.89200973510742,55.715779773502746,55.83121051758038,51.5853513229773,1.0
62.046874174144556,64.39270782470703,65.03464223720336,63.82474141201832,72.1144645913767,4.0
49.217641798711526,53.913333892822266,54.017395282731286,52.382790324755035,61.4014309343842,3.0
56.30588122673642,54.169498443603516,54.19255875464638,54.88931280832876,54.58032560224,1.0
44.02091426332145,46.713966369628906,46.27797107514164,45.670950569364,37.7761286711942,0.0
56.58576067157473,54.39278793334961,53.920001898447325,54.966183501123886,59.6000934007869,2.0
57.856384181782374,61.21635055541992,60.85037235327533,59.97436903015922,57.2689985565646,2.0
57.627006487246824,57.515785217285156,58.8986472491394,58.01381298455712,54.4200405410592,1.0
56.66160648526323,54.53532409667969,54.19236774856093,55.12976611016794,60.2670070071854,2.0
60.58195580825205,58.450767517089844,58.30581086168068,59.11284472900752,63.2206839454921,3.0
54.89389715839426,53.93074035644531,54.872051829207,54.56556311468219,54.4158040881065,1.0
64.31205465332918,66.80970001220703,67.10138872860472,66.0743811313803,57.3936982463521,2.0
60.15256156940245,59.52645492553711,61.00437671048168,60.227797735140406,62.9652319690696,3.0
70.42989117639416,72.2591781616211,71.75598958903929,71.48168630901819,86.5345888871565,4.0
74.27044857134521,72.8943099975586,73.55423833016326,73.5729989663557,65.2166212597011,3.0
57.206932723958936,56.786075592041016,56.484474508242904,56.82582760808095,54.2990115890377,1.0
51.76750582341649,50.9907341003418,51.776631358876756,51.511623760878344,51.4331644431937,1.0
52.67853029509811,52.2546501159668,53.25774031454308,52.730306908535994,48.8554359413869,0.0
53.58869322268305,53.744354248046875,53.80858361110773,53.71387702727922,54.1604315022576,1.0
48.76472102867026,51.8045768737793,52.47900675859469,51.016101553681416,50.2878705498139,1.0
63.05373637639347,63.45133972167969,64.84561164788755,63.78356258198691,61.2361339376643,3.0
53.315054087393285,53.92073059082031,55.20452886117324,54.146771179795614,53.7265549800579,1.0
71.73405028574247,70.5368423461914,71.09890167806785,71.12326477000057,73.2214176010913,4.0
61.53542124723876,61.36405563354492,60.32077977020947,61.07341888366438,60.3155973547061,2.0
73.20129453760173,73.21187591552734,71.70824187179888,72.70713744164266,83.762987264123,4.0
57.89207557008989,57.25086212158203,57.678231136494816,57.60705627605557,63.499326793515,3.0
73.21283018719505,72.64810943603516,70.10808806178599,71.9896758950054,75.0167210219527,4.0
58.597452418933656,57.808311462402344,57.33173680871571,57.91250023001724,55.4384332177375,1.0
51.819987990525426,52.303565979003906,53.35624736725266,52.49326711226066,53.8032670342468,1.0
63.96976145692555,66.12464904785156,65.8538263957972,65.3160789668581,63.1972827700409,3.0
43.971884671686674,48.0169563293457,48.94856828816368,46.97913642973202,52.2118206000767,1.0
69.95003328004637,71.66632080078125,71.20719236711975,70.9411821493158,75.0844970876232,4.0
53.66143158665253,54.38648986816406,57.78810177012584,55.278674408314146,75.491552553868,4.0
67.09636057209238,69.22794342041016,68.99252777470768,68.43894392240342,57.6515888769268,2.0
68.26500383092538,72.79623413085938,71.38859624043495,70.81661140073989,72.9069993611173,4.0
49.39828230132883,50.69930648803711,51.209599254988795,50.43572934811825,52.6344599846346,1.0
67.1764640240397,67.21725463867188,67.96862325188239,67.45411397153133,72.5496351268634,4.0
55.019902678739854,54.268131256103516,55.236567308346366,54.84153374772992,52.5707497650537,1.0
51.02083810010901,51.967803955078125,52.13995481248869,51.70953228922528,57.609170546224,2.0
46.34777123332681,49.64311218261719,49.5366043084111,48.50916257478503,38.6861408083711,0.0
46.83752905995237,49.627681732177734,48.92973974085573,48.464983510995275,60.6269473509754,3.0
55.05660810595777,54.75238800048828,54.73460272689897,54.84786627778167,66.439082132032,3.0
73.61755697163917,72.08538818359375,72.83332657795755,72.84542391106349,66.1285401966913,3.0
53.79911503039419,51.34541320800781,50.89913909575067,52.0145557780509,58.4739258815554,2.0
56.464588238237326,60.18450927734375,60.2167471151897,58.95528154359027,56.8432696768789,2.0
59.92500345061081,57.83774948120117,56.17042971470147,57.97772754883783,61.3461777409098,3.0
65.85070868147923,67.87815856933594,68.43490834489918,67.38792519857145,66.0274837596969,3.0
57.45766413073665,54.891605377197266,54.240327328080845,55.52986561200492,56.2518363645719,2.0
57.805974763867695,56.23051834106445,56.8141719990511,56.95022170132774,56.5003009267132,2.0
77.01650077053843,72.1380386352539,71.2189768053332,73.45783873704184,84.4055947582154,4.0
65.75765832408673,65.25053405761719,66.04448962056638,65.6842273340901,66.5090259719603,3.0
58.52855309792087,56.17974090576172,57.07406754677722,57.2607871834866,51.7136424557317,1.0
58.36715940294277,55.335418701171875,55.21796091110268,56.30684633840576,55.3389701755329,1.0
71.592806499433,72.06896209716797,71.81721840493896,71.82632900051331,71.4346149358575,4.0
51.8000033907533,53.912818908691406,53.08082793245818,52.93121674396762,45.8472666295467,0.0
51.06444931282944,53.41301727294922,53.8175195857055,52.76499539049471,49.8278044441904,0.0
60.15103582828877,60.97427749633789,60.77119817287403,60.6321704991669,56.163369847233,2.0
58.06575469835924,59.454322814941406,58.380288426434994,58.633455313245214,55.1818709739451,1.0
53.244775833096405,52.99435043334961,52.82711637851378,53.02208088165327,54.1191089007583,1.0
68.8445743582335,68.55048370361328,67.54190093449932,68.3123196654487,65.3123165988979,3.0
54.111550980937466,55.63630676269531,53.937498847024706,54.56178553021916,59.26168880795,2.0
52.72676015094741,55.878273010253906,54.92953143014115,54.51152153044749,61.0428133521117,3.0
50.22642266635142,51.01997756958008,51.34069264135689,50.86236429242947,55.2224693648701,1.0
51.10284750230483,52.284278869628906,52.82021041702432,52.06911226298602,52.1116783477612,1.0
52.46187705670622,49.813201904296875,49.978487445276556,50.75118880209322,53.1534947510314,1.0
50.97403456068833,53.361385345458984,53.43426023527235,52.58989338047322,49.8278044441904,0.0
59.48390227604616,59.28425598144531,59.90920080720094,59.5591196882308,54.5230984009258,1.0
55.89899779494973,54.65032196044922,55.80244320340232,55.450587652933756,59.6429231337299,2.0
49.41935440507567,50.64756774902344,51.07000207709549,50.37897474373153,40.5282286421903,0.0
68.54616713488116,70.4095687866211,68.8421696218882,69.2659685144635,67.2308352712342,4.0
51.68085690290852,51.549198150634766,51.80156623458903,51.67720709604411,52.6230808901309,1.0
54.68458562053604,54.576171875,54.65169006091141,54.63748251881582,49.3360419491215,0.0
57.22741459353867,54.579856872558594,55.27250896746829,55.69326014452185,57.3708164811666,2.0
53.65306182500835,54.53742980957031,54.647096332751126,54.27919598910993,48.0979197758496,0.0
53.385250386829135,51.80615997314453,52.28665362178486,52.49268799391951,52.3085012846037,1.0
54.14970414433056,56.880672454833984,57.819530981692736,56.28330252695243,49.7808159801145,0.0
57.11197731057689,59.818931579589844,59.187471760201774,58.70612688345617,63.0749554837679,3.0
51.886665546984155,49.74106216430664,50.219557401218324,50.61576170416972,50.9361047408209,1.0
78.88855028993854,77.6169662475586,77.16055771875561,77.88869141875092,81.856774938465,4.0
47.43203560755643,49.321372985839844,48.836168768534506,48.529859120643586,45.563122210167,0.0
50.13043084168352,51.648433685302734,52.032134540852944,51.270333022613066,42.5652661245095,0.0
56.16479447355148,57.12499237060547,55.29115962728338,56.19364882381344,51.0711804203889,1.0
58.44331650139009,60.361820220947266,59.22573302309603,59.3436232484778,65.0534893290553,3.0
53.66921315604274,53.78298568725586,54.308945228319054,53.92038135720588,51.2386328870449,1.0
54.90229469628602,55.381744384765625,55.24424740694446,55.1760954959987,49.4063144445429,0.0
54.41570951420916,56.486114501953125,56.910942825160014,55.937588947107436,57.6271191216158,2.0
53.876526306981724,52.41283416748047,52.85817981657728,53.04918009701316,43.041247518926,0.0
51.38134950938159,49.757755279541016,49.888445345911634,50.34251671161141,53.4513572304261,1.0
55.464662228170006,54.28242874145508,54.342569201206175,54.69655339027708,60.1767406393192,2.0
61.91369730655806,64.76750183105469,65.51075163611277,64.06398359124184,64.841190802307,3.0
50.328209856895576,52.91401672363281,52.473415843829834,51.90521414145274,59.7158007619567,2.0
54.95157447621086,51.3403434753418,50.60027219416049,52.29739671523771,60.5187789170783,3.0
55.88824129759301,55.950435638427734,55.28708903068154,55.70858865556743,62.4912588536739,3.0
67.69322806015153,68.38273620605469,68.92854015353167,68.3348348065793,64.0859099913242,3.0
55.36984283255376,53.20154571533203,52.919554933784234,53.83031449389001,58.4967811295973,2.0
57.27475804777958,56.35892105102539,55.94034956275979,56.52467622052158,58.317207185248,2.0
59.23008933970867,59.15119934082031,57.63526119138171,58.672183290636895,61.8672566744663,3.0
55.08056038748404,52.99050521850586,52.26846445382545,53.446510019938444,49.0097994411041,0.0
50.02287368070336,49.9151496887207,49.73348450202426,49.890502623816104,52.7721179417014,1.0
71.69836791535454,73.82850646972656,74.24215788744137,73.25634409084081,72.4314597786973,4.0
50.71042206904049,52.50092697143555,52.43843669260177,51.88326191102593,51.6092213465743,1.0
52.701552622009984,54.48738098144531,54.47430384122002,53.887745814891765,65.1833703284536,3.0
64.30680543372553,65.59400939941406,65.65560547114224,65.1854734347606,63.2625176669329,3.0
48.17763663444849,49.29603958129883,48.901873954914905,48.791850056887405,42.7012165233585,0.0
54.395410001894334,52.21249771118164,51.3357369251956,52.647881546090524,39.6782690763591,0.0
49.553180239484576,50.49488067626953,52.45557809660452,50.83454633745287,46.4185931474982,0.0
53.36861865857982,53.479732513427734,49.12755808319573,51.99196975173442,51.7806546505575,1.0
64.85766558880653,60.913787841796875,60.099415017927626,61.95695614951035,45.6630904948855,0.0
55.019191467078855,56.79588317871094,55.795645691156594,55.870240112315464,56.0062347111404,2.0
56.1673944001002,54.703433990478516,54.96840008685628,55.27974282581166,54.8143664670126,1.0
60.620193467092456,62.60967254638672,61.0295981076561,61.41982137371176,63.4586500753049,3.0
49.782018164146265,48.47808837890625,47.55350176912407,48.604536104058866,56.8784585441087,2.0
57.79616337765688,57.17450714111328,56.45563525010735,57.14210192295917,61.1305662058244,3.0
68.30119539418779,66.93600463867188,66.78018718126596,67.33912907137521,73.7648380611829,4.0
69.51072611643514,69.82921600341797,69.54750892330762,69.62915034772024,78.8353660048847,4.0
73.01373462157977,71.26704406738281,71.14847584487885,71.80975151128048,78.5572325711702,4.0
55.14316768759186,50.984676361083984,50.12670434186318,52.08484946351302,53.4112564606257,1.0
70.56406730388244,70.17281341552734,70.1806135109135,70.30583141010776,71.7223623819818,4.0
71.59465815406575,72.90447998046875,70.36398985085692,71.62104266179715,74.5051276491875,4.0
54.11442886217007,52.02432632446289,52.4623359828895,52.867030389840814,54.6875376281831,1.0
52.151402594092716,53.813079833984375,53.217805913766185,53.060762780614425,56.6248179361153,2.0
56.77592157962026,54.2900276184082,53.015683237986686,54.69387747867171,55.2903529011393,1.0
67.53825480927848,69.21090698242188,69.14867992470423,68.6326139054682,73.9041532266797,4.0
69.45643232622716,68.87287902832031,69.53333214059217,69.28754783171321,68.282204070477,4.0
51.72358552864462,51.88499069213867,52.307709023456056,51.97209508141312,48.7954222098598,0.0
55.502496043456404,52.03023910522461,51.983570292647244,53.17210181377609,49.3466734979183,0.0
52.832782437111675,53.58207321166992,52.651672823027155,53.02217615726958,43.9488811586768,0.0
59.61474696579523,56.43099594116211,55.60604113086483,57.21726134594073,65.3451462831308,3.0
73.99836983207162,76.37533569335938,75.56754024511847,75.31374859018315,81.6644510809682,4.0
44.42749990048033,47.56523513793945,49.56063646560284,47.18445716800753,39.7913702808911,0.0
54.999883684162775,54.00627136230469,54.54505867093034,54.5170712391326,49.5062271608057,0.0
56.39853935916628,57.774810791015625,58.07580696511236,57.416385705098094,47.6992908947595,0.0
58.02811688941239,57.574989318847656,56.86864892681682,57.490585045025625,49.2860414005799,0.0
71.87030447446179,70.19747161865234,69.3690944404517,70.47895684452195,69.4559545829192,4.0
51.671450446182035,54.820228576660156,53.45976097853103,53.317146667124405,56.4364132149561,2.0
49.399191422997966,50.159420013427734,50.58038972062229,50.046333719016,51.5913546073227,1.0
52.653472148749444,50.807098388671875,51.22657130944385,51.56238061562171,43.6699181363868,0.0
52.9960778640977,54.450103759765625,55.37979534100346,54.275325654955594,60.4072811927633,2.0
60.4253444094747,59.519935607910156,60.47774824939069,60.14100942225852,57.1744620124382,2.0
54.48226247887471,55.59217834472656,55.384891354441514,55.15311072601426,50.7336010919501,1.0
73.85377338035319,71.71176147460938,71.70799379574798,72.42450955023685,79.1078337372667,4.0
55.61230077585882,55.70328140258789,55.44020417385885,55.5852621174352,48.7211249096507,0.0
63.675978477340564,62.55964660644531,60.535475477788005,62.25703352052463,63.7235379307681,3.0
51.30314891723752,51.90189743041992,52.12663323505168,51.77722652756972,50.9658647040997,1.0
49.316711894177665,51.67572021484375,51.95605776603952,50.98282995835365,43.8647349548032,0.0
57.807987701758805,56.67477798461914,58.08735001919083,57.52337190185625,50.8165589016646,1.0
57.76859413691916,57.96208190917969,58.60939222407724,58.113356090058694,54.7424416703605,1.0
53.85938763417227,55.82431411743164,54.51331989524895,54.73234054895095,57.7862502341437,2.0
55.88469997363508,55.39725112915039,55.706502339247685,55.66281781401105,41.2004726234073,0.0
52.36129502204805,55.07939147949219,55.25480753298337,54.231831344841204,59.8059687388985,2.0
52.63168962108939,53.31168746948242,53.14127019069289,53.02821576042157,58.6256802315969,2.0
54.18540864068149,48.200138092041016,50.64644395434007,51.01066356235419,45.6144011422721,0.0
60.17057381284005,59.24583435058594,59.10508080326176,59.507162988895914,52.0193142518225,1.0
70.58941185031674,72.99583435058594,72.7232197436115,72.10282198150473,66.3811126762725,3.0
73.09103710835593,75.35588073730469,72.97793008113068,73.80828264226379,76.5200538635261,4.0
75.3836133004776,71.1737289428711,73.57500205012286,73.37744809782386,58.88915440252128,2.0
51.61982708250643,51.093475341796875,51.6070330945482,51.44011183961717,56.807708574704,2.0
53.6019066596169,50.99684143066406,50.83277498192025,51.810507690733736,46.461189737499,0.0
69.3440299816943,69.66021728515625,68.57087601767032,69.19170776150695,78.3944193885001,4.0
48.81393598858108,51.52400207519531,51.57224422891509,50.63672743089716,56.3532642627505,2.0
69.49902729505291,70.19270324707031,69.08939016485257,69.59370690232527,70.8985760042407,4.0
58.54374987744457,61.114524841308594,60.31744195972432,59.99190555949249,57.9903136911254,2.0
56.45468594374726,58.922706604003906,58.362660488892075,57.91335101221441,55.2421848167872,1.0
70.75385029228623,72.0633316040039,71.52235503100036,71.44651230909683,78.7629266358449,4.0
55.92148187915146,55.20402908325195,54.594245123908856,55.23991869543743,48.2070593058001,0.0
52.9680656322014,55.55174255371094,55.84782598811576,54.7892113913427,55.9974550528915,2.0
53.6363276835719,56.15900802612305,56.33075449190492,55.37536340053328,58.5300391002869,2.0
70.98486979895307,70.95613861083984,72.25093704728083,71.39731515235792,65.542377862877,3.0
53.771329848944276,52.25046920776367,52.282135446080275,52.76797816759608,57.1324997121978,2.0
58.322535679040875,56.104270935058594,55.44283363068716,56.62321341492888,67.7429671758197,4.0
68.85332682992484,70.3603744506836,69.85085195211668,69.68818441090838,69.2833874650312,4.0
58.74697809536352,54.24068069458008,53.85195781184886,55.61320553393082,52.316691970331,1.0
53.156492142575914,51.8892707824707,52.31320384433458,52.452988923127066,44.5756014552311,0.0
76.26586939995765,78.97409057617188,78.53415224957898,77.92470407523616,71.8522523394252,4.0
55.06158394782849,53.69572448730469,54.48948977524105,54.41559940345808,58.1618135961137,2.0
51.85755710174796,54.4846076965332,53.61023795694493,53.31746758507537,52.8008432299461,1.0
56.72241467729482,55.63066101074219,57.28197921548959,56.54501830117554,57.0687717028381,2.0
68.18947406015127,68.09213256835938,68.59734152197925,68.29298271682997,59.1444856024541,2.0
57.972095741718825,57.8079719543457,57.48405221745537,57.75470663783997,55.3081883568847,1.0
50.44157811979973,51.33945846557617,52.01951157591151,51.266849387095796,51.4819321189966,1.0
69.66107994939128,69.84809875488281,72.30817917494261,70.60578595973891,67.959076330818,4.0
70.36564179613676,67.1185073852539,69.34983896636365,68.9446627159181,62.7560189166576,3.0
58.108711198562816,56.15118408203125,55.37415568223983,56.54468365427797,46.3278210979797,0.0
47.57450887906551,50.974212646484375,49.43013801790032,49.3262865144834,46.2027367417281,0.0
67.43106608517438,69.40666961669922,69.33509426063661,68.72427665417007,62.1169717128598,3.0
64.97145494647758,65.84734344482422,66.9908805705371,65.9365596539463,65.8523853015736,3.0
67.1218696427503,69.2712631225586,69.95072437369542,68.78128571300145,85.4193006305094,4.0
52.642689360710364,54.297569274902344,53.65910276576575,53.53312046712616,61.5313673499253,3.0
53.00605329296055,53.78818130493164,53.86911057958296,53.554448392491715,52.9607918700868,1.0
59.0006717024509,59.62518310546875,58.409041150555524,59.01163198615839,57.5643010685357,2.0
73.77825180464195,70.30692291259766,70.12661722031243,71.40393064585068,72.3358129039391,4.0
51.53497358009223,51.98445129394531,52.448425153220604,51.98928334241938,45.2801799133968,0.0
55.378505572441256,53.20193099975586,52.074472260458535,53.551636277551886,63.1297133313698,3.0
70.37666791307751,69.12545776367188,68.86120324813687,69.45444297496209,66.8590840784866,3.0
55.450912547011924,55.09234619140625,55.11392786117868,55.21906219986562,58.5754703175457,2.0
53.570266447793244,53.919437408447266,54.50571033976551,53.99847139866867,56.5585515609332,2.0
53.39063496343746,56.588890075683594,57.416173443528535,55.798566160883205,49.2020305961485,0.0
57.56504036129107,57.009090423583984,56.471761843300975,57.01529754272534,66.0127483917993,3.0
58.24805036155249,56.836387634277344,55.81495192782301,56.96646330788428,52.7812205627756,1.0
60.721094853415416,61.95933151245117,60.71919875531941,61.13320837372867,64.8133242127433,3.0
54.70051909631721,55.49108123779297,54.05012578734274,54.74724204048431,49.547651160375,0.0
61.2118859871494,60.599876403808594,60.34415452264834,60.71863897120212,52.6106794101252,1.0
53.12693802518801,52.990211486816406,52.90886206448987,53.0086705254981,39.7337727964731,0.0
54.11318658572992,54.547054290771484,56.419962332225666,55.02673440290903,52.5687686670512,1.0
48.40521676923597,50.21967697143555,50.39591720705717,49.6736036492429,44.9255952228768,0.0
71.23383203358517,69.8843994140625,70.94460770342802,70.68761305035856,67.3334120519002,4.0
53.84213561454898,53.08411407470703,53.59943890858857,53.50856286594819,53.3715130025326,1.0
52.1788096813612,50.5305061340332,50.10668082180312,50.938665545732505,47.5868267398959,0.0
61.78245442869476,59.87335205078125,60.3417052479911,60.66583724248904,48.6415942782449,0.0
53.88912329858731,52.49369430541992,52.515317062618955,52.966044888875395,47.1551843903733,0.0
54.887045463415234,54.01509475708008,55.65916780165878,54.85376934071803,46.1164522601625,0.0
55.519937447080096,55.49135971069336,54.79106011524843,55.267452424340625,59.4449937440262,2.0
61.507188101687596,61.22723388671875,61.74940714165892,61.494609710021756,58.617762033859,2.0
52.66132115784242,56.206295013427734,55.61642724790971,54.82801447305996,55.2100157217175,1.0
69.70104997739034,69.66109466552734,70.81920204613334,70.06044889635034,60.4263439191145,2.0
52.40625664158651,55.04167175292969,54.90063808525732,54.11618882659118,51.8905095605777,1.0
72.71549920327438,71.01858520507812,70.07099863704575,71.26836101513275,75.6102505218046,4.0
58.73147818424562,59.24403381347656,60.10639634693774,59.36063611488664,53.6817822154173,1.0
51.14610291295716,54.014896392822266,54.969841400752316,53.376946902177245,56.5205978670563,2.0
66.663082399045,69.21470642089844,71.71812404243315,69.19863762079218,58.88915440252128,2.0
67.97170949365172,70.69214630126953,68.33110536694863,68.99832038728995,66.8499759052428,3.0
67.65460101347915,59.48212814331055,67.84713697761806,64.9946220448026,57.4499480772348,2.0
70.53374739974474,71.03799438476562,71.67708389388307,71.08294189279782,64.1653300522432,3.0
47.98432775001278,49.409423828125,50.210891303165056,49.20154762710095,41.3444804051105,0.0
73.56478661075775,72.66681671142578,74.17119572503424,73.46759968240592,76.1536460679428,4.0
51.143658327340994,51.328346252441406,52.67515161414693,51.71571873130978,48.9484133061328,0.0
55.19291183098085,53.45516586303711,54.41270326257325,54.35359365219707,64.3695270646297,3.0
49.78430431963375,51.12282180786133,51.146514388671484,50.684546838722184,50.854334653385,1.0
60.09954988712393,56.35792541503906,56.700742927728406,57.71940607663047,49.8452891023542,0.0
59.71038360337203,56.58328628540039,57.38487228245688,57.89284739040977,55.3880736989567,1.0
56.924508055943235,54.283138275146484,52.83562188105333,54.681089404047675,55.9606798140441,2.0
54.91884943857143,54.93180465698242,55.71381611530529,55.188156736953054,52.3462694946158,1.0
65.98331275182275,68.17756652832031,67.82335878507021,67.3280793550711,63.4962855246341,3.0
73.78847926703325,73.75570678710938,72.5474795941652,73.36388854943594,82.9754080203941,4.0
67.58093280779566,67.8834457397461,67.61508775489824,67.69315543414666,70.3181348401206,4.0
69.41926750002271,70.3629150390625,73.22199476944822,71.00139243617781,74.5644629159369,4.0
46.7011635807107,49.6442985534668,49.71809830671634,48.687853480297946,44.3723462030616,0.0
51.95623654965074,50.8497428894043,50.56707731332814,51.124352250794395,41.89003459814,0.0
49.77115502799831,48.929813385009766,50.260770725646886,49.65391304621832,47.621832586387,0.0
52.766269210146305,55.117637634277344,54.618653567941834,54.16752013745516,58.6262515485391,2.0
68.55177575521802,63.79499816894531,63.372828537659274,65.2398674872742,75.0935772426431,4.0
52.4505687012608,53.93217468261719,55.172506814830854,53.851750066236285,58.9272982975032,2.0
53.3768126398576,54.04729461669922,55.10326517572381,54.1757908107602,47.7429366888479,0.0
52.86896096388336,48.78620910644531,50.252609708764055,50.63592659303091,42.3971540767748,0.0
47.301270579177014,48.379676818847656,48.432327856409835,48.03775841814484,54.7352695463466,1.0
58.373706570833576,57.177738189697266,58.27895032498456,57.94346502850513,51.9954974215641,1.0
70.27157473095704,69.6654052734375,69.09953158275496,69.6788371957165,70.7473588126441,4.0
67.53819997273584,69.98466491699219,69.40484473614023,68.97590320862275,64.0181780303205,3.0
57.60155703729847,58.34791946411133,57.351817865001024,57.76709812213693,54.9246968848365,1.0
52.17140016876573,52.607032775878906,52.47506426996455,52.41783240486973,56.4880298696114,2.0
56.63592584773112,57.676048278808594,56.97983744801851,57.097270524852746,42.8977148470309,0.0
49.92706022015246,51.98194885253906,52.10078846901363,51.336599180568385,54.3564928983871,1.0
58.42603222319895,55.74174499511719,56.1895888136457,56.7857886773206,57.302796265644,2.0
72.65107307449401,71.84770202636719,73.6084417973343,72.70240563273182,69.1317733821828,4.0
54.033512405006746,55.71290969848633,57.01110411360409,55.58584207236572,54.1529503814979,1.0
55.947028600452335,56.6838493347168,53.479465647316445,55.3701145274952,53.2859654684455,1.0
51.977633840471306,50.0167121887207,49.835732917864284,50.61002631568544,63.2234930052717,3.0
65.66695644520705,66.90961456298828,67.03031510084661,66.53562870301398,74.3687869575081,4.0
53.573117649073524,57.305816650390625,57.52973104398382,56.13622178114932,53.8486746277686,1.0
56.84813353136746,55.781368255615234,54.53347798843299,55.7209932584719,62.5671986134681,3.0
55.41044058370192,54.304664611816406,54.966269809995374,54.89379166850457,48.3631189818616,0.0
65.26452682535482,64.23229217529297,64.33728612023748,64.61136837362842,63.6275855204051,3.0
56.90796023227535,53.50530242919922,52.698440469410265,54.37056771029494,52.2883578149831,1.0
48.67429941834256,49.52875900268555,50.411862796412215,49.53830707248011,40.2886170705903,0.0
52.42185889162653,55.15658187866211,54.00152727166176,53.8599893473168,53.4659922295438,1.0
57.52139212996734,52.57142639160156,51.37486140794908,53.822559976506,59.151278735151,2.0
68.55767768352786,70.15570068359375,71.11422807779914,69.94253548164025,66.2907697535247,3.0
54.36160874263196,55.810115814208984,55.104737613368044,55.09215405673633,56.6291575459107,2.0
56.18220174577479,53.87137222290039,53.99167743532057,54.681750467998576,63.5578944240417,3.0
66.24547511141505,69.92668151855469,69.55461111833793,68.57558924943591,73.2281928174643,4.0
60.70634225048069,59.126220703125,60.23809024007528,60.02355106456033,64.0884399892849,3.0
52.34262758022158,51.79914855957031,52.10645647303149,52.08274420427446,55.2879688712415,1.0
52.09197173329103,50.21410369873047,50.01181180685455,50.772629079625354,49.61636164814,0.0
55.58292689569593,57.291534423828125,57.009540334381256,56.62800055130177,62.0641250560614,3.0
50.62837090117721,53.0799446105957,53.8044330429527,52.50424951824187,51.4672529113833,1.0
54.74829709999814,53.21507263183594,53.2831018898434,53.74882387389249,52.9212369957252,1.0
67.15486184344758,68.22502899169922,69.2242901284694,68.20139365453873,67.9041402365477,4.0
53.47326785480399,54.054283142089844,54.53015770656835,54.0192362344874,55.7775048721887,2.0
69.23876383961144,67.43909454345703,67.34916298115317,68.00900712140722,66.5729533287943,3.0
70.07011360749149,69.42372131347656,69.02175122885238,69.50519538327347,65.8524485141307,3.0
58.55047370759171,55.82766342163086,56.590781191742835,56.98963944032181,56.9695647535327,2.0
49.7246312569534,51.98395538330078,52.0056532070224,51.238079949092196,47.4782505986711,0.0
58.26467886427146,59.05497741699219,57.844897030850426,58.388184437371365,59.7743830154634,2.0
72.07559428510427,71.3238296508789,71.15363368791576,71.51768587463299,62.93486936506,3.0
58.8888677090367,56.17250442504883,56.7370639784564,57.26614537084731,56.5934867890314,2.0
55.915865327267156,58.22461700439453,57.71948517200911,57.28665583455693,46.6130199629816,0.0
54.45022744549486,54.80463790893555,55.36386613342647,54.87291049595229,53.7617036506304,1.0
48.108848697089364,47.20430374145508,47.951054401224596,47.754735613256344,51.135928360504,1.0
74.15540002891497,72.1597671508789,73.4796010918191,73.26492275720433,67.1507677903034,4.0
53.611735381974675,54.86148452758789,54.4495362478696,54.30758538581072,56.8905810870475,2.0
51.35406052567865,51.99247360229492,52.22657652530141,51.85770355109165,51.2255927442383,1.0
51.037717810101924,51.95851516723633,50.8994892947403,51.29857409069285,45.4322483570845,0.0
69.73237019923283,69.46343231201172,71.14757315666675,70.11445855597043,64.4030042839633,3.0
56.210526613582005,55.5944938659668,55.40473318229613,55.73658455394832,56.5071204291357,2.0
66.02885011285161,64.32965087890625,63.50575527289162,64.62141875488317,63.5456273862926,3.0
51.18160489327565,54.805580139160156,52.54304175395051,52.84340892879544,61.3975607543652,3.0
45.705316640137006,46.60715866088867,46.91813533296445,46.410203544663375,51.135928360504,1.0
48.16876588190626,50.18728256225586,50.49371296694726,49.616587137036454,45.6495509514949,0.0
60.77253189596419,61.03822708129883,59.76738536968373,60.52604811564891,57.3461259363039,2.0
48.357756051872066,49.06869888305664,49.58441569665512,49.00362354386127,46.0750247730452,0.0
69.0756280341166,70.8065414428711,71.33893247941809,70.4070339854686,75.5973349275561,4.0
49.08875642645441,50.39582824707031,52.07728075772717,50.5206218104173,41.7759745331266,0.0
55.384409790310784,56.42691421508789,55.927231300377684,55.91285176859213,60.5344893437325,3.0
68.1418816143903,72.9753646850586,70.43158199507486,70.5162760981746,72.5042902095618,4.0
70.96153085167757,72.8710708618164,75.51249552549137,73.1150324129951,74.7345785677744,4.0
67.38773139133843,67.62708282470703,67.02250691694941,67.34577371099829,67.9233035965576,4.0
55.34735485523669,50.87260818481445,50.60292929770094,52.27429744591736,44.5581282553572,0.0
72.06316611612432,74.09284973144531,71.45253483890258,72.5361835621574,74.7059423680984,4.0
54.716293320575595,55.202919006347656,53.58100885105701,54.500073725993424,56.0925384218795,2.0
56.292454701489405,55.26708221435547,55.42793604006642,55.66249098530377,64.1097853486451,3.0
55.09825887432558,53.70489501953125,53.373839274163494,54.058997722673446,59.1978802853634,2.0
70.48181068540435,70.06829071044922,71.2347963679451,70.59496592126622,77.7213439885458,4.0
63.78418865869911,62.541229248046875,62.209029771754565,62.844815892833516,67.3612033575474,4.0
73.02152067595404,73.63937377929688,71.60567090587904,72.75552178704332,83.762987264123,4.0
53.86069102337204,53.70746612548828,52.85193267085107,53.47336327323713,58.4425118543423,2.0
50.17380407888726,47.60022735595703,49.45554031905218,49.07652391796549,68.4115233262052,4.0
56.801174377693705,56.68559646606445,57.66362200317499,57.05013094897772,57.7771427530178,2.0
53.269010840920956,56.042396545410156,55.018919107522656,54.776775497951256,53.6037851276093,1.0
53.2629023219061,51.89808654785156,51.86650807330513,52.342498981020924,49.4627912325635,0.0
70.59807136491263,68.74651336669922,68.84428056686193,69.39628843282459,71.4388525363463,4.0
58.39311199079419,56.6895751953125,57.38457238749541,57.48908652453404,56.3135544966286,2.0
55.26164996395217,54.049285888671875,53.771487755859724,54.3608078694946,52.6300569346883,1.0
55.83377674617281,55.205482482910156,53.719256049706324,54.91950509292977,58.8688987238438,2.0
46.27435295907598,51.31957244873047,52.15313414211958,49.91568651664202,52.1467714627361,1.0
54.34312851919958,54.21387481689453,56.07723020307222,54.87807784638877,59.1583440932551,2.0
54.92518775561223,56.68008041381836,55.69437592491695,55.76654803144918,60.2585399463476,2.0
50.5601698454023,51.4224739074707,51.89845732950361,51.2937003607922,53.4670806004461,1.0
58.69789356159466,54.92900848388672,55.111956778366626,56.246286274616004,40.8436119288022,0.0
49.16585264983866,51.38167953491211,51.424758018567296,50.65743006777269,39.5860066836832,0.0
53.73039180745167,57.0473747253418,56.63381999000062,55.8038621742647,52.0597831199406,1.0
54.4378636854251,55.11365509033203,55.30579389938076,54.9524375583793,50.1216036982391,1.0
67.69333201710064,68.26123809814453,69.58620267281268,68.51359092935262,71.5979026247169,4.0
52.22649150133527,53.479427337646484,54.812328450175606,53.50608242971912,63.3115038470719,3.0
55.41534077034629,54.658809661865234,55.23255792960411,55.102236120605205,55.1927366402449,1.0
53.03690837485867,55.85100555419922,56.131260880842,55.00639160329996,56.8991504933664,2.0
58.955672509708975,57.60320281982422,56.66174789753777,57.74020774235699,51.2206347803995,1.0
71.34730729654305,69.96382141113281,73.14032855109349,71.48381908625645,79.5255490215843,4.0
51.14887179026079,54.82644271850586,54.78649394262974,53.58726948379879,46.5772237482098,0.0
54.94567943744804,55.14964294433594,55.2022885004038,55.09920362739592,55.1730392802659,1.0
71.98465612262976,71.24844360351562,71.83332731133612,71.68880901249383,76.7742561749318,4.0
55.199573447658175,55.821475982666016,55.68682242254266,55.56929061762228,62.8546420334611,3.0
47.629595015641705,49.411094665527344,49.394644467739234,48.8117780496361,35.4293210552098,0.0
73.2677034995054,73.73562622070312,73.53755172372317,73.51362714797723,69.662509358582,4.0
72.16824293965264,68.95205688476562,72.62220301260795,71.24750094567541,62.4412662158837,3.0
53.067642299090714,54.25988006591797,54.1993766966942,53.842299687234295,58.1033212309781,2.0
56.05008321462546,54.09917449951172,55.219193203616285,55.122816972584495,55.389996095081,1.0
61.55362069409858,56.298828125,58.05249307925104,58.634980632783204,57.7453934350262,2.0
55.85703545527199,55.066898345947266,55.56075109887903,55.49489496669943,60.5355379508614,3.0
54.4984385358345,54.7030029296875,54.354645231734615,54.51869556575221,56.2703051472959,2.0
46.61901857148705,47.46345138549805,48.231294338177015,47.4379214317207,43.3393943587682,0.0
47.20245925924232,46.56733703613281,46.92277617034511,46.897524155240085,44.8245196476827,0.0
54.967822779775176,51.3403434753418,50.60027219416049,52.30281281642582,55.6017893018863,2.0
61.38160872130838,59.83744812011719,59.908534309132875,60.37586371685281,67.7021183032001,4.0
59.9317095216714,56.65530014038086,56.19279756806584,57.59326907670603,64.9598462486568,3.0
54.055287132714305,55.73457336425781,55.83324117505857,55.207700557343564,55.5167539639266,2.0
58.11372771047798,55.78818130493164,55.70367650504978,56.535195173486464,48.6598176559553,0.0
72.07896729734074,72.0634994506836,71.98292590159225,72.04179754987219,63.8814581683697,3.0
62.49562543693815,61.470252990722656,61.86509235964239,61.943656929101074,61.58543083412,3.0
52.93918917127889,52.3102912902832,50.73821910795206,51.995899856504714,58.3484366329115,2.0
52.29093737902826,50.22272491455078,51.45243615797334,51.32203281718412,51.161307675143,1.0
55.88520195262598,52.36085891723633,52.47328640385835,53.5731157579069,57.3134571279459,2.0
54.04784941399106,52.993106842041016,52.87117287094245,53.30404304232484,55.1845050522228,1.0
54.93989837870089,54.13420867919922,54.93786675382489,54.670657937241664,51.5381048777764,1.0
65.48377084274443,66.19619750976562,65.28350625726407,65.65449153659138,68.33491937582,4.0
54.46571354290561,54.38572311401367,53.43054922079311,54.09399529257079,53.701394737541,1.0
49.49141950506213,52.02828598022461,51.19792488226327,50.90587678918334,55.7353173921348,2.0
64.95045428371442,63.57065963745117,63.668684800996886,64.06326624072082,80.1977997867778,4.0
71.34821520596529,70.64774322509766,72.22168904370407,71.40588249158901,59.8722674087263,2.0
72.38176847610964,70.59365844726562,69.94380860097017,70.97307850811514,63.6303487006486,3.0
70.84940747323175,69.90451049804688,69.08414874931887,69.94602224019917,80.7871449787115,4.0
54.111550980937466,46.01386260986328,48.5345127701643,49.553308786988346,44.5658273867536,0.0
58.23802785113906,56.49818801879883,56.025422625195496,56.92054616504446,51.7136424557317,1.0
54.21144018440146,53.032989501953125,52.98099517999314,53.40847495544924,46.2890675863446,0.0
76.45017622557081,75.75505828857422,75.26017976128982,75.82180475847828,77.3346475226435,4.0
57.44030583990819,57.2647705078125,56.728629321927784,57.144568556549494,62.9342465395666,3.0
50.794337950650785,53.021392822265625,53.390435511053354,52.40205542798992,50.1948117673776,1.0
50.35585063104167,51.802085876464844,53.05501396516448,51.737650157557,47.7817871806084,0.0
59.63793964819477,58.67055892944336,59.385525703178246,59.23134142693879,56.3726626116394,2.0
53.08813134593764,53.57125473022461,54.27716457954046,53.64551688523424,51.7928774321767,1.0
50.468210058864045,51.27647018432617,51.38583686207542,51.043505701755215,52.7569763274977,1.0
73.03922909957936,73.27620697021484,71.77525302812126,72.69689636597182,74.3535212272664,4.0
57.57021195109393,55.77837371826172,55.3576681349446,56.23541793476676,54.0130704735337,1.0
73.02002238508543,73.38472747802734,73.17638864664771,73.19371283658683,65.3909660666181,3.0
70.9454779723165,66.94156646728516,69.81928946387679,69.23544463449281,59.8722674087263,2.0
57.3310334948382,55.675907135009766,56.15754327157674,56.388161300474906,57.8860021719914,2.0
52.860490498384934,55.240848541259766,54.86548341765964,54.32227415243478,50.4112482479886,1.0
59.126078397961116,56.90958786010742,56.1461785586358,57.39394827223478,58.8688987238438,2.0
65.85976137360844,68.18444061279297,68.08714283826005,67.37711494155381,65.8318383628158,3.0
69.52558269449038,66.913818359375,67.44285319469331,67.96075141618623,58.0392205928979,2.0
54.64793037761077,52.822265625,51.906459280013166,53.125551760874636,58.407162643557,2.0
52.99012941856726,54.91377258300781,53.87686107993274,53.92692102716927,53.3503918910059,1.0
50.35355796068043,51.197391510009766,51.72166881955399,51.09087276341473,44.1176780818197,0.0
55.60375832510133,50.17959976196289,53.896510619095075,53.226622902053094,61.486343398847,3.0
52.557414321875285,49.42631912231445,49.83846658152143,50.60740000857039,55.7162769070776,2.0
52.834466712895455,51.22031784057617,52.01163192893131,52.02213882746764,48.667188021806,0.0
72.37879638027265,74.1241683959961,73.98512043106187,73.49602840244354,73.3680491370235,4.0
54.378366846851094,56.5269775390625,56.7102954703887,55.87187995210076,57.1328397968799,2.0
55.881594965265116,50.20323944091797,51.08437500767678,52.389736471286625,43.5364407091208,0.0
55.25889416021717,56.874549865722656,58.01586256302071,56.716435529653516,56.5937382576199,2.0
61.91369730655806,64.76750183105469,65.51075163611277,64.06398359124184,64.841190802307,3.0
58.14002085738009,54.9786491394043,55.5611677106005,56.2266125691283,48.1990620374096,0.0
69.33446700610669,68.12774658203125,69.0266466269222,68.8296200716867,67.3365798952878,4.0
65.05280638554233,67.16402435302734,69.41716228232917,67.21133100696628,61.4484199660564,3.0
56.14839116486781,56.4383544921875,55.425744426128574,56.0041633610613,63.8442430452353,3.0
54.4984385358345,54.7030029296875,54.354645231734615,54.51869556575221,56.2703051472959,2.0
55.81748171782694,55.596858978271484,55.006304732389296,55.47354847616257,58.7342877970257,2.0
71.49978194545645,72.26056671142578,71.11700352325637,71.6257840600462,71.4346149358575,4.0
55.48076406821041,55.44914245605469,55.36940815567708,55.433104893314066,58.6769925647158,2.0
50.51470020150984,50.72064208984375,50.92126477070823,50.71886902068727,56.9837053553459,2.0
69.56063720338771,68.1656494140625,68.89166481429284,68.87265047724769,72.5112685491907,4.0
48.89233167883077,48.59037399291992,49.3315521266573,48.938085932802665,62.9329494278986,3.0
50.81046522876987,53.4432373046875,53.90904080055844,52.72091444467193,46.5672494809425,0.0
56.85054516739379,52.46135711669922,51.808160505851944,53.706687596648315,57.8931427483512,2.0
58.50628317725908,56.090057373046875,55.941299014777925,56.84587985502796,58.317207185248,2.0
58.35627864539345,60.05491256713867,58.17769678747828,58.86296266667014,66.4621713839712,3.0
56.5173374659993,54.65653991699219,54.8610749016229,55.34498409487147,59.94112007974,2.0
50.20680419712837,53.07081604003906,53.41606782812223,52.23122935509656,52.3554878606171,1.0
70.1582786940685,68.21436309814453,66.97807885435682,68.45024021552328,67.8522164858964,4.0
55.325828611077,56.10934829711914,55.48847747131999,55.64121812650537,61.0809978790199,3.0
60.068818925462026,61.54126739501953,60.819641891677406,60.809909404052995,57.6557980979942,2.0
51.229227519342395,51.285804748535156,50.37350936509175,50.962847210989764,52.0281724799876,1.0
57.25160530213984,57.70549011230469,58.00855804643317,57.65521782029257,61.099377866898,3.0
51.10116985699487,51.302555084228516,51.0308000420024,51.14484166107527,51.2255927442383,1.0
55.31108898365236,54.45111846923828,55.07145767707946,54.94455504332337,54.5100114281371,1.0
60.99980255760926,57.2525634765625,58.34798378829545,58.86678327415573,64.6683051326349,3.0
54.322795149298486,54.00577163696289,53.4485770059129,53.925714597391426,53.6316482812483,1.0
52.3896171779048,55.84278106689453,54.67382588151461,54.30207470877131,60.1390176571814,2.0
69.32667192287242,66.34732055664062,65.93239573660387,67.2021294053723,81.0213832550124,4.0
46.12626359773393,48.48979568481445,48.175483709833024,47.59718099746047,45.6354654527829,0.0
72.68061107508946,72.16993713378906,71.507661133068,72.11940311398217,73.4415246421011,4.0
66.39416714156309,66.53935241699219,66.46718789177834,66.46690248344454,70.4783373362074,4.0
51.348122703069734,49.69409942626953,49.61797863138842,50.220066920242566,55.9845473171674,2.0
56.4870341169427,57.14435577392578,57.299731327178975,56.97704040601582,51.388447390517,1.0
58.781772060382984,58.55733871459961,57.81566555878008,58.384925444587566,56.9047083370904,2.0
51.40123930659117,50.17736053466797,49.845566116392185,50.474721985883775,56.1584548516191,2.0
53.14518403054179,52.341033935546875,53.361971142440495,52.94939636950972,50.3141015093875,1.0
53.84053287200489,52.76785659790039,52.97501784809009,53.19446910599845,45.3066807919939,0.0
54.9786358274379,52.59416961669922,53.408056931646705,53.66028745859462,48.41637990754,0.0
54.26775823676133,52.98818588256836,52.20763826278633,53.15452746070534,66.5836738308931,3.0
55.31036246343181,55.04282760620117,54.977887663591524,55.110359244408166,50.5070608664604,1.0
70.52341857406904,70.53551483154297,70.879238405709,70.64605727044034,69.265699142042,4.0
57.75566755399291,51.80070877075195,51.8451872755285,53.80052120009113,48.3448373317966,0.0
58.516896052548276,58.204376220703125,57.41602026299266,58.045764178748016,41.805211927651,0.0
53.84284659209944,53.67571258544922,53.35112793222297,53.623229036590544,54.7818669814321,1.0
49.21307840769561,50.48223114013672,49.51289511911005,49.736068222314124,46.7870502877756,0.0
53.48200778779841,52.900264739990234,54.24468341066056,53.54231864614974,47.9846128865011,0.0
54.153638325711334,50.80123519897461,50.85268554392622,51.935853022870724,48.3203373005229,0.0
70.541002023835,71.12235260009766,70.63981597477836,70.76772353290367,78.5181615097371,4.0
46.74294171825498,46.06294631958008,45.94062674263264,46.2488382601559,47.9509187845686,0.0
58.81021985955506,55.91814422607422,56.36928253562094,57.03254887375007,48.58432153322,0.0
60.1141348908011,56.94207763671875,57.23867611156324,58.09829621302769,55.6249868384921,2.0
57.24978488149312,55.45561981201172,56.055736693251156,56.253713795585334,40.8820350966816,0.0
58.36094230262536,55.29145431518555,57.436995407163224,57.029797341658046,53.6034350313996,1.0
51.92245919088807,53.324317932128906,52.70660527216734,52.65112746506144,54.5913703817031,1.0
54.26800581296862,55.55657958984375,56.171230671944215,55.33193869158553,44.761437324518,0.0
53.715115525743855,50.77029800415039,50.34425285217043,51.609888794021565,49.4034559791454,0.0
70.8593930847846,69.21446228027344,66.50943771203798,68.86109769236533,67.6488512579357,4.0
64.2936230368737,63.073238372802734,63.6181137196319,63.661658376436115,60.4173846419797,2.0
50.39599441100949,51.35220718383789,50.65422519023778,50.80080892836171,49.7215240778231,0.0
65.72094995941607,67.33441162109375,67.49996262096357,66.85177473382447,70.4007721347396,4.0
72.36253466783386,72.14006042480469,72.6108063123484,72.37113380166232,83.9015731751688,4.0
62.73234957479239,60.3066520690918,59.83118702257346,60.95672955548588,67.6016884730624,4.0
53.81239143728017,55.69146728515625,55.79049004567387,55.09811625603677,62.5932901328306,3.0
71.4512220910017,71.59394836425781,71.44103491336035,71.49540178953994,76.9330341428736,4.0
68.3418795162739,68.9964599609375,66.42279457807972,67.92037801843038,65.6100430494262,3.0
58.718301477177626,55.818565368652344,56.450145825463224,56.995670890431064,58.0034835178479,2.0
55.42033865556989,55.21303176879883,55.45366711072235,55.362345845030354,61.7127732991366,3.0
50.170199783846556,49.92718505859375,50.02009806945356,50.03916097063129,45.2994152334756,0.0
73.34527044987529,69.399169921875,69.14585823612201,70.63009953595743,66.6159118959847,3.0
67.93707595677694,70.00481414794922,70.12496965297157,69.35561991923258,72.3103222683249,4.0
68.80016174980722,70.56124114990234,69.94246689467363,69.76795659812772,66.2907697535247,3.0
54.450999558015006,53.78910827636719,54.89032009263706,54.37680930900641,56.9317138111401,2.0
71.5401224069347,69.12588500976562,71.34169263982929,70.66923335217653,68.096520755144,4.0
69.82397602849164,66.82363891601562,67.07321918266189,67.90694470905639,85.0681043173632,4.0
46.25491045151894,47.679752349853516,47.706119347436726,47.21359404960307,38.5582212462881,0.0
54.244307144332794,52.39394760131836,53.44117633636405,53.35981036067174,50.4721782603515,1.0
47.074902531611194,48.69964599609375,47.71922245289367,47.83125699353287,47.1641592439803,0.0
69.97902928027183,70.28876495361328,70.8072796117325,70.35835794853921,65.7427712764717,3.0
59.84256698067232,63.63691329956055,62.59760432054687,62.02569486692658,67.2167973981073,4.0
50.655820484771354,51.675804138183594,51.46715238798269,51.26625900364588,55.248023175508,1.0
69.48788405951836,69.39143371582031,69.37662778637102,69.4186485205699,65.7417225618598,3.0
66.59889898904981,67.3822021484375,67.35849972542866,67.11320028763866,79.6725819381322,4.0
68.08393432845833,67.10209655761719,67.92546487161403,67.70383191922984,72.4620561678318,4.0
60.25475643990783,58.8085823059082,59.32369347142129,59.462344072412435,65.1569668862438,3.0
54.6502076224349,53.21284103393555,53.03330207238981,53.63211690958675,50.7039827912907,1.0
54.76680595001552,55.047454833984375,55.053520578629794,54.95592712087656,47.0211105363204,0.0
61.39052654992671,61.746150970458984,61.33070267914613,61.48912673317727,56.9434159174234,2.0
51.15190277799363,52.82257080078125,52.017278171587606,51.99725058345416,45.139549861157,0.0
55.13103374884772,55.543148040771484,55.700838943424294,55.45834024434782,45.6205701378453,0.0
62.0750283957075,64.73009490966797,63.667878284349605,63.49100052990837,61.6458185866721,3.0
59.63008630238195,59.616180419921875,60.10382212188091,59.78336294806158,60.3030185026828,2.0
72.49421802136777,67.36965942382812,67.52715115224265,69.13034286581285,64.5132579993225,3.0
58.09160660027628,57.173316955566406,55.840874409582185,57.035265988474954,58.9585476245962,2.0
54.436303482794806,56.352840423583984,55.5570382983546,55.4487274015778,46.5375400472496,0.0
51.82958045435645,51.49641036987305,52.08149683586142,51.80249588669698,62.37519071734,3.0
53.03642063815147,52.40150833129883,52.2872295770363,52.57505284882887,56.4589933187305,2.0
59.40883273648844,56.9259033203125,57.37100198070018,57.90191267916705,57.7570682447469,2.0
54.4411477407324,58.9495849609375,54.40794602280737,55.93289290815909,63.1758864712687,3.0
53.17380369663796,53.713829040527344,53.91899035190204,53.602207696355784,54.7780045097429,1.0
53.34894528114804,54.40031051635742,54.46170714636892,54.07032098129147,46.9283033567513,0.0
63.821795347345095,61.520896911621094,60.966191351850675,62.10296120360562,69.982555444172,4.0
70.96474120420389,69.54442596435547,69.8151632434448,70.10811013733472,77.296494990399,4.0
55.13669079779156,53.71548080444336,52.77838037715572,53.87685065979688,58.3362936775791,2.0
75.73502480376237,75.1895980834961,73.9937593490764,74.97279407877829,73.2717090455039,4.0
50.47568897939146,49.447181701660156,49.41406147184879,49.77897738430014,53.2907225393093,1.0
55.8089671237386,54.11552047729492,54.90545811814995,54.943315239727816,53.615563864504,1.0
50.42671580032927,50.240657806396484,50.204342882062534,50.290572162929436,49.9433368756289,0.0
68.80447007867645,70.49479675292969,70.20517616025263,69.83481433061958,68.7869413604524,4.0
66.70125338158779,66.47979736328125,67.00155878156399,66.72753650881101,70.9222620378805,4.0
58.254176704035416,56.54319381713867,55.92715803489725,56.908176185357114,58.517036555755,2.0
52.142466789792195,50.4622917175293,52.81972618647854,51.808161564600006,47.8691595969616,0.0
52.721876707588414,52.275657653808594,52.26001989932058,52.41918475357253,54.7116228621566,1.0
53.877395443863044,55.85797119140625,54.20625740738955,54.647208014219615,61.0761608296485,3.0
65.5247455907603,64.00576782226562,64.3846901834252,64.63840119881705,58.0835278486825,2.0
49.20927105624513,49.69409942626953,49.61797863138842,49.50711637130103,59.2919281972849,2.0
62.676848569704866,60.56040954589844,60.32011870956732,61.185792275056876,61.2827547664859,3.0
45.35710580857427,48.57910919189453,49.56679820563425,47.83433773536768,43.0978579020062,0.0
64.88429725425685,66.07123565673828,67.80236841354484,66.25263377484667,61.7337494434663,3.0
55.3726951589636,54.93946838378906,53.96879747995056,54.760320340901075,47.8261164509953,0.0
71.35054543469452,75.27267456054688,73.46678591543859,73.36333530356,76.3577393942577,4.0
72.89055317288935,72.94288635253906,72.02072420607155,72.61805457716666,78.912549680306,4.0
59.89265768788326,59.32541275024414,59.28118992904832,59.499753455725234,56.1356280536533,2.0
46.84604073858126,49.509281158447266,49.309141666169616,48.554821187732706,45.1600991288337,0.0
54.37038514399106,54.66636276245117,54.776209862632385,54.6043192563582,52.2665082979519,1.0
58.410863735980044,55.97046661376953,55.71341347484357,56.698247941531044,58.917757980386,2.0
53.508864235513755,53.349796295166016,52.479353395263516,53.11267130864777,51.0724580877048,1.0
53.989432059092366,52.682777404785156,52.84933933466254,53.17384959951335,58.2840114087903,2.0
61.724720828272716,59.68935012817383,59.54227729867187,60.318782751706145,59.8600111644442,2.0
70.63920354292644,68.84949493408203,69.20740828186976,69.56536891962608,74.4926672518746,4.0
53.166739595669085,54.17353439331055,53.43522217140034,53.591832053459996,44.3068729425943,0.0
68.40624899704038,67.28577423095703,67.7065146870192,67.79951263833887,63.4231167773245,3.0
57.182853705174516,57.58027648925781,57.92182647249873,57.56165222231036,57.7771427530178,2.0
57.20682315307523,59.49223709106445,59.52155098649595,58.74020374354521,57.916648937362,2.0
45.75968475749465,50.31160354614258,50.87634803155765,48.982545445064964,42.294970528912,0.0
54.39634555401625,53.08737564086914,53.43928066508935,53.64100061999158,46.0720249210659,0.0
59.1010411573645,56.68031311035156,57.493344344985154,57.75823287090041,59.2528103266895,2.0
50.52149300390356,49.484458923339844,49.5939952373592,49.86664905486754,52.6422334412037,1.0
55.463386885864004,55.81689453125,57.92607774991359,56.402119722342526,59.5120211165669,2.0
55.56870470489714,55.40237808227539,55.46843346425721,55.479838750476574,56.929619710735,2.0
55.83416700562103,55.35832595825195,54.84853045404888,55.34700780597395,47.8232116096264,0.0
57.37999187084859,56.378849029541016,57.82293610091334,57.193925667100984,49.101411295647,0.0
54.902898552228166,52.82619094848633,52.217097021363884,53.31539550735946,61.0543053776363,3.0
48.282006598294736,46.99031066894531,47.586827047543316,47.61971477159446,40.6151166243163,0.0
57.48355406085375,57.75782012939453,56.6397586473525,57.29371094586693,48.283088953272,0.0
54.691581892129726,55.39927673339844,55.84561243369689,55.31215701974168,61.4928978959645,3.0
52.53501215828489,51.50422286987305,54.122170417906695,52.720468482021545,45.3789484111355,0.0
59.42171256583281,58.707393646240234,57.32226837919725,58.483791530423424,68.004772278744,4.0
53.05763117016342,53.24699783325195,53.13859784668731,53.14774228336756,59.4378311821174,2.0
75.68110670522827,76.3645248413086,74.0282159840094,75.35794917684876,83.1088848245701,4.0
70.72673769204485,74.46695709228516,75.2532839338693,73.48232623939977,70.7015860123523,4.0
53.548687840878166,50.670528411865234,51.31368290391612,51.844299718886504,54.0402319082088,1.0
65.47810673301238,68.19219207763672,68.37408213708872,67.34812698257927,61.9621459397624,3.0
55.84111930366957,54.53742980957031,54.647096332751126,55.008548481997,56.714127055423,2.0
70.28583089686727,68.47440338134766,68.97582154879636,69.2453519423371,73.2061473354225,4.0
62.75751981077528,60.84241485595703,59.778736462139506,61.126223709623936,62.5121379503014,3.0
45.18418759916997,46.55523681640625,46.42599299214273,46.05513913590632,48.6931554565104,0.0
63.629734266551836,65.37703704833984,66.23521819001529,65.08066316830234,72.8561128639573,4.0
51.219784751665,51.65322494506836,52.64161833431451,51.83820934368262,49.4593268600606,0.0
54.8268461635405,55.402122497558594,54.984227498611475,55.07106538657018,57.281114806531,2.0
57.72845146131964,55.12397003173828,57.54783964375783,56.80008704560526,62.3154620806882,3.0
56.94530353732284,55.15752029418945,54.80555670113299,55.63612684421509,58.6680615685142,2.0
48.415601372179715,49.19025421142578,49.567386755742724,49.057747446449405,57.7660360231493,2.0
71.44304003883225,71.9743881225586,70.87340538905761,71.4302778501495,75.2469498290818,4.0
53.314584820603116,56.219139099121094,55.52855125094996,55.02075839022473,51.0277846474202,1.0
56.670229084790435,53.010345458984375,53.58477547933397,54.42178334103627,45.5665405130477,0.0
46.27258300901017,47.039527893066406,48.07037014741304,47.12749368316321,56.7387091664189,2.0
70.3015123446341,70.0591049194336,71.33607218788312,70.56556315065028,70.630917317475,4.0
50.978802480123036,50.37548065185547,51.38252544122554,50.912269524401346,46.1114804348914,0.0
71.21773939210598,70.7745361328125,71.02785170445428,71.00670907645758,66.4049955811569,3.0
52.28647885860441,54.84357452392578,54.01536157845102,53.71513832032707,46.250348858321,0.0
66.74700343199423,67.17778015136719,66.85563290444384,66.92680549593508,67.569383568562,4.0
53.97913098693516,50.93561553955078,50.476846837793566,51.79719778809317,56.5877010609855,2.0
47.88174367996685,49.900753021240234,51.019554760767946,49.60068382065834,44.3479894199898,0.0
51.17585274875867,54.579856872558594,54.32071738658343,53.35880900263356,38.4654744766854,0.0
58.377891589514476,55.1878547668457,56.783796682671536,56.78318101301057,44.614654487808,0.0
73.60621825777532,71.30686950683594,71.53795830029443,72.15034868830189,73.3486286374361,4.0
53.29831509652608,54.17253112792969,54.51228324973198,53.99437649139591,58.6773370070124,2.0
66.10032167075282,64.8121109008789,67.33987680248944,66.08410312470706,64.3896671338804,3.0
51.00998290241908,50.12809753417969,50.07989636366766,50.405992266755476,49.8412215307108,0.0
54.61915322380629,51.375675201416016,51.969233781294825,52.654687402172385,53.0186201817361,1.0
54.22752185415459,55.7232551574707,54.829679524495376,54.92681884537355,53.3082675685551,1.0
68.28637735845766,70.68299102783203,68.92034221694279,69.29657020107749,66.0675075553033,3.0
52.311365862826435,51.99466323852539,53.47779994042094,52.594609680590914,45.2374841033015,0.0
56.27591403506632,55.848594665527344,55.92498006657976,56.01649625572447,66.2066822377531,3.0
51.733878435023705,49.517852783203125,49.27032218649898,50.174017801575275,48.7514104264251,0.0
58.84925745669352,54.91246795654297,55.17265592576042,56.3114604463323,56.1703827451836,2.0
49.47634920610167,48.419776916503906,48.12844447307143,48.67485686522567,52.7892958617317,1.0
76.11354310248659,74.79965209960938,75.7252625344338,75.54615257884326,82.487175077897,4.0
56.530946988413305,56.82883834838867,55.44303449838748,56.267606611729825,54.2488596409239,1.0
52.16602565143865,53.458900451660156,52.85336031858422,52.82609547389435,49.0018686709225,0.0
75.63377733088298,71.98136901855469,71.96837934057775,73.19450856333849,75.030551368343,4.0
62.034413425813426,60.54148483276367,60.70424461505035,61.093380957875816,55.1774209409496,1.0
71.3589433506914,72.73693084716797,72.08873999802907,72.06153806529615,65.8173099259464,3.0
52.65892771938977,52.212032318115234,52.44735285470097,52.43943763073532,45.3380822657251,0.0
70.44187292425734,70.02218627929688,67.82079447284973,69.42828455880131,73.7601653215027,4.0
69.1464332253471,71.05945587158203,70.27705922915315,70.16098277536076,70.1952515991575,4.0
59.377434153829284,55.88459777832031,55.509465672953425,56.923832535034336,55.3291683796716,1.0
54.81599920233491,55.22167205810547,55.31203667232885,55.116569310923076,62.6485038378627,3.0
50.002548090033024,50.49256134033203,50.793028471773404,50.42937930071282,45.8501002107375,0.0
72.08495457828695,72.99609375,72.21959572210318,72.4335480167967,79.6678355092694,4.0
50.7514388978742,53.268394470214844,52.61632528991503,52.21205288600135,52.1656331669042,1.0
49.88290811822598,50.926902770996094,50.43283086775468,50.41421391899225,48.1492646469753,0.0
63.630286592303406,62.31119918823242,60.26323708683015,62.06824095578867,73.9656856313925,4.0
71.40020793710073,72.7879867553711,72.95962870114336,72.38260779787174,74.4216609345257,4.0
50.78014890149755,49.220252990722656,49.62477672187059,49.87505953803026,48.9990973990097,0.0
54.361466588380594,52.6683464050293,51.69982306637634,52.90987868659541,47.0402232272943,0.0
50.9830634502168,50.016021728515625,48.73200681050584,49.91036399641276,48.9990973990097,0.0
51.86210828739365,54.2718505859375,55.257499023760104,53.79715263236375,58.1546563507211,2.0
46.35618838857401,47.69017791748047,47.693980894223195,47.24678240009255,46.242797483079,0.0
49.531758519536766,54.37814712524414,53.607432595307884,52.50577941336294,55.6578108048643,2.0
56.60502267846741,55.686767578125,56.539525440848394,56.27710523248027,63.7523417155711,3.0
53.53019827771038,53.08707046508789,52.63960362503544,53.08562412261124,48.3859863150388,0.0
70.21779672223646,67.58384704589844,67.69298616662729,68.49820997825407,64.886081160571,3.0
54.336099485490585,55.39310073852539,54.735343869748284,54.82151469792142,63.7186534225489,3.0
52.64366987015478,52.299015045166016,52.1241685147551,52.3556178100253,50.3125319318217,1.0
55.91615951064065,50.58793640136719,50.34132309211037,52.28180633470606,51.5924012329664,1.0
54.49036600849381,54.37351989746094,54.66094599915853,54.508277301704425,47.8709889754103,0.0
56.477552439539686,54.359771728515625,52.66372226774363,54.50034881193297,47.029933707351,0.0
67.16823439276581,67.8181381225586,70.12539888855973,68.37059046796139,69.5634889200941,4.0
58.9263211789515,59.543521881103516,60.08639156790305,59.51874487598602,64.9868008431737,3.0
56.658078910208644,55.62681579589844,56.19171087157527,56.158868525894114,59.5113408869564,2.0
47.01348748178609,49.37591552734375,50.66636243852284,49.01858848255089,48.5616029255145,0.0
57.78050850614658,57.600494384765625,59.153534589736964,58.178179160216395,51.4270576211253,1.0
68.22078653894712,66.34127044677734,68.51199212882415,67.69134970484954,59.7629975370658,2.0
58.023750608428664,58.885013580322266,57.95046141954562,58.28640853609884,60.5388024107432,3.0
54.60132922543069,55.769832611083984,56.71911231315505,55.696758049889915,61.1744726602002,3.0
69.18316586451583,68.49400329589844,67.96484925972962,68.5473394733813,70.02915001788,4.0
52.80379445179583,52.28807067871094,52.05528132878912,52.38238215309863,46.8403732542433,0.0
74.00799662364655,74.37454986572266,74.68177021003049,74.35477223313323,73.3188417845145,4.0
53.907298859041326,54.199954986572266,53.74464540719406,53.950633084269214,57.5439402166545,2.0
52.49839848155034,51.90510559082031,52.35693887113599,52.25348098116888,59.7985823556989,2.0
52.4733686898369,51.44336700439453,53.079459872113944,52.3320651887818,53.7462160412249,1.0
56.424370402497445,55.653507232666016,55.936117713417005,56.004665116193486,61.4105940851314,3.0
70.60154570203287,71.68367004394531,71.74235153533664,71.34252242710494,68.5304544694642,4.0
73.0193843765483,69.90668487548828,69.92275152584507,70.94960692596055,66.7302970524909,3.0
52.82692221125087,54.25020217895508,51.719915167981526,52.93234651939582,48.5188668553776,0.0
59.994184313804155,61.26542663574219,61.26016819338357,60.839926380976635,64.8850779794779,3.0
52.577058870344096,54.76030731201172,54.70064895674685,54.01267171303422,52.8713944609033,1.0
58.71171098760311,56.95583724975586,56.858077626210424,57.50854195452314,57.2516811373374,2.0
58.08656214240554,55.41209411621094,55.44066453597033,56.31310693152894,47.257567074057,0.0
68.38455347284712,69.36619567871094,68.71566191117776,68.82213702091194,76.0560326324565,4.0
57.91143102074333,55.232154846191406,58.152881222119696,57.098822363018144,55.3269709950033,1.0
52.081486158473396,53.121063232421875,53.481564622762264,52.89470467121918,53.7229877573755,1.0
52.5124559851266,51.0029411315918,49.6954261447228,51.070274420480395,48.7757346744026,0.0
68.92907467447704,68.08273315429688,67.6005777193687,68.20412851604753,69.4171280425844,4.0
52.33228628469738,55.466033935546875,56.9404545196894,54.91292491331122,56.1951861493853,2.0
54.83318702917883,54.375492095947266,55.636312166978826,54.94833043070164,54.7969797000258,1.0
55.32030332077294,56.61980438232422,58.077229053580574,56.67244558555925,47.5033976172528,0.0
68.66950910588169,66.66767120361328,67.59238865091699,67.64318965347066,73.7648380611829,4.0
54.70013267355231,55.50876998901367,56.093442709126,55.434115123897335,52.5102619088938,1.0
57.89359668044324,57.49421691894531,57.28075957851372,57.55619105930075,64.2152229705488,3.0
67.49827614567009,67.29005432128906,67.5715489664785,67.45329314447922,59.4293094379543,2.0
56.341006347268824,53.82744598388672,51.79781652545337,53.988756285536304,56.447485310338,2.0
72.503119180651,71.31110382080078,71.25602323848179,71.69008207997787,70.0311981383804,4.0
57.450927327289136,58.46494674682617,57.52252018737136,57.81279808716223,62.0308280647975,3.0
48.9764965767305,49.46480178833008,50.58799077174624,49.67642971226894,45.6495509514949,0.0
48.64079075471957,47.82601547241211,49.01021035960014,48.49233886224394,49.3834647115051,0.0
52.91116141681773,55.67354202270508,56.229268023034706,54.937990487519166,62.2770782784091,3.0
56.65161837308431,59.36701965332031,59.257214553736645,58.42528419338043,59.9333106670154,2.0
68.37835626549231,70.78679656982422,71.60068071207169,70.2552778491294,60.9867168922543,3.0
55.60751351940778,58.26935958862305,56.86172662338585,56.91286657713889,48.1663951975051,0.0
50.96074576959433,51.759620666503906,52.64353650285918,51.78796764631914,52.586942697072,1.0
58.52425685675857,59.18300247192383,59.43445287977017,59.04723740281752,58.9494450900821,2.0
70.45932659664668,71.1815185546875,72.4414263195096,71.36075715694794,78.4805890126803,4.0
58.122015399543464,57.5885009765625,57.28259080384916,57.66436905998504,62.6007858106907,3.0
60.49471266979487,57.00297164916992,55.23347644802654,57.57705358899711,65.2127869418373,3.0
73.15626405710108,73.59781646728516,73.79215183329369,73.51541078589331,79.4238105336705,4.0
51.18001237387689,52.15046310424805,53.216561117255736,52.182345531793565,45.139549861157,0.0
70.81504846615448,70.58633422851562,70.37627201844617,70.59255157103877,72.1927798222117,4.0
59.60172949724541,60.4990234375,57.91295526586962,59.337902733538336,58.341343921335,2.0
75.22826150419814,74.12286376953125,75.08710425311136,74.81274317561359,68.7315875710742,4.0
53.52243436528197,53.044742584228516,53.067895783166506,53.21169091089232,55.7982381697844,2.0
69.39534562871626,67.95442199707031,71.5120731220543,69.62061358261361,63.5048164559429,3.0
50.007594632339334,48.023319244384766,49.450147666767876,49.16035384783066,50.8424934460962,1.0
60.098663433204884,60.61918640136719,59.818999239719595,60.17894969143055,55.7167059299343,2.0
53.137302561439505,58.25326156616211,55.86427224132263,55.75161212297474,52.600137307873,1.0
70.28550478948353,72.64375305175781,73.33026636760823,72.08650806961653,74.9512046809266,4.0
53.13630905952471,51.166343688964844,50.81125381356995,51.7046355206865,44.4762988460901,0.0
55.682156038695176,53.940818786621094,53.29596877703208,54.30631453411612,42.8881750034554,0.0
59.79733352374642,57.295066833496094,57.97277563494948,58.35505866406399,59.9739882300928,2.0
50.83192260547804,50.973419189453125,49.903549485382634,50.56963042677126,53.2430402815061,1.0
69.31637140590823,70.30376434326172,69.89309674459645,69.8377441645888,66.6125019471817,3.0
66.39222192156973,67.62655639648438,67.72564644987963,67.24814158931125,61.5129861847322,3.0
52.151402594092716,53.813079833984375,53.217805913766185,53.060762780614425,56.6248179361153,2.0
55.18654116703838,54.9400520324707,53.10663137878408,54.41107485943105,59.1432065195707,2.0
71.90659659589818,72.05133819580078,72.60199108572891,72.18664195914262,70.1553779114517,4.0
53.734490271884574,53.78472900390625,54.33426772397944,53.951162333256754,50.7331025583247,1.0
56.94165753767623,54.864070892333984,55.30774332509916,55.70449058503646,46.6499397516803,0.0
65.63512451892697,67.18677520751953,68.96979408469535,67.26389793704728,58.88915440252128,2.0
66.04502470301398,67.01168060302734,67.64112035081868,66.89927521895332,63.4962855246341,3.0
53.126966681889336,54.611263275146484,53.81843571896689,53.852221892000905,54.0961270594567,1.0
51.75238649783263,55.47197341918945,54.95324715842019,54.05920235848075,45.8723267601586,0.0
53.96283446433012,55.068023681640625,54.982055391396834,54.670971179122525,47.6597447437885,0.0
54.777345160568025,57.40882873535156,56.77968211673957,56.321952004219725,49.7271488230119,0.0
67.02873624080894,67.21868133544922,67.10119877399194,67.11620545008337,65.1497751063632,3.0
54.5506179195248,56.44139099121094,54.24022467585877,55.0774111955315,48.39139990366,0.0
57.33565407347498,54.988094329833984,54.50461614832107,55.60945485054334,54.5568657012934,1.0
53.93470556426767,55.9124870300293,54.8483090010258,54.89850053177425,64.1334947156468,3.0
54.67841391135089,53.51935958862305,53.99244598673272,54.06340649556889,47.6723513451049,0.0
59.73557199614763,60.28879928588867,60.95784497632341,60.327405419453235,52.3927261078022,1.0
57.46128710126043,53.391693115234375,54.14291842454358,54.99863288034613,56.5926393979,2.0
43.33357295353036,49.16708755493164,48.292913088667774,46.93119119904325,45.0007274742423,0.0
47.868276646936145,49.559814453125,49.472368280283646,48.96681979344826,37.4227341842562,0.0
53.179215156640964,54.40339660644531,53.93792727036639,53.84017967781756,51.2254925164902,1.0
55.665174811360366,53.37582015991211,52.0851439939146,53.70871298839569,53.6764085979733,1.0
58.14023547896188,57.171974182128906,57.05069826682078,57.454302642637195,55.8283795048569,2.0
51.69464026174109,50.875091552734375,50.686717184533585,51.085482999669686,53.2266491239003,1.0
52.98088641790499,52.4598274230957,51.95388995637418,52.4648679324583,49.0600998561357,0.0
51.07925855731336,49.95682144165039,48.852732742451764,49.96293758047184,50.391980952983,1.0
59.17515951462358,59.24309158325195,59.059378388332284,59.15920982873593,59.9311009518162,2.0
60.53845507264143,60.93418884277344,60.13465185183932,60.53576525575141,51.4930722023242,1.0
75.58284092573116,74.44945526123047,74.53863837412719,74.8569781870296,62.57355630591,3.0
71.0546385051164,71.88880157470703,72.80071440470091,71.9147181615081,68.4298513837177,4.0
61.151051911257554,62.87497329711914,63.526327171894266,62.517450793423656,69.6609196806451,4.0
55.39856292512327,55.88950729370117,56.11650394622792,55.801524721684125,55.9645733197055,2.0
66.84018780692395,68.20584106445312,68.00809240991268,67.68470709376325,66.4327775364207,3.0
58.6733079498824,58.04754638671875,56.4083729513244,57.70974242930851,56.5043546312306,2.0
57.36458525278101,55.68620681762695,55.58547059114475,56.2120875538509,61.8130136615396,3.0
71.19940633779653,69.97623443603516,70.31531644134616,70.49698573839261,58.3663685719752,2.0
63.68613961563419,61.40739059448242,60.91961041220317,62.00438020743993,58.8937480344524,2.0
55.16163731438817,55.14788055419922,55.12516295961224,55.14489360939988,53.9498161131712,1.0
50.42334223913159,52.94123458862305,54.612475477258776,52.65901743500448,41.5478250265558,0.0
68.5253730407712,66.70962524414062,66.94522629155173,67.39340819215452,65.1318806595807,3.0
59.353821975078354,57.40054702758789,57.663982618293545,58.13945054031993,53.3510618048715,1.0
52.735291368650905,53.90903091430664,54.429352749723634,53.69122501089373,58.6262515485391,2.0
52.85642558961204,51.85798263549805,51.61509034386649,52.10983285632552,50.8711307433742,1.0
66.54391895891241,66.41819763183594,67.30316879667396,66.75509512914077,59.7976400413006,2.0
73.23512298406004,72.80970764160156,72.00434592507278,72.68305885024479,68.8980168997056,4.0
50.14761294577549,51.138465881347656,49.925698933801144,50.4039259203081,57.9577225107561,2.0
69.88756874361599,70.15514373779297,65.52423329012233,68.52231525717708,70.8412499277,4.0
60.02856755723069,59.03601837158203,58.773199278697284,59.27926173583666,63.548653024951,3.0
70.62044235366743,72.82733917236328,71.74982408836485,71.73253520479852,79.784969479732,4.0
54.833785193771995,54.828392028808594,55.019385541244986,54.89385425460853,54.4852345075165,1.0
54.16899124145557,55.125221252441406,55.584405293251415,54.9595392623828,64.5114036239341,3.0
52.07302950377813,48.85279083251953,50.04214401832089,50.32265478487286,42.1010875038584,0.0
55.52460428439823,55.269351959228516,55.34772266813819,55.380559637254976,52.778736379448,1.0
54.43807828423493,56.66485595703125,56.664993141507495,55.92264246092456,53.162842854215,1.0
55.576847383812044,55.41964340209961,55.90324646626064,55.63324575072409,66.439082132032,3.0
47.61078113840086,48.38259506225586,49.26801472000387,48.4204636402202,48.5061636330939,0.0
49.765511036896875,50.699867248535156,50.551421902506085,50.338933395979375,52.7918165914527,1.0
54.70834443375,54.00178527832031,55.82600197901839,54.84537723036291,53.0874762140336,1.0
61.784383828698374,62.41563034057617,61.56833056942461,61.92278157956639,60.4388343751442,2.0
55.147111422625834,54.36357498168945,54.2223458114674,54.57767740526089,47.4297317130455,0.0
57.060930968202484,56.97065734863281,56.201179584680425,56.74425596717191,66.5179048215464,3.0
52.19448014861157,55.11524963378906,56.34374713970745,54.551158974036035,56.5601080776283,2.0
61.698978520375086,61.30942153930664,61.14486100593267,61.3844203552048,63.8732046829933,3.0
68.89930008114585,70.49230194091797,70.79644626561918,70.062682762561,68.1690707411613,4.0
57.148727007689814,56.23994445800781,54.92297241535734,56.10388129368499,64.3102822214175,3.0
69.76234625380665,69.49565124511719,67.967100957834,69.07503281891928,73.7601653215027,4.0
58.11045737618993,57.10108947753906,57.09446180148464,57.43533621840455,63.5508930601453,3.0
57.550815392655,56.420291900634766,55.76964242861797,56.58024990730258,63.5610881379944,3.0
55.06158394782849,53.69572448730469,54.48948977524105,54.41559940345808,58.1618135961137,2.0
47.8062339993545,51.256351470947266,50.43308586024112,49.83189044351429,45.0184364223247,0.0
56.50397048559983,57.29524612426758,58.8015045499569,57.533573719941444,60.7627610562217,3.0
55.78988298081381,57.794883728027344,57.126421428842825,56.903729379228,53.3961461930109,1.0
59.68659888662965,57.295066833496094,57.97277563494948,58.31814711835841,56.7032911935127,2.0
69.63520625287786,70.77566528320312,70.46076616330981,70.29054589979692,68.3640280678486,4.0
66.05456988826133,65.7626953125,66.92769332664614,66.24831950913581,63.8552355178368,3.0
53.83563322055313,55.412353515625,55.01464439538607,54.754210377188066,46.9089205005925,0.0
56.468485820023645,53.59362030029297,53.379597384977494,54.480567835098036,59.5360268017572,2.0
70.01491329315998,64.92493438720703,65.11283796251416,66.68422854762706,67.6436914492116,4.0
71.48801333619255,72.08890533447266,71.70890360740759,71.76194075935761,58.9197044591292,2.0
59.57990757577043,58.83102035522461,57.8089765857636,58.73996817225287,65.6011201169622,3.0
50.98457908328634,49.27245330810547,48.619352762957654,49.62546171811649,53.6778265822029,1.0
56.78378569931249,56.527061462402344,56.433110354089656,56.58131917193483,59.4012137656296,2.0
55.20440118241975,55.115318298339844,53.38598387046258,54.568567783740725,64.3695270646297,3.0
59.72749229358849,56.104270935058594,55.89716046980621,57.2429745661511,61.0510760756517,3.0
72.22952182753058,67.98985290527344,68.405967669236,69.54178080068,68.8808923233779,4.0
46.61324287086448,44.79642868041992,46.112303529624135,45.840658360302854,45.6792457816025,0.0
75.22826150419814,74.12286376953125,75.08710425311136,74.81274317561359,68.7315875710742,4.0
71.50767604195498,71.76312255859375,71.18991712970407,71.48690524341761,76.4149430857335,4.0
74.26352375777172,73.01081848144531,72.07144549919023,73.1152625794691,78.97126638279,4.0
57.58126980484035,59.60743713378906,58.90110019203763,58.69660237688901,67.9709671422928,4.0
69.69498275885316,68.96870422363281,68.64262122292808,69.10210273513802,67.3505022146547,4.0
67.68954431666918,68.08042907714844,67.48975934582353,67.75324424654706,62.5349531088403,3.0
57.45937727907504,57.84028244018555,56.55836059830767,57.28600677252276,52.5304116450234,1.0
66.5984971229675,66.54386138916016,66.38152960882752,66.50796270698505,63.1479522754724,3.0
69.42610903183365,68.06591796875,68.55457775290814,68.68220158449725,67.3505022146547,4.0
51.406350406933505,50.943416595458984,52.415323675994024,51.588363559462174,43.308055745295,0.0
64.00126179382183,63.33174133300781,61.111764693212116,62.81492260668059,64.4431243358259,3.0
71.17722083296101,71.46979522705078,71.9920258828633,71.54634731429171,74.9193367173673,4.0
73.72781644552292,73.31802368164062,73.62577296013683,73.55720436243347,64.2715725873914,3.0
65.7836440770344,66.49571990966797,67.04301222046274,66.44079206905504,68.7494032050497,4.0
57.36085372026518,61.85791015625,61.93080544252691,60.38318977301403,61.2495528116409,3.0
49.162100925158846,51.45953369140625,51.8554679753667,50.82570086397727,54.5644027427225,1.0
60.05554011846646,58.92972183227539,58.379902116701494,59.12172135581445,64.6507428016241,3.0
53.426763887463885,54.336753845214844,54.36117452100386,54.04156408456087,52.392681955007,1.0
55.609689220134946,52.1093864440918,53.175343477127704,53.631473047118156,65.598401228459,3.0
54.191418792992295,53.86924743652344,52.03679519225385,53.3658204739232,60.7505542394692,3.0
72.5544083754305,73.91228485107422,75.40240998649038,73.95636773766505,67.0909923057462,3.0
57.854663011645584,53.64976501464844,55.99504820841955,55.83315874490452,52.4624875200107,1.0
65.17614025432609,66.78972625732422,66.67578668946646,66.21388440037225,77.9124073678178,4.0
54.704750420838515,51.94109344482422,53.19497318141426,53.280272349025665,42.1235447255035,0.0
71.94604694421437,71.5062255859375,70.29155411254675,71.24794221423288,77.7737384388859,4.0
56.59426586498315,59.31078338623047,61.84632652863825,59.25045859328396,57.5656681086284,2.0
70.40040021628302,71.844482421875,71.06367957345196,71.10285407053665,75.644003266695,4.0
71.06711163782111,69.33396911621094,71.05917846728458,70.4867530737722,69.1752172390518,4.0
76.21352188290426,79.50727844238281,75.11518984626213,76.94533005718307,83.0845575022249,4.0
43.732983766317474,47.955135345458984,49.65123512979572,47.11311808052406,44.3723462030616,0.0
70.05174676848583,70.91697692871094,70.11891463983035,70.36254611234237,74.445283455275,4.0
57.71534518751666,57.62713623046875,57.053575145775696,57.46535218792037,59.7167769907935,2.0
52.00101309295849,53.75373458862305,54.14161660063201,53.29878809407118,55.0222217104993,1.0
54.99000094192955,53.996673583984375,54.707518415042024,54.56473098031865,53.2868435610046,1.0
50.314448819736896,53.799678802490234,54.28191390044262,52.79868050755658,55.6279186583872,2.0
71.14733693648053,71.52168273925781,71.79680720433531,71.48860896002456,72.0481985946314,4.0
58.85616329827687,56.072200775146484,56.51461031439295,57.147658129272095,58.1765892971053,2.0
70.89558111300589,71.37467193603516,69.45306132296987,70.57443812400363,73.7686666777355,4.0
72.29361565234883,69.99671936035156,68.13943499663823,70.14325666977953,69.2027783282331,4.0
70.93740890953437,69.96598815917969,70.59833018731864,70.5005757520109,63.1202688732181,3.0
49.8332856976815,51.41871643066406,52.388307072310454,51.213436400218676,49.5795694028508,0.0
49.40760653007248,48.76010513305664,47.81566550649815,48.66112572320909,52.7892958617317,1.0
46.64402429355248,46.22955322265625,46.82372590171325,46.56576780597399,45.0669473126007,0.0
50.1198307637168,51.4663200378418,51.42684495032841,51.004331917295666,44.3059552903926,0.0
56.05535136064309,57.72799301147461,58.78761618368579,57.52365351860117,67.3183603219955,4.0
67.47711676182631,67.53665161132812,68.4697972970936,67.82785522341602,77.9665534292937,4.0
57.78984072491351,57.15385055541992,56.5877866883432,57.177159322892216,58.5451438396404,2.0
70.99694637749016,69.45184326171875,68.79939112077416,69.74939358666103,76.1809249582021,4.0
58.06177770475181,52.74064254760742,53.168238401355936,54.65688621790506,38.8591824518822,0.0
54.72815976665165,54.90266418457031,56.12221882600469,55.25101425907555,58.876778978551,2.0
54.25097041233316,51.05123519897461,50.28197246545953,51.86139269225577,41.1511749460966,0.0
67.58550288402078,67.45854949951172,67.53952938053216,67.52786058802155,68.190626880141,4.0
70.66554874324783,71.93086242675781,71.00720711636113,71.20120609545559,72.7265709976051,4.0
61.96515068156443,61.32870864868164,60.64848298810543,61.31411410611717,59.7315814577403,2.0
57.01586825298559,55.77315902709961,54.4275905122362,55.73887259744047,56.6118403051309,2.0
67.299784449072,68.85295104980469,68.25748770271102,68.1367410671959,65.6783848272387,3.0
49.816373423455005,53.06527328491211,50.955273243800036,51.278973317389045,41.0118286756809,0.0
73.19588789877803,70.72254180908203,71.37725205526074,71.7652272543736,66.268243009227,3.0
63.17979305030498,67.69567108154297,63.47846596023723,64.78464336402838,73.9689181220605,4.0
52.82819596545967,52.321075439453125,52.655754796380194,52.601675400431,53.0624146341618,1.0
57.635634189652734,55.4876708984375,55.830529422926745,56.31794483700566,54.740548998432,1.0
67.72855152494864,67.48347473144531,68.06760466330073,67.75987697323156,74.5766079375907,4.0
66.17124918139545,67.4623031616211,67.74627428417156,67.12660887572937,63.9002823284608,3.0
52.93133067523763,54.46269989013672,54.34158803015985,53.91187286517806,60.145670643603,2.0
51.72354651414509,50.918861389160156,50.5240131542469,51.05547368585072,57.4479509403935,2.0
55.18100002595124,54.58210372924805,54.894801845870575,54.885968533689955,48.0139731465938,0.0
53.92214181755361,54.81333541870117,54.92187872751146,54.552451987922076,52.006613459481,1.0
61.33634662908992,60.66645050048828,60.984656336910746,60.995817822162984,61.5746921464859,3.0
55.341361209702626,52.30329895019531,53.82996470725813,53.82487495571869,49.983488198584,0.0
74.3237829167554,75.09477996826172,75.09710777292467,74.83855688598061,77.7326710521659,4.0
53.06773007305226,54.568599700927734,54.572786918645825,54.06970556420861,49.2297183695352,0.0
56.85778858519654,57.97691345214844,57.40854572411103,57.41441592048534,61.9465247681773,3.0
55.199109184643454,54.8653678894043,54.63218723470549,54.89888810291776,52.778736379448,1.0
50.221722729147274,51.15108108520508,52.32218240333202,51.231662072561456,46.9506622533763,0.0
61.42044356050069,60.72003173828125,60.305356490544305,60.815277263108754,55.7538635290532,2.0
63.239029452343374,64.6286392211914,64.76067728686314,64.20944865346597,61.9797940921421,3.0
50.533042351987355,49.084739685058594,49.30639445327971,49.64139216344188,53.0636469866519,1.0
68.22724066899309,69.44593811035156,68.6017313406186,68.75830337332108,81.4902829389689,4.0
51.67138098985934,54.441184997558594,53.710564221794485,53.27437673640414,43.2922866924242,0.0
62.49592363013469,62.81178665161133,63.24208132798526,62.8499305365771,57.2602912836838,2.0
52.57306917970128,56.39211654663086,55.878146303995024,54.94777734344239,61.5144681324477,3.0
53.82777370729209,53.21549606323242,53.99265178689838,53.67864051914097,49.8594671165895,0.0
47.05133199915756,48.33365249633789,48.47975301244712,47.95491250264752,41.7325530910506,0.0
71.64661511948204,72.17603302001953,71.86094848551654,71.89453220833936,74.4142577358198,4.0
54.79135989390463,52.96110534667969,54.012851057872346,53.92177209948556,54.8163128776364,1.0
52.410068655491884,50.22388458251953,49.73142172481601,50.788458320942475,63.2234930052717,3.0
46.46146969798961,47.99049377441406,48.709120276220226,47.7203612495413,52.7852173465121,1.0
59.63153097291399,60.05680465698242,60.12468155776873,59.93767239588838,65.5957382308593,3.0
53.343161144694456,52.142330169677734,51.52253147032412,52.33600759489877,42.6134010092436,0.0
56.030918308607106,56.19406509399414,56.61159377932018,56.278859060640464,64.4095044752296,3.0
66.99885606556101,69.17233276367188,68.76552244968566,68.31223709297285,67.8923225226035,4.0
65.28838924736958,64.20413208007812,63.45605829550456,64.31619320765076,50.3281113790122,1.0
59.78787190766087,60.533721923828125,60.271804132789434,60.197799321426146,62.1127353886929,3.0
55.94004857313665,55.262733459472656,55.40631227380016,55.53636476880316,57.0045627832211,2.0
51.24956441296015,50.60918426513672,51.97285359521929,51.27720075777205,48.5246094970672,0.0
48.21941371719999,46.336219787597656,46.76073845494859,47.10545731991541,41.1010859830026,0.0
53.55011254372057,54.70671081542969,55.027815221770794,54.42821286030702,53.0257346476105,1.0
55.0630035533452,55.79889678955078,55.85975417264222,55.57388483851273,47.7188001402759,0.0
61.52347778999893,60.45805740356445,59.13613095863456,60.372555384065976,59.1884003661363,2.0
52.34953891350615,54.597816467285156,54.53422868611281,53.82719468896804,49.5201368386873,0.0
58.25857045812331,57.77680969238281,56.87566896843922,57.637016372981776,68.1064652265528,4.0
68.58948692092541,69.22299194335938,68.37782242424339,68.73010042950939,78.9935790507471,4.0
60.36503058697549,57.331634521484375,57.90123053520144,58.532631881220446,69.2956388333109,4.0
49.62921920613206,49.80026626586914,51.22382595043127,50.21777047414415,46.1138789407861,0.0
51.06112140211225,52.44573974609375,53.675102301697024,52.39398781663434,53.7382278202152,1.0
55.09274472836461,53.441192626953125,52.90488308069767,53.81294014533847,48.2812967831366,0.0
54.77326869873142,53.07734298706055,54.32688915224725,54.05916694601307,47.9373476859971,0.0
55.50824347529608,57.961177825927734,58.999948253853674,57.4897898516925,63.3412039537092,3.0
70.75884702398513,67.55162048339844,69.72885286379864,69.3464401237274,67.1525890698097,4.0
50.78898481787463,51.65359115600586,50.00829296996776,50.81695631461608,41.8541191877346,0.0
74.97987312980591,75.70946502685547,74.1924955787167,74.96061124512603,78.8700017512071,4.0
57.71534518751666,57.62713623046875,57.053575145775696,57.46535218792037,59.7167769907935,2.0
50.74825310131542,54.01728820800781,54.28869050680945,53.01807727204423,48.8348248233968,0.0
70.66363777216009,68.06605529785156,69.28057881601566,69.33675729534244,76.2572139850548,4.0
53.34017369223108,54.78374481201172,54.9822120627684,54.36871018900373,49.9494516336051,0.0
70.88660674396642,69.99551391601562,71.19050778673457,70.69087614890553,71.8334986703748,4.0
62.7213668218853,60.80887985229492,62.79860867093487,62.10961844837169,53.6077512390355,1.0
54.208879016868664,53.58114242553711,54.410513949182516,54.06684513052943,61.0995101427482,3.0
57.569519861987175,54.029449462890625,53.56263464572713,55.05386799020164,57.4111977863136,2.0
66.3921903623158,66.52095031738281,66.32731671360861,66.41348579776907,71.5275991365625,4.0
48.46559657303072,52.198429107666016,52.247758769105374,50.9705948166007,50.2566856750115,1.0
42.126671067127155,47.680755615234375,48.292913088667774,46.0334465903431,38.3397121187609,0.0
62.08062134035076,62.2253303527832,63.55231260976838,62.61942143430078,61.7826992344644,3.0
60.937007064048906,57.131866455078125,57.23709727423085,58.43532359778596,65.615464629571,3.0
56.28507921251557,55.55207824707031,54.99047397717566,55.60921047892052,49.04106494703,0.0
56.49620586999119,57.731353759765625,56.558207687326465,56.928589105694435,60.1998784756184,2.0
69.51270451544326,69.61056518554688,68.38143856767765,69.16823608955593,70.3497081683154,4.0
55.56770521508344,54.303768157958984,54.64432860663442,54.838600659892286,45.9322148352187,0.0
52.750228261277016,53.12643051147461,53.643686708115204,53.17344849362228,50.6528446180354,1.0
69.37337887903409,69.60635375976562,69.47051883287985,69.48341715722653,80.758369525601,4.0
73.42764956549675,74.8429946899414,73.70837010662078,73.99300478735297,85.284337073593,4.0
56.439297623986086,58.47344970703125,58.39801333771063,57.77025355624266,53.3244454789169,1.0
65.1101576219218,61.482913970947266,63.057282221381485,63.21678460475019,62.4844068600165,3.0
53.52458783127908,54.364376068115234,53.999455054891406,53.96280631809524,48.7702991320511,0.0
74.08086130614274,75.17599487304688,74.15974864217831,74.47220160712266,77.3999318826322,4.0
54.11527618337655,53.543277740478516,55.43708574684805,54.36521322356771,55.570683383379,2.0
65.8066360054852,69.0107650756836,70.34569974074599,68.38770027397159,61.5522416327644,3.0
68.43092292700337,68.26924133300781,68.88761885134318,68.52926103711812,70.8658430535101,4.0
58.8362299209261,58.181053161621094,56.98438108989417,58.00055472414712,57.7134871670343,2.0
65.94849041391345,66.42234802246094,67.953425370697,66.77475460235713,62.7900855066256,3.0
59.685541415794226,55.75599670410156,59.95912679892982,58.466888306275195,67.3421761909727,4.0
70.32833364405612,68.54903411865234,68.5885147328283,69.15529416517892,66.3524514166155,3.0
59.09149460254288,57.35506820678711,56.96268605104369,57.803082953457896,62.1715159465991,3.0
58.89917357051758,60.7977409362793,60.50176709462824,60.06622720047503,56.9360229713693,2.0
54.06731217390581,53.44305419921875,53.58919902998051,53.699855134368356,62.891211287847,3.0
48.89152756673136,48.89630126953125,50.50876099245945,49.43219660957402,49.3572036639959,0.0
48.12557548549921,52.83869934082031,51.523956766571416,50.82941053096365,43.6233628370471,0.0
49.65884697080432,52.01925277709961,51.88653745473496,51.18821240087963,48.2870390955484,0.0
56.30093812043244,53.58308792114258,54.36667713703691,54.750234392870645,56.2232814066152,2.0
67.0371397153789,69.68412780761719,69.08802472034064,68.60309741444557,82.6766899626434,4.0
58.04724178335258,60.7016487121582,59.34204986060795,59.36364678537291,62.1570799087939,3.0
68.73854146605117,67.39696502685547,67.23600220760483,67.7905029001705,62.5404733814443,3.0
56.854994001215914,54.87703323364258,54.37768036347503,55.36990253277784,55.8164233433243,2.0
50.51397055134186,51.800907135009766,52.385552103128816,51.56680992982681,47.6284732568511,0.0
57.12459905232656,54.138126373291016,53.90575190561806,55.056159110411876,55.5495423253684,2.0
71.14146591949815,71.47138977050781,72.39312797642233,71.66866122214277,63.8814581683697,3.0
59.30988109697936,59.222145080566406,58.83576913919002,59.12259843891193,56.5944143028222,2.0
55.792426244299776,56.20736312866211,56.13826371807775,56.04601769701321,56.8779546319052,2.0
58.65584333137336,58.01494216918945,57.1604779486636,57.94375448307547,59.8091986814997,2.0
52.12686719769533,55.32123947143555,55.92020202302876,54.45610289738655,44.8780551004661,0.0
46.64657598745324,48.496097564697266,50.43494951956185,48.525874357237456,50.7877496926653,1.0
54.08495889667988,54.45862579345703,54.524281255044095,54.35595531506033,49.9790957342498,0.0
63.8235290433298,65.57823944091797,64.38418460654965,64.59531769693247,60.7329334325256,3.0
53.44408807639453,55.7087516784668,57.034203454111626,55.39568106965765,51.0595812201635,1.0
71.45269787095798,70.83250427246094,70.93760149117554,71.07426787819816,85.5404328961364,4.0
60.7198378583375,64.5067138671875,65.15129549490861,63.459282406811205,68.1000190329279,4.0
64.36479388327663,61.0849494934082,61.2509906208677,62.233577999184185,54.478277600962,1.0
49.557631094506895,51.54353713989258,50.95728521902204,50.68615115114051,43.9732104894116,0.0
58.531577052445876,58.885459899902344,56.65671619134957,58.02458438123261,60.0926076174911,2.0
51.549928412176406,51.535072326660156,52.73175797760129,51.93891957214595,43.9332633919927,0.0
56.01793297699493,55.391502380371094,55.90536315282469,55.77159950339691,45.9322148352187,0.0
55.8089671237386,54.11552047729492,54.90545811814995,54.943315239727816,53.615563864504,1.0
67.58550288402078,67.45854949951172,67.53952938053216,67.52786058802155,64.8998786331846,3.0
69.03669201919774,68.50909423828125,69.32450148604075,68.95676258117324,78.8415459606637,4.0
65.71379458932667,66.53302764892578,66.64819908783932,66.29834044203058,62.7900855066256,3.0
64.38428050322491,67.45980072021484,67.68418010089248,66.50942044144408,58.88915440252128,2.0
53.81711494373645,52.97880935668945,53.24682887053686,53.34758439032092,57.4726652967682,2.0
53.305934955317646,52.27655029296875,52.91749263248046,52.833325960255614,48.9938374121759,0.0
52.300489970607536,49.8468132019043,51.641786389292925,51.26302985393492,44.446948937866,0.0
60.9559861364886,59.29633331298828,60.04326252192308,60.09852732379998,70.8961682703199,4.0
51.38896565649067,55.05702590942383,55.340775696353056,53.928922420755846,56.0312857636549,2.0
53.002438475701965,52.64103317260742,53.823768514514256,53.15574672094122,57.9018348584812,2.0
63.77421035129008,66.64488220214844,65.53913507348291,65.31940920897381,60.6634476989981,3.0
56.465564372098854,56.65785598754883,57.30941065076565,56.81094367013778,45.5813114979399,0.0
74.3904824230978,76.47843933105469,76.31920674768227,75.72937616727826,72.52901164188,4.0
51.94082967228971,49.52875900268555,50.411862796412215,50.62715049046249,65.6450274728729,3.0
50.46137591507394,50.486907958984375,49.96740946629739,50.3052311134519,49.8706952766242,0.0
52.46290505247122,54.23561477661133,54.596865582174935,53.765128470419164,56.3336924670339,2.0
67.41846024616464,69.15875244140625,68.96410437855636,68.51377235537576,65.7418413410636,3.0
53.00921448014327,53.19027328491211,52.13947221650413,52.77965332718651,50.3440776531608,1.0
74.3012431827934,74.76416015625,72.87974852930162,73.98171728944834,69.3374545941263,4.0
51.16368026495736,50.62350082397461,50.76805490025294,50.851745329728296,51.4821474984154,1.0
55.55019802647532,54.776363372802734,55.5015819258208,55.27604777503296,62.3001204745723,3.0
74.33919092691347,75.84152221679688,76.6901619459978,75.62362502990273,75.6912326597906,4.0
53.580563522806585,52.35508728027344,51.46274226377102,52.46613102228368,59.1096644400903,2.0
68.18335720607492,68.17791748046875,68.48946355127369,68.28357941260577,68.8021812166233,4.0
53.45444555054713,52.300941467285156,51.71831817399204,52.49123506394144,45.373632446641,0.0
59.73134691808557,56.73996353149414,56.38088866455505,57.61739970471158,61.3925698871032,3.0
72.24876191353076,73.93739318847656,72.53879369853125,72.9083162668462,73.793119382584,4.0
55.780973473227085,58.11945724487305,56.66540002972379,56.85527691594131,71.9767134677055,4.0
71.77860250546647,70.8982925415039,71.83702071007839,71.50463858568293,68.9525012183454,4.0
60.49605237794935,63.027896881103516,61.407051854916034,61.64366703798962,65.2960346466901,3.0
62.20725720912327,61.289669036865234,61.37391349080618,61.62361324559823,59.8327885934753,2.0
58.53328092149299,54.94795227050781,56.15276924756442,56.54466747985507,55.0401233403067,1.0
56.67786229150622,56.669647216796875,56.504095491531295,56.617201666611464,52.4164633433959,1.0
57.981587475746,56.9248161315918,54.72373636228297,56.54337998987359,56.2500756999253,2.0
51.390182503168894,52.77070999145508,52.71537711334703,52.29208986932366,53.8745857626302,1.0
73.24657369617883,72.57262420654297,71.33931897737764,72.38617229336647,76.6459101491525,4.0
63.28664395229754,61.77841567993164,61.60093826137179,62.221999297866994,56.4714758871632,2.0
71.80635795768193,72.5792007446289,71.31365240497219,71.899737035761,67.8429539015065,4.0
55.11806747534486,56.37735366821289,57.40736400993329,56.30092838449701,61.4282516223387,3.0
50.06280510848653,49.31337356567383,50.03614765275753,49.80410877563929,50.3636561739552,1.0
65.93015785002723,69.02652740478516,69.98200313585357,68.31289613022199,65.7661395578961,3.0
54.73307020222979,54.464149475097656,54.99917823517844,54.73213263750196,58.3605557886883,2.0
63.93459818058799,61.953041076660156,60.97397238464069,62.28720388062961,65.9341969995437,3.0
74.04358402460835,75.21665954589844,75.80731086123795,75.02251814391491,76.1603154925628,4.0
49.37274005285997,49.12335968017578,50.298749663986804,49.598283132340846,54.0466294059291,1.0
66.64461879765737,64.77398681640625,64.72019637103108,65.37960066169823,57.875600021939,2.0
60.1968011894815,58.87495422363281,60.5800864075317,59.88394727354867,52.0548646602967,1.0
66.64363929902551,69.4804458618164,70.03381597001864,68.71930037695351,69.052276858006,4.0
55.60648368140366,55.23594284057617,55.182284417870065,55.34157031328329,54.5058630463465,1.0
55.334348375690645,55.41283416748047,56.0769743521428,55.60805229843797,59.2983771699117,2.0
53.202555024755874,52.31277847290039,51.883349094986464,52.46622753088091,56.6371524372255,2.0
53.11005509562791,50.5394287109375,51.672576703190046,51.77402016991848,66.2208775296034,3.0
69.47753756379623,69.77037811279297,69.25779030832976,69.50190199497298,72.3020863461813,4.0
73.60694459174213,73.09461212158203,72.9455538900784,73.21570353446752,72.7873503243966,4.0
60.239266069274734,60.07566833496094,62.482827527594424,60.93258731061004,54.7253661918611,1.0
64.80097552145125,67.55681610107422,67.96068399685824,66.77282520646123,79.3971799292336,4.0
52.13181014128517,51.15633010864258,51.435082014981546,51.57440742163643,52.7577504169749,1.0
52.190001697937774,54.7010383605957,55.0094914488648,53.96684383579943,50.4784388861723,1.0
49.231884014334995,48.39016342163086,48.84897191449723,48.82367311682103,47.6833446567731,0.0
69.95995764043234,70.25630950927734,69.51501093158176,69.91042602709713,62.2734261612865,3.0
52.985833271760775,51.8743896484375,51.24448872255579,52.03490388091802,54.4610101478803,1.0
53.19354081105729,51.899478912353516,52.79663293404386,52.629884219151556,54.5625828297165,1.0
48.77050295669401,49.991180419921875,50.15870047144293,49.64012794935294,50.3204771486806,1.0
54.11651007530599,54.739444732666016,54.51352285850239,54.45649255549147,58.1781130761311,2.0
56.40818422547973,57.8348503112793,58.9331147905432,57.72538310910074,50.4649614797149,1.0
57.79857282354733,56.550254821777344,57.56484901101643,57.304558885447044,46.7393200641809,0.0
71.22266999870716,70.121337890625,70.02097853004412,70.45499547312542,76.8880023768621,4.0
48.537517076478856,48.95979690551758,48.3367194726119,48.61134448486944,53.1103502003217,1.0
56.97560797738452,55.05779266357422,55.29790718263432,55.77710260786436,55.0357770621181,1.0
53.0051247236957,53.187339782714844,54.009566005942865,53.40067683745114,67.8492687455423,4.0
57.965565344004474,57.77943420410156,57.00443436994804,57.58314463935136,65.2280002127307,3.0
54.48512307347352,54.771697998046875,55.42452482994867,54.89378196715635,61.21584638091,3.0
52.9442148646755,51.9166259765625,52.76256819697077,52.541136346069585,48.3385505554229,0.0
47.92719144121284,50.30916976928711,49.02557857406614,49.087313261522034,52.2435762333866,1.0
57.753238941644184,55.16575622558594,54.93486778348231,55.951287650237475,56.82561647708,2.0
54.47202147335037,55.10661697387695,55.27754619339941,54.952061546875576,55.8069257721609,2.0
54.08659371678217,51.12810516357422,50.92885592281087,52.047851601055754,54.0402319082088,1.0
58.50060244772611,56.12456512451172,56.07744071198998,56.900869428075936,55.3107166318587,1.0
60.12891822715798,55.0881462097168,55.38687740525083,56.867980614041876,65.8185436585987,3.0
55.760538324161374,54.63722229003906,54.58818151915955,54.99531404445332,55.2390843186962,1.0
45.65292392932969,50.72931671142578,50.86564267225041,49.08262777100196,43.3335723648514,0.0
60.890361954724696,59.81220245361328,59.54227729867187,60.08161390233661,57.1098766339585,2.0
50.0207096137951,51.890079498291016,51.46569557666445,51.12549489625019,43.7351686562425,0.0
54.237926081562755,54.80241394042969,54.18498641348545,54.40844214515929,62.4452728983898,3.0
55.24485216960641,57.2736930847168,57.61015393115645,56.70956639515989,46.6130199629816,0.0
55.3271087542583,56.113338470458984,56.28859634505434,55.90968118992388,46.276508231668,0.0
48.305180927528845,49.998085021972656,50.36452161436729,49.55592918795626,42.2373006729897,0.0
55.743564506657044,55.714778900146484,53.448064677219115,54.96880269467422,60.7747637344563,3.0
71.22122867234948,71.00238037109375,70.62073223284287,70.94811375876203,66.2633137825077,3.0
56.07047274596094,57.31393051147461,58.177117106805206,57.18717345474692,51.5380652498748,1.0
52.637681403861606,55.11770248413086,55.1019328457406,54.285772244577686,53.1179394233312,1.0
51.369872813121404,53.56797409057617,53.195466396844054,52.71110443351389,45.7080168922685,0.0
50.744690139620985,51.6538200378418,52.45795915002216,51.618823109161646,49.5559958134641,0.0
52.218870201309194,50.21410369873047,50.21254541406359,50.88183977136776,57.9263422758233,2.0
54.97848743150086,56.00735855102539,56.195713936069865,55.72718663953204,54.3299423968984,1.0
50.27243201474013,50.909812927246094,51.44385799864408,50.87536764687676,53.8777754152381,1.0
72.04821114925763,71.56966400146484,71.4978239254092,71.70523302537721,69.6064886739211,4.0
59.68659888662965,57.295066833496094,57.97277563494948,58.31814711835841,56.7032911935127,2.0
55.82690020604988,53.16093444824219,54.641221518511806,54.54301872426796,53.058661018119,1.0
68.807766874826,68.36549377441406,69.58470163772837,68.91932076232281,67.0889479584429,3.0
59.638612048233455,57.74180603027344,57.80789153476108,58.39610320442265,54.8456816671716,1.0
55.36024820345687,53.70830535888672,55.23889734919655,54.769150303846715,55.3941273923797,1.0
66.97831019024723,66.7842788696289,66.8106933740396,66.85776081130524,61.8116684947234,3.0
69.08327613046026,69.37757110595703,71.53483935260104,69.99856219633945,65.1260009163042,3.0
57.40093300611204,56.25566101074219,56.558447688092,56.73834723498208,55.7493975374555,2.0
69.90670749490732,69.71126556396484,69.17224673227925,69.5967399303838,62.0934395346723,3.0
65.31432928369821,66.65602111816406,67.28905837934829,66.4198029270702,83.1449787492906,4.0
65.8472459554071,67.81156158447266,68.53870024292519,67.39916926093498,66.8826429051102,3.0
54.34051892391272,54.90511703491211,54.41969261425274,54.55510952435919,48.8348248233968,0.0
55.44855732183833,54.63434982299805,54.11415697552898,54.73235470678845,62.930168056382,3.0
53.350814854956326,54.8737678527832,54.24997289889126,54.15818520221026,45.5100941274589,0.0
47.40837273429481,49.05651092529297,49.66849471889847,48.71112612616208,44.2159699017959,0.0
51.22572182712403,51.93381118774414,52.62905764713994,51.92953022066937,47.7817871806084,0.0
73.53800210660764,74.2779541015625,71.02441347080848,72.94678989299287,63.590132390995,3.0
47.85622085195571,48.44261169433594,49.46287086920098,48.587234471830875,42.2373006729897,0.0
74.5251573319302,74.86398315429688,75.03735143130383,74.80883063917696,71.8245039893831,4.0
57.65653536212821,55.98282241821289,57.66710338631111,57.102153722217395,43.6572048240171,0.0
48.38872472655548,51.97038650512695,51.905707373927555,50.754939535203334,39.3182288027664,0.0
57.7752988440427,58.885677337646484,59.01698045887714,58.559318880188776,51.1878862572403,1.0
54.67312827586086,52.434661865234375,51.938493493899834,53.015427878331685,44.2343958776768,0.0
55.08809610897458,49.857574462890625,49.73653890809963,51.56073649332162,53.6729317245081,1.0
53.78655496895027,54.726078033447266,55.13926760967176,54.55063353735644,44.2526248030893,0.0
50.614461323103804,50.12104797363281,49.16033339422148,49.96528089698603,53.0643064205768,1.0
56.29136370999318,55.521324157714844,55.6307403005725,55.81447605609352,57.6331443696386,2.0
52.530076434715106,52.404327392578125,52.21237025579139,52.38225802769487,51.5820704133738,1.0
74.11653613370181,73.00892639160156,72.42724878359456,73.18423710296598,72.7539007772617,4.0
51.91338329285894,51.46736145019531,50.2952356124526,51.22532678516895,40.2940421980207,0.0
58.526708222033655,55.814208984375,55.52957299883391,56.62349673508086,54.788767796201,1.0
54.97516975690897,54.694664001464844,56.04625677905898,55.23869684581092,52.2665082979519,1.0
66.87053174452883,67.31404876708984,66.64284351946488,66.94247467702786,70.6228111011635,4.0
61.363224663335885,60.23859786987305,60.44402852993394,60.681950354380966,61.2692452955426,3.0
53.4682526019492,55.13287353515625,55.773983615260384,54.79170325078861,56.7599495191561,2.0
70.38940274229262,68.65309143066406,68.60123034398097,69.2145748389792,68.2516131235721,4.0
49.22853901179116,50.109039306640625,49.31845689527369,49.55201173790183,54.491627849671,1.0
58.51444515442338,57.14027786254883,58.458772282769786,58.037831766580666,61.5161378639313,3.0
59.370637500178674,57.384857177734375,57.22036606020428,57.99195357937244,55.7237726045526,2.0
73.65845398533011,73.02865600585938,73.2893952730575,73.32550175474898,72.0442292298097,4.0
49.767706431577906,52.075862884521484,50.224453756046096,50.689341024048495,43.540502620071,0.0
73.03226301462558,73.87923431396484,73.29980616892655,73.40376783250566,82.9754080203941,4.0
54.75004404375383,55.49108123779297,54.05012578734274,54.763750356296505,50.4753579770464,1.0
55.25814233097449,54.263648986816406,54.404052920958264,54.64194807958305,61.0788014451822,3.0
58.4763884771288,56.78911590576172,56.57190496458614,57.27913644915889,56.5829658943271,2.0
50.778834743455896,51.03778076171875,50.273446507124966,50.69668733743321,51.5242208429044,1.0
50.7514388978742,53.268394470214844,52.61632528991503,52.21205288600135,52.1656331669042,1.0
55.596597035372916,58.354923248291016,56.28016111154402,56.743893798402645,48.9559168251719,0.0
58.81063677888284,60.523921966552734,61.21485867931601,60.183139141583865,59.7419792237728,2.0
56.41785516901616,57.359458923339844,57.879781852704184,57.219031981686726,57.8311175489817,2.0
68.86296440658202,67.81256866455078,68.26450999485633,68.31334768866304,70.6976309600402,4.0
55.377380361707544,54.63864517211914,54.88042266256769,54.965482732131456,65.6939836809015,3.0
62.24035031048215,64.15221405029297,63.37279300585975,63.255119122211624,65.060409946626,3.0
55.81368833044671,55.94556427001953,55.760663057163526,55.83997188587659,61.1421552943917,3.0
54.52996760524227,51.554115295410156,53.808817658967264,53.29763351987322,52.0022286953741,1.0
70.36164735017901,71.7480239868164,70.66784039184036,70.92583724294525,66.4733113915913,3.0
54.95320772336384,55.28484344482422,55.664044677381476,55.300698615189845,45.8041852933182,0.0
50.14044820475861,51.46310043334961,50.33136472522475,50.64497112111099,56.9143593658728,2.0
57.3696797629575,56.24507522583008,54.945689915602756,56.186814968130115,60.9859390751007,3.0
74.2561313330217,72.8943099975586,73.55423833016326,73.56822655358118,75.979890075095,4.0
52.54520572806913,50.45806884765625,52.30749263962155,51.770255738448974,54.2526375825871,1.0
53.20826651206338,53.424720764160156,52.88814048626258,53.17370925416204,56.390438337189,2.0
68.08720793682132,67.99872589111328,69.35951940066354,68.48181774286604,63.5415887948998,3.0
51.08835483312942,54.75885009765625,55.07841315489952,53.64187269522839,48.0775899477177,0.0
51.399234536542416,53.38568115234375,54.11396244768452,52.96629271219023,43.3954845184722,0.0
49.74814509704831,53.01458740234375,53.429929459195634,52.06422065286256,44.0795254655539,0.0
53.167626851669915,53.66331481933594,53.367863980374686,53.399601883793515,45.9368023923998,0.0
50.354201850384676,51.3162727355957,51.50027731598145,51.05691730065394,57.6590170850325,2.0
68.444541625088,68.9368667602539,69.98235362952335,69.12125400495508,70.4177390723708,4.0
49.260668135258705,50.44925308227539,50.473880298022166,50.06126717185208,51.7755199926113,1.0
53.40059421570891,55.31263732910156,54.869413220420626,54.52754825507703,57.1533534392392,2.0
59.63271253781626,60.360435485839844,62.40587500632974,60.79967434332861,54.2524367666163,1.0
52.48788610245718,53.899654388427734,54.54581058952054,53.64445036013515,54.1429396229323,1.0
55.980666328240694,53.2856330871582,52.391128077145225,53.885809164181374,50.1463405185562,1.0
68.86840020160083,70.38375091552734,70.69608647032905,69.98274586248574,75.8415070657689,4.0
59.54253953617407,60.7347526550293,57.37214428724215,59.216478826148496,69.9809540240668,4.0
67.56532812951399,69.68412780761719,69.6524541501691,68.96730336243343,74.445283455275,4.0
69.40197375016342,67.87696838378906,67.14788820941044,68.14227678112098,69.0795185048171,4.0
52.37220287784753,53.1248779296875,54.51619959494587,53.337760134160305,49.888038235043,0.0
56.041822482797215,54.87799835205078,55.52776646163781,55.4825290988286,58.6674324294636,2.0
52.78801659276019,52.44022750854492,52.089336180716806,52.43919342734063,53.1465686327521,1.0
51.3144443475951,51.87075424194336,51.17518759293122,51.45346206082323,52.1574343101225,1.0
52.1095799932239,53.49467468261719,51.68860533603956,52.43095333729355,56.3559229360773,2.0
70.35663055983436,69.35012817382812,68.93354175973573,69.54676683113273,76.2317901060161,4.0
54.64450327255557,54.50385284423828,54.841044960588434,54.66313369246077,52.4335299846915,1.0
68.56390486559033,70.41020965576172,69.11698859358339,69.36370103831182,66.2754054743163,3.0
47.550269120272034,49.40566635131836,49.03605384843624,48.66399644000887,51.3117389908454,1.0
56.08069212053548,54.77735137939453,54.85043981344488,55.23616110445829,50.4867864568664,1.0
76.34278611485709,76.10867309570312,73.56808881468424,75.33984934174815,68.9626427621373,4.0
49.75888871655559,51.43779754638672,51.859567601472456,51.018751288138255,49.4410453907928,0.0
76.49492509630782,74.81522369384766,73.87106727998997,75.06040535671515,78.8700017512071,4.0
48.220436489905154,48.60662841796875,49.43729667583259,48.75478719456883,37.710879680243,0.0
50.40336858589531,50.706703186035156,50.889818130765626,50.66662996756536,50.0052032122034,1.0
55.33311458341942,55.58374786376953,56.63627281312367,55.85104508677088,59.6906378080781,2.0
62.72061602870769,62.33513259887695,62.09923571851304,62.38499478203257,62.6969298757996,3.0
67.53584783110377,67.58670806884766,67.03173881724167,67.38476490573102,75.8655622595408,4.0
66.82730942405519,68.60779571533203,68.92257847222683,68.11922787053803,64.5155122854757,3.0
62.22915931394021,63.190555572509766,61.38123405992882,62.26698298212627,71.8483879504291,4.0
56.690314731436395,58.18789291381836,56.63921764193513,57.172475095729965,60.3310983640513,2.0
55.82856733863983,58.526344299316406,58.86290444708476,57.739272028346996,54.3761506660051,1.0
69.64335986084099,65.2879409790039,66.5496939414948,67.1603315937799,86.8235768812858,4.0
72.06168556700457,70.08567810058594,69.61754084841316,70.58830150533457,67.2504419215039,4.0
54.279672409694456,55.73145294189453,56.4582607686686,55.48979537341919,52.780901374906,1.0
56.8340828188399,56.30705642700195,56.98438108989417,56.70850677857868,58.7397421839438,2.0
72.39267643202024,72.11534118652344,71.97627702415224,72.1614315475653,74.7022587516499,4.0
54.82553590598551,53.980552673339844,54.665206178976426,54.49043158610059,56.2786213670223,2.0
55.86972621226512,54.17572784423828,54.210725030769765,54.752059695757715,64.12155747122,3.0
59.32000184001544,56.35361862182617,56.275778648293986,57.3164663700452,61.4784705704172,3.0
58.31424424149855,59.2725944519043,59.19953914310293,58.92879261216859,53.2276129443292,1.0
48.50435955315776,50.788673400878906,52.14191278572374,50.47831524658681,45.6438902114936,0.0
73.49696419666259,75.4234619140625,73.3172223629653,74.0792161578968,78.3672753284501,4.0
66.51362457037538,66.94254302978516,66.47810125674063,66.64475628563372,71.0882009504956,4.0
63.522446286938475,61.780574798583984,61.287371117063294,62.196797400861925,67.1785697853695,4.0
69.31934951213626,69.43991088867188,69.93927703830626,69.56617914637145,69.4878344745179,4.0
51.74772805031337,52.93439865112305,53.26101925375382,52.647715318396756,46.1091979813439,0.0
53.988689953413456,54.78199005126953,54.53375665686497,54.43481222051599,49.5332432235896,0.0
70.10040205234252,70.17529296875,70.22805123529575,70.1679154187961,77.1369652059384,4.0
70.89633471554842,69.0746841430664,67.73674672098883,69.23592185986787,74.4561086869842,4.0
72.07158146247781,72.07105255126953,72.30019425805325,72.14760942393353,66.0611744561467,3.0
69.52798803394529,70.86329650878906,69.80463042708627,70.0653049899402,72.7265709976051,4.0
55.3604386795122,51.56768035888672,50.970487619316664,52.6328688859052,54.9753412852634,1.0
68.89556741752894,69.82361602783203,68.87629667159305,69.198493372318,69.2833874650312,4.0
72.78607775576603,73.67056274414062,75.4696685422526,73.97543634738642,80.2871360079324,4.0
61.555373961474565,61.71350860595703,61.36452624265995,61.54446960336386,65.5363668693897,3.0
47.38304403338318,52.6712646484375,52.420146007407055,50.82481822974258,50.1589880701517,1.0
48.02227636053409,46.26248550415039,46.96986346117701,47.08487510862051,45.1776994398146,0.0
73.41253364232595,72.49742126464844,72.73944123210718,72.88313204636053,82.9678530358543,4.0
56.288866778215315,54.218902587890625,54.542907473063885,55.01689227972327,40.1615168175404,0.0
55.624321222363626,52.92655563354492,53.58642700268132,54.04576795286329,48.9916294893427,0.0
67.82844363529502,69.74774932861328,69.81501314551629,69.13040203647485,68.3124000728424,4.0
51.125390562419476,54.03611373901367,53.16145418156495,52.7743194943327,68.1270293037401,4.0
52.40304551275145,56.21177291870117,55.33533824733608,54.65005222626289,47.1840390952183,0.0
53.13630905952471,51.166343688964844,50.81125381356995,51.7046355206865,44.4762988460901,0.0
74.84508326631926,72.62762451171875,72.80103189411423,73.42457989071741,78.3652539880837,4.0
72.67627807732123,71.5724868774414,71.6144403925333,71.95440178243199,76.1924240555622,4.0
49.98737021090865,50.656211853027344,50.367267206678996,50.33694975687166,47.9565011574387,0.0
46.62303253744705,47.68754959106445,47.29314507296173,47.201242400491076,44.889386612698,0.0
52.39398419668409,51.88218307495117,52.80943127166415,52.3618661810998,51.3504513280988,1.0
59.67132300644909,55.90824508666992,54.92424002778486,56.83460270696796,61.263862429525,3.0
48.55458891209747,49.236572265625,49.70476632561838,49.165309167780286,61.4894886246801,3.0
69.70124506492382,70.71257019042969,70.45052963396655,70.28811496310668,78.5020429434907,4.0
70.04531101470805,69.16790771484375,68.79492548714926,69.33604807223368,71.795099631309,4.0
72.32940181103405,69.85852813720703,69.95590772214209,70.71461255679439,70.3632701900566,4.0
63.76998622480592,64.32319641113281,63.950417141189625,64.01453325904278,63.1972827700409,3.0
48.23121843291142,49.21981430053711,49.870548299981095,49.107193677809875,50.834729909233,1.0
68.6103120502879,68.13895416259766,67.7749120168645,68.17472607658335,73.8644714193536,4.0
56.66113705589333,54.52537536621094,54.7682647137176,55.318259045273955,52.0040696001359,1.0
70.94694539298092,66.26202392578125,65.591665747241,67.60021168866773,73.5485511511444,4.0
51.327693135216556,50.87442398071289,50.11834906288748,50.77348872627231,65.6450274728729,3.0
66.62990105597306,62.966697692871094,64.24927881094845,64.61529251993086,61.9310764880408,3.0
67.94119851923338,69.48526000976562,68.25898092182831,68.56181315027577,64.983845742412,3.0
66.64461879765737,64.77398681640625,64.72019637103108,65.37960066169823,57.875600021939,2.0
54.68177366850672,55.304893493652344,56.94080545879482,55.6424908736513,48.1471702779638,0.0
65.0700664331368,66.38390350341797,66.30282234137755,65.91893075931078,59.7976400413006,2.0
52.7942390992682,53.270748138427734,52.06663131328379,52.71053951699324,56.2606622244536,2.0
50.77220542393941,53.268394470214844,52.61632528991503,52.218975061356424,51.6092213465743,1.0
50.32831276691772,55.26418685913086,54.509422671325474,53.36730743245801,54.611994702,1.0
50.881110431136065,50.820068359375,50.34693010049535,50.682702963668795,53.2162473443549,1.0
54.81047491188963,53.19561767578125,53.032265726635835,53.67945277143557,57.698663776166,2.0
50.177029448351995,52.033905029296875,52.088680547713935,51.43320500845427,43.4970428005451,0.0
48.930154362951505,51.32997512817383,51.8732936540661,50.711141048397145,48.422492125115,0.0
75.60534910807132,75.79956817626953,75.18596605286768,75.53029444573617,74.6187268330865,4.0
56.69174507633866,58.16397476196289,59.16564376921093,58.00712120250416,55.3394642155123,1.0
69.40077808386539,69.99744415283203,69.07956707823142,69.49259643830963,85.2335567222222,4.0
58.76696438125259,62.04530715942383,60.67072426744665,60.49433193604103,69.718822005439,4.0
67.23847533010918,68.41497802734375,67.90207632827558,67.85184322857617,66.9759725025495,3.0
51.6019862764466,49.12357711791992,48.52222839944108,49.749263931269205,46.5019390885164,0.0
46.83752905995237,49.627681732177734,48.92973974085573,48.464983510995275,60.6269473509754,3.0
49.34380659596781,50.186927795410156,51.256411000185615,50.26238179718786,43.374339844316,0.0
66.52348690681622,69.14708709716797,69.43711796420283,68.36923065606234,58.729276155198,2.0
54.08380441266912,51.38783645629883,51.284120855972134,52.251920574980026,60.9433997199331,3.0
74.73533593879692,74.13715362548828,72.42450379931839,73.76566445453453,78.2485917449966,4.0
69.22246011190373,71.21204376220703,71.67919419733965,70.7045660238168,68.5304544694642,4.0
69.96479791373939,69.72504425048828,69.64470185546922,69.77818133989898,74.4926672518746,4.0
56.90796023227535,53.50530242919922,52.698440469410265,54.37056771029494,52.2883578149831,1.0
66.65746163542636,69.7662353515625,70.70769019270364,69.04379572656416,58.88915440252128,2.0
56.32845582926457,54.09354019165039,53.63591419686562,54.68597007259353,54.4123614625948,1.0
52.26869375389906,52.59824752807617,52.311532356610584,52.39282454619528,56.4611949324735,2.0
67.39600783394286,65.75264739990234,66.505378239419,66.55134449108807,75.7394305986241,4.0
55.56634270087701,56.060508728027344,55.599414096617075,55.74208850850713,45.4629829985427,0.0
48.281867103012246,49.28351593017578,49.5106791193361,49.02535405084137,51.1920767905662,1.0
57.19246971407032,56.27375030517578,55.64919976505624,56.37180659476744,56.8190744766256,2.0
58.54217376870054,58.08559799194336,57.608548252742914,58.0787733377956,54.0105669041939,1.0
53.32086802495404,54.02730178833008,54.00682996167128,53.78499992498513,56.4095345525083,2.0
73.16832249260948,70.23412322998047,70.1619276875225,71.1881244700375,65.2618019120426,3.0
68.71206991393501,67.23575592041016,67.30143019195096,67.74975200876537,58.88915440252128,2.0
52.7877962011368,51.808067321777344,50.63803568448171,51.74463306913194,55.6017893018863,2.0
55.02501196427753,55.750892639160156,55.23417857127612,55.33669439157128,49.8277849240003,0.0
52.39976931811236,47.37224578857422,46.112898660294526,48.6283045889937,40.3998929280997,0.0
59.92067614350487,60.14631271362305,60.27620010186328,60.11439631966373,59.7578577912879,2.0
66.35804852974563,66.35072326660156,66.6837843835438,66.464185393297,64.7396409117273,3.0
55.87670926664916,53.734642028808594,54.5526512645178,54.72133418665852,59.4340612063489,2.0
52.22080154096761,54.411956787109375,54.45413131036429,53.69562987948043,63.4123686071962,3.0
76.3383716262907,77.66194152832031,76.87676437892856,76.95902584451318,80.4793706582362,4.0
60.264015388447596,59.04146957397461,60.173270350159875,59.826251770860694,57.5506368953077,2.0
66.22064107172318,66.27523040771484,66.72361867382894,66.40649671775566,61.1986090866857,3.0
72.76242488979699,70.07027435302734,71.53778737788979,71.45682887357138,74.3137032929285,4.0
55.96944612812909,56.37801742553711,55.826171802800125,56.05787845215544,52.9839709836092,1.0
69.82597541377953,68.7590103149414,68.77528705673527,69.1200909284854,65.8582142172153,3.0
60.17057381284005,59.24583435058594,59.10508080326176,59.507162988895914,52.0193142518225,1.0
51.12599154569251,50.389007568359375,49.668413789305596,50.39447096778582,47.6427388858872,0.0
68.29508743554798,65.7132797241211,66.24513656771379,66.75116790912762,59.7884707303353,2.0
53.477223333170095,54.61961364746094,54.39191205612903,54.16291634558669,47.7001445520658,0.0
55.425397832355536,53.2473258972168,54.11745973067552,54.26339448674929,63.1297133313698,3.0
50.30990134576191,51.349185943603516,47.420626348364316,49.69323787924324,50.0386571360745,1.0
59.597251998380194,59.10398864746094,58.86306839807905,59.188103014640056,44.5402456988926,0.0
75.05053130161002,74.67845916748047,74.00439420390518,74.57779489099856,79.6678355092694,4.0
50.73156573733171,54.774452209472656,54.45759935628482,53.3212057676964,41.8902807667335,0.0
59.90425092781638,59.23610305786133,58.44057826511765,59.19364408359845,52.2409095672636,1.0
56.614841164209814,55.201812744140625,55.10161113154742,55.639421679965956,62.7222996557999,3.0
57.53417355908514,55.01499938964844,56.54120554491885,56.36345949788414,50.3171326704296,1.0
49.31682355641234,48.953826904296875,49.25338307414673,49.17467784495199,49.1205162523267,0.0
69.574879887847,71.55569458007812,71.45906453705626,70.86321300166045,66.095616372085,3.0
53.878468539946084,54.629859924316406,55.43923019753217,54.64918622059822,67.591869421162,4.0
56.513584790432,54.2076530456543,54.07042114337831,54.93055299315487,58.617137042151,2.0
54.24530775361507,55.312042236328125,55.32906541276506,54.96213846756942,58.2883797479117,2.0
58.77439465815987,56.732269287109375,55.57425894075571,57.02697429534165,58.6413664970132,2.0
48.02211256467065,50.955020904541016,51.487255226155774,50.15479623178914,45.3113846494278,0.0
53.30464163802144,52.486671447753906,52.880334625826485,52.89054923720061,52.7685268447523,1.0
52.95996414191464,50.298160552978516,51.67147670844964,51.64320046778093,55.8831162927578,2.0
55.65374358023072,54.72212600708008,54.85819615456477,55.078021913958516,50.2562490365469,1.0
49.74881674843562,49.17723846435547,49.63390227094722,49.51998582791276,63.2669087545516,3.0
56.29083451247837,55.1328010559082,54.98033975002309,55.467991772803224,52.0322492493971,1.0
57.34737147465685,56.57532501220703,56.959753265966086,56.960816584276664,54.2990115890377,1.0
54.03576305549626,54.791099548339844,54.78174171513487,54.53620143965699,58.4067110097858,2.0
50.12194989601727,53.999473571777344,53.235727864421996,52.45238377740554,40.3651060185961,0.0
61.37433268488301,62.66353225708008,61.129562585751145,61.722475842571406,63.8592512183351,3.0
69.53949017387554,70.24723815917969,69.48690689396926,69.75787840900817,79.849405232095,4.0
53.94056125037002,52.87371826171875,54.711514977288914,53.84193149645923,47.0399655876628,0.0
50.72288742284785,51.94116973876953,52.70678023012801,51.7902791305818,44.9094204797498,0.0
54.57048682045834,52.4453010559082,52.248423444533564,53.08807044030004,45.699665158536,0.0
53.40612309654117,50.66769790649414,49.46122549685411,51.17834883329647,58.3484366329115,2.0
65.6717151458473,64.03445434570312,66.85156390081636,65.51924446412227,66.9854063549339,3.0
56.77592157962026,54.2900276184082,53.015683237986686,54.69387747867171,55.2903529011393,1.0
48.389718446854474,46.38633346557617,47.37752139571594,47.384524436048856,44.0965906827615,0.0
52.356077806925,53.574432373046875,54.53994845471559,53.49015287822916,48.680487439852,0.0
64.02803530833407,64.38221740722656,65.76421834426004,64.7248236866069,67.504295830613,4.0
69.18104966184559,69.70902252197266,69.97236021045015,69.62081079808947,66.1188068809534,3.0
51.49088782114286,54.30863952636719,54.00759555496589,53.26904096749198,55.4038729202543,1.0
59.16380181095873,58.40495681762695,60.952866688854336,59.50720843914667,59.7988088080767,2.0
63.85766132491234,63.69808578491211,61.134062756919235,62.89660328891457,59.6544158837786,2.0
46.96273873625749,49.32258605957031,48.964117182330874,48.416480659386224,53.1008535277277,1.0
55.79819307487732,55.46243667602539,55.57557179696445,55.61206718262238,52.4570044653169,1.0
69.0098234215481,69.9134521484375,70.41661360422162,69.77996305806907,62.4631274221898,3.0
59.744512125031406,57.068424224853516,56.23918712261577,57.684041157500225,71.0840734563659,4.0
54.691581892129726,55.39927673339844,55.84561243369689,55.31215701974168,61.4928978959645,3.0
44.87332332647274,47.335105895996094,48.601169225398976,46.936532815955935,44.1552955000355,0.0
66.5449300918827,68.88301849365234,69.52816923835543,68.31870594129684,68.5970381503989,4.0
55.844723059406874,54.45153045654297,55.03446419758252,55.11023923784412,57.8917588213454,2.0
71.2340640239792,69.98564147949219,72.61639197331591,71.2786991589291,82.6758542238805,4.0
55.40241439125348,55.238346099853516,55.724362842071024,55.45504111105934,61.466073215829,3.0
51.01447550657009,50.23270797729492,50.63350286820023,50.626895450688416,49.1797252560587,0.0
54.3220238350376,52.50642776489258,53.902351590483775,53.57693439680465,47.9373476859971,0.0
60.5882475396994,58.885738372802734,59.76720541246045,59.74706377498753,58.3816814803891,2.0
54.83532623207821,56.06002426147461,56.7653001347718,55.886883542774875,58.7805182433665,2.0
55.307334213129714,51.74442672729492,52.4970295932343,53.182930177886306,49.5787436820749,0.0
65.29595436988758,66.6456069946289,66.45871980504037,66.13342705651895,61.9280299725165,3.0
56.66921029691999,56.51225662231445,55.69731844014694,56.292928453127125,66.3465871461281,3.0
52.50388379521487,55.31226348876953,54.64402247852843,54.15338992083761,46.5684083413219,0.0
57.464631257034014,55.10527801513672,54.81910735735082,55.796338876507185,63.6578263866941,3.0
72.08701902801555,73.1952133178711,71.92267197426445,72.4016347733837,76.091789754148,4.0
52.696768283371554,54.814579010009766,55.230972702233956,54.247439998538425,58.097640691764,2.0
62.899003461853404,64.06730651855469,64.84171096690291,63.93600698243699,55.7307769074066,2.0
50.706975410372436,48.979244232177734,49.230630027707285,49.63894989008582,55.624318886098,2.0
49.58228694681651,50.54939270019531,50.328336749770905,50.15333879892757,52.7577504169749,1.0
54.21891738553592,53.4773063659668,53.40688146494065,53.70103507214779,42.6820126039616,0.0
73.24378622328581,75.1944808959961,74.92360564652662,74.45395758860285,75.1859792954178,4.0
58.83219553369474,57.32693862915039,57.95253508222005,58.03722308168839,55.3269709950033,1.0
48.750318485372965,50.28919219970703,49.94828250036469,49.66259772848156,44.1698351809906,0.0
55.36881820379239,55.87944030761719,55.535851147598514,55.594703219669356,45.1082254766629,0.0
55.09516177781777,54.572998046875,54.94145872133389,54.86987284867555,54.5656234806271,1.0
58.195355263206814,59.512237548828125,58.87195487479179,58.85984922894224,70.6005153789905,4.0
55.66480453023715,56.098480224609375,55.122328857264954,55.62853787070383,52.9325184098659,1.0
48.1576254588993,49.82461166381836,50.2410022417289,49.407746454815516,38.0689294184738,0.0
70.05109600080068,69.60575103759766,68.57179488361557,69.40954730733796,70.6690123267455,4.0
49.22245807748218,48.361690521240234,50.05641166972771,49.213520089483374,43.460120610209,0.0
75.53108420347543,75.09220886230469,75.10389848440488,75.242397183395,69.3348646836481,4.0
54.04505523992592,54.44136428833008,53.83758419476793,54.10800124100797,58.5437814752497,2.0
47.80552762410418,50.25375747680664,50.071854802622425,49.37704663451108,55.7480332437949,2.0
53.66575513036625,54.87346267700195,55.210284102068364,54.58316730314552,59.0061530472399,2.0
68.20047398108899,68.37999725341797,68.83337724154026,68.47128282534906,64.7721750687588,3.0
69.02972458769138,69.46467590332031,69.13241043957254,69.20893697686141,66.8499759052428,3.0
71.79208892752207,73.80412292480469,72.28775847002525,72.62799010745067,84.6989290781388,4.0
61.40464253706667,63.02125549316406,62.95901388953683,62.46163730658919,68.0646570784895,4.0
51.47025647544916,52.31507110595703,51.93249590524228,51.90594116221615,52.7891874735704,1.0
56.71623848950262,52.863037109375,53.60287312274088,54.39404957387283,45.9554507552387,0.0
55.27916285651379,53.63904571533203,54.22658755835178,54.38159871006587,55.1197339367355,1.0
54.00599442315014,55.077762603759766,55.01084823517532,54.69820175402841,59.6006076766581,2.0
55.955475560341995,55.640342712402344,55.471167555969274,55.68899527623787,45.0798203963699,0.0
71.76333093615949,70.58866119384766,71.03211141672085,71.128034515576,80.8479240955066,4.0
52.85652287558915,53.574928283691406,54.22056836354481,53.55067317427512,46.6798602999089,0.0
71.54056704370896,72.03684997558594,73.25261939944727,72.27667880624739,67.0909923057462,3.0
69.29892874574341,63.82823181152344,66.5934812571743,66.57354727148038,66.973470952346,3.0
68.43299709056485,69.52244567871094,70.8087485716978,69.58806378032453,74.6123189821617,4.0
53.721683773938906,53.9300422668457,53.64622875332031,53.76598493136831,53.8389525465008,1.0
67.44595615486574,68.8717269897461,69.3357813134833,68.55115481936504,62.3275876403705,3.0
57.73477932370953,56.03544616699219,59.64382970895919,57.804685066553624,43.2122715731597,0.0
58.98508177912423,56.768802642822266,55.97375527115649,57.24254656436765,61.0629410721032,3.0
53.59685295810852,53.299198150634766,54.541906200644476,53.81265243646258,52.8023565412522,1.0
56.99776906154,60.59280014038086,59.42095807453327,59.00384242548471,60.7111832657339,3.0
53.594745276721966,55.01194763183594,55.277310530441895,54.62800114633327,52.3218848049696,1.0
56.46991514918779,56.14521789550781,58.035459090708784,56.88353071180146,66.870217569058,3.0
71.91600479335644,71.18434143066406,70.25902633154178,71.11979085185409,68.2896329566046,4.0
58.389110316368594,59.96416473388672,60.248696622975565,59.533990557743614,59.4105093989958,2.0
58.70807695915362,58.2658805847168,58.109303830357916,58.36108712474279,64.9710047398904,3.0
56.704002497002236,55.71546173095703,55.167926787176306,55.86246367171186,49.1966875074319,0.0
55.456674648404004,55.332393646240234,55.93480019722917,55.57462283062447,52.6599612229447,1.0
48.15891739855334,46.302642822265625,47.061475135380896,47.17434511873329,52.7351424113822,1.0
52.118846729566854,51.700435638427734,52.88561554507321,52.234965971022596,54.393426245713,1.0
45.86209839291366,48.5448112487793,48.577210293992806,47.66137331189526,38.6045460455621,0.0
56.52684125773957,56.35737991333008,56.07150602275508,56.318575731274905,57.5471641083803,2.0
63.6516753387697,63.66456985473633,62.1331816812333,63.149808958246446,57.2816401973002,2.0
70.61576934976765,69.44264221191406,70.14950606373938,70.06930587514036,78.7737322825429,4.0
57.503515328183205,57.660011291503906,57.80586264048701,57.656463086724706,58.6181622689907,2.0
57.945130418137026,55.76689529418945,54.87824702194941,56.19675757809196,68.8838232393802,4.0
62.42869909525807,62.025062561035156,62.7510091233196,62.40159025987094,61.2225044851876,3.0
52.4391796704671,53.21963882446289,54.20228850392127,53.28703566628375,50.7712556035443,1.0
65.50562059944495,67.15377044677734,67.32568801241307,66.66169301954513,69.6684575606992,4.0
60.32585216136915,57.640438079833984,57.72997051461693,58.56542025194002,64.7232232491319,3.0
65.84599913705127,68.13455200195312,68.56328533007816,67.51461215636084,57.6515888769268,2.0
53.50475214861315,52.19999313354492,51.5749398965678,52.42656172624195,51.594404342752,1.0
66.27705332206112,65.96540832519531,66.94148470425817,66.3946487838382,67.4135393568893,4.0
48.40999937651145,49.100616455078125,48.88739099420995,48.79933560859985,43.6877371627506,0.0
75.21643536736974,74.26138305664062,74.44222525778837,74.64001456059958,74.0419560500797,4.0
49.87023799284063,49.247467041015625,49.76199982286882,49.626568285575026,51.820139619626,1.0
77.01650077053843,72.1380386352539,71.2189768053332,73.45783873704184,84.4055947582154,4.0
48.86341316157813,53.725181579589844,54.45989986862379,52.34949820326392,53.8323648760579,1.0
55.790827629162365,52.56770706176758,53.04293528359667,53.80048999150887,50.6491604943021,1.0
55.34323799532752,54.7459602355957,54.38546816100347,54.824888797308894,61.4591303293577,3.0
57.5335024836333,57.365379333496094,55.38690323458013,56.76192835056984,51.0853484294628,1.0
57.72632507796899,58.69050979614258,58.12274051581739,58.17985846330965,56.2099485679075,2.0
55.03004682850915,55.16509246826172,54.90547817764877,55.03353915813988,49.0827405406617,0.0
55.71033289055071,55.48331832885742,55.73637077085548,55.643340663421206,49.0377687838309,0.0
70.62706584817168,71.9216079711914,71.73305449690808,71.4272427720904,74.5472332472258,4.0
68.12526685638421,68.3546142578125,68.00415884035618,68.16134665151763,81.7125097277229,4.0
63.508719494304245,64.66852569580078,65.20463956082497,64.46062825031,64.9874777882875,3.0
57.83903986219341,56.08669662475586,54.6110624273338,56.178932971427685,49.9822951684791,0.0
51.05073102967098,53.41162109375,54.595045237171185,53.01913245353072,55.7135846781043,2.0
58.00525704151719,55.8831672668457,56.24905082304712,56.712491710470005,54.9795755344006,1.0
56.778120361107284,59.536067962646484,56.99382838817555,57.76933890397643,52.2065341922568,1.0
52.80748441958035,53.091957092285156,54.34240377087074,53.41394842757875,52.8603527409581,1.0
57.88079456799632,58.37863540649414,58.57890330654733,58.279444427012606,64.7649500154648,3.0
73.24292413712877,72.09351348876953,73.27816452222142,72.87153404937324,69.1604712006225,4.0
68.57883030628582,68.40222930908203,69.06204150017868,68.68103370518217,67.8533416760383,4.0
70.4714708623151,69.94268035888672,69.2067505981796,69.8736339397938,64.5813023440976,3.0
68.78171324048793,67.83685302734375,68.84641217136941,68.48832614640037,74.6434512866088,4.0
61.396283423135074,61.5966911315918,63.91236191382185,62.30177882284957,55.7307769074066,2.0
56.6364923425302,56.30177688598633,55.81174429514867,56.2500045078884,53.6827247801211,1.0
47.875372612630876,46.807987213134766,48.431801335662826,47.705053720476165,41.2691669572855,0.0
59.56373880767691,60.132320404052734,57.95280555689559,59.21628825620841,69.8392428950322,4.0
72.99927522784604,72.62408447265625,72.10168597825553,72.57501522625262,78.1556854083746,4.0
52.57728744693655,48.64310073852539,50.322818960495155,50.51440238198571,50.8659764498292,1.0
57.41521052215805,57.31874465942383,56.67580808332137,57.13658775496774,61.8790721055248,3.0
58.24805036155249,56.836387634277344,55.81495192782301,56.96646330788428,52.7812205627756,1.0
61.336753354774785,61.05080795288086,60.9486576826613,61.11207299677232,55.7538635290532,2.0
60.80731174350571,59.90333557128906,58.82516393279803,59.84527041586427,63.3439046765782,3.0
66.00695134590673,66.82664489746094,65.45739950874571,66.09699858403779,58.88915440252128,2.0
71.25056619871839,71.6600341796875,70.63463268625883,71.18174435488824,78.1758595757673,4.0
49.00759429821518,49.75162887573242,49.6721551203818,49.47712609810981,46.6047862711506,0.0
50.81046522876987,53.4432373046875,53.90904080055844,52.72091444467193,55.3522085802451,1.0
56.08874655077109,56.79344940185547,56.37671897729913,56.419638309975234,57.084099023893,2.0
56.610987947793646,58.33332061767578,56.243180045157885,57.062496203542445,55.7824817236707,2.0
69.89054824768193,69.3038330078125,69.64012837003074,69.61150320850838,66.0100006200798,3.0
60.48035890820835,60.980716705322266,62.218745783650746,61.22660713239379,59.7800514552252,2.0
58.53224336836235,57.688682556152344,58.36829895026533,58.19640829159332,53.1104124724799,1.0
69.80291832987271,68.83763122558594,68.62950481911118,69.09001812485661,77.8233104718738,4.0
54.7706909514302,56.26094436645508,56.30703186841663,55.7795557287673,56.9411322869849,2.0
48.71736580659354,50.66120147705078,50.97559503736818,50.11805410700416,44.7310921509972,0.0
70.9363016018545,67.77681732177734,68.2140844073604,68.97573444366408,75.6142888144116,4.0
55.92054325658525,55.28444290161133,55.197378864770975,55.46745500765584,58.243649807256,2.0
56.13037462371255,55.979434967041016,55.12619497024856,55.74533485366737,59.0452021964278,2.0
43.32008337782281,48.117977142333984,48.88819742374624,46.77541931463435,61.804839955548,3.0
55.68924431993852,54.48906326293945,55.26487776452275,55.14772844913358,55.3303339606545,1.0
55.55389434126961,55.88839340209961,56.00667683590292,55.81632152642405,54.1992364045023,1.0
55.54305961968947,52.33449172973633,53.53617876413531,53.804576704520365,53.0216508412182,1.0
59.45866742620155,61.120121002197266,60.487941449919354,60.35557662610606,64.3083003824706,3.0
59.71404201440387,61.99775695800781,61.19198828862574,60.967929087012486,57.2689985565646,2.0
53.61542486969078,54.82194519042969,55.18678476060475,54.541384940241734,56.271227813792,2.0
67.67792175458402,67.49559783935547,68.50921054488676,67.89424337960874,65.4843045644892,3.0
52.11084563146817,52.27632522583008,51.771786215292835,52.05298569086369,57.502563250532,2.0
55.48817040795527,54.56524658203125,54.77785942200129,54.943758803995934,56.8967597100717,2.0
49.77295955305733,51.1593017578125,52.33079405619746,51.087685122355765,61.3651596400388,3.0
48.65856427268814,47.16074752807617,48.51011020677822,48.109807335847506,52.8260007467504,1.0
68.19776693906071,68.40668487548828,70.31160599893097,68.97201927116,63.5333217983614,3.0
54.98653654515986,55.438819885253906,55.4161094027084,55.28048861104072,44.3455348463813,0.0
54.73624581941065,48.68272018432617,48.116539211051055,50.511835071595954,50.9666297165332,1.0
54.77362736299299,54.47855758666992,53.50590691407235,54.25269728791175,47.3827015688094,0.0
60.82069198403821,59.08560562133789,57.92443943950751,59.27691234829454,61.4841383910711,3.0
47.233143829617354,49.66609573364258,49.694948237391124,48.86472926688368,47.7999390647212,0.0
50.236438304331344,51.91983413696289,52.914940111630635,51.690404184308285,49.5869204027919,0.0
54.94791173199979,56.30628204345703,56.9941826968069,56.08279215742124,54.0211849654174,1.0
55.38517470604826,56.41194534301758,55.38197939207375,55.72636648037987,64.1097853486451,3.0
52.18928720999456,52.5266227722168,52.35693887113599,52.357616284449115,51.7272811410271,1.0
71.26615441049452,73.60001373291016,72.84481255641015,72.57032689993828,85.9174624052018,4.0
55.888862929070264,52.82427978515625,53.02065139232228,53.911264702182926,55.2844638050166,1.0
50.31285019426523,52.624717712402344,52.58095215075,51.839506685805866,46.0140129222713,0.0
52.15699672153872,53.62940216064453,53.45051968041357,53.078972854198945,47.394684718338,0.0
64.24881906433862,62.72989273071289,64.08454374898236,63.68775184801129,63.9864781193041,3.0
71.41165238684569,71.41960906982422,70.53825177073831,71.12317107580274,65.7361600742049,3.0
51.83802944819865,50.890411376953125,50.88109198108992,51.203177602080565,60.9213535737972,3.0
52.224459421985635,54.407737731933594,53.99015999367747,53.540785715865574,49.1895192482517,0.0
49.58237932860099,50.13036346435547,50.08292642171579,49.93188973822408,44.2511621534972,0.0
71.14717847328524,71.36701965332031,72.74208411356223,71.75209408005593,72.9659533008602,4.0
51.48053680711777,52.69640350341797,52.70156889181447,52.29283640078341,69.2687094570648,4.0
53.871919927791296,53.78274154663086,50.658684579626275,52.77111535134947,62.4689974771734,3.0
58.03081086764095,54.386985778808594,55.33534529403971,55.91771398016308,55.3330743601581,1.0
51.952854768258675,52.0666618347168,52.44515167774445,52.15488942690664,52.1885275156145,1.0
70.13895786896452,73.32292938232422,72.7873052116731,72.08306415432061,72.750526341472,4.0
55.029404514802046,58.19165802001953,58.95012816265329,57.39039689915828,62.1653707093034,3.0
67.24832357700072,67.81231689453125,68.26003230975773,67.77355759376324,76.5104466617701,4.0
58.12849774684992,54.55299377441406,56.7019442755304,56.46114526559813,53.1767899042415,1.0
51.94603600674943,50.36365509033203,49.90048129976691,50.73672413228278,43.8148938309923,0.0
54.466295490362576,54.623497009277344,55.98680677680476,55.02553309214824,57.1438389444348,2.0
52.815369305098955,50.95672607421875,51.83597785200848,51.869357743775396,52.5044642004747,1.0
63.473463121548605,65.33163452148438,64.92607948076997,64.57705904126765,57.124620962138,2.0
69.41314420596225,69.25773620605469,69.82312288002791,69.49800109734828,69.6269039064814,4.0
74.87632197719893,73.55034637451172,73.48379991442258,73.97015608871108,75.025928245538,4.0
47.32363072555665,48.131412506103516,49.40137416458895,48.285472465416376,52.0671308418112,1.0
68.63776504576252,69.43562316894531,70.32526023138797,69.4662161486986,70.750932390645,4.0
51.081801938506736,52.51251220703125,52.52955870464679,52.0412909500616,53.3105147423423,1.0
71.51523811130032,71.79930114746094,71.67268379944558,71.66240768606895,72.6979435720909,4.0
71.50991705993269,72.73728942871094,71.67879672599199,71.97533440487854,74.5009971470117,4.0
66.82508487263762,67.6530532836914,67.06030832077249,67.17948215903384,71.9696368851567,4.0
53.04158531937632,52.35765838623047,52.257675849083924,52.55230651823024,59.7250176358627,2.0
51.73381707821853,51.75469970703125,52.40327426160947,51.96393034895308,51.0763869186564,1.0
55.28805743578356,56.56230926513672,56.44286150464074,56.097742735187005,47.5731991219532,0.0
49.466072437796925,50.50322723388672,51.29559536422302,50.42163167863555,43.6952670642442,0.0
49.816429626664544,50.13834762573242,51.27549629816903,50.41009118352199,48.011203501923,0.0
49.85301968302836,46.783565521240234,46.939932788083674,47.858839330784086,52.2851548963493,1.0
70.29022755119003,70.58431243896484,70.89835383967689,70.59096460994391,72.5170815311507,4.0
53.54095055912648,54.153709411621094,54.66657186340536,54.12041061138431,60.1712957823669,2.0
67.3980579028073,67.82746124267578,68.15952393169238,67.79501435905848,73.5093357235644,4.0
59.89485777540001,56.265480041503906,58.99919523490664,58.38651101727019,51.6010705052913,1.0
70.55674655795056,70.8526840209961,69.51082855214668,70.30675304369777,60.871414594129,3.0
72.59687891342678,73.08011627197266,71.55441607033183,72.41047041857709,72.5925011470189,4.0
51.28786025259749,51.17644500732422,51.55749420622123,51.34059982204764,58.611399288491,2.0
74.72196601835363,74.13298797607422,72.72933739163979,73.86143046202254,84.3767317571592,4.0
55.07117804215461,54.46269607543945,57.778216995593496,55.7706970377292,58.473962412814,2.0
62.68490268779191,65.37703704833984,66.23521819001529,64.76571930871569,81.4309105711043,4.0
45.212366857428286,46.481689453125,46.246607053436875,45.980221121330054,49.7023568609583,0.0
68.43092292700337,68.26924133300781,68.88761885134318,68.52926103711812,73.1312926124345,4.0
67.5286815483599,66.1957015991211,67.4349356724027,67.05310627329456,68.0946715042473,4.0
72.3266244499991,71.1327896118164,69.55382896754558,71.00441434312036,77.9585982467579,4.0
53.24748746219717,53.12836837768555,52.78958930048962,53.05514838012411,48.3350649375548,0.0
54.800237559960685,52.93977737426758,55.18520258314034,54.30840583912286,48.6929652287028,0.0
73.62846042936495,73.61673736572266,72.03146369581825,73.09222049696862,60.9285725668664,3.0
55.47769363762817,56.108909606933594,55.61334110169998,55.73331478208724,51.8397217859447,1.0
65.37839139169807,67.37654113769531,67.79745903337054,66.85079718758799,66.236249951303,3.0
56.26313486116692,55.29358673095703,55.05864346474259,55.53845501895552,57.2999138265787,2.0
56.49966736523163,55.62858581542969,55.85712105968615,55.995124746782494,60.5344893437325,3.0
55.96265827251749,50.881832122802734,53.763827175946325,53.53610585708885,49.659743097637,0.0
52.33394491634868,54.78158950805664,54.85564144857832,53.99039195766121,52.9632539537555,1.0
71.08584464802584,71.4157943725586,71.81874970379887,71.44012957479443,66.8699992401572,3.0
62.0118499284761,60.325557708740234,60.60883148780648,60.98207970834094,51.3735519493143,1.0
52.170273350409744,54.578102111816406,54.15560083766337,53.63465876662985,54.1841672455222,1.0
58.53560014096264,59.701663970947266,58.52805881447642,58.92177430879544,58.8244706208366,2.0
54.054656877666375,55.969181060791016,56.22507708120039,55.41630500655259,51.8397217859447,1.0
50.967536740695465,52.775760650634766,52.8754483927454,52.20624859469188,44.0795254655539,0.0
58.05032344628158,57.87248611450195,56.90618734638618,57.609665635723246,55.7584840794711,2.0
50.70920614033339,53.266632080078125,53.05780215276623,52.34454679105925,43.0276305298124,0.0
60.18300500856353,60.090938568115234,60.09188514458938,60.12194290708939,55.0847752698549,1.0
54.53158047567033,54.13807678222656,54.42685630108115,54.365504519659346,55.923153603109,2.0
51.363287617397205,52.68861770629883,52.90538783235271,52.31909771868291,48.5216924627538,0.0
52.83064782347205,52.429588317871094,52.9976007202367,52.75261228719328,52.3561590478873,1.0
57.8010495779184,60.501041412353516,59.79820898296268,59.36676665774487,43.5408283328394,0.0
54.22095202995914,56.25204086303711,56.428977326354804,55.63399007311702,67.787841115712,4.0
56.653003759428124,55.02689743041992,56.30398607068336,55.994629086843794,45.6205701378453,0.0
59.46899487926251,60.471256256103516,59.65476818991957,59.865006441761864,64.3613975388274,3.0
53.38920140819807,53.88455581665039,53.64018014746454,53.63797912410433,56.3386532088426,2.0
58.04215135177839,54.64381408691406,54.58853698192204,55.75816747353817,56.2601609217976,2.0
68.80797954294235,65.39826202392578,70.41225663669456,68.20616606785423,62.3288025808435,3.0
70.68033326428707,71.7807846069336,71.64310827411413,71.36807538177827,68.1106366628563,4.0
51.33765375990693,52.7447624206543,53.113588345729184,52.39866817543014,49.2395776872792,0.0
74.35940174845203,75.1164779663086,74.86004535558455,74.77864169011507,74.6412608680936,4.0
55.101873851846975,57.078433990478516,56.333365503386865,56.17122444857079,52.882021531946,1.0
61.243066244499445,61.242977142333984,58.88790760017358,60.457983662335664,59.9828661029225,2.0
48.32083266635516,51.30002212524414,51.57224422891509,50.397699673504796,43.5205142364452,0.0
57.709938761707456,57.427879333496094,57.644356557360446,57.59405821752133,52.4203693475724,1.0
54.87673655943343,55.32368850708008,55.242729263162424,55.147718109891976,54.1725518031095,1.0
58.9231107266863,56.599388122558594,56.23918712261577,57.253895323953564,46.263538831914,0.0
70.6668959421405,69.65606689453125,70.32541759804774,70.21612681157315,67.4592287336349,4.0
55.142087091620624,55.38943099975586,56.579904694811916,55.70380759539612,49.0473508561725,0.0
51.212392422379835,53.87229919433594,54.42292728501029,53.169206300575354,46.5031652813475,0.0
48.467132665070295,48.905521392822266,49.49677126781254,48.95647510856836,48.7220499195142,0.0
52.58025691752484,56.190738677978516,55.58219968221115,54.78439842590484,53.1436378410352,1.0
50.90074294193291,51.31776428222656,50.93550425500361,51.05133715972104,55.2120418828735,1.0
68.18208918701042,68.70557403564453,68.18416118703375,68.35727480322957,73.4766530726652,4.0
51.914659576579176,53.07036209106445,52.99589487913961,52.660305515594416,52.751573190658,1.0
48.67072257782165,45.85115051269531,45.99120568350657,46.83769292467451,44.1930990579228,0.0
47.901777724633305,47.03615951538086,46.50567094735572,47.14786939578996,49.9996487348218,1.0
65.18643018986594,68.5292739868164,65.93523148514366,66.55031188727536,64.0067230264429,3.0
57.682349312429785,59.70299530029297,58.466707155567164,58.617350589429975,62.2840648586702,3.0
47.52644787719925,48.0064582824707,48.727011951807995,48.086639370492655,45.0896988379483,0.0
57.207993496593346,55.25410461425781,55.972599071812745,56.14489906088797,50.468666138696,1.0
56.25265725237402,54.92606735229492,56.57109240689708,55.91660567052202,46.7825984888104,0.0
52.895010054997364,52.14514923095703,51.183585030521826,52.07458143882542,49.178424289934,0.0
55.95979314402949,54.43505859375,54.92927903744641,55.10804359174197,56.4183119129132,2.0
66.87939554817494,66.2845458984375,67.06121495826308,66.74171880162517,64.1615984646463,3.0
57.405557349094146,57.5952033996582,56.9879227146315,57.32956115446129,54.2857700016947,1.0
54.25537470438688,51.85891342163086,54.97988587604005,53.698058000685926,43.0813074024166,0.0
51.25602834352842,55.99140930175781,54.587296305804934,53.94491131703038,57.2316877805393,2.0
68.91545954402706,66.78885650634766,66.44090727301399,67.38174110779624,63.4647542840013,3.0
64.70184868268512,64.14176177978516,65.01353554600828,64.61904866949286,62.3762062961595,3.0
52.42098594160664,53.63775634765625,54.34700252945461,53.46858160623916,53.5400120227939,1.0
48.92786364596735,50.93291473388672,51.694116704886234,50.5182983615801,49.7215240778231,0.0
51.30690721617065,51.823604583740234,53.29395636133364,52.14148938708151,51.7095901951224,1.0
54.757563993759604,51.661041259765625,52.59317735063822,53.00392753472115,54.4277995857375,1.0
58.029025321699784,61.88947296142578,61.844074934951486,60.587524406025686,68.0906433743546,4.0
58.02818173959747,55.021209716796875,55.030061761775976,56.026484406056774,51.6993515210555,1.0
55.40996966592229,54.9963493347168,55.367969273068546,55.25809609123587,58.7090651413099,2.0
59.970565811452474,58.568321228027344,58.397232816394656,58.97870661862482,52.6859706359151,1.0
47.43358395031099,48.99200439453125,49.024521898353456,48.48337008106523,47.2261759695603,0.0
53.915974503170915,53.061431884765625,51.382752051814215,52.78671947991691,57.9577225107561,2.0
55.608628211907195,54.45250701904297,54.64793006114444,54.903021764031536,51.4361744864634,1.0
52.49986354016369,51.759708404541016,51.58008393893843,51.946551961214375,54.9675166081707,1.0
55.41431585450135,56.85887145996094,56.45225665752134,56.24181465732787,48.4828083423404,0.0
70.17779629952135,70.90234375,71.53947437680341,70.87320480877491,70.2764780805399,4.0
55.84229455431176,54.46461486816406,54.900832167638335,55.069247196704715,47.08399523047,0.0
56.19942906007064,55.77478790283203,55.40296879356916,55.79239525215727,59.2211682997197,2.0
63.971044717738486,62.845027923583984,61.127756429919785,62.647943023747416,64.0900495181005,3.0
50.40971199178922,51.38002014160156,50.922663409141194,50.904131847510655,59.4020961000741,2.0
74.25887745122247,74.1314926147461,73.34080006092822,73.91039004229893,74.0538210126507,4.0
53.01617630130805,55.36067581176758,55.98145890161822,54.786103671564625,56.5588045422085,2.0
72.10269363061758,71.3196792602539,72.83000015649718,72.08412434912289,65.8020586544238,3.0
54.23854381909626,56.45772171020508,56.220637209320735,55.63896757954069,50.4471518208619,1.0
76.35634408923612,76.73750305175781,75.94853187699506,76.34745967266299,79.6494413057412,4.0
52.49053628107973,54.61893081665039,54.45140117564202,53.85362275779071,50.6380923859296,1.0
54.5767377316847,53.529327392578125,54.35023555584449,54.15210022670245,57.2307543288051,2.0
52.823491599622955,54.630035400390625,54.55289014093502,54.00213904698287,57.3826456379404,2.0
56.331343986429914,55.84473419189453,55.044230048294445,55.7401027422063,54.7934257182061,1.0
58.1819044120931,55.92656707763672,57.56293928779635,57.22380359250872,55.3501496569293,1.0
74.4378945760234,72.85733795166016,73.17925548438907,73.4914960040242,70.0717924996093,4.0
69.35122126446453,69.77708435058594,69.22841737239591,69.45224099581546,71.0010716236487,4.0
56.91953662695136,56.84725570678711,56.257002045468944,56.674598126402465,43.302092843403,0.0
70.97887461450789,70.02656555175781,69.40126319111886,70.13556778579486,70.1440949637245,4.0
72.56200267341,71.83815002441406,72.1849284005076,72.19502703277722,64.8641782615143,3.0
54.34449280445754,56.90924835205078,56.30026060732351,55.85133392127727,48.7539239349555,0.0
52.81060434030261,52.416255950927734,52.2908978875309,52.50591939292042,41.5021336142285,0.0
55.412618533732314,56.06574249267578,56.22009629051773,55.899485772308616,46.8991745078105,0.0
51.75423215614947,51.5854606628418,52.44105121572392,51.926914678238404,57.1470203346289,2.0
54.12125375320758,55.131553649902344,55.158209116048376,54.80367217305277,51.4272698846396,1.0
63.37290306069708,65.0777359008789,67.01210321548213,65.1542473923527,62.1084352613853,3.0
54.31619532238262,54.433712005615234,53.26750062363523,54.005802650544354,56.1536643104272,2.0
75.26088904336943,76.70475006103516,76.78185491619503,76.2491646735332,79.1962929161741,4.0
72.17727646916649,72.85954284667969,72.20183028729177,72.41288320104599,79.3703794881616,4.0
52.5124559851266,51.0029411315918,49.6954261447228,51.070274420480395,48.7757346744026,0.0
66.70789348698091,68.78350830078125,67.14599502381583,67.54579893719266,70.5665563816746,4.0
54.58850790123179,54.13100051879883,53.32323792161249,54.01424878054771,47.9903825885301,0.0
59.43791124428863,60.32588195800781,59.60667786351573,59.7901570219374,58.3658868652037,2.0
50.70099999944342,51.23781204223633,52.20562818085621,51.381480074178654,52.3156834172677,1.0
71.49154442918099,71.60000610351562,71.39985535661462,71.49713529643708,75.5984350243925,4.0
72.85854092988626,73.73180389404297,72.62841377950389,73.0729195344777,82.1522451816102,4.0
57.23818542659882,55.904537200927734,55.00079721091614,56.04783994614757,64.0688990387511,3.0
59.127876991908686,59.961185455322266,58.3515333290107,59.14686525874722,59.491033114078,2.0
58.543609380059266,56.53532791137695,55.89695048298665,56.991962591474284,57.2324305553631,2.0
47.01856168226837,48.923370361328125,48.72702215983776,48.22298473447808,45.6354654527829,0.0
72.97761172816449,72.36394500732422,71.85391062982886,72.39848912177253,64.7665410363373,3.0
71.71784691644743,68.99893951416016,68.25718385462827,69.6579900950786,69.4004514052692,4.0
50.34599003706503,51.89417266845703,52.37776454499478,51.53930908350561,50.2715857264746,1.0
75.15748331033808,74.99322509765625,75.01519997844954,75.0553027954813,79.2953003211738,4.0
68.96111901673147,66.23179626464844,67.8684353386773,67.6871168733524,74.6662379439062,4.0
75.21434886673777,74.8671646118164,73.9261653624743,74.66922628034281,72.3768155473872,4.0
53.673535101690376,54.51869201660156,55.02089565234636,54.404374256879436,53.2236747890674,1.0
51.17069594206251,53.634521484375,53.103753587560064,52.636323671332526,42.8127499241247,0.0
55.366406066550574,50.02138900756836,50.60229002225501,51.99669503212465,57.8602762282665,2.0
63.37535925519905,62.44204330444336,62.34069773904166,62.71936676622803,63.5456273862926,3.0
60.34959819816739,58.39141845703125,57.747838103686355,58.829618252961666,47.7607579224069,0.0
68.10046077516549,69.6577377319336,69.36575115803305,69.04131655504403,67.0715501318814,3.0
69.69368020071663,67.61050415039062,69.1592652975231,68.8211498828768,70.7576575191437,4.0
59.796317846246964,59.2703971862793,57.50093516421954,58.855883398915275,49.8068986816333,0.0
52.479540205171794,53.29862976074219,52.52407247223657,52.76741414605018,47.6889672219026,0.0
69.22756958665398,69.99459075927734,70.90289102760248,70.04168379117793,85.5444838157162,4.0
52.9616460661266,53.58213806152344,53.20551012298286,53.249764750210964,50.9731734724924,1.0
72.17089912571168,72.74122619628906,72.4603973097864,72.45750754392905,70.8709364371747,4.0
71.74502209022917,71.67047119140625,70.96447327725544,71.4599888529636,69.063074580549,4.0
67.5325371496827,69.74809265136719,69.72395402849388,69.00152794318126,69.0813037074415,4.0
58.72962273789925,57.31059265136719,56.792418510881404,57.61087796671594,62.6007858106907,3.0
51.06479725505183,54.75885009765625,55.65152316283628,53.82505683851479,56.2719735753317,2.0
67.78472872566175,71.81248474121094,71.71828116183305,70.43849820956858,67.3321913815507,4.0
52.57293939257029,52.38207244873047,52.89722424948391,52.61741203026156,60.9765146607426,3.0
55.41684311296062,54.193443298339844,54.103725384528815,54.57133726527642,65.399426336382,3.0
53.66638508816503,52.49150848388672,55.68387837817044,53.947257316740725,52.2338190922015,1.0
56.30588122673642,54.169498443603516,54.19255875464638,54.88931280832876,54.58032560224,1.0
49.657635204398275,50.22437286376953,51.33357306907729,50.405193712415034,42.5209665673312,0.0
72.1330748984104,70.16844940185547,70.05791803856589,70.78648077961059,76.3457160044286,4.0
54.06768160139057,54.677459716796875,54.28987983026724,54.3450070494849,40.9587313508089,0.0
66.46438169460451,66.6805648803711,65.60166892178513,66.24887183225358,74.3302130891172,4.0
61.50643277084295,59.96352005004883,59.31480900342045,60.26158727477074,59.1540119991835,2.0
59.424213234385896,58.720951080322266,57.19070556174498,58.44528995881772,63.2206839454921,3.0
47.637945224513984,51.796836853027344,52.164790296439975,50.533190791327094,50.0269666380203,1.0
67.90314553229153,68.0962905883789,68.93599663821071,68.31181091962706,59.7953940365553,2.0
55.33532967145102,56.164939880371094,54.32657409560716,55.27561454914309,57.6535306714667,2.0
53.10742036024507,51.16978454589844,52.07646676207227,52.11789055607193,54.4610101478803,1.0
69.15345094513094,71.1230697631836,70.91876373481159,70.39842814770871,66.4746491088098,3.0
54.16503240297025,53.10755157470703,52.27203720242594,53.18154039336773,56.047815548703,2.0
60.57516614261574,60.66493225097656,58.768416069633545,60.00283815440861,69.742306140275,4.0
66.85773792125315,67.45828247070312,68.23479121799406,67.51693720331677,68.3270015957314,4.0
59.802728614446266,56.00528335571289,55.20697652831987,57.004996166159685,50.5211425441426,1.0
59.139317279888125,59.94704818725586,61.09752688521333,60.061297450785766,61.538638523729,3.0
58.58124051035496,57.93768310546875,58.090191531430214,58.20303838241798,53.9267522443385,1.0
51.51150803805378,50.74936294555664,51.13353171647856,51.13146756669633,51.1137750555139,1.0
56.040347588885595,57.057777404785156,56.82430383777698,56.640809610482584,62.9887414646811,3.0
52.68760092624603,54.307151794433594,53.54202272874886,53.51225848314283,58.0866851100843,2.0
58.29519359117459,57.66969299316406,57.383684592293065,57.782857058877234,64.9765521954753,3.0
74.08413926200465,73.92215728759766,73.0933899607431,73.69989550344847,80.0034856153374,4.0
70.77631915988036,70.60315704345703,71.45608416789942,70.94518679041227,72.6881217732691,4.0
71.34621579659576,70.97437286376953,71.03907877597514,71.1198891454468,62.2125113403707,3.0
51.653483935630064,52.31863784790039,52.39595522113297,52.12269233488781,52.2854064778713,1.0
52.488791983024186,53.166587829589844,53.14127019069289,52.93221666776898,52.871022700497,1.0
68.10821733545097,68.54367065429688,67.81541542289436,68.15576780421407,73.4766530726652,4.0
53.9925614440449,55.09931945800781,55.39083663920688,54.8275725137532,61.4069763033054,3.0
53.49055079177894,54.198814392089844,53.50738299087229,53.73224939158035,55.7753838946155,2.0
57.07243727685777,54.53272247314453,54.888637827852996,55.49793252595177,66.2202904717674,3.0
52.46032941322362,52.79759216308594,52.60812144903561,52.62201434178172,54.3086445602439,1.0
68.80220503583205,69.9163589477539,70.75537471108976,69.82464623155857,79.5874537801241,4.0
71.99609611745807,71.94181060791016,70.91087853491086,71.61626175342637,71.6793426041841,4.0
50.7344205607551,51.39277267456055,51.431870643690424,51.18635462633535,60.9605402620004,3.0
58.00995392155099,56.90253829956055,55.730167588013,56.88088660304152,51.9787468866002,1.0
57.659518620243276,59.112327575683594,57.678542207359065,58.150129467761985,63.9959787438297,3.0
51.942792099504686,53.64509963989258,54.50461614832107,53.3641692959061,42.2040014653055,0.0
60.35857688657266,59.63374710083008,59.45877999759487,59.81703466166587,62.1894061373553,3.0
54.7004133518327,53.6495246887207,54.14279129804604,54.16424311286647,53.1737342774684,1.0
53.37963322233062,52.95177459716797,52.55841215551791,52.9632733250055,41.8315333854041,0.0
64.02470129697195,65.42172241210938,64.85524428878686,64.76722266595607,62.3762062961595,3.0
61.306728602793385,57.1127815246582,57.10837904571963,58.50929639105707,67.9227838673208,4.0
75.88639095364785,75.35726928710938,75.61453861843637,75.6193996197312,78.9681794954266,4.0
48.54901849782968,50.81377029418945,51.265808965505116,50.20953258584141,49.4102035384852,0.0
56.102063484972085,55.08497619628906,55.30203300607829,55.496357562446484,60.7108716904629,3.0
70.85052073734836,70.89906311035156,72.06368685458087,71.27109023409359,60.7788864152993,3.0
55.72679831671542,54.797523498535156,54.814057195132136,55.1127930034609,60.3375926564687,2.0
77.44032692747727,76.80345916748047,76.26161258368491,76.83513289288088,74.2605881346223,4.0
74.49389436459222,74.95922088623047,72.7882088207561,74.08044135719292,70.7035211939887,4.0
52.59917955545139,54.26765823364258,54.83447118228371,53.900436323792555,60.242744975447,2.0
54.014590634547915,55.365631103515625,55.68224006801031,55.02082060202462,38.7858718397346,0.0
66.31072476742568,67.71198272705078,67.59471717180153,67.20580822209267,59.7417166300059,2.0
57.009891227700706,54.60359573364258,55.04053361615705,55.551340192500106,44.0678763269924,0.0
56.20915453110979,55.62335968017578,55.73369310518367,55.855402438823084,58.4085433172692,2.0
49.93997287005816,50.48223114013672,52.16028684121336,50.86083028380275,45.3582290723338,0.0
69.04285455747065,69.70674133300781,70.6560071135856,69.80186766802136,72.1953449884492,4.0
57.6495949468813,56.39726638793945,56.662289711647375,56.90305034882272,64.0706550668995,3.0
70.75884702398513,67.55162048339844,69.72885286379864,69.3464401237274,67.1525890698097,4.0
54.44382874027584,55.11794662475586,55.7383512724036,55.100042212478435,53.7691447950798,1.0
58.47339990677555,61.18603515625,60.40533729838147,60.021590787135686,56.8232662601722,2.0
59.171869248276295,59.5523681640625,60.88546598683735,59.869901133058725,59.5117827926209,2.0
54.32490203498142,51.77986145019531,51.629195578764765,52.57798635464716,46.1467948070523,0.0
48.282006598294736,46.99031066894531,47.586827047543316,47.61971477159446,40.6151166243163,0.0
59.576941694183276,60.60279083251953,60.354363725316034,60.17803208400628,58.5205492711355,2.0
53.36423420864541,53.422142028808594,54.4913837023369,53.75925331326363,46.9447278402881,0.0
68.13655120312515,67.7979507446289,67.94649682433575,67.96033292402994,69.9458721228744,4.0
54.43568803024114,54.01780319213867,53.82937996831703,54.09429039689895,53.0171281962874,1.0
67.85795325757108,68.17544555664062,66.10041064078776,67.37793648499981,64.0607005520242,3.0
55.151872393196875,53.65489959716797,53.14272000158942,53.98316399731809,52.5136862740901,1.0
52.40447459171738,51.59258270263672,51.79698620060215,51.93134783165208,55.9344510994199,2.0
52.08438931952379,54.491512298583984,54.196904088239144,53.59093523544897,49.7515973626491,0.0
51.80664889605604,52.432342529296875,52.32327548209778,52.187422302483554,49.0018686709225,0.0
46.06432098806573,49.41398239135742,49.676102713791295,48.38480203107148,40.8000838337237,0.0
69.82314087011486,70.88111877441406,69.83574483927634,70.18000149460175,74.9193761638188,4.0
58.370007449170515,56.57390213012695,55.84081721161598,56.928242263637806,53.7595571464684,1.0
55.25788285367916,53.04450607299805,53.23362010718112,53.84533634461945,56.0314726999184,2.0
55.33206967386109,54.03727340698242,57.82504370568862,55.73146226217739,49.7808159801145,0.0
54.53135691206322,54.4803581237793,54.983229701736754,54.66498157919309,58.2434711361,2.0
55.62648064254969,55.69450378417969,55.62377918925126,55.64825453866021,58.5390109805701,2.0
69.19262643137314,70.16602325439453,70.09915497570913,69.81926822049226,65.4827200966638,3.0
50.441420085286424,50.617862701416016,50.13528399243407,50.39818892637883,55.5968309666082,2.0
46.55242773664883,48.117401123046875,48.066765016918,47.5788646255379,44.3978361011498,0.0
53.9551603136097,54.06521224975586,54.260396196721494,54.093589586695686,48.7702991320511,0.0
50.36086079990987,53.332237243652344,54.25097597544999,52.648024673004066,63.9546521180823,3.0
52.34423661829192,52.39435958862305,52.30687384886387,52.34849001859294,49.774522049515,0.0
50.58123885605587,51.670494079589844,51.38206162172438,51.2112648524567,43.3301211039112,0.0
70.85858130609334,72.5925521850586,72.03315462741512,71.82809603952235,75.7111935582742,4.0
51.898211047256154,54.1722412109375,54.7883546914355,53.61960231654305,53.7265549800579,1.0
54.56811614546185,56.68404006958008,56.02382411826487,55.758660111102266,40.6989432917135,0.0
49.58723933312342,49.10818099975586,48.70872229227046,49.13471420838325,49.6295071087053,0.0
59.71529824569182,60.5150260925293,57.0421269180307,59.09081708541728,58.3495969053827,2.0
66.59752121233024,66.96636199951172,67.43925624048602,67.00104648410932,58.8340976008295,2.0
60.25618817684453,61.24739074707031,60.62594830303191,60.70984240898226,66.9124094893204,3.0
52.65464125718528,52.42251968383789,54.37363469541737,53.15026521214685,45.5511353290835,0.0
53.38413305940706,54.429779052734375,54.99917823517844,54.27103011577329,52.6113578105275,1.0
54.6207015088662,53.0882568359375,53.277637573001265,53.66219863926832,58.7024748440422,2.0
53.20007294370248,53.426815032958984,52.74441041269045,53.123766129783974,58.6633649277075,2.0
55.498274197359,55.815914154052734,55.15211491120413,55.48876775420529,52.6273676892496,1.0
58.20706695806226,56.80605697631836,56.116594179429995,57.043239371270204,56.3640612415694,2.0
49.963774257090925,52.85517883300781,53.31614450727951,52.04503253245942,44.6983563064795,0.0
59.15230253830075,60.456016540527344,60.61097061650426,60.07309656511078,55.0332150010018,1.0
48.10554305869939,48.226661682128906,47.1033949137476,47.8118665515253,52.4915893533586,1.0
53.418783017669284,54.03902816772461,54.35410662062192,53.9373059353386,50.049565121189,1.0
43.010283456261604,47.795677185058594,48.41302145224667,46.40632736452229,44.9707928711745,0.0
54.51966445645458,54.905582427978516,54.31481425818801,54.58002038087369,66.2216636624496,3.0
58.2638557012503,58.17784118652344,57.48120736841465,57.97430141872946,55.7526851742379,2.0
69.4357095496519,69.6763687133789,69.01771979022544,69.37659935108542,73.1774311913291,4.0
57.08894369205252,55.23021697998047,55.59209383881322,55.97041817028207,55.210259880107,1.0
54.16889426057867,57.43355941772461,55.84481842765144,55.81575736865157,61.0624943817684,3.0
64.02801987907527,64.66478729248047,65.09497732059704,64.59592816405092,69.5460432451324,4.0
55.790834901003535,54.43526840209961,54.92241253632261,55.04950527980858,52.0514244460721,1.0
68.10475222551766,71.87345123291016,70.96058656979994,70.31293000940924,72.8610005140003,4.0
50.535723808691934,51.97798538208008,52.40734668206885,51.64035195761361,57.6602142148413,2.0
67.42920034563689,69.35696411132812,68.7110402300195,68.49906822899484,63.9350587216025,3.0
74.34034654726725,77.30890655517578,77.96115959286398,76.536804231769,74.8409311953894,4.0
48.40169467288459,51.52400207519531,51.57224422891509,50.499313658998325,49.2351702864751,0.0
67.2033962983952,67.0929946899414,68.00544771274302,67.43394623369322,61.7915464454966,3.0
60.29024115730134,57.86888122558594,58.24208449925399,58.800402294047096,51.3764385733388,1.0
52.38897162697563,52.53085708618164,52.60507833353173,52.508302348896336,50.0505084888005,1.0
64.60880301422176,67.88165283203125,67.60153927914833,66.6973317084671,63.961227663594,3.0
56.50794416644057,53.21170425415039,52.917858808560304,54.212502409717096,61.1464002695373,3.0
54.2342040308964,52.876163482666016,55.0444793027731,54.05161560544517,44.9487945732746,0.0
50.55084099073791,53.32956314086914,53.631951166801315,52.504118432802784,60.1894696072961,2.0
57.46287835340205,56.858028411865234,56.2201366004643,56.84701445524386,48.5240016913203,0.0
75.43003539681834,73.69984436035156,72.52682354314135,73.88556776677042,81.4797061978515,4.0
73.70178425803239,71.54338073730469,71.60952494649067,72.28489664727591,85.5766375964756,4.0
57.10272836574426,58.026309967041016,57.760147151163864,57.62972849464972,54.2859253946814,1.0
54.54028217496839,54.05467987060547,54.6511208130261,54.41536095286665,60.1944365392173,2.0
69.44480322508382,73.05335998535156,72.23608107908582,71.5780814298404,65.694083883826,3.0
68.4979549594657,71.01996612548828,71.38211943943635,70.3000135081301,78.4439606054581,4.0
63.522446286938475,61.780574798583984,59.71695194104495,61.67332434218914,49.7549429734344,0.0
55.48079621281129,55.826446533203125,57.734500191764546,56.34724764592632,50.606515655061,1.0
71.11980096881116,69.44003295898438,67.44180106197774,69.33387832992443,70.7553856535175,4.0
48.00156801066234,49.12110900878906,49.698764619941535,48.94048054646431,49.5495185316,0.0
68.07645000915038,65.21409606933594,64.15272695056049,65.8144243430156,67.2288706235536,4.0
68.62034431958826,69.71241760253906,70.08546293506218,69.47274161906317,65.8524689930189,3.0
56.409280738800796,61.774925231933594,60.91923656218143,59.70114751097194,57.4460546687078,2.0
69.74502351384255,68.4188461303711,65.49423541702431,67.88603502041265,70.8412499277,4.0
57.373414814079645,56.016414642333984,59.42090164991276,57.60357703544213,57.9052748877743,2.0
75.47408996088426,76.53826141357422,75.40908357860579,75.80714498435475,77.012323034596,4.0
71.98973079423892,69.25126647949219,68.85455068187049,70.03184931853387,70.268126640691,4.0
57.138410829071276,56.876800537109375,56.23025460712964,56.7484886577701,54.9620840754455,1.0
53.576914761608855,52.119415283203125,51.86737106731892,52.52123370404363,57.9099237415007,2.0
46.80901692015319,45.828495025634766,45.25016680251679,45.96255958276825,51.0229002237647,1.0
67.47336896747224,67.41033935546875,66.88258772127664,67.25543201473921,78.9265521214374,4.0
62.26086388180254,63.39985275268555,62.71096769315913,62.790561442549084,63.8592512183351,3.0
57.68172815544379,54.510257720947266,52.914080548950295,55.03535547511379,58.9416119772876,2.0
52.87583459887415,52.113407135009766,51.25205173956236,52.08043115781542,39.0302621842099,0.0
59.93083626281232,60.23109817504883,58.91405082769822,59.691995088519796,52.0543899005932,1.0
61.478063066489305,59.65487289428711,60.8856687334252,60.67286823140054,53.1337128668519,1.0
59.69132416017169,59.716854095458984,58.761611910191135,59.38993005527394,58.7156525223132,2.0
56.39404011593258,56.14554977416992,55.84914078608421,56.12957689206224,50.3544234900151,1.0
57.318789108185165,54.44163131713867,54.80453059147838,55.52165033893408,62.1817440006959,3.0
72.79712265202681,72.96267700195312,75.0128590320892,73.59088622868971,70.0765689532106,4.0
50.65457640857296,53.00119400024414,52.36697685516184,52.00758242132631,58.5972447305834,2.0
60.49605237794935,63.027896881103516,61.407051854916034,61.64366703798962,65.2960346466901,3.0
62.509533407908236,62.67626953125,60.41939793566976,61.86840029160933,65.6725246672479,3.0
68.57400058234899,68.82246398925781,68.9564577125345,68.7843074280471,64.8643197240211,3.0
55.67548729815255,54.67240905761719,54.98761842517827,55.111838260316006,51.2500143923533,1.0
54.66267685852122,53.038578033447266,51.64522504660511,53.115493312857865,60.458133656301,3.0
57.987660581407326,57.65110778808594,57.185336473955054,57.608034947816115,51.326738267101,1.0
54.60015265777956,56.67559814453125,56.933578817378574,56.06977653989645,59.1740116533135,2.0
75.7657069758862,74.74481964111328,75.60670475652047,75.37241045783998,77.7326710521659,4.0
49.38479710076527,52.526206970214844,51.871816248730795,51.2609401065703,48.7250596570265,0.0
70.4293167776018,70.25215911865234,70.02962804018024,70.23703464547812,65.8173099259464,3.0
56.97637191115386,56.606815338134766,55.92005271943568,56.50107998957478,55.6149607182901,2.0
69.0763789144779,69.37989044189453,69.07966480122438,69.17864471919894,65.8852092229906,3.0
61.52307520761858,61.16839599609375,61.74840002707719,61.47995707692983,55.3829817007603,1.0
55.810512576684815,55.420780181884766,58.9828463220867,56.73804636021877,73.8842254260093,4.0
73.67566128372432,73.82945251464844,72.43518167611646,73.31343182482973,70.0821031810182,4.0
66.4223541818048,65.41736602783203,65.53725083490113,65.79232368151266,67.6194835740725,4.0
68.14059364722335,68.81375122070312,67.38528927665286,68.11321138152644,71.3521586652875,4.0
52.07150101279905,55.53054428100586,55.31977641933331,54.30727390437941,60.5700290193415,3.0
75.97029295308404,75.148681640625,74.73713146793378,75.28536868721427,65.602107308043,3.0
49.23437883096756,49.508792877197266,51.406251134021566,50.04980761406213,44.3780806672773,0.0
60.985636882122826,60.11886978149414,60.00964159248114,60.3713827520327,66.0894611487797,3.0
52.46032941322362,52.79759216308594,52.60812144903561,52.62201434178172,54.8292874307429,1.0
55.34637881864842,56.59020233154297,55.382747475881715,55.77310954202437,59.2007567109272,2.0
66.83986399812672,68.10707092285156,69.26029731493868,68.06907741197232,60.3952969829243,2.0
71.5002684319295,70.61993408203125,69.24635397697871,70.45551883031315,80.2927534978475,4.0
58.4763884771288,56.78911590576172,56.57190496458614,57.27913644915889,56.5829658943271,2.0
73.80960736587652,72.65507507324219,72.16751837107259,72.87740027006376,72.8037170786805,4.0
49.02798256540517,47.56733322143555,48.624852021324685,48.4067226027218,54.3400737306285,1.0
57.04328090591446,55.61157989501953,55.07946251611217,55.91144110568206,58.9491804068813,2.0
50.499692613016926,53.16871643066406,52.388599401593694,52.01900281509156,53.2684794296559,1.0
59.00512042601452,56.908050537109375,58.43391124276834,58.11569406863075,57.4825640151058,2.0
55.80720348540852,51.86555862426758,52.89504208695841,53.52260139887817,53.5715015680095,1.0
58.339667242035574,54.94343566894531,54.46888286543854,55.9173285921398,62.7435759243932,3.0
57.485952202448196,58.10699462890625,57.845003203512555,57.81265001162234,61.0758222686049,3.0
60.043879801334384,62.8398323059082,62.67391876506492,61.8525436241025,50.563497422547,1.0
49.40683639000316,52.46696472167969,53.00289861559108,51.62556657575797,44.8231206529418,0.0
50.54201499593458,53.41862487792969,53.22581979387778,52.39548655591401,46.5672494809425,0.0
52.67618471589936,52.550010681152344,52.08614352824475,52.43744630843215,52.7465607299331,1.0
59.23936699569271,58.650474548339844,60.95290628977711,59.61424927793655,53.5625926569174,1.0
52.46187705670622,49.813201904296875,49.978487445276556,50.75118880209322,53.1534947510314,1.0
55.73723689019697,56.69486999511719,56.968102630798455,56.466736505370875,54.7234715512781,1.0
56.60502267846741,55.686767578125,56.539525440848394,56.27710523248027,63.7523417155711,3.0
57.06641151070555,56.04974365234375,55.622329681093575,56.24616161471429,56.8181634103386,2.0
73.06247971254648,72.20654296875,70.12764012414587,71.79888760181412,75.7661059212814,4.0
51.09405619274048,54.05462646484375,52.33549450407945,52.49472572055456,55.8145853599852,2.0
66.66619947617122,67.68106079101562,68.43529077431418,67.59418368050034,63.0230033593073,3.0
51.91588920781555,51.47534942626953,51.781315724846074,51.72418478631039,49.2572255632025,0.0
56.257191760870846,55.29997253417969,54.26814713167458,55.275103808908376,48.2865796253825,0.0
50.57700462629505,51.2448616027832,51.72589421197703,51.1825868136851,46.2135422778169,0.0
60.64014345524521,59.93526077270508,58.89216514346175,59.82252312380401,53.7222532997013,1.0
53.34100458275864,51.42142868041992,51.6124581192978,52.124963794158795,54.7086325142467,1.0
55.084686262702796,52.21249771118164,51.59818423242931,52.965122735437916,65.1671836243518,3.0
55.152913790100456,57.15803146362305,57.25671873531609,56.52255466301319,55.294698235173,1.0
54.60164213000153,54.15101623535156,58.65491164554749,55.80252333696686,48.8169982765252,0.0
59.712617874179074,58.99778366088867,57.732284401116026,58.81422864539459,56.6003421742263,2.0
54.795994116125655,54.61799621582031,54.225690704267606,54.54656034540452,53.4902044464896,1.0
63.239029452343374,64.6286392211914,64.76067728686314,64.20944865346597,61.9797940921421,3.0
55.58548297510208,55.45996856689453,55.01126534582413,55.35223896260692,54.5414828267713,1.0
55.578959095574135,55.2831916809082,53.735080594170086,54.86574379021747,50.0104016889671,1.0
52.51205212545918,50.85454177856445,52.247198366223074,51.871264090082235,46.4914535650045,0.0
56.03477877163748,54.23213577270508,54.30685704173027,54.85792386202427,54.7485788918611,1.0
54.038531952586936,56.94770050048828,57.06435560097693,56.01686268468405,51.5692840892729,1.0
56.055313646048745,55.832420349121094,55.49209281423463,55.79327560313482,57.056824960315,2.0
65.97251388201845,66.04290008544922,67.24727853050231,66.42089749932333,61.7131544744846,3.0
62.08057824875119,61.316795349121094,62.64493704370365,62.01410354719197,69.0542778356961,4.0
55.793218994994845,56.233577728271484,56.13743861169342,56.054745111653254,57.3504590425849,2.0
49.02374962355818,49.6442985534668,49.71809830671634,49.462048827913776,42.3346147743096,0.0
70.19837088312865,69.70282745361328,70.63822052549432,70.17980628741208,67.5868845283199,4.0
57.040418372763874,58.85650634765625,58.33251123067616,58.076478650365424,57.053933680254,2.0
51.293733226038285,50.73732376098633,51.62946676469694,51.22017458390718,42.6580751834046,0.0
70.31606233508593,69.24059295654297,68.96707428185525,69.50790985782804,65.3496546574395,3.0
71.96962289470021,71.81415557861328,71.7408526685206,71.84154371394469,70.1761475928941,4.0
53.33904656159362,52.95943069458008,52.48687677936079,52.92845134517816,42.7421643293241,0.0
70.82474646737991,68.77961730957031,67.41662886901213,69.00699754865413,64.9069644717543,3.0
71.68175319629086,70.57501220703125,71.11210221316351,71.12295587216187,65.2129889835113,3.0
47.03787841082925,49.65715026855469,48.669366187547155,48.45479828897703,49.9392662566484,0.0
55.63114049822196,57.280208587646484,57.52826970826318,56.81320626471054,52.225023017577,1.0
48.46804166137317,49.394779205322266,47.493276524671984,48.452032463789145,52.4482288927259,1.0
62.00366743342004,69.77112579345703,65.7335368642833,65.83611003038679,73.9689181220605,4.0
55.96048744565937,55.863555908203125,54.681348025146285,55.501797126336264,63.1354693111404,3.0
54.14074234261804,56.90924835205078,56.922662494370655,55.990884396346495,55.294698235173,1.0
59.783330209932934,60.798458099365234,60.266920073273866,60.282902794190676,65.795561201167,3.0
52.971105626840895,54.3220329284668,53.410265196834,53.56780125071389,48.3314910111544,0.0
67.67223785113168,68.39297485351562,68.7349645967887,68.26672576714533,65.2259561020346,3.0
53.620650948068885,53.91014099121094,55.16999122963598,54.2335943896386,49.4566596725117,0.0
57.54690373388201,58.99104690551758,57.11371109399917,57.88388724446625,58.1883131252202,2.0
55.844226271961524,54.874900817871094,54.584133508514036,55.10108686611556,60.0281278079105,2.0
56.904326483424214,58.055992126464844,58.73315203201591,57.89782354730166,56.54440190687,2.0
54.913834376613195,53.91163635253906,55.25621638651209,54.69389570522144,54.0680454803828,1.0
47.4018830264668,48.79884338378906,49.55058420847931,48.583770206245056,44.6136208637616,0.0
67.52292217508844,67.80917358398438,68.94995508418074,68.0940169477512,69.9745735367237,4.0
56.02671098692003,56.62774658203125,55.918530344627364,56.190995971192876,52.1701963600018,1.0
75.56107186657941,75.22216796875,71.86549460681569,74.21624481404837,86.5580228088504,4.0
57.17893392053993,54.227439880371094,53.91172310433421,55.10603230174841,61.6150570067802,3.0
58.106575232186756,59.83747100830078,56.63849871136794,58.194181650618496,54.9966855168874,1.0
52.38689213645888,54.31022644042969,54.15382776229141,53.61698211306,46.5402671790533,0.0
57.23257722963488,56.689666748046875,57.52304136139122,57.14842844635766,56.4645505193752,2.0
70.68819129763249,69.78223419189453,68.73635563235578,69.73559370729427,70.1862198164137,4.0
58.057268732598686,55.96527099609375,55.49579169232265,56.5061104736717,59.5107646371267,2.0
48.018126532108624,46.34912872314453,47.20630515317181,47.19118680280832,45.745152949168,0.0
69.48050263647494,68.38077545166016,68.83852744684602,68.89993517832704,66.234617691047,3.0
53.59914419372354,52.33298110961914,51.64522504660511,52.525783449982605,54.1869297252037,1.0
54.314910806361006,56.40046310424805,55.098326404786064,55.27123343846504,59.793217845855,2.0
53.21935641239601,55.865238189697266,55.46619273081404,54.850262444302444,50.3725395940856,1.0
48.11705619067011,48.7578239440918,49.567386755742724,48.81408896350155,52.7351424113822,1.0
57.81732407173982,55.51270294189453,55.700339876781726,56.34345563013869,54.7826276775372,1.0
75.20043359311751,74.14022064208984,73.22278136894661,74.18781186805133,76.9446520963762,4.0
57.38437603162057,51.65458679199219,52.098740210161935,53.7125676779249,52.4978811339084,1.0
55.509002467049356,54.84661102294922,54.741913114316326,55.03250886810497,54.8149767839164,1.0
54.67287390694759,55.819122314453125,55.82285043147183,55.43828221762419,56.4220128592525,2.0
70.06264972421825,69.12385559082031,69.92949037462712,69.70533189655522,65.1925279571831,3.0
58.81958988405861,57.505348205566406,57.38693180149995,57.903956630374985,61.2210793962137,3.0
50.15782020244964,46.2898063659668,46.41585175447044,47.62115944096229,48.5642604139839,0.0
50.06603558378196,52.04494857788086,52.081468448225664,51.397484203296166,52.4763900767017,1.0
57.434371706318124,56.5051383972168,57.31965004029045,57.08638671460846,56.2242979249724,2.0
68.5981096927859,68.82859802246094,69.65507130488227,69.02725967337636,68.5075628182823,4.0
47.12055706324172,48.80900192260742,49.137076269489874,48.355545085113,44.1046133274452,0.0
50.02287368070336,49.9151496887207,49.73348450202426,49.890502623816104,52.7721179417014,1.0
66.15814686075946,66.4566879272461,66.41617219984465,66.34366899595007,63.8505396219436,3.0
58.57368433945631,57.84019470214844,56.877320356350225,57.76373313265165,55.7237726045526,2.0
60.080342002685754,60.034114837646484,59.81820274886285,59.97755319639836,64.5454071970828,3.0
52.47058507679385,48.08009338378906,49.88557064513347,50.145416368572135,56.3143527183145,2.0
56.33866117398692,57.141448974609375,59.01121944306419,57.49710986388683,59.6947142282559,2.0
53.21935641239601,55.81680679321289,55.46619273081404,54.83411864547432,42.7524891755321,0.0
49.44769399803343,49.681270599365234,49.736797575001276,49.621920724133304,38.2338436376227,0.0
49.289951001306235,50.116661071777344,50.1022885697387,49.8363002142741,41.7214697762967,0.0
51.679801465235784,51.151336669921875,51.87345086013623,51.568196331764625,43.9332633919927,0.0
47.575706460018196,49.76755142211914,50.39767286490615,49.24697691568116,54.062520898301,1.0
55.2632040392269,58.231746673583984,56.00247936657144,56.49914335979411,60.0615346243,2.0
46.077466247395705,46.33201217651367,47.49069325077961,46.63339055822966,46.7870643832297,0.0
52.86173283171801,53.256996154785156,52.41707122727639,52.845266737926515,58.7580576297962,2.0
65.92261556822392,64.90162658691406,65.12388924599186,65.31604380037662,63.7105831069782,3.0
56.828461360007616,57.38204574584961,55.69124936558191,56.63391882381305,68.6379803029955,4.0
59.6452480879962,58.72304916381836,57.51923786758352,58.629178373132696,69.0344318322932,4.0
58.84925745669352,54.91246795654297,55.17265592576042,56.3114604463323,49.8644516206295,0.0
68.78171324048793,67.83685302734375,68.84641217136941,68.48832614640037,74.6434512866088,4.0
54.75837213873521,51.85235595703125,51.07877930702878,52.56316913426508,56.5877010609855,2.0
61.2881750695919,62.82981491088867,61.732530701193056,61.95017356055788,65.192126324729,3.0
51.74351063765597,55.66054916381836,55.892404269899636,54.43215469045799,63.4053021301465,3.0
60.92542918378188,61.91719055175781,60.14680704969641,60.9964755950787,66.3794121529908,3.0
56.879285027044205,58.195011138916016,57.92822491452295,57.66750702682773,64.4095044752296,3.0
54.69668622991468,55.24158477783203,54.27838175669157,54.73888425481277,56.5001725345637,2.0
56.60679133176109,55.99882125854492,56.566587205950285,56.39073326541877,52.2208932877644,1.0
67.52530151709928,70.43848419189453,69.98974738590945,69.31784436496777,62.5461187664504,3.0
50.04391144394322,52.8056640625,52.357206089066,51.73559386516973,42.3239935637208,0.0
54.96117205673344,56.13121032714844,55.7473731902962,55.61325185805936,52.2872840768138,1.0
54.786855866089304,53.213191986083984,54.21389733241376,54.07131506152902,60.0996042470727,2.0
55.87138424799443,55.282127380371094,54.81910735735082,55.32420632857211,74.9160483476388,4.0
52.11461838404141,53.75716018676758,54.10715552984801,53.32631136688567,47.6110538357053,0.0
64.06814798482993,67.72953796386719,68.11988510158771,66.63919035009495,67.696499102581,4.0
51.05290934460913,50.45980453491211,51.12888134430343,50.88053174127489,42.5339684645956,0.0
55.664657483951295,55.58781433105469,56.41350573244873,55.8886591824849,55.054569749216,1.0
67.93972829388589,70.4246826171875,69.92745650800107,69.43062247302481,75.9682882800257,4.0
62.72851887831015,60.35623550415039,59.18368730266488,60.75614722837514,61.6021572117889,3.0
54.94079560223398,53.429134368896484,53.78426724388065,54.05139907167037,58.3679214658883,2.0
69.37993032256257,68.08306121826172,68.41430299278429,68.62576484453619,67.0840347799821,3.0
49.217482204725705,50.13829803466797,50.37340812200325,49.909729453798974,46.2207324129866,0.0
53.75687455257075,54.55259323120117,54.56758052056794,54.29234943477994,56.3386532088426,2.0
55.20284009388203,53.8041877746582,53.26101925375382,54.08934904076468,55.1603180392274,1.0
56.20483359117981,53.045780181884766,53.918067796823216,54.38956052329593,60.9585930641069,3.0
58.77494567506278,56.79731369018555,57.469109443579335,57.68045626960923,53.4666256481801,1.0
65.50562059944495,67.15377044677734,67.32568801241307,66.66169301954513,69.6684575606992,4.0
53.29655894275589,53.74721145629883,54.60567800277311,53.883149467275935,59.7862155857216,2.0
57.11376555714448,57.32395935058594,55.87524490597877,56.77098993790307,58.0568561953814,2.0
48.01836666134783,47.154640197753906,47.742875365277854,47.638627408126524,47.2836345111734,0.0
47.95613100675811,47.86140823364258,47.01963778755862,47.6123923426531,41.3013809365659,0.0
56.26051835791683,54.1782341003418,54.1634225768375,54.86739167836537,61.6150570067802,3.0
48.98469179172027,49.476646423339844,49.62322801192593,49.361522075662016,53.8242579336014,1.0
49.30406314865742,49.83639907836914,49.72095070715851,49.62047097806169,47.6427388858872,0.0
50.237612549050866,50.79027557373047,51.69117249673571,50.90635353983901,49.5559958134641,0.0
69.53928473129545,71.17011260986328,70.46787099265478,70.39242277793784,64.2811732099593,3.0
61.854702950793765,59.5895881652832,59.22438794964129,60.22289302190609,67.1358884044368,3.0
53.832576767382264,51.753074645996094,52.517975135906134,52.70120884976149,56.5276345330553,2.0
56.37353026212411,54.911258697509766,54.877932778046286,55.38757391256005,60.0054061625459,2.0
53.09762952435129,51.68264389038086,52.35341476284719,52.37789605919312,48.4140805144208,0.0
63.603137497674176,63.754337310791016,65.48611185730098,64.2811955552554,57.8296654340403,2.0
55.186881909656584,54.623104095458984,54.69741851318891,54.83580150610148,40.8783684524929,0.0
65.33224012448271,65.66407775878906,66.1424626861093,65.71292685646036,67.6194835740725,4.0
61.560501976116306,63.385616302490234,61.88450510661499,62.27687446174051,64.1916360050304,3.0
66.40665637535892,67.70733642578125,68.5484980843694,67.55416362850319,68.1505140814552,4.0
59.13219526675874,55.373172760009766,55.024791169831815,56.51005306553344,64.042631819419,3.0
71.95435287634054,70.2734603881836,70.39301929976388,70.87361085476266,67.9885949687757,4.0
55.24606670101958,55.39337921142578,56.95636081835497,55.865268910266764,63.1334649515941,3.0
50.46466250594517,49.18665313720703,48.42800732770888,49.359774323620364,45.3286680275106,0.0
62.313897217851036,58.766761779785156,57.529588185935275,59.536749061190484,63.5367568297135,3.0
69.8527509785923,66.24372100830078,67.25804119815388,67.78483772834899,84.0052878937299,4.0
48.7805815104077,50.64775848388672,51.44385799864408,50.290732664312834,45.9368023923998,0.0
69.30788726492368,68.36077880859375,68.64169549335276,68.77012052229007,78.3337353663991,4.0
55.25133320072804,55.71493911743164,55.949749861443344,55.638674059867675,54.8773068128859,1.0
54.81599920233491,55.22167205810547,55.31203667232885,55.116569310923076,62.6485038378627,3.0
54.413040642030346,54.534339904785156,54.92749741161292,54.62495931947615,50.8917752891203,1.0
49.470091755829074,46.954891204833984,46.94213249359464,47.789038484752574,53.6471948244041,1.0
60.03438951963907,59.53307342529297,58.336074173497565,59.30117903947653,66.0356346889184,3.0
67.3269489009298,69.88481140136719,70.46062918967256,69.22412983065652,67.2610644620778,4.0
54.90229469628602,55.381744384765625,55.24424740694446,55.1760954959987,49.4063144445429,0.0
56.7669073411058,58.11555099487305,58.86569574957677,57.91605136185186,48.1343594210384,0.0
58.42942217062531,57.363441467285156,56.38912522500615,57.39399628763888,61.2664999415205,3.0
60.20935550763664,56.715431213378906,57.13584327548665,58.020209998834055,57.7123025874853,2.0
53.06487709289922,53.939701080322266,53.906235601720404,53.63693792498063,42.8049793406369,0.0
55.388481600745244,51.66618347167969,50.19305682084847,52.415907297757805,51.2686011395572,1.0
50.83166360988207,53.42230224609375,54.32447938222068,52.859481746065505,57.2310901902296,2.0
51.562837926636455,50.80390548706055,52.088437804932155,51.48506040620972,48.1020243912399,0.0
60.57432555669007,58.7579231262207,56.25438659177391,58.52887842489489,64.0900371845751,3.0
57.84749357520257,59.82467269897461,59.26678397126197,58.979650081813055,47.1469178757308,0.0
56.447268144233945,59.70832824707031,60.024250423793454,58.72661560503257,65.0446177682047,3.0
52.964426657463285,52.045021057128906,52.95437247875543,52.65460673111588,52.6704797551563,1.0
68.2492947852183,68.40055084228516,70.24140429031178,68.96374997260507,75.2619704056489,4.0
55.173193467118324,54.65717315673828,54.87292109831089,54.90109590738916,57.0620729705578,2.0
60.50142206300614,60.590824127197266,59.91523569556678,60.33582729525673,61.2854912746987,3.0
50.68963920550276,52.75535202026367,53.63461245750142,52.35986789442262,55.3245650230959,1.0
59.26158939015997,57.2999153137207,58.01853945616201,58.19334805334756,60.6475823651328,3.0
56.86336637344677,54.579856872558594,55.27250896746829,55.57191073782456,59.0141722315612,2.0
58.15472882371014,57.87388610839844,57.0496649217798,57.692759951296125,55.8360958454305,2.0
55.01618470249735,53.761009216308594,53.46896000931842,54.0820513093748,54.5206922877484,1.0
52.39712208390245,52.936317443847656,53.84899546324218,53.06081166366409,47.9267668167975,0.0
53.440802121423616,53.688114166259766,52.95864171834322,53.3625193353422,44.2101678839981,0.0
57.64552468599254,57.73086929321289,57.49700280213133,57.62446559377892,60.2841216995379,2.0
58.20887282209765,59.31525802612305,60.380301394430134,59.30147741421695,55.1222224793623,1.0
67.60485442766027,69.6682357788086,68.37696154449065,68.55001725031984,73.6036943526964,4.0
54.71163665338578,55.88020706176758,56.619528509081064,55.737124074744806,58.564775888839,2.0
52.345142947320504,54.19428253173828,53.53350633441507,53.35764393782461,47.394684718338,0.0
52.82517684011911,55.84981155395508,54.19678213404649,54.29059017604022,48.9270314049638,0.0
50.82650486662526,51.56586456298828,50.74327772755996,51.045215719057836,52.2854064778713,1.0
55.388481600745244,51.66618347167969,50.19305682084847,52.415907297757805,51.2686011395572,1.0
58.0976552173372,58.94853210449219,60.50072883695974,59.182305386263046,68.3331370130756,4.0
63.46671231115739,63.85882568359375,64.9258493545312,64.0837957830941,59.4011475741183,2.0
53.50043639016254,54.723480224609375,54.8200670434967,54.347994552756205,53.5927349786675,1.0
67.67893585466919,69.32713317871094,69.94140024902772,68.98248976080261,61.5833587155599,3.0
61.533542604982834,62.72329330444336,61.88132994307836,62.04605528416818,48.8276013414768,0.0
59.323116207271646,56.26957702636719,57.40910678954448,57.66726667439443,43.7487247766896,0.0
60.03260861430935,60.793155670166016,60.34701698342356,60.390927089299645,53.0863003428073,1.0
58.234445036351936,61.99275588989258,61.1713058405987,60.46616892228108,54.7998040480405,1.0
58.44866436873007,59.31792068481445,58.72100935231051,58.82919813528502,63.3171335199386,3.0
49.96431504789887,49.074581146240234,50.061466379876485,49.7001208580052,41.5800486892685,0.0
60.739180111188496,59.0878791809082,60.45109247538838,60.092717255828354,55.4332242913108,1.0
57.77572732914171,55.74470138549805,56.5112880458281,56.67723892015596,74.3563422897089,4.0
56.861704588563114,54.84711837768555,54.77269948255756,55.493840816268744,52.7022678516249,1.0
55.31414944222926,59.24888610839844,58.62707468719308,57.730036745940254,67.8844663878886,4.0
68.31926734825095,70.7481918334961,71.20430682751307,70.09058866975336,77.2790279969687,4.0
47.90214152317341,46.58245849609375,46.41315298219473,46.96591766715397,50.8088976373337,1.0
56.25778055659311,58.444801330566406,56.73941861281738,57.1473334999923,57.1376237021299,2.0
49.22245807748218,48.361690521240234,50.05641166972771,49.213520089483374,52.5544239156368,1.0
53.554678161819474,51.141197204589844,52.34850885941895,52.348128075276094,53.1984915875438,1.0
65.51349959459446,61.38782501220703,65.12876225609168,64.01002895429772,54.2968721684493,1.0
59.03014659017754,60.33883285522461,59.35869148303593,59.575890309479355,61.8786486516215,3.0
52.49101681085006,49.27360153198242,44.23589421717552,48.66683752000267,59.5066183103136,2.0
51.77978526405468,54.418975830078125,54.32071738658343,53.50649282690542,54.1429396229323,1.0
58.40338306138349,55.46063232421875,55.446235490843684,56.436750292148645,66.1891347950841,3.0
59.52122445313141,59.24470901489258,58.36303803929965,59.04299050244121,63.5367568297135,3.0
71.91610348660672,69.61599731445312,68.13664606256567,69.88958228787516,69.6478739587693,4.0
47.86581116896144,49.14661407470703,49.25618191625184,48.756202386640105,50.5626190518937,1.0
46.93708758221702,47.66585922241211,47.14848976560747,47.25047885674554,52.3508302679421,1.0
45.88942849814569,45.687843322753906,47.04119434821207,46.206155389703895,47.731647627401,0.0
72.10346297408282,70.5645980834961,70.17847294048528,70.94884466602139,64.7311551139012,3.0
49.47996727770265,51.885799407958984,52.454620320772456,51.27346233547804,58.224072509892,2.0
68.42777386816175,66.5047836303711,68.12876202908497,67.68710650920593,62.3747004434913,3.0
72.45727888391487,70.75248718261719,71.70392652897961,71.63789753183721,60.964833853548,3.0
67.88576174851563,68.58342742919922,68.58096141218948,68.35005019663478,65.2259561020346,3.0
48.12642912710101,51.35114288330078,50.85918472147948,50.11225224396043,45.7221833325217,0.0
47.982825358918554,48.003440856933594,47.616381163550884,47.86754912646768,61.7877402185849,3.0
58.146071236566314,55.161155700683594,54.927682702646656,56.07830321329886,59.5837185682563,2.0
71.4402443689337,68.92346954345703,72.24063421446994,70.8681160422869,66.8147086333552,3.0
58.76906991916623,56.98987579345703,57.117519834258054,57.625488515627104,59.5206653249131,2.0
51.96919647181163,51.48965835571289,51.65243359903361,51.70376280885271,50.836284662453,1.0
52.70548389190437,53.058563232421875,53.058742985478744,52.940930036601664,59.9924157901636,2.0
48.823154515524074,50.269161224365234,50.56759810367018,49.88663794785316,50.6184413390509,1.0
71.79041052402148,69.8816146850586,70.76570618249983,70.81257713052663,70.3632701900566,4.0
68.0477000504647,68.58565521240234,69.37824874018402,68.67053466768368,62.597740244363,3.0
50.54184472987545,51.10577392578125,49.36387211827779,50.3371635913115,48.9964759244787,0.0
68.73509923644161,66.64305114746094,66.76233582725081,67.38016207038446,69.3264675552795,4.0
55.127969318303464,50.05118179321289,50.934945607280696,52.03803223959901,53.6729317245081,1.0
69.24093385555737,68.59749603271484,68.18421662170459,68.67421550332561,72.1500635959228,4.0
53.132365348703665,53.55406951904297,53.98723212843698,53.55788899872787,53.7798392507146,1.0
56.347286272505116,59.021060943603516,60.72775293904383,58.69870005171748,44.1796840444288,0.0
58.75928460450009,54.341278076171875,55.233305188299354,56.1112892896571,51.4747204483625,1.0
55.926797762806295,55.36860275268555,55.24885199606073,55.51475083718419,69.5122078705148,4.0
47.361221903661686,50.33728790283203,50.587559053041694,49.42868961984514,52.28558710915,1.0
68.64117202468097,71.82988739013672,71.22203908353914,70.56436616611894,84.0683402047069,4.0
58.76166888539549,57.741310119628906,57.234315648943294,57.912431551322555,60.8987355086569,3.0
66.19441846044877,66.54912567138672,66.9775177685328,66.57368730012277,68.1527827028035,4.0
54.72070741557328,52.36372756958008,53.15502574821964,53.413153577791,54.8318638550249,1.0
73.19867363793377,72.00984191894531,72.10376767665535,72.43742774451148,76.6046679033382,4.0
55.65837137174266,54.55524444580078,53.964932406796166,54.726182741446536,50.6499771386793,1.0
55.08877540172825,54.03438186645508,53.68571761688603,54.26962496168978,54.7818669814321,1.0
68.71069270312917,68.76866149902344,69.69065424839515,69.05666948351592,74.6749714083206,4.0
52.09112993150811,46.555824279785156,49.03655616362124,49.22783679163817,41.6056414751913,0.0
52.6785925849758,52.11540222167969,52.22392890866358,52.33930790510635,57.7085394600187,2.0
54.867964155326554,55.26507568359375,55.11351004555563,55.08218329482531,52.2733401263645,1.0
50.855990985283064,51.70627212524414,50.089210966745874,50.883824692424355,47.0975513708946,0.0
69.20080846560172,73.04767608642578,74.16758892380848,72.13869115861199,69.0113336004661,4.0
53.52398515068515,52.361083984375,51.985648597046215,52.62357257736878,54.2358343633576,1.0
54.70824242453685,54.89823532104492,55.018373193906484,54.87495031316275,56.898666790088,2.0
69.52287371739861,67.93672943115234,68.39747770401895,68.61902695085665,68.4142878233851,4.0
65.84690382312984,68.17399597167969,67.8553251072711,67.2920749673602,76.542889488364,4.0
53.55715673966104,54.08717346191406,53.762466362306654,53.80226552129392,54.388080456827,1.0
55.95099103075401,54.169029235839844,54.48352582486079,54.867848697151544,64.12155747122,3.0
49.36570180754874,51.549720764160156,51.22243274610821,50.71261843927237,49.9817484650164,0.0
49.706293924532446,50.92884826660156,50.105775170761355,50.24697245396512,43.9115673073253,0.0
67.61997165973877,67.02912902832031,68.34708154862143,67.6653940788935,58.8523430860687,2.0
57.21063620534973,57.419715881347656,56.74656770879756,57.12563993183165,52.4534127972746,1.0
60.175867157617574,60.745853424072266,60.677324317798345,60.53301496649606,52.6106794101252,1.0
71.67251481939196,73.25981140136719,72.16263543971561,72.36498722015826,69.9431585067227,4.0
55.86991327163096,55.458377838134766,56.90224079922918,56.07684396966497,57.3985091340514,2.0
60.08674309355954,57.1691780090332,57.01005924324087,58.08866011527787,46.5521332870499,0.0
47.17815994718999,48.104000091552734,49.33421738871114,48.20545914248462,40.369502242112,0.0
56.78960032701291,55.0169563293457,54.98207447230749,55.59621037622204,50.2562490365469,1.0
56.520938081239,54.82819366455078,53.97826066906367,55.10913080495115,59.0653993673031,2.0
69.87933297383661,71.51252746582031,71.23896719520067,70.87694254495253,69.2454886480171,4.0
74.32047896554039,73.5391616821289,72.75723840505415,73.53895968424115,71.0252730090679,4.0
55.77239260559515,53.227134704589844,53.99637024226937,54.331965850818115,53.0809220391286,1.0
53.739054384628965,53.6290168762207,53.36707308819414,53.578381449681274,65.7496825056112,3.0
72.38829668477912,73.70587158203125,71.22403960879822,72.43940262520287,76.5200538635261,4.0
49.29410776201242,48.89703369140625,49.68247957842376,49.29120701061414,57.460712665056,2.0
68.54243110845985,69.05904388427734,69.00788984699611,68.8697882799111,66.994478416563,3.0
69.48655159153536,67.6286849975586,68.59645954902861,68.5705653793742,61.8737292625902,3.0
51.83680717698863,52.19807052612305,52.59170889658684,52.2088621998995,54.5436263690118,1.0
58.74345967953332,60.25542449951172,58.302807390677316,59.10056385657413,61.6581182381024,3.0
45.244806228945954,46.5722541809082,47.37490319766994,46.39732120250803,42.0405499589849,0.0
48.13112729889138,50.74882888793945,48.67535984093989,49.18510534259025,48.4958345274829,0.0
71.45946991060381,70.1009521484375,67.8777914961376,69.81273785172631,64.1795005797564,3.0
58.69530353199921,62.509159088134766,62.21615848783113,61.14020703598837,69.718822005439,4.0
54.98627928166213,59.15962600708008,56.89124185102928,57.01238237992383,63.0949160418549,3.0
55.084686262702796,52.21249771118164,51.59818423242931,52.965122735437916,59.2975952761893,2.0
53.493724697132244,51.16526412963867,50.72686483919327,51.795284555321395,60.3635917634653,2.0
61.35699686214732,58.66346740722656,56.57926635959341,58.86657687632243,47.4167574146522,0.0
51.60720471085918,51.83161163330078,53.21341434110398,52.21741022842131,56.0474504979755,2.0
59.20120311652703,58.488407135009766,58.19499769917657,58.62820265023779,55.8283795048569,2.0
50.374244719631164,50.25556564331055,50.122663689217,50.25082468405291,44.8516591265223,0.0
54.63102380687686,54.10760498046875,54.10255227200943,54.28039368645168,56.9597296600948,2.0
57.83899017271128,55.3212890625,54.842541727922296,56.00094032104454,53.8115020500295,1.0
65.7825079767633,67.34152221679688,67.85309374232975,66.99237464529664,67.8869649553818,4.0
58.0400280221693,56.133445739746094,56.14529232703736,56.77292202965092,59.314663212252,2.0
47.19940385732719,49.348453521728516,50.52452249828917,49.024126625781626,48.7603673762673,0.0
65.82624128925094,61.879154205322266,63.58809955930141,63.764498351291536,63.6727689477402,3.0
48.59414859847141,50.69249725341797,50.5527538919246,49.94646658127132,63.6512279724936,3.0
60.52380863266878,55.42808151245117,56.00650092401339,57.319463689711114,55.7127572617903,2.0
67.86810013485206,70.27503204345703,69.3928037636248,69.17864531397795,64.983845742412,3.0
58.531577052445876,58.885459899902344,56.65671619134957,58.02458438123261,60.0926076174911,2.0
53.01484239921858,54.579856872558594,55.27250896746829,54.28906941308182,45.6483774146357,0.0
49.18989635651885,48.91615295410156,49.15070472287194,49.08558467783079,38.3366390545931,0.0
66.322408771974,65.15795135498047,65.97757756507046,65.81931256400831,65.3449234242286,3.0
60.00825830403839,59.20622253417969,59.07078390291231,59.4284215803768,63.5833592550106,3.0
70.48165111513326,70.63243103027344,70.06203981833865,70.39204065458178,72.0481985946314,4.0
57.570248814182925,57.59603500366211,56.701742483029996,57.289342100291684,60.0773699777207,2.0
52.60202971168115,54.34089279174805,54.26439023060247,53.7357709113439,55.4738789422425,1.0
67.76559477947116,66.89008331298828,66.65342159298282,67.10303322848075,59.6619156631795,2.0
67.49606501600921,66.65104675292969,66.45157858120412,66.86623011671435,69.5711080442129,4.0
68.5622211625392,69.37168884277344,69.83124474474651,69.25505158335305,64.9698831615412,3.0
58.78427714335044,62.9902229309082,62.21148436214813,61.32866147880225,66.7084380151134,3.0
70.48429753929231,68.85831451416016,69.60222887798318,69.64828031047855,64.2432891146699,3.0
55.02640678416198,51.17683792114258,50.74214007142772,52.31512825891076,60.9433997199331,3.0
59.155296969124684,58.73216247558594,58.233597066324435,58.707018837011695,42.1291764056466,0.0
69.24299930268914,68.08694458007812,68.40381220969185,68.57791869748638,73.5377204430798,4.0
51.64384789809325,49.45556640625,50.25695667481457,50.45212365971927,48.669791810585,0.0
53.36919832339723,55.435951232910156,54.9642536715754,54.58980107596093,54.5689005569668,1.0
52.8906967329429,53.047569274902344,52.167039671473894,52.70176855977305,51.3294490276239,1.0
67.89613542670888,67.23973083496094,67.66178293131625,67.59921639766202,71.2044776383021,4.0
54.60262824875143,52.00474166870117,54.14549794003625,53.58428928582962,48.1078074745269,0.0
66.65876028644804,67.10416412353516,67.62194601622764,67.12829014207028,74.2267415871795,4.0
54.011299743024296,51.28445053100586,50.14472248145339,51.813490918494516,55.9845473171674,2.0
51.30138537208836,50.64425277709961,49.65101146520692,50.53221653813163,50.4286084572901,1.0
51.984850062814054,55.07939147949219,55.25480753298337,54.1063496917632,50.6556001147252,1.0
53.3988855445839,53.02347946166992,53.3562091308649,53.2595247123729,58.6633649277075,2.0
68.45148443872995,64.99315643310547,66.15219113447124,66.53227733543555,69.5711080442129,4.0
55.523875063986765,54.18436050415039,52.94223422986508,54.216823266000745,44.7437034315347,0.0
68.86020330670918,68.46858215332031,67.62861994503422,68.31913513502124,73.6036943526964,4.0
51.3925925677448,51.34016418457031,51.63807954031433,51.45694543087648,38.5224195545652,0.0
49.964891732957675,48.56198501586914,50.11834906288748,49.54840860390476,40.2886170705903,0.0
76.73334697064485,76.35264587402344,76.26521662565278,76.45040315677369,75.5672196291924,4.0
55.496266943627184,55.69263458251953,57.17753146935312,56.122144331833276,51.5609728045531,1.0
56.42602400571185,53.49033737182617,55.12219025097553,55.01285054283786,51.7550716767483,1.0
56.573939257922795,53.103275299072266,56.03704261498485,55.2380857239933,42.0658580583695,0.0
59.755101641031594,59.21415328979492,58.26915375405128,59.079469561625935,64.2468119648407,3.0
49.00775712833717,49.975975036621094,51.7371298119581,50.24028732563878,51.0839881867699,1.0
61.66335970108254,61.22723388671875,61.70181757700229,61.530803721601195,65.3138553224287,3.0
55.45160827304112,54.83750915527344,54.35064791819501,54.879921782169845,57.3305558467263,2.0
68.40519937015324,66.66949462890625,65.9690756523877,67.01458988381573,75.7394305986241,4.0
58.377348150973084,56.321224212646484,55.27250896746829,56.65702711036263,60.0666377529376,2.0
59.16426147341869,62.27251052856445,60.82372519368489,60.753499065222684,64.8898067109707,3.0
46.52232824855019,51.23451232910156,48.976431740807236,48.91109077281967,42.8857120492179,0.0
70.50372504798001,69.89346313476562,70.08246260503023,70.1598835959253,56.7285959217645,2.0
53.658006468027615,57.04425811767578,56.607470711332745,55.76991176567872,54.6514679720221,1.0
55.68545120021674,55.406986236572266,55.29644616340808,55.462961200065685,48.170074458891,0.0
60.86599377450063,57.070796966552734,56.37232733443735,58.10303935849691,60.1956905988597,2.0
53.42005299606659,53.4993896484375,53.03522637120579,53.318223005236625,43.9306098330657,0.0
56.611160921285034,57.040260314941406,57.44534664329673,57.03225595984105,46.4363356827701,0.0
50.76782833507557,48.572357177734375,49.862730754942085,49.73430542258401,54.7881221802982,1.0
51.5198413499626,51.333370208740234,51.53766247203754,51.46362467691346,55.7302559670371,2.0
54.83307861164473,55.84548568725586,55.167941343219624,55.28216854737341,55.8143600266315,2.0
51.21785872735957,50.63312911987305,50.60915515889337,50.82004766870866,44.1699071425016,0.0
48.835244977813055,49.92319869995117,48.50751329560212,49.08865232445546,57.2545129871382,2.0
65.65618894308314,65.32451629638672,66.32731671360861,65.76934065102616,57.4518897325219,2.0
51.13049066115679,50.42295837402344,51.2144037871837,50.92261760745464,55.8019290396146,2.0
45.990344389615885,48.60777282714844,49.75535968298645,48.117825633250256,46.1542716985236,0.0
57.637260408682245,57.855281829833984,58.839729224566796,58.11075715436101,57.2805731050585,2.0
53.22471300283068,52.925167083740234,53.07781869190438,53.0758995928251,57.6451722839228,2.0
55.5522146920512,55.85797119140625,54.20625740738955,55.205481096949,50.9256577399109,1.0
72.93332865713641,73.96430206298828,72.48785296837983,73.12849456283485,71.9855153997297,4.0
54.96759213791499,59.9683723449707,54.03145798009117,56.32247415432562,50.7633132443281,1.0
58.610862136780014,58.17765426635742,59.179398220436155,58.6559715411912,56.9360229713693,2.0
50.450270598579266,50.64162826538086,50.33501690968788,50.475638591216004,52.2435762333866,1.0
55.12772430070311,56.76531219482422,57.10415974804958,56.332398747858974,44.4501571178805,0.0
70.57305536982294,68.76805114746094,68.35992576805984,69.2336774284479,65.4208099485012,3.0
76.39330953599689,73.73290252685547,71.93549966728709,74.02057057671315,69.720305800738,4.0
52.99012941856726,54.91377258300781,53.87686107993274,53.92692102716927,59.4603137021676,2.0
56.783673920871706,50.61964416503906,51.28895294471611,52.897423676875626,55.475710793875,1.0
55.504630549302604,55.70404815673828,56.424927580820636,55.877868762287186,54.7430351217543,1.0
54.85223320268607,55.883399963378906,56.95074997590135,55.89546104732211,60.0298698514506,2.0
56.60587072573155,57.54623794555664,55.58836738744411,56.5801586862441,64.0633429084007,3.0
67.78240204407616,70.06443786621094,69.80579211714301,69.21754400914337,66.4483668880669,3.0
54.26902796077016,55.85573196411133,55.13779654068715,55.087518821856214,50.7632852424312,1.0
59.86206632227594,59.036712646484375,59.15389225298688,59.35089040724907,60.1219569562383,2.0
52.60682855178128,51.22758102416992,51.209719936004404,51.6813765039852,49.5750220401142,0.0
71.34864416083913,70.65607452392578,71.59355497760876,71.19942455412456,68.7597470389934,4.0
54.982911993682656,53.6017951965332,52.70316149471277,53.762622894976204,57.1611816841085,2.0
57.62208750546169,58.71123123168945,58.243384455168396,58.19223439743985,66.5206097899182,3.0
53.53451609914423,54.81679153442383,54.99418421001667,54.44849728119491,58.7195873347226,2.0
70.02345494329943,70.6763687133789,71.31822856039354,70.67268407235728,79.5356076226706,4.0
60.49604422214148,58.29582977294922,57.20080774037318,58.66422724515462,57.320362498683,2.0
50.05050481473566,52.3648796081543,52.28210017872465,51.56582820053821,50.1589880701517,1.0
59.27767823184959,59.764835357666016,60.016860824446226,59.68645813798728,60.3030185026828,2.0
59.63037765227878,60.18736267089844,60.06032175939488,59.959354027524036,55.5150408520358,2.0
53.586378732530946,52.12998962402344,51.656664713408006,52.45767768998746,52.63067049865,1.0
71.59774258693527,71.11202239990234,70.68034846161183,71.13003781614982,70.5134106325055,4.0
53.9309822505717,49.430110931396484,49.59441498525028,50.985169389072816,42.1850834005883,0.0
46.44686971847496,50.733436584472656,50.50601682340045,49.228774375449355,50.7877496926653,1.0
65.81014595742016,66.71866607666016,66.59877350492005,66.37586184633345,69.3569165233857,4.0
72.90988048969926,72.8392333984375,72.74282521506028,72.83064636773236,66.5044054562535,3.0
45.477109382721565,49.21067810058594,48.795455189816,47.82774755770783,40.369502242112,0.0
60.46008616309748,55.92432403564453,55.773590210950815,57.38600013656427,65.9937255085165,3.0
72.35259252395824,72.930419921875,72.14740325560423,72.47680523381247,85.6138249157546,4.0
47.592991186890416,47.85514450073242,48.397377947281164,47.948504544967996,45.0896988379483,0.0
55.412363978655506,53.21170425415039,52.917858808560304,53.84730901378874,51.4855821184973,1.0
50.309041653371985,50.802001953125,50.182761144998935,50.43126825049865,40.8119423579225,0.0
67.5196594206101,68.82566833496094,68.55577867109498,68.30036880888866,68.3033871263764,4.0
54.21820071211021,51.762325286865234,51.81005296115027,52.59685965337524,55.3289714652543,1.0
49.65207025434436,50.779361724853516,52.30429408268135,50.91190868729308,47.6058863735674,0.0
70.34457387555356,69.62773895263672,68.79966278413022,69.59065853744018,70.3497081683154,4.0
67.39242662492957,66.16425323486328,66.22530515163572,66.59399500380952,65.7304551222127,3.0
61.895112092916136,65.0383529663086,61.54285869429933,62.82544125117469,73.9952733792134,4.0
45.09274359698609,46.98638916015625,47.569328744585505,46.54948716724261,43.6454174600788,0.0
52.99488949156577,55.36782455444336,55.37792440938058,54.580212818463245,53.9417762105684,1.0
60.33464437954769,56.8081169128418,56.11867617415028,57.753812488846584,61.6186728779953,3.0
67.53883311010937,67.7936782836914,68.08899234620635,67.8071679133357,63.6381484944336,3.0
73.67566128372432,73.82945251464844,72.43518167611646,73.31343182482973,70.0821031810182,4.0
51.8182938005265,52.20148468017578,51.93641696122122,51.98539848064117,53.856847449042,1.0
53.279904678649004,53.42308044433594,52.17222647494452,52.95840386597649,53.6920317762714,1.0
73.36153275892367,73.74154663085938,72.86899541764751,73.32402493581019,67.9547304501048,4.0
75.77842707917726,75.96632385253906,76.87933231510672,76.20802774894102,75.4124646467451,4.0
59.843274644397944,59.844234466552734,60.26314556698662,59.983551559312424,59.850189933144,2.0
52.38931282482019,54.85924530029297,55.568205354715445,54.2722544932762,52.3023497712781,1.0
70.51935648699,71.20437622070312,71.15152946441114,70.95842072403475,71.7223623819818,4.0
50.440900285432356,50.46928787231445,50.97712914013283,50.62910576595988,50.2813944590435,1.0
45.55803036606744,48.02259826660156,48.55782091060915,47.37948318109272,53.0643064205768,1.0
54.47268333090331,53.01203918457031,52.05563103835158,53.180117851275064,45.3005013861645,0.0
49.16561337872778,50.935359954833984,50.59376597319597,50.231579768919254,56.6954074863814,2.0
59.233193642134296,60.18754196166992,59.09333719875668,59.50469093418696,62.8498216691475,3.0
53.16978951697516,54.10837173461914,54.430823078394454,53.90299477666292,54.3833741011717,1.0
70.37898603362882,71.06336975097656,71.45416983473594,70.96550853978044,74.6165308003404,4.0
56.72916714558111,55.385536193847656,54.906410425287675,55.67370458823881,55.1864782406314,1.0
53.31763995808292,57.42000961303711,58.07818373914975,56.2719444367566,42.8570005677492,0.0
71.69733468508178,72.94515991210938,71.45537195716543,72.03262218478552,73.641106923182,4.0
69.09644700615151,69.96678924560547,68.69734138650321,69.25352587942005,69.5164024112081,4.0
55.99188401764061,55.776512145996094,55.19137640858929,55.653257524075336,60.9083077537984,3.0
53.82787890423209,53.29193115234375,53.89955484505047,53.67312163387543,63.3463332151553,3.0
59.89804698823995,59.43283462524414,57.939896901716374,59.09025950506682,54.3395014919837,1.0
72.19877068676142,72.95042419433594,72.05186331838905,72.40035273316214,76.3150897489845,4.0
54.06092058449553,57.11323928833008,56.665890894766605,55.94668358919741,51.5474129999406,1.0
47.467672262863104,49.40337371826172,49.40397992071712,48.75834196728065,48.0731174500026,0.0
53.886529839979445,52.91386032104492,53.594768415290545,53.465052858771635,65.8500602850669,3.0
54.30259522657604,55.46659851074219,55.5236845695,55.09762610227275,47.331765226229,0.0
51.21802485611601,55.32368850708008,54.53795305047281,53.69322213788964,57.2509150955265,2.0
53.45774978976372,53.273128509521484,53.52046819236823,53.417115497217814,54.5100114281371,1.0
55.08667451120541,55.10043716430664,55.392562880815404,55.19322485210915,61.1026702486033,3.0
51.749716024311844,51.42850875854492,52.965351906566184,52.04785889647432,51.7441634923111,1.0
67.09293773433807,68.18522644042969,69.60471660971855,68.29429359482877,79.4959423245903,4.0
47.24522613144507,50.578060150146484,50.34202810709077,49.38843812956077,47.522429054874,0.0
54.411311443082155,56.81399154663086,55.50953606441511,55.57827968470937,56.624149466379,2.0
53.9016904453337,52.38392639160156,50.3252863351603,52.20363439069852,40.9573640986173,0.0
54.937832395001266,55.408782958984375,55.62095365989306,55.32252300462623,49.1018219593593,0.0
54.396345089420635,54.967533111572266,54.660991512244784,54.67495657107923,63.5578944240417,3.0
48.801632895861864,48.431495666503906,48.47477961979192,48.569302727385896,61.7253599361075,3.0
52.103482546096856,53.20466232299805,53.919429205354966,53.07585802481662,47.659209444028,0.0
59.325065505898785,58.23486328125,58.2040134757608,58.587980754303196,58.5233083395233,2.0
52.50678166852038,54.17862319946289,54.49722773937396,53.72754420245241,48.5898180831039,0.0
52.861643424293774,54.51374816894531,54.897476990933114,54.09095619472407,54.371890987164,1.0
70.45003442148112,72.55401611328125,70.74986991452934,71.25130681643057,74.9461366047502,4.0
58.90386680636383,55.62399673461914,55.23347644802654,56.58711332966984,60.0771742703174,2.0
60.23464088031696,59.95586013793945,59.4580383244414,59.88284644756593,48.7901266044701,0.0
54.09147641762602,55.77302169799805,56.87802832660022,55.5808421474081,55.4622846383715,1.0
57.039590902140674,55.327903747558594,55.444468488059776,55.93732104591968,48.1526040128946,0.0
74.73412957024283,73.21099090576172,74.00043271925148,73.98185106508534,76.6428669652708,4.0
55.495481315169044,56.05815505981445,55.707719366717384,55.75378524723362,53.2066134235381,1.0
73.1555283192945,69.20032501220703,69.82286075297563,70.72623802815905,72.8284584575165,4.0
52.09282395608359,54.3487434387207,54.4423774169298,53.627981603911365,49.9494516336051,0.0
58.53993912345343,56.30811309814453,57.69789834736015,57.51531685631937,50.4344257014202,1.0
49.63487947237707,53.930789947509766,54.45989986862379,52.67518976283687,49.8722479942824,0.0
55.52903275572081,55.50099563598633,56.1748939775034,55.734974123070174,59.1540700333845,2.0
56.63137937719542,54.29396057128906,53.11344604709533,54.679595331859936,53.8809249761881,1.0
56.77124711176012,58.02874755859375,57.67996963101525,57.49332143378971,60.7356040923484,3.0
54.71275737337091,52.961875915527344,53.84033865359751,53.83832398083192,53.2588711643095,1.0
54.448930672302026,53.546295166015625,54.635570794970754,54.21026554442947,50.4193333660973,1.0
57.40093386641952,62.7028923034668,58.824039659738595,59.642621943208304,51.4102798409318,1.0
67.76479829981481,69.30619812011719,69.34807667134248,68.80635769709149,66.8395787200752,3.0
51.36637012666972,49.79440689086914,52.10130982380966,51.087362280449504,40.867050342707,0.0
55.66839617685877,58.9941520690918,56.97766715486934,57.213405133606635,45.5473114857494,0.0
77.9814928468572,77.49964141845703,77.735768522819,77.7389675960444,65.8531542753233,3.0
51.86609315833614,52.79387283325195,52.835877903475186,52.49861463168776,39.8842131457176,0.0
69.08006403284463,72.5300064086914,71.73430198701665,71.11479080951756,72.8610005140003,4.0
56.108496229276234,57.9138069152832,57.37436322284407,57.13222212246783,54.9930632703618,1.0
56.72618501949637,58.763301849365234,58.36777076216863,57.95241921034341,57.196348713591,2.0
55.23653046396471,57.603187561035156,56.63103955671732,56.49025252723906,52.1173224575192,1.0
58.008959295595545,59.2003059387207,59.618591634939555,58.942618956418606,59.5440228562051,2.0
66.46729508848698,65.81048583984375,66.03215759366329,66.10331284066467,66.2638838312034,3.0
73.77337617133959,71.837646484375,71.83863141966194,72.48321802512551,76.157003503915,4.0
52.48777719452538,51.900184631347656,53.13282016092588,52.50692732893298,49.032629688212,0.0
58.07919110448213,57.754207611083984,56.84144414929821,57.558280954954775,60.4595704881124,3.0
59.540732370861384,56.98216247558594,57.15450472537347,57.892466523940264,56.8166632417232,2.0
57.284565105048024,59.10297393798828,59.15160074301316,58.51304659534983,58.4251545658661,2.0
66.53236766967521,64.68807983398438,66.70794283326344,65.97613011230767,69.6194727094177,4.0
51.40656225441813,50.66199493408203,52.264959508037215,51.44450556551246,51.0688004035048,1.0
70.1767728562416,70.48311614990234,71.11195324528546,70.5906140838098,66.6217002955373,3.0
50.99968121211679,53.268394470214844,52.61632528991503,52.294800324082225,53.0530359962383,1.0
68.88557429838968,69.03673553466797,70.59225861374645,69.5048561489347,57.5176987596292,2.0
50.87820461248055,54.20569610595703,54.88508118705615,53.32299396849791,48.7552529026738,0.0
55.759967877646325,54.62593460083008,55.23346151621702,55.2064546648978,53.7309363612123,1.0
44.42749990048033,47.56523513793945,49.56063646560284,47.18445716800753,39.7913702808911,0.0
58.43422173036158,57.44227600097656,56.010038710653745,57.29551214733063,50.6994019009176,1.0
55.304091349249966,54.012752532958984,54.30624034630214,54.54102807617036,54.5605086684068,1.0
50.75773105083303,51.87849807739258,52.05254236670609,51.5629238316439,59.447207956594,2.0
54.244307144332794,52.39394760131836,53.44117633636405,53.35981036067174,50.4721782603515,1.0
66.4859326172014,68.58394622802734,68.25531819673351,67.7750656806541,72.2509435039279,4.0
52.03627226619154,54.078369140625,53.92474195312401,53.34646111998018,43.3951027999612,0.0
60.46269214233409,60.04961013793945,59.003297040687166,59.83853310698691,66.3080516756859,3.0
57.35650474831735,56.06309509277344,55.287902412462984,56.235834084517926,59.1088134934057,2.0
51.32365982312567,53.055538177490234,52.899003975216864,52.426067325277586,51.6043304908639,1.0
70.57751239296535,71.68367004394531,71.74235153533664,71.33451132408243,66.5827639168155,3.0
58.26722056617854,55.89704132080078,57.41893844320256,57.19440011006063,60.6337180929244,3.0
50.20355663476214,52.5107536315918,52.486600790915126,51.73363701908969,43.4130014291566,0.0
60.40832827283797,57.27254867553711,56.9244200020335,58.20176565013619,59.5909395716817,2.0
56.844000177796225,57.663116455078125,56.37925504484058,56.96212389257165,62.4525704831384,3.0
57.88778359327488,61.79987716674805,58.471809912459264,59.38649022416073,46.1181754092825,0.0
55.731086438328056,55.724700927734375,55.767551266225375,55.74111287742928,54.8752541445846,1.0
52.38371406176215,51.09378433227539,50.44261578166105,51.30670472523286,51.8125786145462,1.0
72.58641397326156,69.88233184814453,70.89154023777415,71.12009535306008,66.7309911741766,3.0
65.73926137527047,65.3916015625,65.1461310711335,65.42566466963466,64.2289749869671,3.0
58.0432929782567,56.22182083129883,56.283566305629925,56.84956003839515,63.8478448018546,3.0
67.67153769594651,68.02961730957031,67.972889175222,67.89134806024627,77.7616087297661,4.0
70.32522172759033,69.74626159667969,70.1755122764862,70.08233186691875,66.1310472492978,3.0
64.45291226168712,65.954345703125,65.88608113353143,65.43111303278118,60.898544105027,3.0
47.85369726112561,50.437625885009766,51.7351973903077,50.00884017881435,43.7351686562425,0.0
63.600746448323974,61.34538650512695,60.37212174867376,61.772751567374904,67.6016884730624,4.0
56.3770480871803,55.87660217285156,55.63500812141397,55.96288612714861,54.3708363946633,1.0
71.00134563259134,68.98015594482422,68.95523398574159,69.64557852105239,67.9820156687179,4.0
58.53867618564048,58.677520751953125,58.550380865140816,58.58885926757815,49.2600234663898,0.0
55.418145571934424,56.062992095947266,56.97527251130773,56.15213672639647,61.6504741842345,3.0
47.77910245309536,49.601322174072266,50.29219818893779,49.22420760536846,43.0731280791089,0.0
53.857054064276596,56.09699630737305,55.57432707524123,55.17612581563029,55.5574562552861,2.0
52.578987067911775,55.435829162597656,54.833565861556266,54.28279403068857,54.0645937035113,1.0
53.82453365818733,55.125953674316406,54.8884604886477,54.612982607050476,58.9269037079236,2.0
46.63849363309307,50.11091232299805,51.01494178967827,49.25478258192313,42.294970528912,0.0
66.50137108924945,66.60040283203125,68.6700381724876,67.25727069792276,62.5349531088403,3.0
72.13284981477187,72.96189880371094,73.64867703791212,72.91447521879832,74.8198586997043,4.0
54.53000176240038,53.4307746887207,55.14336276325698,54.36804640479269,46.110349156374,0.0
70.78011185704788,71.95598602294922,71.12855772831597,71.28821853610435,70.5003825396123,4.0
56.72366254159663,56.36088562011719,56.45348108332103,56.51267641501162,56.4554423007825,2.0
73.50728905557206,75.96600341796875,77.35561311073825,75.60963519475969,70.118031371347,4.0
67.84367801462912,69.41815185546875,68.56861931298238,68.61014972769341,62.597740244363,3.0
56.94933802625794,59.164794921875,57.52186126136509,57.87866473649935,64.5030245442886,3.0
58.66947220086288,57.35618591308594,57.932491222686544,57.986049778878446,62.1715159465991,3.0
72.38863824710035,71.68630981445312,72.85119923566054,72.308715765738,78.5219292860051,4.0
48.082483399262685,50.418968200683594,51.76440436750415,50.08861865581681,63.1376871954943,3.0
54.81857973388532,50.09363555908203,50.43489434185562,51.782369878274324,52.9214684405188,1.0
61.685214332009906,63.218650817871094,62.74401850821061,62.549294552697205,64.6179571637385,3.0
57.383485516153925,57.701446533203125,56.09480080276413,57.05991095070706,54.3225059035232,1.0
72.5309372298069,71.88536834716797,72.23090602055805,72.21573719917762,77.983638629691,4.0
44.27998831166411,46.08222579956055,48.56625379018987,46.30948930047151,41.0281345313425,0.0
53.51754386493146,54.757999420166016,54.90656384181081,54.39403570896943,52.7521354630571,1.0
56.29470192090885,56.78328323364258,57.318369436071706,56.798784863541044,60.0051045916815,2.0
73.11893032633853,70.3241195678711,70.7309538436928,71.3913345793008,65.2716569979698,3.0
58.254300050950334,55.010929107666016,54.54615832416944,55.9371291609286,52.5251698612089,1.0
56.24318747032574,56.978328704833984,55.873182339430805,56.36489950486351,67.6850720324354,4.0
56.379807618584785,56.40797805786133,55.79204996119469,56.19327854588027,51.376219844941,1.0
57.73860588455847,55.97653579711914,55.71345491679065,56.47619886615609,59.7405888706666,2.0
53.27634176064469,50.99078369140625,50.86362088313503,51.71024877839532,50.3856847453122,1.0
67.80378522751249,69.81009674072266,70.12496965297157,69.24628387373558,61.5833587155599,3.0
59.74964207161144,60.700721740722656,61.044614869569436,60.498326227301185,64.3083003824706,3.0
59.27870542532033,55.5977897644043,54.1887876177343,56.35509426915298,62.3645186082761,3.0
52.1788096813612,50.5305061340332,50.10668082180312,50.938665545732505,47.5868267398959,0.0
51.52136312836073,52.928688049316406,53.43911620555669,52.62972246107794,51.5929475520492,1.0
57.81732407173982,55.51270294189453,55.700339876781726,56.34345563013869,54.7826276775372,1.0
53.299191653511365,54.08461380004883,54.985894285883326,54.12323324648116,57.4869740046831,2.0
53.726719327903474,54.267520904541016,51.90352540301512,53.299255211819876,61.338025415633,3.0
49.77662212855316,51.43779754638672,51.91891324878342,51.04444430790776,49.1810747794332,0.0
66.50753100837272,62.84787368774414,62.934302200047995,64.09656896538829,58.8531206973044,2.0
51.39109361680101,52.49554443359375,52.77558506941809,52.22074103993762,50.8246625788592,1.0
57.84780871256045,59.405067443847656,58.35311674655899,58.5353309676557,49.6230551911503,0.0
53.54957192042364,54.22500228881836,54.58618602793061,54.120253412390866,54.4674900968274,1.0
58.818646902142234,58.764678955078125,58.283936665055236,58.62242084075854,65.7645734262955,3.0
69.32627960681357,70.44741821289062,68.97632213006418,69.58333998325612,77.8916383958443,4.0
54.66943682252233,54.469139099121094,54.842693166550234,54.66042302939788,58.0866851100843,2.0
49.77662212855316,51.43779754638672,51.91891324878342,51.04444430790776,49.2003347347935,0.0
47.602694591955434,46.93013381958008,48.92218376111481,47.81833739088344,42.0558689945208,0.0
50.851979508490665,49.46162414550781,48.46378443976953,49.59246269792266,46.5019390885164,0.0
58.31424470617677,57.6561164855957,58.57249512412453,58.18095210529901,50.5355861460146,1.0
46.40835355134713,46.07949447631836,46.151063264391944,46.21297043068581,48.5017668858716,0.0
51.60946774034009,51.022621154785156,49.50855544194568,50.71354811235697,42.571125304515,0.0
73.58422704334794,78.61164093017578,73.893935548496,75.36326784067325,86.76240108249,4.0
60.02683120572007,58.546817779541016,57.69512855853455,58.756259181265214,58.7156525223132,2.0
56.346387080000135,55.169952392578125,54.89853163163067,55.47162370140298,49.2092824540719,0.0
70.34254860207464,72.05232238769531,71.27265444804053,71.22250847927016,63.8160073210867,3.0
72.19193021369057,72.53820037841797,69.62818572161457,71.45277210457436,78.5895951628193,4.0
68.7768650650336,67.69754791259766,67.76974992523603,68.0813876342891,65.7145645890735,3.0
52.74916971913628,53.702274322509766,53.54305340373444,53.33149914846016,53.1737342774684,1.0
56.584832749835684,55.49427032470703,56.16806771032678,56.08239026162317,61.7726689752954,3.0
55.6772476478275,56.245384216308594,55.55672909531385,55.826453653149976,51.8267886134868,1.0
54.16629481271405,52.39392852783203,53.53617876413531,53.36546736822714,61.4836966158899,3.0
56.605681710925296,56.50457000732422,54.60881201578259,55.9063545780107,56.9596896525754,2.0
51.2621179512791,50.208168029785156,49.80460185633108,50.424962612465116,53.2178519471682,1.0
47.22411528143064,49.48042297363281,49.42440071404852,48.709646323037326,55.882807106478,2.0
64.638514593015,61.47040939331055,61.038877070972006,62.38260035243252,58.9641111557837,2.0
50.027870315280076,51.76447677612305,51.81889353396937,51.20374687512416,54.3792745349064,1.0
55.12653721881987,54.93852233886719,54.23507796601271,54.76671250789993,55.5446520064795,2.0
58.64694027933392,60.656471252441406,62.56584732377391,60.62308628518307,57.9100045646209,2.0
52.39203742079571,52.67338180541992,52.17831851767753,52.41457924796439,49.3056428053841,0.0
58.80333815155187,59.11341857910156,58.63602461800648,58.85092711621997,62.8945477240427,3.0
68.81147097077657,67.02377319335938,66.564830874462,67.46669167953264,64.0607005520242,3.0
59.68840020672919,63.782386779785156,61.00556328445789,61.49211675699073,60.6556957408574,3.0
49.982714300140266,51.15199661254883,51.346692039664845,50.82713431745131,52.7349044982845,1.0
55.7478987942151,53.676631927490234,54.00682996167128,54.477120227792206,53.2868435610046,1.0
61.14949018399307,59.34226989746094,58.136105621351255,59.54262190093508,63.412655265229,3.0
63.23689929103258,58.90716552734375,60.46455623624604,60.86954035154079,57.9490270184758,2.0
70.40766386182571,66.71630859375,68.9189602848114,68.68097758012904,65.1715346948531,3.0
59.76304913784365,55.76289749145508,56.74388117372789,57.42327593434221,62.7377305540059,3.0
72.10442720366767,73.06854248046875,72.23235291688398,72.4684408670068,66.5900359685249,3.0
68.46747758614883,68.0841064453125,67.76441599217966,68.10533334121367,74.1688633198519,4.0
68.86257908193939,67.34687805175781,67.17342162631206,67.79429292000309,77.0794000240039,4.0
70.02713310773606,71.56333923339844,71.54564586075116,71.04537273396188,74.2057371934619,4.0
69.1794898094587,66.69659423828125,67.14310074660145,67.67306159811379,70.2650225880515,4.0
60.6268629434012,59.667564392089844,57.71114498137948,59.33519077229017,56.6062003454188,2.0
53.74594687378826,57.15287780761719,56.243886298466684,55.71423699329071,59.0534302791976,2.0
51.94997174406659,49.84837341308594,49.8916354568719,50.563326871341474,50.9113796066813,1.0
58.46000685700527,58.38856887817383,57.9163449134243,58.25497354953446,51.4439665239551,1.0
69.38965114807905,68.20782470703125,67.85890214245836,68.4854593325229,65.7145645890735,3.0
53.2447611537894,53.172306060791016,53.48089465252651,53.299320622368974,48.7087533805453,0.0
53.72699181676371,55.44646072387695,55.664284126513564,54.94591222238474,51.4139842019171,1.0
54.29030090241351,57.231727600097656,57.66898852672697,56.39700567641271,50.398817504619,1.0
60.7062165675036,59.60369873046875,60.46871283410752,60.25954271069329,57.3811156986504,2.0
56.38964531830179,55.631595611572266,55.13489694087293,55.71871262358233,57.2124260299379,2.0
74.33618987848713,71.41645812988281,70.07422295888824,71.9422903224194,72.7066194277224,4.0
58.04215135177839,54.64381408691406,54.58853698192204,55.75816747353817,56.0076465963246,2.0
50.65107883798074,49.860496520996094,50.66636243852284,50.392645932499896,54.3427584239683,1.0
58.57383894265508,55.743568420410156,56.085368988462164,56.80092545050914,48.4776992999236,0.0
52.26914447280648,52.20859146118164,52.00819008350799,52.161975339165366,57.233197893707,2.0
50.48006520705069,51.9614143371582,52.362317876029806,51.601265806746234,43.4970428005451,0.0
52.36704829817236,51.6859016418457,53.8825259845572,52.645158641525086,50.4526054938638,1.0
71.15214517253672,72.99628448486328,74.04124014640858,72.72988993460287,76.8707644275965,4.0
70.56928500829669,71.39771270751953,69.82158430676367,70.59619400752662,65.3839179043822,3.0
68.56414382723858,71.8597412109375,70.03753169312873,70.15380557710161,70.0914726908241,4.0
63.41761360924179,58.4349479675293,57.334670554107646,59.72907737695959,59.1379064443682,2.0
50.62423035397219,51.01836395263672,50.774452411846234,50.805682239485044,54.4297238456148,1.0
53.725750420148124,53.34912872314453,53.7374471695938,53.60410877096215,54.7981359184852,1.0
51.47025647544916,52.31507110595703,51.93249590524228,51.90594116221615,52.7891874735704,1.0
53.21328424887134,49.972496032714844,51.40977209442002,51.53185079200207,55.3289714652543,1.0
61.87631577829579,61.077964782714844,60.66504356477086,61.20644137526049,65.1730399623755,3.0
70.88212901082986,69.50634765625,69.28471218953518,69.89106295220502,78.0450096065034,4.0
54.17898470011277,54.3248176574707,53.37839391583642,53.96073209113997,58.6256802315969,2.0
69.11710438077607,71.2112045288086,70.64242424054568,70.32357771671012,68.3640280678486,4.0
60.06414541167878,58.39641189575195,58.43417264623181,58.964909984554176,63.499326793515,3.0
55.5381512649221,54.89543533325195,54.4283145468098,54.95396704832797,53.5933351723654,1.0
57.54019609688232,61.72599792480469,61.60114094735745,60.289111656348155,68.5422131813838,4.0
55.77793590824767,57.51264953613281,56.9534321913244,56.7480058785683,55.352229510349,1.0
59.1995957489418,58.48904800415039,58.05936846869021,58.58267074059413,48.917045579576,0.0
60.38132133939346,57.69469451904297,57.8887722515276,58.654929369988004,54.6483749375878,1.0
74.48111359329334,72.29730987548828,72.47408434583181,73.08416927153782,68.3750109165477,4.0
48.741897656918354,49.84275436401367,50.81998334221208,49.801545121048036,54.731051685469,1.0
51.82478511871387,49.95415115356445,50.38026166559576,50.71973264595803,46.619881553365,0.0
62.66506037458872,60.70022964477539,60.30742787433492,61.22423929789968,66.5458058029811,3.0
50.549402476403664,50.17182540893555,50.43762422666014,50.38628403733312,53.4513572304261,1.0
51.497194814835126,51.54916763305664,52.37058235010298,51.80564826599825,59.0017086452981,2.0
69.32623663430923,71.78355407714844,70.70829757808106,70.60602942984623,68.0171468484602,4.0
53.84937869289355,55.31467056274414,55.47302222070192,54.879023825446545,53.1179394233312,1.0
55.126337690918675,56.46058654785156,56.86880819828423,56.15191081235148,60.3238017114207,2.0
55.29599663270111,55.1316032409668,54.97042939476711,55.13267642281167,61.3534789715172,3.0
51.85958056187023,50.55763244628906,51.79698620060215,51.404733069587145,53.2954782346829,1.0
50.97861443829708,51.27464294433594,51.752835939988564,51.33536444087386,56.9685242167722,2.0
71.40453462727407,70.5621337890625,69.62894070751612,70.53186970795089,69.2330508722827,4.0
56.22753519374685,56.79300308227539,56.82556308760201,56.61536712120809,62.8975963239455,3.0
49.792075056035934,50.30751419067383,51.86353709940124,50.65437544870367,52.449636728983,1.0
45.74513574216214,50.036033630371094,50.53280749751399,48.77132562334908,56.1751091448291,2.0
72.47856652862258,68.99862670898438,69.05137951051343,70.17619091604013,70.5062233731831,4.0
51.94706676058463,52.52116775512695,52.92123351890602,52.463156011539205,47.7781090182957,0.0
70.72960902635859,68.64329528808594,69.86346278113015,69.74545569852488,69.3144217318027,4.0
51.817964249832016,51.95136260986328,51.48563680237495,51.75165455402342,55.3202398189494,1.0
62.3297909329319,65.35377502441406,61.775292468545565,63.15295280863051,70.1258749130357,4.0
56.18494104516461,55.16541290283203,53.07530263447379,54.80855219415681,55.3383727529952,1.0
52.62045097368857,53.542083740234375,51.56658953852134,52.57637475081477,56.3095894913228,2.0
65.54545215760128,64.59387969970703,64.38548104653114,64.8416043012798,65.0365159782565,3.0
70.00342741493085,69.85834503173828,69.49641043810907,69.78606096159274,68.8224250169641,4.0
59.39583299741247,59.47532653808594,58.54453957970702,59.138566371735145,67.9258416050169,4.0
64.35331524846129,68.818359375,69.257292511532,67.47632237833109,58.0960014168592,2.0
55.152160978531526,55.237667083740234,54.524599492718934,54.97147585166357,58.4195942645918,2.0
57.06607998684324,56.558624267578125,56.839008911777505,56.821237722066286,68.2337426499537,4.0
66.70669862836841,66.0515365600586,67.20299233801938,66.65374250881547,72.6488556284982,4.0
55.43113009798708,55.708988189697266,55.65603594765456,55.5987180784463,49.7287676407248,0.0
55.737526056507356,58.131919860839844,55.71818722629269,56.52921104787996,60.020506346956,2.0
61.53429653960187,60.09907913208008,61.25332068357482,60.96223211841892,50.7108710756534,1.0
54.87441326841946,53.336307525634766,52.98107163246858,53.7305974755076,53.886226634062,1.0
55.707560255991645,56.76277542114258,55.06665351592746,55.84566306435389,52.6025966808405,1.0
72.24008547314297,70.9916000366211,69.33932308827826,70.85700286601411,80.5304707660361,4.0
69.29280027240057,66.58599853515625,66.09162408625662,67.3234742979378,62.9531786704992,3.0
75.11578458257895,73.57625579833984,72.65502357510441,73.78235465200773,76.9694562905269,4.0
58.99630640766267,58.46316146850586,57.10464342738711,58.188037101185216,65.7346405658285,3.0
68.55558192520441,69.10485076904297,69.49081520256871,69.05041596560537,66.5902584443312,3.0
50.59354154486043,51.2259635925293,50.47341447883143,50.76430653874039,37.9409127604752,0.0
51.74593020978643,53.601806640625,51.50515276372511,52.28429653804551,56.7632410515921,2.0
72.83714696919408,71.09774017333984,71.22761656404698,71.7208345688603,72.5197794389428,4.0
72.80514967385363,73.66082763671875,73.28819089185757,73.25138940080998,78.8779172531337,4.0
49.00479423393492,51.22121810913086,50.45257947891523,50.22619727399367,49.9992478428186,1.0
56.88696979790613,57.523826599121094,58.51940605530543,57.64340081744422,52.4017677141271,1.0
52.88195585549633,51.708824157714844,50.60915515889337,51.73331172403485,41.2736233758227,0.0
66.0402717317945,66.21867370605469,66.28080053140577,66.17991532308498,72.7547305835776,4.0
52.55392042769134,54.51869201660156,55.02089565234636,54.03116936554642,52.4769267937633,1.0
57.594924431765094,57.934814453125,58.421053314504334,57.983597399798136,57.5506368953077,2.0
49.559021518369185,50.389949798583984,50.595175895633716,50.18138240419563,50.9618262094749,1.0
53.094514067415226,55.63798141479492,56.2286439563292,54.98704647951312,50.3008596991727,1.0
49.63369010077365,51.345306396484375,51.61594286926505,50.86497978884102,49.2003347347935,0.0
60.958247955412006,61.101558685302734,61.152588913410376,61.0707985180417,62.5121379503014,3.0
52.85527609274093,54.80320739746094,54.939464251924264,54.19931591404204,54.6130013575606,1.0
55.6637868011992,55.31602478027344,55.05386854116538,55.34456004087934,59.7676815318581,2.0
57.79209809353945,59.57468032836914,58.68397233870622,58.6835835868716,58.543948887595,2.0
61.549878708536504,60.79898452758789,59.75145655944975,60.70010659852471,65.5374087709356,3.0
72.46218555752559,70.30805969238281,69.61981386329364,70.79668637106734,81.4816560688271,4.0
71.69209356850722,71.63216400146484,69.60240108699415,70.9755528856554,62.9278201868107,3.0
72.89022203452282,72.05032348632812,72.56626535571533,72.50227029218875,75.3489080802398,4.0
48.65096130343266,56.748756408691406,53.52877120014275,52.97616297075561,51.1833500989618,1.0
58.07290130033707,55.854366302490234,55.23094156082792,56.38606972121841,62.9786278782228,3.0
51.609854340532976,50.10756301879883,51.111754527783425,50.943057295705074,42.1294091174346,0.0
57.9329519725076,59.48789596557617,59.802658609854724,59.07450218264617,53.7177816359727,1.0
54.21757645618554,55.92766571044922,57.18233343580251,55.775858534145755,42.4527650217313,0.0
58.906293949170966,55.820823669433594,54.20655892395238,56.311225514185644,57.0919325357741,2.0
51.494307559398216,54.05726623535156,53.866451558170276,53.13934178430669,52.3137810362558,1.0
63.471245770658896,64.14643096923828,66.82572118768773,64.81446597586164,62.1084352613853,3.0
51.419428907058816,51.40371322631836,51.6111985142306,51.47811354920259,48.8730297464064,0.0
57.337313432139894,54.7403450012207,54.02453748021037,55.36739863785699,55.4791800069875,1.0
52.715197920477856,52.19195556640625,51.84227846318855,52.24981065002422,61.36384060002,3.0
72.33549315201905,73.81807708740234,72.98988479098516,73.04781834346885,72.7998558049976,4.0
55.834685994638406,56.19489669799805,55.72018304062034,55.916588577752265,57.2999138265787,2.0
59.26713438724523,59.90461730957031,60.668229197710126,59.946660298175225,65.5128356690566,3.0
60.13058126508497,60.77661895751953,61.24098640810554,60.71606221023668,59.7578577912879,2.0
53.3190694332988,53.62351989746094,52.93076221651664,53.29111718242547,52.9607918700868,1.0
46.225119895522916,45.63357925415039,47.29232066595211,46.38367327187513,46.633986681564,0.0
66.87092769854321,68.79283142089844,68.69093630098044,68.11823180680736,62.3275876403705,3.0
73.25656574670012,73.02078247070312,74.70238391849702,73.65991071196676,66.4963486966081,3.0
50.66039397785532,52.72417449951172,52.70897771686612,52.03118206474438,55.7691616679665,2.0
72.82806804640677,74.70648193359375,73.87227759355902,73.80227585785319,76.4262632815543,4.0
51.253389117300664,52.78349685668945,52.187485199493395,52.07479039116117,50.0593413706036,1.0
62.920238416270756,60.94522476196289,59.37539498527862,61.080286054504086,72.1713058551758,4.0
43.55079918081954,47.23873519897461,48.55164160538226,46.44705866172547,49.9569780155003,0.0
70.9337275072384,71.75788879394531,71.25391555173206,71.31517728430526,80.2927534978475,4.0
51.708494961857056,53.89558792114258,55.415757243829475,53.67328004227637,41.2555493256751,0.0
58.65114582919434,60.179039001464844,59.15578178244947,59.32865553770289,62.1138147548629,3.0
55.294160439185966,56.77348327636719,58.23496110365832,56.76753493973717,46.6075455423868,0.0
56.71497468353858,54.18320083618164,54.6471586955131,55.181778071744446,59.1622723655962,2.0
53.74030257351166,53.56052780151367,54.03856376684148,53.77979804728894,63.8242335742363,3.0
54.227979362121474,55.312042236328125,55.32906541276506,54.956362337071546,51.7382466182453,1.0
59.27321454293333,61.434181213378906,61.20339571118839,60.63693048916688,63.4467369579701,3.0
59.474825841285615,57.38832092285156,57.44182845261117,58.10165840558278,58.9334477625066,2.0
56.40670625216724,56.351131439208984,56.12939697467972,56.29574488868531,61.9014999675397,3.0
52.60698490678149,52.172889709472656,52.809377345339264,52.529750653864475,50.7273706675681,1.0
62.68094241893165,64.049072265625,62.22697828551144,62.985664323356026,67.252352195238,4.0
71.79664058839592,72.40696716308594,72.27152071188858,72.1583761544568,67.4380503365638,4.0
58.46029306618475,51.967926025390625,51.83324595638164,54.08715501598567,46.9322760180863,0.0
53.574679139052726,55.42108154296875,55.14758481568243,54.714448499234635,59.4358182043668,2.0
68.45338904866948,69.0489273071289,66.90165979766898,68.13465871782245,57.2712720063709,2.0
55.218855681854926,55.72110366821289,57.48809581654131,56.14268505553638,55.6763848278725,2.0
56.92213762517566,55.46733093261719,56.08488163420605,56.1581167306663,60.2248802855512,2.0
55.96696376021073,55.421852111816406,56.18416148830269,55.85765912010995,59.6324968371321,2.0
53.933008879036365,51.52077102661133,51.739932811067334,52.39790423890501,57.6809225425776,2.0
74.8251233544536,72.87722778320312,74.15369756428022,73.95201623397897,73.4004933492225,4.0
64.66246241872497,65.44648742675781,65.30032234341489,65.13642406296589,64.2289749869671,3.0
52.51944900044357,51.050113677978516,50.273446507124966,51.28100306184902,39.0921277813761,0.0
52.341882446069555,53.65272521972656,53.651700762902,53.21543614289937,61.5791240614765,3.0
70.4383439566095,71.90716552734375,71.2515469049844,71.19901879631256,66.4746491088098,3.0
56.22132137934829,59.445159912109375,58.892287502352616,58.18625626460343,63.2020424298545,3.0
57.168527078432795,53.598575592041016,52.03162798632877,54.266243552267525,56.4504879176441,2.0
50.038331068367,50.85932922363281,50.467129682262104,50.45492999142064,48.9243990518098,0.0
52.69729564665078,54.59942626953125,54.72234563454616,54.006355850242734,48.7256540762759,0.0
63.09960324982473,61.84650421142578,60.82976468957864,61.92529071694306,69.4878316739805,4.0
69.98055330252247,69.87740325927734,69.06574410624135,69.64123355601373,62.4631274221898,3.0
68.79952771856054,71.39494323730469,71.69330183309265,70.62925759631928,68.3453239401774,4.0
51.02481379523465,52.98701477050781,53.13907571093472,52.38363475889239,47.9842746385207,0.0
68.78899809358587,68.99974060058594,70.12968627855844,69.30614165757675,61.3484057028646,3.0
59.921784084630275,58.86260223388672,56.94415009455827,58.57617880435841,58.1667391093111,2.0
65.4693708384783,69.22108459472656,67.538571439212,67.40967562413896,61.9556866986812,3.0
57.57817700624085,56.67031478881836,58.98974729550639,57.7460796968552,52.2671576311035,1.0
59.12599153689918,58.76097869873047,57.4003400410234,58.42910342555101,67.1124597645513,3.0
52.02609835555537,52.93439865112305,53.26101925375382,52.74050542014408,55.3435277432057,1.0
53.08119715897058,53.544471740722656,54.38930372259586,53.67165754076303,47.0211105363204,0.0
47.327433124552364,48.93972396850586,49.49739385839704,48.588183650485085,46.9471828852818,0.0
51.68014472456143,51.84494400024414,52.38223540284093,51.96910804254883,54.2640139368345,1.0
67.16337116089636,66.19779205322266,66.25750384197694,66.53955568536531,68.9730596249888,4.0
51.58975584151207,50.89491271972656,51.55384902261558,51.34617252795141,48.5166165471823,0.0
57.42301804797663,59.63356018066406,60.90000229032855,59.31886017298976,58.8144006774601,2.0
51.44039805546296,51.37999725341797,51.50259150294086,51.4409956039406,51.8874937044199,1.0
72.62610757842943,70.00528717041016,69.09077287912214,70.57405587598724,68.6539142248564,4.0
55.13322832479228,54.96479415893555,54.81080515139813,54.969609211708644,52.2086758608299,1.0
53.38584177261931,55.10299301147461,55.408483563613544,54.63243944923582,60.6828150538113,3.0
51.24863237492723,51.2578010559082,50.082157513266544,50.86286364803399,67.8554532168763,4.0
68.09538746932367,66.81523895263672,68.54916144344801,67.81992928846947,65.6350191557633,3.0
58.47024271348025,56.9096794128418,58.17224398393128,57.85072203675111,59.7727112573991,2.0
50.330876753092404,53.17677307128906,51.98795389536645,51.83186790658264,45.7331254153069,0.0
56.01902255901544,55.70429229736328,55.439081776961096,55.72079887777994,59.9706191515967,2.0
74.79837645948791,74.15667724609375,73.85356615140626,74.26953995232931,75.084740647974,4.0
50.05157908874717,51.07679748535156,50.36412950791311,50.497502027337276,47.4507742564008,0.0
50.17136392249196,52.064918518066406,51.94971895280625,51.395333797788204,43.8437425942456,0.0
48.83061169869076,50.89869689941406,51.124297047809925,50.28453521530491,44.3479894199898,0.0
55.59435064233576,55.932769775390625,55.777592420470334,55.76823761273224,55.4696494742842,1.0
72.96935172620456,73.9312744140625,73.53725835522306,73.47929483183005,75.7030868017077,4.0
68.87407131563995,65.70516204833984,66.25196666175273,66.94373334191084,70.7051994343594,4.0
55.70659600084352,55.49151611328125,57.53278456037164,56.24363222483213,48.6755031636928,0.0
51.42332396193983,51.17683792114258,50.74214007142772,51.11410065150338,38.8083748174769,0.0
52.87751520975549,54.141544342041016,56.503499821033536,54.50751979094334,53.4521704263278,1.0
58.46031550774248,61.199241638183594,60.89595733749856,60.18517149447488,52.6143909580436,1.0
52.319428291516004,51.65922164916992,52.44082106945779,52.13982367004791,61.0392581351107,3.0
50.12958022324743,50.98811340332031,50.267268777090436,50.46165413455273,45.9533644719728,0.0
54.63395552409859,54.254051208496094,55.43901368330589,54.775673471966854,50.8917752891203,1.0
56.324389186642634,53.86983871459961,55.162575407299975,55.118934436180744,59.0653993673031,2.0
69.29938741624032,68.7244873046875,68.52944045200607,68.85110505764463,59.2506495798842,2.0
51.50462835623125,51.35317611694336,50.79656822038876,51.218124231187794,47.15067972261,0.0
52.63905467278081,55.38803482055664,55.38349288907501,54.47019412747082,52.2131450343328,1.0
54.52201082240676,57.10341262817383,57.728903398156376,56.45144228291232,58.7771676797807,2.0
57.48736801134148,55.870567321777344,55.95996693073419,56.439300754617676,60.4621278523044,3.0
68.10610777029423,69.73795318603516,70.04707509582819,69.2970453507192,68.1690707411613,4.0
56.109977700294,51.95957946777344,52.8730028085889,53.64751999221878,60.238924082525,2.0
54.90188901056997,54.299922943115234,54.35799398753463,54.51993531373994,61.8583536251635,3.0
52.379242020343646,55.074886322021484,55.033895465001024,54.16267460245538,44.6217609784559,0.0
45.84894208228221,50.159420013427734,49.10049241452526,48.369618170078404,43.6812136025233,0.0
54.2978665974937,52.874595642089844,53.491170414540065,53.5545442180412,63.2805280908176,3.0
55.99941608897546,55.732391357421875,57.04667006066387,56.25949250235374,52.5707497650537,1.0
53.74601932431224,50.733699798583984,49.81735746932127,51.432358864072505,54.6481903406222,1.0
60.21291722769938,58.6779670715332,59.8323712190988,59.57441850611047,63.5134878288243,3.0
52.85891931133802,51.85798263549805,52.16423958472201,52.293713843852686,56.9130132552975,2.0
48.388007525588186,48.16963195800781,46.85010967154447,47.8025830517135,48.6744872339406,0.0
72.62610757842943,70.00528717041016,69.09077287912214,70.57405587598724,68.6539142248564,4.0
47.776515262694474,48.6744499206543,49.461882250495265,48.63761581128134,43.5926624248134,0.0
53.699848950136115,53.761192321777344,54.564753366331736,54.0085982127484,53.1264476781475,1.0
54.729855723189615,50.144168853759766,51.19151015546085,52.021844910803416,52.1684666993622,1.0
56.33733784168715,56.23155212402344,55.67020996975083,56.079699978487135,53.8642707425571,1.0
61.278768018338404,62.555564880371094,63.306721506829746,62.38035146851308,61.7122725512797,3.0
48.97308252761507,50.4511604309082,50.849555193222635,50.09126605058197,48.9347916891108,0.0
54.47738904200184,53.23951721191406,53.64452232626037,53.78714286005876,47.2799173797791,0.0
53.51198624171301,53.3175048828125,52.73998154016175,53.189824221562425,53.5760345917054,1.0
57.550314201119825,55.73898696899414,56.4697277977612,56.58634298929172,64.5180371175417,3.0
67.18056908584701,67.49762725830078,68.41119625587253,67.69646420000679,62.0764195929381,3.0
57.44008620985758,58.394012451171875,58.23250084296747,58.022199834665635,51.3573238432659,1.0
72.54889691954803,73.21253204345703,73.79114414918527,73.18419103739679,75.1851086718745,4.0
60.82861796770263,62.5628547668457,62.96530782226612,62.11892685227149,59.5340394583128,2.0
58.14007861772509,57.77602005004883,56.09099904828218,57.33569923868537,57.4778608007873,2.0
53.231792382941016,50.54256820678711,51.60516296724455,51.793174518990895,46.1224412019858,0.0
66.28995366975207,68.30484771728516,68.17055576313851,67.58845238339192,69.4757156732599,4.0
55.660783822497436,55.550209045410156,56.054375654045884,55.755122840651154,56.8779546319052,2.0
55.2609081585369,56.47346878051758,56.30778460386594,56.01405384764015,48.6230778137358,0.0
52.49524752640714,52.29527282714844,52.84440519642244,52.54497518332601,48.8554359413869,0.0
58.275866823624725,56.4586067199707,56.295127219306856,57.009866920967426,63.1502261750688,3.0
53.34035466260588,53.736751556396484,54.37748798364464,53.818198067549,62.1733073647313,3.0
71.15830009638023,68.9020004272461,67.97287040229459,69.3443903086403,68.7306282236092,4.0
53.29549257081034,53.44916534423828,53.781226630171105,53.50862818173991,48.5898180831039,0.0
70.90983295458236,72.35401153564453,71.94271607968759,71.7355201899715,58.88915440252128,2.0
73.69876623243921,74.55308532714844,75.54348130765814,74.59844428908193,73.1442643914975,4.0
59.323437742142374,57.862125396728516,58.75210567547642,58.64588960478243,57.7542796428505,2.0
68.59570363403323,66.6571273803711,68.3983347185392,67.88372191098118,82.8228174865611,4.0
53.434986232953136,55.14698028564453,55.287546980837135,54.62317116647827,54.3787651700536,1.0
57.26344283572911,55.99309158325195,54.652619445134654,55.96971795470524,51.5125283558353,1.0
54.74307326520807,55.19285583496094,52.2025866381957,54.04617191278823,52.309560061963,1.0
54.328386736307124,56.153133392333984,54.995154705596946,55.158891611412685,48.177382729201,0.0
68.85210588484333,67.68904113769531,67.33528860524274,67.95881187592713,76.0992135403657,4.0
53.27256862506012,55.7025146484375,56.213817109522225,55.062966794339935,55.8383681392772,2.0
53.33509848025842,55.51393508911133,56.12080814704211,54.98994723880395,59.665976374946,2.0
73.21283018719505,72.64810943603516,70.30100177173874,72.05398046498965,79.6830800559007,4.0
70.70505254252761,71.07926940917969,70.64455935900703,70.80962710357143,72.4639054927276,4.0
75.77503413980888,73.2888412475586,72.63744888101213,73.90044142279321,82.9998507846243,4.0
55.11587075907794,53.82123947143555,53.44124191754165,54.12611738268504,50.7251026468318,1.0
54.37411292064799,53.26522445678711,52.621849796052,53.4203957244957,49.1748043527562,0.0
67.49242654500699,68.86705780029297,66.99689678983788,67.78546037837928,68.837057784854,4.0
55.678382730955384,59.03173828125,57.842041958010405,57.5173876567386,51.9885882731956,1.0
67.49918596727723,68.17631530761719,70.00014020220995,68.55854715903479,64.1598641012715,3.0
72.5921741686192,71.99299621582031,72.46680269692239,72.3506576937873,66.9417991319078,3.0
66.7870406677119,68.62554168701172,69.63263322643053,68.34840519371805,65.7242485058339,3.0
55.07196255719675,50.60281753540039,50.827319412103925,52.16736650156702,57.665917655711,2.0
70.68450283115587,71.09114837646484,71.57197623625821,71.11587581462629,84.4775820959264,4.0
66.37833185131984,65.87056732177734,65.60351483645609,65.9508046698511,74.2061906686017,4.0
52.99063920067065,52.66138458251953,53.65408342357095,53.102035735587044,50.26891114927,1.0
72.73261225579216,70.5458984375,70.07744241925933,71.11865103751717,85.988548862598,4.0
46.58847064395753,50.403079986572266,50.71851434750935,49.236688326013045,48.886536680174,0.0
66.3119583940844,67.29499053955078,67.34779940338858,66.98491611234125,67.5924094732146,4.0
70.41414871906846,69.78438568115234,70.54755984110557,70.24869808044213,76.1604123669776,4.0
69.37183353750055,69.91173553466797,68.77169345305737,69.3517541750753,70.6637462934785,4.0
60.049859652584445,64.45826721191406,59.16435598412607,61.22416094954152,73.8052815792903,4.0
65.73434959971597,67.28518676757812,67.27559504288142,66.76504380339185,62.191527051099,3.0
56.498065216863054,54.10090637207031,54.335051092606406,54.978007560513255,60.0054061625459,2.0
69.01031483992172,70.86531829833984,69.40980699594216,69.76181337806791,76.8400080842434,4.0
49.845591262557285,51.235355377197266,51.98004727592287,51.0203313052258,45.8134892115318,0.0
60.84591724100241,61.408878326416016,60.99674141899338,61.08384566213727,63.8000864590203,3.0
51.1584454620333,53.23514175415039,52.7577598288318,52.38378234833849,45.5730619615781,0.0
55.43799177052713,57.20802307128906,58.49238299498391,57.046132612266696,57.8311175489817,2.0
57.99318816177216,56.46732711791992,57.5749676296237,57.34516096977193,57.084099023893,2.0
72.35038826229439,68.6064682006836,72.62392321242848,71.1935932251355,65.8246836224708,3.0
53.59436802530236,51.703128814697266,51.88987263361024,52.39578982453662,59.4282222798507,2.0
45.97733604769437,48.634681701660156,49.247508807148655,47.95317551883439,41.6228149331583,0.0
72.38315634874921,68.1446762084961,69.19196310685696,69.90659855470075,65.4557035397935,3.0
49.757792388115355,51.01860809326172,51.19650322830802,50.65763456989503,42.1217983827564,0.0
54.87381346921079,55.64463806152344,54.9642536715754,55.16090173410321,54.5668781137073,1.0
62.57824202663488,63.561153411865234,62.10733371561947,62.74890971803987,57.1966295250986,2.0
58.093359879412965,57.57386016845703,57.253789389085576,57.6403364789852,63.5508930601453,3.0
50.195215962262246,48.913333892822266,48.41914867674143,49.175899510608645,52.8700167814861,1.0
68.44709915745248,69.84308624267578,69.67332088424257,69.32116876145695,69.7864679010167,4.0
48.245750290595616,47.391361236572266,48.847297997514055,48.16146984156065,56.586737784839,2.0
53.797445360898884,55.47704315185547,54.88674231330668,54.72041027535368,54.0246751149376,1.0
68.27721787661214,68.42076110839844,68.51350492994735,68.40382797165265,68.3632944197182,4.0
51.69542091531805,53.44033432006836,54.580046071016696,53.23860043546771,49.4866022586579,0.0
50.55259662973597,49.70936965942383,49.649024636982496,49.9703303087141,47.000198115729,0.0
51.37610015519104,53.0667610168457,53.19101499622986,52.5446253894222,49.6348893885377,0.0
64.04174067876102,66.20653533935547,67.35166046645436,65.86664549485694,57.6275883122469,2.0
50.77072998076178,51.588623046875,52.33865000793819,51.566001011858326,54.2796073874364,1.0
52.00299841102031,52.79905319213867,52.42097515681575,52.40767558665825,50.7273706675681,1.0
70.141406631121,71.64484405517578,70.6569136709619,70.81438811908623,70.426871262038,4.0
51.956238780824414,53.56882858276367,54.561755403334324,53.362274255640806,60.9617151403329,3.0
58.53560014096264,59.701663970947266,58.52805881447642,58.92177430879544,58.8244706208366,2.0
65.64865332093811,65.76639556884766,66.21997218974286,65.87834035984288,71.9619066780029,4.0
56.3218869414032,56.023685455322266,58.34341910162329,56.89633049944958,61.3394801726062,3.0
53.85339471012865,54.36969757080078,54.384968500508705,54.20268692714604,59.4904912096629,2.0
59.48252794956925,60.65789031982422,59.357089342145215,59.83250253717957,62.0513703234843,3.0
52.52389196349686,52.550010681152344,52.08614352824475,52.38668205763131,59.6989630841534,2.0
67.75692720009486,69.01862335205078,70.11920292878524,68.96491782697696,61.9004540102246,3.0
55.98548217960443,56.12137985229492,56.563481063280406,56.22344769839325,56.0033489280546,2.0
53.67457175878452,54.22500228881836,54.58618602793061,54.16192002517783,59.6964024555801,2.0
47.45504413939651,51.957550048828125,51.37862789081134,50.26374069301199,40.4173714962005,0.0
66.46953597269548,65.19951629638672,65.30871196718849,65.65925474542357,72.9669501197702,4.0
56.822735385315234,57.51888656616211,58.11553111880206,57.48571769009314,53.8567345141966,1.0
53.8830740428129,56.11323547363281,57.14027865223374,55.71219605622648,61.8120122636901,3.0
62.579118566882,53.716976165771484,56.33762550521686,57.54457341262346,48.782564332922,0.0
52.75300274373801,52.33298110961914,51.64522504660511,52.24373629998741,40.0268704260305,0.0
50.532674580635096,49.824832916259766,48.20679441050072,49.52143396913186,47.6917545466298,0.0
52.71853874644873,53.55183029174805,53.153856649663595,53.14140856262012,60.2976977928437,2.0
49.655554078111706,52.60385513305664,53.379865513353046,51.87975824150714,44.8231206529418,0.0
54.01882363316837,55.45130920410156,55.362607825184405,54.94424688748478,62.6460394289745,3.0
68.96057961204501,65.01181030273438,68.61316073046083,67.52851688174674,63.4243836930359,3.0
56.20061354450277,56.49116897583008,54.717548863029656,55.80311046112084,59.9243967350579,2.0
57.13857882415786,56.526100158691406,56.9568929806864,56.873857321178555,50.4250418572854,1.0
49.82033565370782,48.8787956237793,49.61144310972575,49.43685812907095,45.7722012998948,0.0
60.5409659407881,59.12751388549805,59.0867131948805,59.58506434038889,62.8788135272341,3.0
73.15021259576478,72.35853576660156,70.70464196717751,72.07113010984794,75.7661059212814,4.0
75.81942716593494,73.56224060058594,71.51068158157355,73.63078311603148,74.9989148357661,4.0
70.89848666766423,69.58068084716797,69.70589780707225,70.0616884406348,57.4332916746713,2.0
59.572533977542356,57.29832077026367,57.27130715353409,58.04738730044671,64.4809242443014,3.0
48.915996819782094,50.74362564086914,48.654495893695035,49.43803945144876,52.3508302679421,1.0
74.57088071354012,71.27709197998047,70.71772151897363,72.18856473749808,73.0818798896149,4.0
55.56144071584849,53.780418395996094,56.117198155178805,55.15301908900779,51.4052854432926,1.0
68.20964988562865,69.8308334350586,69.81172474654562,69.2840693557443,69.3355982988056,4.0
51.974635436027725,52.79387283325195,52.835877903475186,52.53479539091828,45.1005705185584,0.0
57.14933942343943,57.32395935058594,55.87524490597877,56.78284789333471,69.6497939702605,4.0
57.57021195109393,55.77837371826172,55.3576681349446,56.23541793476676,54.0130704735337,1.0
60.27508547761887,60.7685546875,59.40119466559627,60.148278276905046,63.899161155671,3.0
51.55625131183265,52.38396453857422,53.21995667702271,52.38672417580986,50.5217339517515,1.0
48.08725356382048,50.6089973449707,54.16583173965213,50.95402754948111,51.1431212648815,1.0
66.85057200841761,68.32881164550781,68.3815795614672,67.85365440513088,65.4489049952494,3.0
57.31194399516386,57.68848419189453,58.07539626640199,57.69194148448679,59.4596325176111,2.0
55.178126543760115,56.58025360107422,54.65481352620063,55.47106455701166,57.0730778556862,2.0
63.06733118837064,63.62923812866211,63.28701942174732,63.32786291292669,63.9864781193041,3.0
54.297402488802476,50.70649337768555,50.49843933975295,51.83411173541365,62.5604772482601,3.0
70.78846377228064,74.15174102783203,72.48642123186661,72.47554201065977,76.3425815856912,4.0
61.263032778755466,60.126197814941406,59.87651412598674,60.421914906561206,67.0719289243387,3.0
51.831683319664805,51.54010772705078,51.2494556336193,51.54041556011163,53.9090808991072,1.0
61.56911287640236,62.614662170410156,60.3368333863568,61.50686947772311,69.1735799227205,4.0
66.20860774858825,66.53439331054688,66.26406198215471,66.33568768042994,69.802067476443,4.0
53.91803456142729,55.464988708496094,55.945346079089774,55.10945644967105,52.5272012292324,1.0
72.27504968667854,72.04409790039062,72.5521825657172,72.29044338426212,64.0016139335759,3.0
50.616995137834884,51.086421966552734,50.90387286594361,50.86909665677708,45.781948325158,0.0
48.54901849782968,50.81377029418945,51.265808965505116,50.20953258584141,49.4102035384852,0.0
54.45962684338196,52.091529846191406,52.838442560231506,53.12986641660163,57.2803406305157,2.0
52.476085420602345,51.603614807128906,51.86197771618448,51.980559314638576,42.7047009034931,0.0
52.160439019592104,54.42532730102539,53.09340316777218,53.22638982946322,46.5131090839565,0.0
71.72201930713838,72.93511199951172,71.94700073844486,72.20137734836499,83.7893712331455,4.0
57.05077269229487,54.77283477783203,55.79594802560092,55.87318516524261,55.8341423873826,2.0
71.48832489549002,72.05133819580078,72.60199108572891,72.04721805900657,75.1040280868424,4.0
54.1788012341065,55.848114013671875,55.6955312753849,55.240815507721095,51.3013594209509,1.0
51.378202508182625,53.04473114013672,54.4247273201061,52.94922032280848,47.507770155798,0.0
50.228097539695376,49.633811950683594,49.96203953830353,49.94131634289416,41.6069273682821,0.0
73.20741490361422,74.99237060546875,74.61819896018412,74.27266148975569,74.6507725886158,4.0
56.9053588723771,51.982460021972656,51.808160505851944,53.5653264667339,57.311676754224,2.0
50.73156573733171,54.774452209472656,54.45759935628482,53.3212057676964,62.3808187612199,3.0
69.21193030983419,67.22428131103516,67.48899445018023,67.97506869034986,70.6006047877028,4.0
53.4100664921191,54.90266418457031,55.11643665942463,54.47638911203802,55.1420085219668,1.0
52.151258106536275,52.55863571166992,53.109403642727486,52.606432486977894,51.3831976774689,1.0
69.6851433459573,72.6510238647461,72.54241212597498,71.62619311222612,75.7303449247123,4.0
47.9741067632456,46.90400695800781,46.493503879326525,47.12387253352663,42.7473875609183,0.0
55.80604120436834,55.354469299316406,56.67221242755,55.944240977078245,51.7608197701902,1.0
54.47216334990015,55.40531921386719,55.64110647269898,55.17286301215544,51.6653825779523,1.0
69.3375623411184,67.90840911865234,68.3765777136743,68.54084972448167,67.7734715083105,4.0
59.19259350569735,60.756675720214844,61.69035435314307,60.54654119301842,66.6167480347933,3.0
59.17487895700632,52.02590560913086,52.96513408414632,54.72197288342783,63.1705662699503,3.0
52.40203444600278,51.84805679321289,52.125001824541165,52.125031021252276,51.4163091092427,1.0
59.14205496205583,60.99056625366211,60.16673563218798,60.09978561596864,68.3432860996973,4.0
51.86395726209631,52.20148468017578,51.93641696122122,52.000619634497774,57.9922251715535,2.0
53.14877177292119,53.29987335205078,52.32327548209778,52.92397353568992,51.0438141205254,1.0
47.88906790958042,50.16416549682617,51.44747399148482,49.83356913263048,52.7323116329218,1.0
68.72423294202363,68.71428680419922,68.7106786633081,68.71639946984365,68.837057784854,4.0
70.54468028297566,69.61186218261719,69.74970771889983,69.96875006149756,77.4813924931171,4.0
55.2206138678336,53.71561813354492,54.19099565500847,54.375742552129,56.2232814066152,2.0
58.03760660533204,56.900047302246094,55.944010004130995,56.960554637236385,47.1806593487845,0.0
72.98033797762898,68.02500915527344,68.81232033330652,69.93922248873632,69.1539892456235,4.0
54.792158862612304,56.02388000488281,56.76307159243514,55.85970348664341,57.5905797470922,2.0
55.16461969099158,55.60996627807617,55.4404396085811,55.40500852588295,59.453572680902,2.0
70.89646899888285,71.4255599975586,72.13358975987066,71.48520625210404,66.1771326309723,3.0
53.86623229301787,53.86973190307617,54.798424784864444,54.17812966031949,49.8474928619415,0.0
66.84311599031433,67.69171142578125,65.67871653012088,66.73784798207215,57.7444231202547,2.0
52.63919890193453,53.24403762817383,53.05170281015719,52.978313113421855,40.6364552359644,0.0
54.895612574065005,55.656219482421875,55.467882778406405,55.33990494496444,66.2959394262594,3.0
70.7412618371883,70.07078552246094,71.0473862116955,70.61981119044823,77.4340160273894,4.0
52.38517830526737,54.76152801513672,54.85540385098327,54.000703390462455,64.4662358085061,3.0
73.9441035922843,70.38967895507812,69.70978501311627,71.3478558534929,71.6672910880756,4.0
59.64899277891521,56.02078628540039,56.3552791532082,57.34168607250793,67.7296806704329,4.0
67.21720100498783,67.03926849365234,67.77758859017429,67.34468602960482,66.3574930957988,3.0
73.66624352979532,72.82205963134766,71.81566452564769,72.76798922893023,77.9620439175979,4.0
55.203161457492875,54.52391052246094,55.45941993409995,55.062163971351254,43.6572048240171,0.0
66.5490491429547,65.27474975585938,64.98508213396723,65.60296034426044,65.4465093962085,3.0
54.00933059803336,52.66166305541992,51.97820444614615,52.88306603319981,54.7305831202367,1.0
50.916052806993534,51.478004455566406,51.656632285644775,51.35022984940158,50.0937674318915,1.0
48.31775413821815,46.81330871582031,46.87573180086924,47.33559821830257,60.1117632967947,2.0
55.426180667526,55.56930923461914,55.244859590744085,55.41344983096307,56.4799031283125,2.0
53.69491572770956,53.629581451416016,53.92200272008115,53.74883329973559,53.7472979633225,1.0
55.44986896692151,55.237060546875,55.31444769460707,55.3337924028012,48.170074458891,0.0
64.82110283279408,64.57427978515625,65.00109855455514,64.79882705750184,56.7472046748759,2.0
56.81671253332633,54.07039260864258,56.04297088390904,55.64335867529266,50.4715431669675,1.0
63.51870158272702,59.57829284667969,59.72146358437508,60.93948600459393,65.4022317842122,3.0
70.89527254954223,69.4125747680664,71.01458789582834,70.44081173781234,64.8195494024985,3.0
49.35576616147846,51.581947326660156,50.92250760874599,50.62007369896154,44.1176780818197,0.0
52.21941028816235,53.3425178527832,54.23740722074691,53.26644512056415,43.7846123375107,0.0
47.66477779951186,49.22276306152344,49.863206470394715,48.91691577714334,56.013142184027,2.0
59.567929900271906,57.17829132080078,58.59684581272468,58.44768901126579,59.1182984538098,2.0
59.8414940658098,59.33755111694336,59.25222703165122,59.47709073813479,59.0543109721227,2.0
70.90922827689212,71.31764221191406,71.87715187269738,71.36800745383452,70.912480229867,4.0
56.55733779018781,54.527931213378906,55.36785498912044,55.48437466422906,61.1026702486033,3.0
56.938657153702685,53.50530242919922,52.698440469410265,54.38080001743739,57.8931427483512,2.0
51.70255656384265,52.34785461425781,52.75898430940908,52.26979849583651,46.4498560251149,0.0
67.58348592005487,65.44001007080078,65.40288875328105,66.14212824804558,61.9395399707445,3.0
73.49511399370023,70.97716522216797,72.68419829872438,72.38549250486419,77.0109563764826,4.0
54.079283561092225,51.164737701416016,51.55476883833533,52.26626336694786,48.5902428492625,0.0
67.526892492875,68.87775421142578,69.40560905023108,68.60341858484395,66.1911984695499,3.0
50.18346147501592,50.167240142822266,50.16472129549115,50.17180763777645,61.3017214255445,3.0
49.426575935386985,43.8766975402832,44.000553689269864,45.76794238831335,46.7449419389463,0.0
57.924363495153315,56.15903091430664,56.02224885565841,56.701881088372794,58.9585476245962,2.0
49.863477172684995,49.4096565246582,49.43167351042833,49.56826906925718,40.7801974707185,0.0
51.231035740740985,54.05726623535156,54.961234598097896,53.41651219139681,59.0521152959983,2.0
68.85825494798124,69.40013122558594,69.50291744839946,69.25376787398888,68.1440654440312,4.0
70.18794405289978,67.9111557006836,70.11168672786296,69.40359549381544,84.0562437400232,4.0
68.72132838694684,67.71826171875,69.73109959084785,68.72356323218156,60.8581966186131,3.0
69.34703646261488,69.11519622802734,67.55655920664393,68.67293063242872,65.4803244773871,3.0
48.05033315876934,49.40962600708008,50.10061277076894,49.186857312206115,54.9496418166024,1.0
74.02391876216261,74.0069808959961,74.46136948829594,74.16408971548488,79.5775110084143,4.0
52.86596893470918,52.2699089050293,53.56992652625056,52.90193478866302,62.359587515219,3.0
70.00652582637082,69.99930572509766,68.87172553192839,69.62585236113229,72.5496351268634,4.0
57.67561531102873,56.547882080078125,57.171626046549584,57.13170781255215,71.4253191149634,4.0
53.570266447793244,53.919437408447266,54.53398848371683,54.00789744665244,52.9009494702322,1.0
55.517036177574774,57.05526351928711,55.99613740681968,56.18947903456052,63.0432433803226,3.0
69.08688985925136,69.67269134521484,70.63190466090704,69.79716195512441,70.1090277052475,4.0
59.87076667661406,59.66254806518555,59.23750391721016,59.590272886336585,56.4562840043062,2.0
73.9690219879898,75.1540298461914,75.71975479327904,74.94760220915342,75.2649227414867,4.0
49.31452091217574,52.5404052734375,52.153361974874024,51.33609605349576,40.1295444277454,0.0
69.17136339473146,69.61820220947266,69.63118596882232,69.47358385767548,70.0429684532454,4.0
49.816373423455005,53.06527328491211,50.955273243800036,51.278973317389045,41.0118286756809,0.0
52.864983192992014,52.30204391479492,51.23906741053151,52.13536483943948,59.9561143519682,2.0
70.54905889406231,70.3233413696289,70.78557600289187,70.5526587555277,59.0392848731948,2.0
50.16198449193489,51.00722122192383,52.999949426865406,51.38971838024137,55.1721832519099,1.0
56.46907423838587,53.208709716796875,53.92108243270278,54.53295546262851,49.0891763257087,0.0
58.909459490511594,58.040470123291016,57.91841407749375,58.289447897098775,59.5542518398613,2.0
58.71495893661943,54.92387008666992,54.649393342230965,56.096074121840104,60.6545022309537,3.0
53.359643517775986,52.5206413269043,50.942465738586556,52.27425019442228,53.9930702439544,1.0
56.98521118184915,55.593875885009766,55.40986767711865,55.99631824799253,57.3257479091016,2.0
54.391144238682934,50.32307815551758,50.89913909575067,51.871120496650384,59.7546896572484,2.0
72.7454031086108,73.87220764160156,72.91073145695195,73.17611406905478,69.9353673002945,4.0
52.669077213874594,53.970733642578125,55.3262274433079,53.98867943325354,47.6110538357053,0.0
56.84146795271732,59.339290618896484,59.98150398389342,58.72075418516908,58.290023856639,2.0
52.386258325192195,50.12614440917969,49.405070813513866,50.63915784929525,51.6242596833025,1.0
61.8532059562349,60.34945297241211,58.822389205075446,60.34168271124082,60.6367753232234,3.0
45.90864743603897,49.6049690246582,50.066818905910544,48.52681178886923,36.2431911694401,0.0
53.78584660145112,53.23213577270508,54.47416575214506,53.83071604210042,51.0839881867699,1.0
49.767706431577906,52.075862884521484,50.224453756046096,50.689341024048495,43.540502620071,0.0
52.86121805533164,55.536720275878906,56.229268023034706,54.875735451415075,62.0439444963657,3.0
53.65836616907192,54.9201545715332,57.15514789893727,55.24455621318079,49.2020305961485,0.0
70.8001306896349,71.2245101928711,70.83022289734133,70.9516212599491,68.8348113144276,4.0
55.911749191779066,56.01143264770508,55.76789769148834,55.89702651032416,62.8953016338146,3.0
47.748556096891356,47.656307220458984,48.99450823669682,48.13312385134905,37.7293727992796,0.0
60.689085870224496,60.84654235839844,61.88214611799293,61.13925811553862,54.2113597710368,1.0
53.23612371418161,53.34632110595703,53.367218849014854,53.316554556384496,53.684835767516,1.0
49.13417668614459,50.9174919128418,51.1915245391573,50.41439771271456,49.2509547257804,0.0
67.49796572215966,69.18327331542969,69.7848507472758,68.82202992828839,58.8397402541357,2.0
52.82702287454283,52.5758171081543,52.24566428105594,52.54950142125102,56.9100573343774,2.0
68.807766874826,68.36549377441406,69.58470163772837,68.91932076232281,67.0889479584429,3.0
52.10418151620843,53.73275375366211,53.60071154028004,53.14588227005019,52.8233891738458,1.0
51.25171707792021,52.77730941772461,53.74077021231975,52.58993223598819,50.0505084888005,1.0
71.1982099502562,73.89834594726562,72.58808958958286,72.56154849570156,65.4578662154527,3.0
60.18104022340009,58.90007400512695,56.97367677362421,58.68493033405042,52.7618412296721,1.0
69.3375623411184,67.90840911865234,68.3765777136743,68.54084972448167,67.7734715083105,4.0
72.24904209886394,72.31509399414062,72.2556181376081,72.27325141020422,65.3909660666181,3.0
56.896782888039574,57.0225715637207,55.78471821213111,56.56802422129713,48.3376678865868,0.0
51.150208020629336,52.28594207763672,52.114615789478066,51.850255295914714,56.8174822074673,2.0
48.03620679319583,47.129207611083984,47.13154433299338,47.432319579091065,49.7858883957255,0.0
59.01409781632048,59.35245895385742,59.64949206266459,59.33868294428083,61.0200603678654,3.0
55.30050364895412,50.468387603759766,50.73271299375109,52.16720141548833,48.557125215631,0.0
59.621357296611244,58.52272033691406,57.00423613522083,58.38277125624871,63.6578263866941,3.0
72.2428219135611,73.80973052978516,72.13829195160609,72.73028146498412,82.0621435689171,4.0
54.82723864589358,58.084171295166016,56.63560544128112,56.515671794113565,63.1531375751653,3.0
54.39291115718206,53.29851150512695,53.324926124160044,53.67211626215635,61.7510640899224,3.0
67.5744288037423,67.41322326660156,66.60486060228307,67.19750422420897,74.2061906686017,4.0
54.56771508325247,56.07692337036133,55.684855104344095,55.4431645193193,50.7213825547211,1.0
56.44079743782266,55.47338104248047,55.46457946993596,55.79291931674636,54.7398800821026,1.0
66.04170927506158,65.77629852294922,64.89367680824935,65.57056153542005,66.3364602700155,3.0
47.67501136848986,50.065914154052734,49.74261005926838,49.16117852727032,43.6877371627506,0.0
74.82722542978945,73.05695343017578,73.3339761136793,73.73938499121483,74.6046941759575,4.0
56.385692435523765,57.10354232788086,56.78090399826916,56.75671292055793,47.0544465908251,0.0
58.78427714335044,62.9902229309082,62.21148436214813,61.32866147880225,66.7084380151134,3.0
52.35594950616666,52.488677978515625,53.329974822445635,52.72486743570931,46.3451880626824,0.0
52.94521751907207,54.39826202392578,55.00287642915795,54.115451990718604,53.920074970075,1.0
44.3645274013655,47.189109802246094,48.2687931852913,46.607476796300965,46.2602461680044,0.0
51.34763045698915,53.30937194824219,52.34989358566054,52.33563199696397,58.8759691153335,2.0
58.00827806379282,62.4498291015625,61.09907310801298,60.51906009112276,53.5504486463046,1.0
71.45999613942288,71.0783462524414,70.65339190810863,71.06391143332431,79.5356076226706,4.0
56.074968391775556,56.18696975708008,56.47722413567806,56.24638742817789,58.4085433172692,2.0
56.3095038509939,50.93275833129883,51.37166583746431,52.871309339919016,62.4687221381423,3.0
69.18839323667422,71.93904876708984,72.22885853542016,71.11876684639475,72.750526341472,4.0
48.339460583074036,50.64775848388672,50.382722037422816,49.78998036812786,58.0686409005685,2.0
54.530994367983794,51.20477294921875,50.599082957135465,52.11161675811267,46.461189737499,0.0
54.75510106080989,53.91157531738281,54.94889142989092,54.53852260269454,57.652648199303,2.0
63.749781478311014,67.72953796386719,66.99391091739291,66.15774345319038,61.5821392611531,3.0
54.71455953856291,48.68272018432617,48.116539211051055,50.50460631131338,44.5192265632145,0.0
56.625710786170714,59.70505142211914,59.44670860640064,58.5924902715635,58.3799292676277,2.0
66.13265715129343,66.67693328857422,67.83739305486102,66.88232783157622,66.6330818552879,3.0
55.09066244262151,54.63356399536133,54.33047691729044,54.68490111842442,47.3956075328707,0.0
68.37835626549231,69.93994903564453,71.60068071207169,69.97299533773618,58.88915440252128,2.0
71.66028174684728,73.12566375732422,70.68993698055606,71.82529416157585,73.2894607533916,4.0
53.07224211218521,52.38392639160156,50.3252863351603,51.92715161298236,59.7791099551696,2.0
52.37079019983153,53.04891586303711,51.93656021871575,52.452088760528135,59.253970377086,2.0
56.84108319054169,55.59885025024414,55.86751292656177,56.1024821224492,61.0471619363419,3.0
54.10569680737685,51.70277786254883,50.50852269306378,52.10566578766315,54.6481903406222,1.0
55.837926910173785,55.818565368652344,53.662699029555654,55.10639710279393,49.2620373813713,0.0
57.10272836574426,58.026309967041016,57.760147151163864,57.62972849464972,54.2859253946814,1.0
50.35680869775847,49.3267707824707,49.62629691218178,49.76995879747031,60.2380193216084,2.0
54.25274520162889,55.35594940185547,54.94869466334901,54.852463088944454,57.3403900425781,2.0
67.83504881132126,69.9113540649414,69.76158260002288,69.16932849209518,74.5514407561987,4.0
54.41525084513688,54.25454330444336,54.2016259961966,54.29047338192561,40.0961338583007,0.0
69.34268712058967,71.33342742919922,70.55441865188462,70.41017773389117,73.2757172967348,4.0
65.52416804593837,65.53813934326172,64.93413760925559,65.33214833281856,64.2915013225741,3.0
52.931835339245,53.964176177978516,54.14521122793354,53.68040758171902,47.4862452964178,0.0
53.692971615094734,55.37982940673828,55.48301438296381,54.85193846826561,52.0952884086191,1.0
55.432262122329654,55.434417724609375,55.255262656238095,55.37398083439237,42.7055620203366,0.0
52.26526707377134,52.90843200683594,51.648559759565735,52.27408628005767,43.525658666654,0.0
46.03845273515446,44.5313606262207,45.8628886224342,45.47756732793645,44.889386612698,0.0
66.33812170878987,66.82173156738281,67.89399607750568,67.01794978455945,77.8055081939934,4.0
54.607823085123826,55.09151840209961,54.698706068020876,54.79934918508144,61.3664986810622,3.0
59.262441360187886,57.84911346435547,56.44437158335351,57.85197546929896,64.281000804261,3.0
51.01542855627045,52.50575637817383,52.25900248965466,51.92672914136631,50.2596137000676,1.0
60.1371352584812,58.48857879638672,58.33545053039539,58.98705486175444,60.5483431859183,3.0
60.828956799757385,61.4295654296875,60.33521792521797,60.86458005155428,69.1735799227205,4.0
57.01289177883078,58.533931732177734,58.014313869287264,57.85371246009859,65.5693235885633,3.0
74.80667713726453,75.42835998535156,74.58377378409628,74.93960363557079,86.8828710861017,4.0
54.68003268680393,52.054386138916016,51.001548788981374,52.578655871567115,54.6443835754986,1.0
53.59069355644261,54.50376892089844,55.02534499268863,54.373269156676564,60.2054741263921,2.0
55.784685981234844,54.26776123046875,54.127164141869635,54.72653711785774,53.9806814495815,1.0
56.93066623976859,57.03810501098633,57.121110320233036,57.02996052366266,65.4234013542258,3.0
54.29564792897031,56.68872833251953,56.94286068060669,55.97574564736551,57.7232320290261,2.0
70.31837553053555,67.81343078613281,67.48484237399919,68.53888289688918,81.1720574653674,4.0
52.66885072186336,54.99496078491211,54.84284647272383,54.168885993166434,52.1187871814374,1.0
62.90242796313653,60.78562927246094,60.89524142633408,61.527766220643834,65.5224174397842,3.0
58.96951382134475,59.029232025146484,57.49420490947244,58.49765025198789,66.3357140617297,3.0
52.59281439370786,54.75257873535156,54.57288817251553,53.97276043385832,48.1673577380051,0.0
56.56030067241886,54.91269302368164,55.30915976500078,55.59405115370043,61.6028200493266,3.0
71.19156459874428,71.89856719970703,73.10533448721257,72.06515542855463,70.7015860123523,4.0
65.01232359801747,64.3127670288086,64.95401401683357,64.75970154788655,65.0365159782565,3.0
72.50530501354257,68.95429229736328,68.5447701478435,70.00145581958311,64.8134435311976,3.0
51.31516787823022,52.095794677734375,51.18758910507686,51.53285055368048,42.9015258968417,0.0
53.37146366364615,55.016605377197266,55.10217218002807,54.49674707362383,55.4576232495606,1.0
49.20109577368279,50.617862701416016,50.13528399243407,49.98474748917763,50.951588199859,1.0
53.702682442499594,54.70671081542969,55.027815221770794,54.47906949323336,47.7683427636198,0.0
56.72618501949637,58.763301849365234,58.36777076216863,57.95241921034341,57.196348713591,2.0
69.41582091323477,66.89849853515625,67.62688043715147,67.9803999618475,72.8879283660219,4.0
50.83048149015276,49.43661117553711,49.52072243787241,49.929271701187425,39.377248526133,0.0
57.284565105048024,59.10297393798828,59.15160074301316,58.51304659534983,58.4251545658661,2.0
52.9131714359565,55.23435592651367,55.18751148083843,54.445012947769534,53.2574827145468,1.0
51.289201542956995,52.555824279785156,53.18584712839153,52.343624317044565,59.4016678620217,2.0
52.58438539150649,53.29304885864258,54.94464187378505,53.607358707978044,63.8582744170117,3.0
74.68105137793498,72.60307312011719,73.724194663336,73.66943972046272,70.1373969544495,4.0
45.332846797937854,47.228580474853516,48.16728639101679,46.90957122126938,42.1809026113029,0.0
51.90770450137056,51.989585876464844,52.39170055808092,52.09633031197211,47.1818147387325,0.0
51.15140751042702,52.07168197631836,51.50582132283397,51.57630360319312,53.1777467768292,1.0
56.5379674804574,56.072593688964844,56.02688599682857,56.21248238875027,55.4307138604261,1.0
56.020659868195935,55.046634674072266,53.12530136784481,54.73086530337101,65.3788348902888,3.0
68.29536695395721,66.17955780029297,67.27363781784494,67.24952085736503,55.0273922650623,1.0
70.79483733530552,71.12555694580078,70.00539587299394,70.64193005136674,69.8314453842982,4.0
51.00967688687362,51.30510711669922,50.48493532814168,50.93323977723818,61.3396750550363,3.0
57.985927222715205,57.9414176940918,58.45657677831045,58.12797389837248,50.8715774071339,1.0
54.64860959395113,54.464149475097656,53.550127844742335,54.22096230459704,49.7287676407248,0.0
55.412618533732314,56.06574249267578,56.22009629051773,55.899485772308616,46.8991745078105,0.0
58.84925745669352,54.91246795654297,55.17265592576042,56.3114604463323,57.7708516149455,2.0
57.99538230760198,55.72597122192383,56.59162644579097,56.77099332510559,59.8639550734321,2.0
71.71479564009306,70.67318725585938,70.10858343468425,70.8321887768789,73.2539695221083,4.0
51.273866110772744,53.97393798828125,53.22319518090415,52.823666426652714,57.9018348584812,2.0
53.527954876584566,51.617210388183594,51.232860105663164,52.12600845681044,65.4159660334724,3.0
51.31790781035677,54.08039855957031,53.68262030158619,53.026975557171085,55.6992714736404,2.0
70.79615509596017,72.1273193359375,72.95567120282374,71.95971521157382,75.0339258133607,4.0
59.104605363453594,59.75332260131836,59.51924998395064,59.459059316240854,64.3613975388274,3.0
49.78153599497125,51.843528747558594,51.871816248730795,51.16562699708688,43.4130014291566,0.0
51.99520858874482,55.71995162963867,55.83499518081017,54.51671846639789,48.0775899477177,0.0
54.97845897742251,53.91416931152344,53.66865323260754,54.18709384051783,35.7446961076331,0.0
72.58214446409349,73.26557922363281,70.01865441314331,71.95545936695653,67.2518395939905,4.0
72.12356426228912,67.00601959228516,66.9226313444964,68.68407173302354,67.7143337621499,4.0
47.007107185544,49.3858757019043,50.22572450463086,48.87290246402639,43.1735957963974,0.0
70.30345443178084,71.89969635009766,73.33764872942879,71.84693317043576,69.6621672056913,4.0
66.05125619743521,66.14569854736328,66.16819756406889,66.12171743628912,66.4988808034084,3.0
56.22254484032972,56.01250457763672,55.200091247042394,55.81171355500294,53.3807602206846,1.0
60.50226167356415,60.00606155395508,59.69592303437153,60.06808208729692,59.6462473729537,2.0
59.227025851028024,59.59841537475586,59.392101125779064,59.40584745052098,56.8090767196861,2.0
56.16479447355148,57.12499237060547,55.29115962728338,56.19364882381344,51.0711804203889,1.0
63.866045618405735,60.549320220947266,62.917398647175986,62.44425482884299,57.971358370309,2.0
61.00411223796666,58.66346740722656,56.81807448871981,58.82855137797102,60.2778756680259,2.0
60.4091441858229,65.93478393554688,63.51128432674482,63.2850708160382,71.3030649850245,4.0
57.947156774338715,55.79109573364258,53.59832032633095,55.77885761143741,66.2202904717674,3.0
56.5379674804574,56.144962310791016,55.60363438782664,56.09552139302502,66.6381095955011,3.0
56.238964186229154,55.64944076538086,54.44579610569889,55.44473368576964,58.5437814752497,2.0
58.2318710600727,59.9609489440918,59.60458145510548,59.26580048642332,54.5230984009258,1.0
52.35940254744411,51.10858154296875,53.315827031800424,52.2612703740711,43.5906865205067,0.0
50.33279838598073,48.71056365966797,50.49431560789853,49.84589255118241,45.3630160360266,0.0
53.38051143639222,54.639808654785156,53.07132142246531,53.697213837880895,59.4904912096629,2.0
49.69690827069573,49.72040939331055,48.98156690765691,49.466294857221065,48.3343887972702,0.0
51.2652648122936,49.69619369506836,51.086028328938006,50.682495612099984,43.0575003829568,0.0
49.73857619496765,49.53107833862305,49.61267011722018,49.6274415502703,54.6955819697662,1.0
54.40839393201566,52.42701721191406,54.72623373350524,53.85388162581165,47.4141024483221,0.0
57.586743052800315,57.31523513793945,56.52326318573088,57.14174712549022,49.6117910457705,0.0
60.71077002429822,63.66658020019531,62.39682033014644,62.258056851546655,66.6785004964057,3.0
55.11587075907794,53.82123947143555,53.44124191754165,54.12611738268504,50.7251026468318,1.0
52.75994296666461,54.47197341918945,54.35737838139914,53.863098255751076,50.7865566135736,1.0
71.48706443562537,76.27228546142578,74.36323899561964,74.04086296422359,78.7363520334907,4.0
65.29043348678331,68.62835693359375,69.14219830529396,67.68699624189033,71.651574933241,4.0
50.97366630663472,49.96031188964844,51.2981254394584,50.74403454524719,52.3161984099291,1.0
57.26042874042096,56.69358444213867,54.684163074404694,56.21272541898811,51.296413894375,1.0
56.09986428492777,52.556884765625,53.65051157453412,54.1024202083623,59.8173881514119,2.0
51.92610105594995,54.876705169677734,54.51317474812555,53.77199365791774,61.4606867490081,3.0
48.941135669490016,49.247467041015625,49.76199982286882,49.316867511124826,47.0984368656122,0.0
57.057559326638305,57.88660430908203,59.209118781204445,58.051094138974925,57.4958287863184,2.0
51.885560647272484,50.8924560546875,50.86946463529319,51.21582711241772,57.5240558691077,2.0
57.57904881146106,54.37881851196289,53.909191309099306,55.289019544174415,55.158441359544,1.0
67.75184119676206,68.9215316772461,68.76446655296814,68.47927980899209,63.3539989878253,3.0
61.56949763116513,59.27153015136719,60.194490653078425,60.34517281187024,62.1298117444954,3.0
73.76211665904668,72.50067138671875,71.63582272420518,72.63287025665687,78.0727288111847,4.0
49.44222369478455,51.26099395751953,52.72136094453587,51.14152619894665,47.6058863735674,0.0
58.36897939838067,54.424442291259766,54.31607825868151,55.70316664944065,59.9391943784964,2.0
51.87221992947031,49.78624725341797,47.51536782636597,49.72461166975142,40.1530596554901,0.0
68.76743431305732,64.55486297607422,63.73262624024851,65.68497450979335,66.3558652191383,3.0
70.28009414686412,71.53050231933594,71.10480032349173,70.97179892989725,68.894321652402,4.0
69.63952210424424,70.0488052368164,69.1974620963856,69.62859647914875,65.6391270682535,3.0
52.345828570222096,54.03343200683594,53.23917095534356,53.20614384413386,62.9262427064082,3.0
70.0350741106721,70.04291534423828,70.48400143595782,70.18733029695606,58.88915440252128,2.0
50.58184096667574,54.28901290893555,54.48029622408422,53.117050033231834,48.2128570076809,0.0
57.37915896781213,58.68043899536133,59.65298060351443,58.570859522229306,55.1222224793623,1.0
49.03011611877611,50.53931427001953,51.17143964082464,50.246956676540094,50.1777236091431,1.0
56.94721687897889,56.22441482543945,55.60153820230516,56.257723302241175,58.0220508946927,2.0
50.16262457144346,51.95663070678711,51.94872502069064,51.35599343297374,46.4350677443875,0.0
57.0087008072396,59.67336654663086,59.89412211324788,58.85872982237279,43.5408283328394,0.0
70.73286314014769,71.75452423095703,71.7627402745077,71.41670921520414,81.7215021516094,4.0
56.49913236106384,57.39833450317383,55.072074576117956,56.32318048011854,58.3927959799728,2.0
50.6860009001254,53.345741271972656,53.58336229934368,52.538368157147254,47.5775413825766,0.0
65.71966004111394,65.95889282226562,65.69335562581601,65.79063616306519,72.0601250290784,4.0
57.99255416558174,56.79805374145508,56.190216864176854,56.99360825707122,60.632502511594,3.0
57.423951563469366,56.50944519042969,55.54530759208884,56.49290144866264,74.3563422897089,4.0
45.48936552464507,48.14304733276367,48.6024306261777,47.41161449452881,44.8897562794786,0.0
70.01573496644419,70.77243041992188,70.22513251263806,70.33776596633471,64.8041056616523,3.0
67.9627179013032,68.3141098022461,68.89820140262475,68.39167636872469,71.2403557558944,4.0
63.35593176593203,62.20021438598633,60.471806839271316,62.00931766372989,63.343033498277,3.0
53.5233956176002,55.01013946533203,54.72702320371745,54.420186095549894,52.6113578105275,1.0
56.400685177836316,54.97903060913086,55.11526616482187,55.498327317263005,51.2303288887168,1.0
62.62190318075974,62.41558074951172,59.75376913064301,61.59708435363816,66.5458058029811,3.0
69.73202746652173,70.4320297241211,70.45491555174112,70.20632424746132,66.7309911741766,3.0
68.15196432406016,67.40450286865234,67.56600615634022,67.70749111635091,68.2516131235721,4.0
74.09309691290834,78.03986358642578,74.50989576018296,75.54761875317236,82.3741886013969,4.0
56.66207363842083,55.99882125854492,56.566587205950285,56.409160700972016,45.060907525804,0.0
47.45504413939651,51.957550048828125,51.37862789081134,50.26374069301199,40.4173714962005,0.0
49.32420530742095,47.09001541137695,47.90553248389009,48.106584400896,47.2193249782054,0.0
56.37896493028361,56.94688034057617,56.91807679725531,56.74797402270503,60.5208826862188,3.0
58.86772249940264,60.33357238769531,58.40107976687436,59.20079155132411,59.6376547778195,2.0
53.729958137905136,53.64008331298828,53.042213040168264,53.47075149702056,60.6068549182199,3.0
51.96327558412751,51.8006591796875,51.816401640499926,51.86011213477165,50.7526413071094,1.0
53.97866551086986,55.21886444091797,54.67918983500508,54.625573262264304,51.0967148584481,1.0
55.672129968912195,53.69984817504883,54.732615748667335,54.70153129754278,52.8095276236251,1.0
59.586600348438054,57.47996139526367,57.23096621024121,58.099175984647644,49.2860414005799,0.0
66.72179890181773,67.78691101074219,67.16220027769567,67.2236367300852,71.5275991365625,4.0
56.48623600236403,56.23798751831055,55.787470466699126,56.170564662457906,62.7882265754507,3.0
57.203330006813594,54.085899353027344,53.24709397692362,54.84544111225485,60.2925393850035,2.0
58.08310528578393,55.47867202758789,56.67864139241801,56.74680623526328,60.5806910978327,3.0
53.586462660360525,55.914283752441406,54.69723243041527,54.732659614405726,55.1760420798003,1.0
53.736415568783336,54.34419250488281,54.30193442391346,54.12751416585987,61.2479827244959,3.0
57.08122474191497,55.45235061645508,55.67049725621859,56.06802420486287,55.0966909792103,1.0
66.50970544133665,65.77902221679688,68.0173013478115,66.76867633531499,64.1993213486175,3.0
53.75969518776048,51.35516357421875,50.71701083219701,51.94395653139208,57.149395669606,2.0
58.82040469935809,57.34477615356445,57.31335094014792,57.82617726435682,51.1724637944575,1.0
54.09079127549349,53.379798889160156,51.5141538171022,52.99491466058527,65.0330412224747,3.0
58.81000027386139,56.16423416137695,58.11489864930647,57.69637769484827,51.6626729630502,1.0
69.68455287817285,70.1816635131836,70.18620218424259,70.01747285853303,68.0549655677603,4.0
47.738186398406654,49.40076446533203,49.88482930944825,49.007926724395645,38.2338436376227,0.0
74.38343249950763,74.03276062011719,75.3272434604102,74.58114552667836,72.7873503243966,4.0
51.72384704339325,53.097686767578125,54.19935343600123,53.00696241565754,60.5134425863996,3.0
72.50155727415635,70.94666290283203,73.12875336351844,72.19232451350229,76.9834659540738,4.0
51.88540147167537,49.350006103515625,49.29748429803893,50.17763062440997,55.7162769070776,2.0
50.28398989028158,53.42230224609375,52.856905904043074,52.18773268013947,41.5478250265558,0.0
53.49327349875889,53.87615966796875,53.82774203924968,53.73239173532577,50.7576196748977,1.0
53.16054598804639,51.478599548339844,52.14375078751492,52.26096544130038,55.7474271357437,2.0
73.65953845289748,74.05998992919922,72.43054666595732,73.38335834935134,70.0567749144497,4.0
53.71774207098906,52.385066986083984,52.63256701595509,52.91179202434271,59.5075534863863,2.0
72.1404048753231,70.95662689208984,71.07451500269879,71.39051559003724,68.2896329566046,4.0
53.059812904722264,53.80465316772461,55.75219694954754,54.20555434066481,45.8412644737336,0.0
61.98463799599907,62.1438102722168,62.28400579214367,62.13748468678651,57.7117162287653,2.0
67.35983868360125,65.91187286376953,67.92257193741096,67.06476116159392,63.4243836930359,3.0
56.37554865316867,54.77884292602539,55.323910951009985,55.49276751006801,48.6151222362642,0.0
77.74717738056364,76.2153091430664,77.28121512781391,77.08123388381465,75.49624587082,4.0
60.080342002685754,60.034114837646484,59.81820274886285,59.97755319639836,64.5454071970828,3.0
55.36993433522622,56.729331970214844,56.43950058643249,56.17958896395785,51.9512165722276,1.0
62.22113137448388,59.85308837890625,60.403124480718425,60.82578141136952,58.6317764629232,2.0
59.8345056811857,57.85210418701172,60.72626381275047,59.470957893649306,53.5912696114541,1.0
52.595134359194866,52.96858596801758,54.78005401996776,53.44792478239341,45.2644168402327,0.0
63.003994113486115,60.103736877441406,60.500457201200085,61.20272939737587,55.3707351410639,1.0
52.646121437705396,52.36180877685547,52.43764869606901,52.48185963687663,57.609428809084,2.0
44.42400276796785,44.8516960144043,45.86896214060926,45.04822030766047,43.3346341691285,0.0
52.551572495073266,57.61775207519531,56.63460398615812,55.6013095188089,57.1801249429298,2.0
51.93876101832432,50.74842071533203,51.11061994494717,51.26593389286784,46.1906767497042,0.0
50.72664209607069,49.74229049682617,49.708580407894125,50.05917100026366,58.5863461959508,2.0
69.59173157090275,69.47145080566406,69.61054468801638,69.55790902152773,69.4150355919565,4.0
52.738046985930296,52.96945571899414,53.13688214333253,52.94812828275232,50.4397121703671,1.0
47.716818735337704,51.256351470947266,50.43308586024112,49.8020853555087,44.1577397264266,0.0
54.30800356015829,53.866756439208984,58.72843264827604,55.63439754921444,53.8509793766309,1.0
69.12906852101254,71.87307739257812,70.88644362327673,70.62952984562246,64.9067712587971,3.0
73.0263241470248,66.00699615478516,69.7120215072122,69.58178060300737,84.4459882425811,4.0
68.3571785009232,70.9961929321289,70.14465899886154,69.83267681063786,69.5285453250474,4.0
70.05758698605368,68.6043472290039,69.0129525325515,69.22496224920303,63.4261547472786,3.0
70.87003307129085,69.35379028320312,69.50557565675398,69.90979967041598,70.6637462934785,4.0
74.49473880301706,71.97928619384766,72.6606162783031,73.04488042505595,72.6770826649703,4.0
55.43538815819649,55.570068359375,56.74155615060266,55.915670889391386,51.5013321229765,1.0
56.61005102245283,55.870567321777344,54.756116267623966,55.74557820395137,54.1508079314864,1.0
53.98118089081467,52.206851959228516,51.62820771935726,52.605413523133485,57.6623053459256,2.0
51.630459823199736,55.498252868652344,55.12203748211326,54.08358339132178,51.7608320741929,1.0
48.40559029139885,52.556884765625,53.39149261167173,51.451322556231865,55.9065402621495,2.0
56.924508055943235,53.14622116088867,52.83562188105333,54.30211703262841,66.8262414992801,3.0
67.85032023073127,68.13827514648438,68.79212677145665,68.26024071622409,65.913518975149,3.0
50.99493787534688,51.04082489013672,53.79034716663236,51.942036644038645,44.6460227050573,0.0
71.62228991709783,72.57050323486328,72.27610267397252,72.15629860864455,72.6979435720909,4.0
48.23526963038731,48.55617141723633,47.915483698905135,48.235641582176264,51.4656773037729,1.0
69.77953049086037,70.89073181152344,71.25687677285325,70.64237969174569,71.3227383986297,4.0
55.22487325030821,54.17011642456055,54.28350078358204,54.5594968194836,56.7716954645279,2.0
56.03779570231586,56.34281921386719,56.68552753546175,56.35538081721493,56.0889798917742,2.0
75.13633472377154,73.56089782714844,73.94325271371446,74.21349508821147,76.6831321548977,4.0
55.40655397974545,56.04789733886719,55.44543959175873,55.63329697012379,61.5834736130928,3.0
54.697268012721324,55.730369567871094,54.93631651197052,55.12131803085432,59.4768538666207,2.0
60.08670781333312,53.555946350097656,55.19980472484961,56.280819629426794,51.7941728677017,1.0
49.095159586654724,49.50210189819336,49.86834382075582,49.48853510186797,47.1011696105149,0.0
54.70131255048839,58.518280029296875,58.71164713972629,57.31041323983718,47.5950800380475,0.0
57.98465221437304,57.952781677246094,57.14682252900066,57.694752140206596,54.0846553347497,1.0
71.95404999467358,71.84184265136719,72.76607410787311,72.18732225130462,75.7001071691981,4.0
59.59520351561977,57.63570022583008,58.257741061106564,58.49621493418547,58.0678272598942,2.0
67.78207015639009,66.89302062988281,66.8254797225478,67.16685683627357,68.0946715042473,4.0
51.543133759733415,52.38072967529297,52.82315511744921,52.24900618415853,47.7781090182957,0.0
58.43031473084965,59.93418502807617,55.60053130706267,57.988343688662816,61.7608258490969,3.0
54.03923539342451,51.203861236572266,51.40903679631195,52.217377808769584,48.4840017816248,0.0
69.1026924082392,66.99244689941406,65.60616528873945,67.23376819879756,73.7311702032111,4.0
66.7952349354031,67.73798370361328,68.44999899725933,67.66107254542523,69.6843222498879,4.0
71.6331877569544,71.05127716064453,70.69131639150118,71.1252604363667,70.1960219291404,4.0
53.22890218543845,52.09700393676758,52.586474446665115,52.63746018962371,51.4163091092427,1.0
69.48655159153536,67.6286849975586,68.59645954902861,68.5705653793742,61.8737292625902,3.0
69.73701730762852,70.80691528320312,70.05486399985277,70.19959886356146,74.4872076588976,4.0
52.33601818386777,50.36513137817383,50.02799598827925,50.909715183440284,45.8205161346893,0.0
57.9328554482272,58.47954559326172,57.433306273589224,57.948569105026046,70.0940828474641,4.0
49.31262773914853,50.434059143066406,50.65137427658268,50.13268705293254,57.119565253323,2.0
53.16623385383905,54.46873092651367,54.76057070551705,54.13184516195659,55.9792807569067,2.0
53.27195101822179,55.771671295166016,55.57432707524123,54.87264979620968,52.6727286571385,1.0
50.515989622612054,52.40041732788086,52.73297940347619,51.88312878465638,53.3127625936916,1.0
50.09791787623701,54.08039855957031,53.68262030158619,52.62031224579784,54.7710272378264,1.0
56.141366862623194,55.483680725097656,55.16682674112154,55.59729144294747,53.9274634750657,1.0
71.59390990933059,69.60073852539062,69.50779682886798,70.2341484211964,77.8331925962767,4.0
50.38799993646981,49.573631286621094,49.71301769164583,49.89154963824558,49.3687032138029,0.0
66.20860774858825,66.53439331054688,66.26406198215471,66.33568768042994,69.802067476443,4.0
52.738046985930296,52.96945571899414,53.13688214333253,52.94812828275232,50.4397121703671,1.0
50.99156957773728,52.72520446777344,54.92314987943999,52.87997464165024,46.3804388138533,0.0
48.037752214359315,48.31858444213867,49.07767758542985,48.478004747309285,51.6180870113347,1.0
67.18671751852833,66.54570007324219,67.05768227458867,66.93003328878639,58.4934190503215,2.0
59.213895299699224,57.610286712646484,56.695261201779985,57.83981440470856,57.0367408025212,2.0
49.01582070900343,53.9492301940918,53.800553149720784,52.25520135093867,50.2632824625883,1.0
59.48261584231525,58.88051986694336,57.48094961204066,58.614695107099756,69.2360467944628,4.0
54.03923539342451,51.203861236572266,51.40903679631195,52.217377808769584,48.4840017816248,0.0
55.12828377594866,53.669769287109375,53.70940771662061,54.16915359322621,55.9968991848038,2.0
55.27562832238361,53.9527587890625,54.43591555244507,54.55476755463039,65.1125269373557,3.0
57.995862104266514,59.35346984863281,59.59950454043224,58.98294549777719,48.589530946988,0.0
53.937108998568405,54.49460983276367,54.55407292763808,54.32859725299005,70.3593869419874,4.0
64.95884899191675,63.96382141113281,63.95313929385405,64.29193656563454,68.0327484105079,4.0
57.55744737778516,56.9788703918457,56.728629321927784,57.088315697186225,60.9555998644345,3.0
58.353778014204025,56.764129638671875,57.939756285322346,57.68588797939941,47.9835895342454,0.0
51.20247336363892,52.12077713012695,51.60801107709255,51.643753856952806,49.4138416532067,0.0
55.904324995669256,52.34281539916992,52.09068197255488,53.445940789131356,52.1171256896826,1.0
52.30757299137039,51.082332611083984,51.03146157112519,51.473789057859854,53.2266491239003,1.0
69.44198099591742,65.87032318115234,69.03412527327717,68.11547648344897,59.3398171205211,2.0
58.66694105775874,56.1262092590332,55.22210196904615,56.67175076194602,62.7826286583248,3.0
56.28877423007243,55.529624938964844,55.03923138403305,55.619210184356774,52.3317752307591,1.0
58.47032494934532,53.61155700683594,55.51608453673329,55.8659888309715,51.9667687931718,1.0
50.74923997082532,49.87663650512695,50.678400204930256,50.43475889362751,39.377248526133,0.0
54.942759725613286,52.94516372680664,53.09704580546161,53.66165641929384,57.9317211409481,2.0
51.20160935445394,50.992549896240234,50.58673466908754,50.92696463992724,49.5641591309516,0.0
55.31344271706889,53.17212677001953,54.45360503903729,54.31305817537523,56.9317138111401,2.0
57.03120954782635,56.19097900390625,55.99851276270682,56.40690043814647,48.4726978991819,0.0
50.19510337651417,50.67184066772461,50.94139210929644,50.60277871784507,55.5322792070478,2.0
46.10071877184998,47.333194732666016,47.476505440551584,46.970139648355854,49.7023568609583,0.0
51.35237143009227,49.661293029785156,51.180477632334636,50.73138069740401,45.3582290723338,0.0
60.30963631481427,59.85160827636719,60.16461509705617,60.10861989607921,59.6735077007701,2.0
53.75446810521447,51.46725082397461,52.165214924911936,52.46231128470034,59.0209031434562,2.0
55.1689880894462,55.65677261352539,56.68046996517506,55.835410222715545,53.0224975635357,1.0
75.03663267179822,76.89669036865234,75.65288814670792,75.8620703957195,79.1962929161741,4.0
51.66650060775392,54.8820915222168,55.55610918517112,54.03490043838061,52.5144907069039,1.0
52.88387099567108,55.76451110839844,54.130012866629876,54.259464990233134,58.3005853996844,2.0
53.684876343931464,52.87177276611328,54.17881379960532,53.57848763655003,49.3935922483523,0.0
54.863988686166536,56.250953674316406,55.932479154208536,55.68247383823049,52.5144907069039,1.0
54.50232138870345,54.28996276855469,54.50881799348677,54.43370071691496,41.3798447275436,0.0
71.18128645054594,70.15442657470703,69.61670797175698,70.31747366566998,73.5905281707207,4.0
50.683236344607714,52.34337615966797,51.78990404539248,51.60550551655606,46.0119509971143,0.0
58.81763990942846,56.7375373840332,57.473659913427646,57.676279068963105,53.6034350313996,1.0
56.84666760832875,57.470035552978516,57.20740119066955,57.174701450658944,60.7356040923484,3.0
69.9798729248114,68.60081481933594,70.08420668318587,69.55496480911107,64.5325844809869,3.0
71.69733468508178,72.94515991210938,71.45537195716543,72.03262218478552,73.641106923182,4.0
57.447171690190906,57.90264129638672,57.04183561521297,57.46388286726354,56.9528387518883,2.0
57.516823486590255,53.43827438354492,53.312533351659845,54.75587707393168,53.8809249761881,1.0
56.71109459193574,55.26679992675781,54.689646214640945,55.555846911111495,50.6429060153351,1.0
49.85737130447961,54.41520690917969,54.54581058952054,52.93946293439328,38.4654744766854,0.0
57.03097752525626,55.31226348876953,55.281396228828996,55.874879080951594,68.0784618250475,4.0
52.22531156757755,52.79509353637695,52.524241105918094,52.51488206995754,48.047878698232,0.0
52.590303983136536,50.65818786621094,51.04395118385507,51.43081434440085,51.4821474984154,1.0
53.0051247236957,53.187339782714844,54.009566005942865,53.40067683745114,67.8492687455423,4.0
55.07055864956687,54.796653747558594,55.05407679611513,54.97376306441354,48.4742170940157,0.0
59.87090139367395,59.484249114990234,59.99378355875383,59.78297802247268,62.2735887950074,3.0
54.957072693048566,53.37742614746094,53.296495035737216,53.87699795874891,47.8204957361611,0.0
50.21393789923126,50.91742706298828,50.54834487375716,50.5599032786589,49.9992478428186,1.0
72.47986909530039,71.19821166992188,70.56032798220681,71.41280291580969,78.5572325711702,4.0
71.8521287855243,69.94852447509766,70.44431938525986,70.74832421529395,73.9479994715413,4.0
53.787232707921,53.61222839355469,53.077768360297945,53.492409820591206,66.6849630063822,3.0
70.72656518439564,71.0050048828125,71.51683251564661,71.08280086095158,74.170187367598,4.0
56.03751689813334,58.13551330566406,58.803081793750174,57.65870399918253,59.5558135349748,2.0
48.46158475391044,50.050392150878906,50.35428127316249,49.622086059317276,53.3786058306277,1.0
51.9141647056942,51.13664627075195,51.15068812014503,51.40049969886373,58.4873435247794,2.0
62.08405904745809,60.671142578125,62.773207681787156,61.84280310245676,60.1398657025123,2.0
52.93186261310861,53.508914947509766,54.70287826583483,53.714551942151076,49.4866022586579,0.0
58.04215135177839,54.64381408691406,54.58853698192204,55.75816747353817,70.4712256178368,4.0
52.321259879783504,51.28539276123047,52.328751366777084,51.97846800259702,47.0917079842683,0.0
52.80545759476395,53.37485885620117,53.67363554423197,53.2846506650657,56.0271939804929,2.0
73.66942219624515,74.19450378417969,72.2723044862316,73.37874348888548,86.1258207319059,4.0
56.461863413534616,54.87480163574219,55.0977686168021,55.47814455535964,51.7215921359643,1.0
49.64881339698714,49.93294143676758,50.11302351379556,49.89825944918343,49.7629416714967,0.0
74.87512467581146,76.41548156738281,74.82630645403566,75.37230423240997,82.2330209171907,4.0
50.4630199930568,49.168766021728516,50.39714483353713,50.00964361610749,43.2305887121349,0.0
55.9915493042146,54.53264617919922,54.866872141730965,55.13035587504825,54.8844700878683,1.0
54.26530714632853,55.600257873535156,56.18036968995567,55.34864490327311,56.7507564165244,2.0
51.2061670996103,53.26478576660156,53.25057428378346,52.57384238333177,46.2822549961408,0.0
52.54343482392103,51.39235305786133,51.38533592980081,51.77370793719439,57.149395669606,2.0
51.498049755428845,51.36405944824219,51.407622522390135,51.42324390868705,61.4651217285542,3.0
52.08107985151879,53.34213638305664,53.805497892197884,53.07623804225776,51.5316781921923,1.0
54.56491833914104,58.67152404785156,57.463231328603015,56.89989123853187,63.1531375751653,3.0
58.068859693889536,55.412601470947266,56.9810419694863,56.8208343781077,50.8165589016646,1.0
65.99108105362943,69.50908660888672,67.35183493031433,67.61733419761016,71.3339159789787,4.0
51.721754959518755,54.04798889160156,53.658778860769374,53.142840903963226,56.9053339346157,2.0
55.83787443935323,54.309326171875,54.86000951827651,55.00240337650158,51.6134640884626,1.0
58.932222279852695,60.35285949707031,60.1164591722221,59.800513649715036,61.2330591827128,3.0
75.72712793676504,76.17098236083984,74.66555404304822,75.52122144688437,77.3487107055917,4.0
63.66566621398556,61.077632904052734,60.95128243550383,61.8981938511807,58.5648991173158,2.0
71.48994004812141,72.21219635009766,70.56468006938269,71.42227215586725,73.4158064636196,4.0
54.09426467728537,53.36592102050781,54.37969395744207,53.946626551745084,48.437621669916,0.0
45.772281373777325,45.07147216796875,45.691086985245775,45.51161350899728,45.1426428868205,0.0
58.14401653374596,56.799312591552734,56.20776678034724,57.05036530188198,57.2203365993939,2.0
50.44140777116873,50.52598571777344,50.04507720341688,50.33749023078635,49.8706952766242,0.0
69.19608947845853,70.34000396728516,70.29808330692067,69.94472558422144,68.3453239401774,4.0
59.41895386628909,59.688255310058594,59.75898277503171,59.62206398379313,57.6127354050901,2.0
55.16446028461257,53.57609176635742,54.321477809793876,54.354009953587955,46.166652846858,0.0
70.5709792581282,69.57036590576172,69.10041788328971,69.74725434905987,63.2166004197035,3.0
54.823699223643516,54.405330657958984,54.58547957771394,54.60483648643882,55.2028340597516,1.0
55.40876141335988,60.78861618041992,59.12869098867316,58.44202286081765,55.2598175473201,1.0
56.3071401406247,54.538089752197266,54.227239242507245,55.024156378443074,54.5666322925321,1.0
72.4491148456372,72.90454864501953,73.59661769453217,72.98342706172963,75.7030868017077,4.0
73.8343532790541,72.24177551269531,71.54843720195836,72.54152199790259,67.393020270987,4.0
64.84367961278369,65.32888793945312,65.11534640071197,65.09597131764959,70.9165747969952,4.0
68.6103120502879,68.13895416259766,67.7749120168645,68.17472607658335,73.8644714193536,4.0
51.74360180905651,51.50382614135742,52.16893665504359,51.80545486848584,46.6594486225052,0.0
53.78467612851023,53.33985137939453,52.48110091265519,53.20187614018665,45.6130596654127,0.0
70.50607588562097,69.57725524902344,69.92811588075675,70.0038156718004,71.9491181203109,4.0
51.68103522051513,51.88352584838867,53.84885163108189,52.471137566661895,44.9094204797498,0.0
59.64825727875634,58.214378356933594,55.931104735387734,57.93124679035922,55.7054547321104,2.0
65.89360712903044,67.94954681396484,70.34569974074599,68.06295122791376,64.8432000707624,3.0
53.022385577595806,52.23842239379883,52.11109937756391,52.45730244965284,60.505678183961,3.0
48.376780581042816,45.69300842285156,49.15136596930212,47.740384991065504,46.5197933555207,0.0
71.46686129622424,71.84888458251953,72.99720771619202,72.1043178649786,63.6841556537439,3.0
49.73857619496765,49.53107833862305,49.61267011722018,49.6274415502703,54.6955819697662,1.0
70.07900196509101,70.3575210571289,69.38565648828111,69.94072650350034,67.8691316677855,4.0
47.85917515364207,48.217384338378906,48.3649287891273,48.14716276038275,52.7247003686875,1.0
52.43075254214268,49.986961364746094,49.62146668538279,50.67972686409052,53.6778265822029,1.0
51.64743932236496,50.325565338134766,50.87771821543764,50.95024095864579,43.9143523442028,0.0
57.9198581657227,54.9741325378418,53.99191195956433,55.62863422104294,54.7600845342571,1.0
68.42379929369491,68.29840087890625,68.96791232612676,68.56337083290931,62.7600661504203,3.0
72.27704359580935,71.23243713378906,71.6038568487472,71.70444585944854,61.9053064121996,3.0
56.018259437870704,52.46397018432617,54.23134086988326,54.23785683069338,47.1189142856184,0.0
53.66030386744336,55.51918411254883,55.842954096846285,55.00748069227949,56.605919848618,2.0
71.38833166863216,71.44278717041016,71.9075133708156,71.57954406995265,67.2895963243895,4.0
55.360802242984136,60.08779525756836,59.48494974524132,58.311182415264604,49.109992418117,0.0
60.25664027481299,58.79813003540039,59.13904811516903,59.397939475127465,63.3132689081141,3.0
57.01980036147959,53.8633918762207,53.976988697891535,54.95339364519727,54.6730048155654,1.0
70.95638508479352,72.16231536865234,72.01468169095045,71.71112738146545,72.8115243176278,4.0
68.85825494798124,69.40013122558594,69.50291744839946,69.25376787398888,84.546734856679,4.0
54.08702838893122,54.87321472167969,54.08511882292224,54.34845397784439,44.526408643646,0.0
75.5145012457631,74.70344543457031,75.07112025376581,75.09635564469973,71.6101851479712,4.0
61.16250372374229,60.57326889038086,59.26071108269292,60.33216123227203,48.764541201889,0.0
55.68529074363462,54.57551956176758,54.08488958754677,54.781899964316324,50.0826021421381,1.0
57.210728119713835,53.85206985473633,53.40652562843138,54.823107867627186,54.5206922877484,1.0
69.14667957918235,70.23046112060547,69.29169750924224,69.55627940301002,65.4071061979801,3.0
54.05999667689887,53.23016357421875,53.63696198254469,53.64237407788744,55.2879688712415,1.0
55.46637347400451,57.87686538696289,58.758837106811676,57.36735865592636,47.7090439544432,0.0
52.879793034655634,54.2111701965332,54.14423088084285,53.74506470401057,53.8890787384832,1.0
67.53910525175554,69.73438262939453,69.0336697211451,68.76905253409838,65.4058573812416,3.0
50.28814418027115,49.8195686340332,48.43686716129796,49.51485999186744,38.1879719765923,0.0
71.82552980087978,70.20960998535156,69.97596333337296,70.67036770653478,56.1806570024279,2.0
72.8047392432567,75.18225860595703,72.71709436674493,73.5680307386529,84.3767317571592,4.0
73.8940554448478,71.99143981933594,71.620424286283,72.50197318348891,75.4859115839758,4.0
58.60181990867806,55.56919479370117,55.46933295821702,56.546782553532076,59.5869588538486,2.0
65.1457415078582,68.26947021484375,67.70542145147265,67.0402110580582,67.6027442039577,4.0
56.340996939797066,57.93931579589844,58.762476806771254,57.68092984748892,63.0749554837679,3.0
54.39439521873926,53.34477233886719,54.009566005942865,53.9162445211831,61.2822969140981,3.0
49.40850201352646,51.27720260620117,50.01722469235602,50.23430977069455,45.4030119118748,0.0
70.11463741778174,70.23925018310547,70.34856614749248,70.23415124945988,69.29298950381,4.0
53.990834371072715,53.947059631347656,53.797750103104306,53.911881368508226,55.8920730481112,2.0
53.579066097391866,52.33747863769531,52.876045710376104,52.93086348182109,44.951986951349,0.0
50.4508105683751,52.007511138916016,52.09334486554908,51.51722219094673,54.1077615483079,1.0
52.65933148384935,52.166683197021484,52.9819623699335,52.60265901693478,52.4694972476864,1.0
51.133692007409216,52.92221450805664,51.91744758524084,51.9911180335689,55.3518658402032,1.0
51.51578965844333,51.87896728515625,51.643612135865766,51.679456359821785,58.4873435247794,2.0
51.701344081737695,52.20322036743164,51.600133041071324,51.83489916341356,52.7465607299331,1.0
52.26588408544656,51.410945892333984,52.43385859501068,52.036896190930406,51.3852989878182,1.0
60.614397644503214,56.072628021240234,54.876705663826726,57.187910443190056,55.1926693047225,1.0
61.98463799599907,62.1438102722168,62.28400579214367,62.13748468678651,57.7117162287653,2.0
47.686486130710534,47.54236602783203,47.19235666466749,47.47373627440336,49.7221919593508,0.0
54.20215626267296,55.71223068237305,55.953111370170504,55.28916610507216,53.2565796348636,1.0
66.5933737952052,67.77269744873047,68.61507652697402,67.66038259030323,75.2619704056489,4.0
64.38253259932735,63.646690368652344,65.2439486644988,64.42439054415951,57.1334996114074,2.0
57.350704131630664,55.68760299682617,54.0661353947902,55.70148084108234,57.7240998178758,2.0
69.48248282019179,71.01094818115234,71.09469370792655,70.52937490309021,67.5736854838268,4.0
54.7496732094459,52.45613479614258,52.786673116225685,53.33082704060473,56.8830645135357,2.0
58.61828999115427,58.92584991455078,58.79795695942792,58.78069895504433,66.1364429732997,3.0
54.779046472858994,53.853267669677734,53.0268016740186,53.88637193885179,60.9093989217889,3.0
52.513550627910675,52.14360809326172,52.60711117056022,52.421423297244196,54.1191089007583,1.0
51.59018710282469,52.45246505737305,52.54029286168292,52.19431500729356,49.0295954046906,0.0
70.23311362416608,69.64966583251953,70.42111340769173,70.10129762145912,75.612951576488,4.0
63.39253344647463,65.66000366210938,66.31246289486148,65.12166666781516,57.6275883122469,2.0
71.41116184203908,70.42984771728516,72.0765028065679,71.30583745529738,64.9415450350386,3.0
57.23755114431954,55.77938461303711,55.6307403005725,56.21589201930971,61.5155014304079,3.0
51.769160817291976,51.72612762451172,51.57694132348064,51.69074325509478,48.6197319093079,0.0
56.16041286780569,56.82671356201172,57.312671860970944,56.76659943026278,59.6377781684995,2.0
68.58505655849673,69.02458190917969,71.47774125837324,69.69579324201655,64.0872735862425,3.0
69.2459377989661,72.05952453613281,71.63100765578501,70.97882333029465,68.9525012183454,4.0
55.86991327163096,55.458377838134766,56.90224079922918,56.07684396966497,57.3985091340514,2.0
65.05044262586716,68.36470794677734,68.06541791221659,67.1601894949537,68.431750552647,4.0
48.9170972156059,50.6971321105957,50.08552663832263,49.89991865484141,40.6586366048615,0.0
77.4163241279776,75.71642303466797,74.78344768321308,75.97206494861955,67.1719824807302,4.0
57.54453415411019,56.71672058105469,55.007872702257956,56.42304247914094,58.7342877970257,2.0
67.57270121936679,67.57086944580078,69.01928750939099,68.05428605818618,74.4744567121453,4.0
51.92904052216376,54.578102111816406,54.15560083766337,53.554247823881184,54.325968058619,1.0
49.14567721336474,46.33842849731445,46.21591617655815,47.233340629079116,50.2919622035405,1.0
51.315837953992755,50.747920989990234,52.641124897187495,51.5682946137235,42.5818997366706,0.0
72.9315309321665,75.49445343017578,75.78857344517996,74.73818593584075,78.9681794954266,4.0
55.520313756026795,55.26808166503906,54.18397545607497,54.990790292380275,60.8815141069821,3.0
54.2494288634837,56.66191864013672,56.59020192953664,55.83384981105235,63.3500242807145,3.0
59.207484147768206,59.85251998901367,60.5702948785431,59.87676633844166,55.320259916897,1.0
61.165440466192585,62.00579071044922,62.31986967795198,61.83036695153126,65.2631457536142,3.0
69.95027341825985,71.80825805664062,70.66987144327629,70.80946763939225,69.6584606053656,4.0
52.36976454038874,51.943695068359375,52.9361249784513,52.41652819573314,52.6474631948342,1.0
54.35735420912313,50.30091094970703,50.89913909575067,51.85246808486028,52.185560631357,1.0
69.4041829426552,71.6800308227539,69.55211691230956,70.21211022590622,80.5795766146787,4.0
54.88042426592702,55.99178695678711,56.77036865039741,55.88085995770385,53.2565796348636,1.0
76.95292549320475,75.2408218383789,74.71606188114221,75.63660307090862,80.0034856153374,4.0
47.249381975896874,49.05359649658203,49.24035872656744,48.51444573301544,62.0409507969471,3.0
50.2731851483347,50.29935836791992,49.960526154207336,50.17768989015399,55.612695939916,2.0
53.11085115629544,54.53352355957031,54.72428061404562,54.12288510997046,44.3449390073359,0.0
56.864894349874845,57.15157699584961,56.53254530205043,56.84967221592496,53.8124246901218,1.0
59.75417675800538,58.90137481689453,60.27356087035324,59.64303748175106,60.9678679434556,3.0
54.23597368461645,52.63578796386719,53.643929710859275,53.50523045311431,46.7825984888104,0.0
53.89821583979022,54.148101806640625,54.45787406732395,54.16806390458493,54.4946320383103,1.0
65.66543738247053,66.12007141113281,66.5485602085015,66.11135633403494,69.7945033045878,4.0
70.18641303164213,69.98452758789062,70.54695202375834,70.2392975477637,64.3040178731451,3.0
55.90833934417049,56.254905700683594,56.849219321830155,56.33748812222808,49.2393257747395,0.0
56.57236825750019,54.285125732421875,54.61270863103617,55.15673420698607,64.3938966886549,3.0
53.29465104694761,52.47572326660156,52.98879034357149,52.919721552373545,53.3075431733338,1.0
65.07785328923299,67.9203872680664,70.9127309635147,67.97032384027136,61.5522416327644,3.0
74.79569686090042,74.87165069580078,74.4776484809811,74.71499867922743,76.3968577585791,4.0
52.79354561469036,55.999176025390625,55.11204493671987,54.63492219226695,47.1585109501945,0.0
69.35721783749759,71.3103256225586,71.49736924521649,70.72163756842423,71.0356875181525,4.0
51.62317686452474,51.904518127441406,52.21228898103494,51.91332799100036,49.4879325105116,0.0
49.272166256572355,50.080650329589844,49.808612074344175,49.72047622016879,42.571125304515,0.0
50.36743031478285,49.879940032958984,50.704892887993154,50.31742107857832,51.3351980115786,1.0
67.77404949743254,68.2940902709961,67.74809650718396,67.9387454252042,68.5970381503989,4.0
60.378829363346256,60.50368118286133,60.41370586220286,60.43207213613681,58.6063757742537,2.0
75.54343131903877,75.23899841308594,74.28629599262297,75.02290857491589,73.238933086443,4.0
51.91032601628814,51.74452590942383,50.534177461958116,51.39634312922336,67.0632460816363,3.0
71.62274456275702,70.80502319335938,72.25697913362615,71.56158229658085,80.0487946980484,4.0
70.70719423746125,68.2842788696289,66.63738590489969,68.54295300399662,69.9348551128427,4.0
67.69760573421034,66.84321594238281,68.10169252032054,67.54750473230457,68.8021812166233,4.0
58.909316600668475,55.4876708984375,55.830529422926745,56.742505640677585,60.2248802855512,2.0
56.512789169200566,56.08552932739258,55.34650959292922,55.98160936317413,59.4799586552041,2.0
51.17434978682623,54.16981506347656,52.70265905914957,52.68227463648412,44.755622282599,0.0
68.67801911173693,67.95809173583984,66.28458916904766,67.64023333887481,65.22420117,3.0
52.17140016876573,52.607032775878906,52.47506426996455,52.41783240486973,56.4880298696114,2.0
71.65913600473377,70.80912780761719,71.69975908123168,71.38934096452753,65.4827200966638,3.0
65.77796271240064,67.79071044921875,67.18878265399081,66.91915193853673,63.8505396219436,3.0
55.94196801154337,52.17219161987305,52.44750339757486,53.520554342997094,52.8141067444789,1.0
55.881594965265116,50.20323944091797,51.08437500767678,52.389736471286625,43.5364407091208,0.0
59.41302280438236,57.33586120605469,57.52731523148244,58.092066413973164,56.3792536414024,2.0
56.222766209160824,55.143062591552734,56.03079189885334,55.798873566522296,56.624149466379,2.0
53.87757886993957,56.56013870239258,55.727423499935774,55.38838035742264,59.9283894267235,2.0
51.80044372613717,55.274173736572266,54.87115235618114,53.98192327296352,65.0492911286572,3.0
55.94225775352547,55.047271728515625,55.55799058616335,55.515840022734814,50.8306053769033,1.0
71.70199705109148,70.25513458251953,69.10832499071383,70.35515220810828,66.2353749293125,3.0
56.0851269303802,55.69459915161133,55.66123082103565,55.813652301009064,43.6797619680706,0.0
54.74989207965642,56.94488525390625,56.7042765417952,56.133017958452626,62.3284912114389,3.0
47.830554625753216,48.21205139160156,48.16302546879099,48.068543828715256,45.191097599619,0.0
58.821652952403845,57.504398345947266,56.883977918867,57.73667640573937,60.8917397434066,3.0
55.18312939144836,53.88629150390625,56.63765331156537,55.23569140230666,51.8294154786656,1.0
60.279014081724185,59.461700439453125,59.09967650842654,59.61346367653462,60.248393327198,2.0
48.95534715166694,49.342681884765625,49.55973424270697,49.28592109304651,48.1261661369384,0.0
53.88412320790701,54.802825927734375,53.835031823961764,54.17399365320105,50.1570597190866,1.0
46.63421336664945,46.26698303222656,46.543915799703015,46.481704066193004,50.3957997617377,1.0
64.29948327338846,62.262107849121094,61.94486811745726,62.83548641332228,69.982555444172,4.0
59.690111392636574,58.621009826660156,58.95552119826079,59.08888080585251,64.9554732100484,3.0
51.491022605064686,52.744571685791016,52.71316794228051,52.31625407771207,49.7422186680381,0.0
71.61627350558786,71.209228515625,71.0755292925771,71.30034377126331,53.1844430717937,1.0
53.51546483426546,52.936546325683594,52.92139575406297,53.12446897133734,46.1386975543133,0.0
53.52316921306081,53.896507263183594,53.740314969914515,53.719997148719635,53.0811155338211,1.0
59.68840020672919,63.782386779785156,61.00556328445789,61.49211675699073,60.6556957408574,3.0
52.69447552350573,52.829315185546875,52.685614925933756,52.736468544995454,52.2943749499235,1.0
60.44797164575935,62.36565399169922,61.39309237476019,61.40223933740625,64.8850779794779,3.0
54.93266016790575,54.55848693847656,54.4283145468098,54.63982055106404,59.715739327599,2.0
71.35978683349428,72.71588134765625,72.89906663001598,72.32491160372217,72.1848159320312,4.0
70.23952940775354,68.16376495361328,68.16706317234974,68.85678584457219,65.7146905854135,3.0
69.48925960093258,71.10089111328125,71.27550586231354,70.62188552550913,72.1231005471618,4.0
55.64543629984957,55.216041564941406,55.88381590972739,55.58176459150612,55.7824817236707,2.0
53.212082923128925,53.70240020751953,53.381340809510256,53.43194131338623,54.7981359184852,1.0
54.31609783942293,56.19618606567383,56.6999076037378,55.73739716961152,42.4527650217313,0.0
54.85558888295557,52.86935806274414,53.07001622762088,53.598321057773525,62.0219407068947,3.0
67.34279134050223,64.22412109375,66.20783615348134,65.9249161959112,60.5866891920104,3.0
69.90752306825624,69.99381256103516,70.94159682961926,70.28097748630354,86.0086966237113,4.0
52.429491964111584,51.84754943847656,52.6051984221804,52.29407994158952,59.767614663842,2.0
55.80078649670846,55.966670989990234,55.85386038518468,55.87377262396112,50.3544234900151,1.0
49.46842801936127,47.89402770996094,48.442085630518136,48.60151378661345,41.9750554841879,0.0
59.6547668715311,56.0322380065918,55.666821161635134,57.11794201325268,54.2931540139105,1.0
51.40656225441813,50.66199493408203,52.264959508037215,51.44450556551246,51.0688004035048,1.0
58.67444639603971,59.236900329589844,57.98128599587539,58.63087757383499,66.4621713839712,3.0
50.60896664247541,48.60036087036133,50.1104355369898,49.77325434994217,44.2240302966247,0.0
71.96752555042873,70.95410919189453,70.02446266882374,70.98203247038235,73.9101165934592,4.0
58.8700981358888,58.33857727050781,57.89933808817531,58.36933783152397,65.7346405658285,3.0
51.70389064074901,52.42251968383789,54.37363469541737,52.83334834000143,55.8173305739641,2.0
66.20485564958675,64.12705993652344,65.50468826468942,65.27886795026654,63.9128564836483,3.0
54.14770722444762,55.988059997558594,55.438681291447985,55.191482837818064,57.5300957244989,2.0
48.28364797561317,49.92319869995117,48.50751329560212,48.90478665705549,42.5339684645956,0.0
75.87020305913661,73.89405059814453,73.87950124871631,74.54791830199915,79.0361876546247,4.0
51.895385691574724,50.51504898071289,50.37665238346938,50.92902901858566,44.5474464094148,0.0
60.30048220658114,59.19230270385742,58.71194159323608,59.401575501224876,62.7803315683272,3.0
57.21279269230504,54.76521301269531,55.355780444379356,55.777928716459904,57.0644580167749,2.0
52.273950957951115,53.9017219543457,54.14454413651675,53.44007234960452,46.9354310892653,0.0
56.326093994957674,54.911258697509766,54.877932778046286,55.371761823504585,57.5615899370069,2.0
72.95778683132662,69.62608337402344,73.6942706241897,72.09271360984658,64.5944762418778,3.0
69.3388681568543,71.77994537353516,71.96101461699206,71.0266093824605,76.971324833562,4.0
57.15204864520291,59.42332458496094,59.89412211324788,58.82316511447058,55.8684078486574,2.0
71.67251481939196,73.25981140136719,72.16263543971561,72.36498722015826,69.9431585067227,4.0
49.58237932860099,50.13036346435547,50.08292642171579,49.93188973822408,44.2511621534972,0.0
60.33857451471711,60.03973388671875,60.465300815755626,60.28120307239717,59.6255519756143,2.0
68.58411717543073,70.56725311279297,71.19386512163453,70.11507846995273,72.563284204408,4.0
49.7248286024824,51.15199661254883,51.346692039664845,50.741172418232026,49.6984895460481,0.0
63.10531530965482,65.29269409179688,65.70544641794288,64.7011519397982,59.4011475741183,2.0
53.37884461540371,57.38938903808594,57.254708622456114,56.00764742531525,57.2216077427063,2.0
57.95749780960802,58.00362014770508,58.192698906676206,58.05127228799643,53.9267522443385,1.0
53.218738930166055,54.22663116455078,54.84498200911809,54.09678403461164,54.8855228348967,1.0
59.030621588719875,58.30894088745117,59.13060671218976,58.823389729453595,71.0554788050364,4.0
53.11092372398197,55.47258758544922,56.07999249823176,54.887834602554314,49.6263645439636,0.0
56.44079743782266,55.47338104248047,55.46457946993596,55.79291931674636,54.7398800821026,1.0
60.76448902770924,57.869667053222656,56.99503399772779,58.54306335955323,61.2679176811144,3.0
73.65939335064456,73.34857940673828,72.97877488767084,73.32891588168457,75.084740647974,4.0
48.159224921924846,49.6666145324707,50.05017647147025,49.29200530862193,50.8424934460962,1.0
53.38678587126365,51.68017578125,50.48014428382995,51.84903531211453,58.4739258815554,2.0
64.91796170743113,64.91265869140625,66.17020796613528,65.3336094549909,61.3562471390397,3.0
53.01466840085457,52.64014434814453,52.96798939721367,52.87426738207092,44.6007038725669,0.0
47.27905933572251,48.366111755371094,47.8261358387877,47.8237689766271,44.1046133274452,0.0
47.3409458415417,47.874298095703125,48.97495130870069,48.06339841531517,45.0664994867985,0.0
59.26599978934653,56.02898025512695,56.150005759886035,57.148328601453166,63.3517432453212,3.0
48.80833443613396,50.4892578125,50.82210471002259,50.03989898621885,48.9243990518098,0.0
54.001710472876866,55.55170440673828,55.47695798825411,55.010124289289756,48.7882073858996,0.0
56.58927596122775,57.68027877807617,57.398450040256655,57.22266825985352,58.1204986865562,2.0
53.1684576307108,54.471187591552734,54.53426078722086,54.05796866982812,53.9304176843416,1.0
54.452184008803236,52.223934173583984,52.6600770473922,53.11206507659315,55.0079950887885,1.0
55.83613983771937,58.04670715332031,58.56620635870837,57.48301778324935,55.7526851742379,2.0
70.68077039312624,68.94596099853516,68.36833551928012,69.33168897031383,67.8545447847798,4.0
53.18846802645924,51.180908203125,53.24753630294172,52.53897084417532,53.8306583367149,1.0
66.31062998589245,65.71562194824219,66.72586383191103,66.25070525534855,61.831914571505,3.0
74.6425339747495,75.34928131103516,72.94076441148756,74.31085989909074,79.945637507095,4.0
49.57284199417873,49.72062301635742,49.58099752181623,49.62482084411746,42.7012165233585,0.0
75.69154766058524,77.13374328613281,75.96073321128232,76.26200805266679,66.5314001855808,3.0
68.8896525560502,67.5430908203125,67.76615414770852,68.0662991746904,66.2265111293947,3.0
51.45859364649407,52.23420333862305,52.252050345213455,51.98161577677686,49.001707524578,0.0
57.01069964140707,57.723060607910156,57.756102246022714,57.49662083177998,51.6022830212896,1.0
71.7388887954152,72.09022521972656,71.64543143096574,71.82484848203585,78.6232785958376,4.0
52.09156707525742,54.3487434387207,54.4423774169298,53.627562643635976,59.3456054269027,2.0
62.150616413168514,59.86414337158203,61.214077697456624,61.076279160735716,53.9458797240353,1.0
70.74681638818284,69.15828704833984,69.26932289711878,69.72480877788048,62.6353999674156,3.0
58.86093367488512,57.71588134765625,57.524582904268556,58.033799308936636,61.5363669247631,3.0
48.58050935596986,52.44367980957031,51.91891324878342,50.981034138107866,49.7087822531996,0.0
59.01055334580925,57.32291030883789,57.372377725739774,57.90194712679564,54.5620306176243,1.0
61.90952815432972,61.99949645996094,62.01955619448185,61.97619360292416,66.0724064830979,3.0
61.15259015351079,59.59148025512695,59.51159252530215,60.085220977979965,55.0847752698549,1.0
58.53867618564048,58.677520751953125,58.550380865140816,58.58885926757815,49.2600234663898,0.0
54.29090925841625,55.38617706298828,56.40225546619918,55.3597805958679,46.1356388247377,0.0
44.578975008883404,49.19639587402344,49.07672907017837,47.6173666510284,42.506584903738,0.0
67.51501678938709,69.42792510986328,67.75544922898167,68.23279704274402,74.1688633198519,4.0
52.79312438639841,52.590110778808594,52.324151424210164,52.56912886313905,43.432210840084,0.0
52.16468471609119,55.629241943359375,55.887634406529415,54.56052035532665,49.3410807126233,0.0
53.0859156712672,50.99722671508789,50.93815424964774,51.67376554533428,54.7086325142467,1.0
60.97124201986913,61.17923355102539,61.54945380978299,61.23330979355918,61.4258864198326,3.0
61.99586709196348,61.816368103027344,61.06576192605508,61.62599904034863,61.4479193916116,3.0
53.75656742901919,49.4974365234375,51.01329095814894,51.422431636868545,46.1749377401831,0.0
52.52389196349686,52.550010681152344,52.08614352824475,52.38668205763131,59.6989630841534,2.0
56.03477877163748,54.23213577270508,54.30685704173027,54.85792386202427,47.5049682673952,0.0
55.982532651038454,54.63558578491211,55.604294051421064,55.407470829123874,51.5147070426627,1.0
71.01604474243928,70.62893676757812,69.17538243433404,70.27345464811715,73.6697260403121,4.0
49.805523838122426,53.77119064331055,54.494631184486174,52.69044855530638,57.1494722950985,2.0
48.868064594090434,50.885345458984375,50.08726767799591,49.94689257702358,43.6670010619542,0.0
55.67450947102657,56.06543731689453,55.92914281420755,55.88969653404288,56.9526727322545,2.0
73.2916072275587,73.14408874511719,73.18895299050484,73.20821632106025,74.9530514005786,4.0
48.07058960370953,47.8717041015625,48.40181920176201,48.114704302344684,39.5520969656049,0.0
49.46586984000574,53.00937271118164,53.19386724093845,51.88970326404194,46.5772237482098,0.0
54.190214653938376,53.548641204833984,53.737016580236215,53.82529081300286,49.8594671165895,0.0
49.51946107708825,52.37588882446289,52.2908978875309,51.39541592969402,49.7491483177077,0.0
50.18457659980021,51.547672271728516,51.26177124218367,50.9980067045708,43.5893101983707,0.0
52.59519238420458,51.55039596557617,50.66286083063797,51.602816393472914,42.3606354039019,0.0
53.91216421081889,55.074344635009766,55.46105430450483,54.8158543834445,59.7318643882342,2.0
49.41440757726466,52.86176300048828,52.768933155022886,51.68170124425861,53.1596268656141,1.0
69.02282597107083,70.28653717041016,69.29621406802143,69.53519240316747,58.8397402541357,2.0
56.984551027202684,55.908443450927734,53.65877236420722,55.517255614112536,59.7676815318581,2.0
68.58392386509432,66.46923828125,67.71577074482065,67.58964429705499,67.1553578963783,4.0
59.008267323782555,61.71012496948242,60.44766279768271,60.38868503031589,55.5675195244574,2.0
51.98220254793513,53.669586181640625,55.28130245708969,53.644363728888486,49.1192396702729,0.0
72.18681462701713,69.29167938232422,67.25819202938517,69.57889534624218,63.706500213887,3.0
58.74345967953332,60.25542449951172,58.302807390677316,59.10056385657413,61.6581182381024,3.0
69.017047307402,70.14225769042969,69.43188649602637,69.53039716461934,71.9649973006072,4.0
52.71140470538918,56.63019943237305,54.807856594651845,54.71648691080468,55.6105941274819,2.0
56.38553531231163,58.6385612487793,58.84211945010918,57.9554053370667,71.6916624355623,4.0
62.01510666531387,58.92144012451172,58.35385798128336,59.76346825703632,66.6690475618294,3.0
70.98057703954419,69.93175506591797,69.33781638369852,70.08338282972022,69.4939316698045,4.0
52.4270016645867,51.16692352294922,50.90849147364144,51.50080555372579,56.2683938786417,2.0
67.80150681622148,67.69882202148438,67.45113685775289,67.65048856515291,69.5618703573411,4.0
53.6670126643328,55.00251770019531,54.5750947523801,54.414875038969406,43.1160480780675,0.0
52.26482764845396,53.889278411865234,53.9093416237227,53.35448256134729,43.5770286711825,0.0
48.96238329569325,50.556392669677734,50.403463899339876,49.97407995490362,44.9255952228768,0.0
59.15471635675387,60.56928253173828,59.245433365923915,59.656477418138685,63.3588379909242,3.0
58.17141506794162,58.180484771728516,58.66495567781091,58.33895183916035,57.4330891426476,2.0
61.77672752284866,61.62720489501953,64.25234439767456,62.552092271847584,57.1531011400124,2.0
51.07730340027581,54.64691162109375,53.05050615240759,52.924907057925715,59.0284057043978,2.0
48.35048321774384,49.212406158447266,49.66122727548258,49.074705550557894,49.8446413498973,0.0
53.31858260596999,55.6597785949707,56.07678491040132,55.01838203711401,60.2246164128602,2.0
58.16231259969914,56.143699645996094,58.7072415789491,57.671084608214784,53.7920958001107,1.0
49.7039979745129,52.52638244628906,51.95602625868816,51.395468893163375,46.4123431759163,0.0
75.12363067847735,71.52799224853516,70.76395788934951,72.47186027212068,72.8276620444465,4.0
71.10196113153792,71.55270385742188,71.49540556125429,71.38335685007137,74.8986632435107,4.0
68.67506718356232,68.89037322998047,69.27265910552649,68.94603317302308,64.0642124667038,3.0
51.08835156057792,49.28572463989258,49.15518714223586,49.843087780902124,41.5206659862145,0.0
57.70693685534541,54.50239562988281,55.05908649868717,55.756139661305134,59.3429655706737,2.0
67.11015702048397,68.91633605957031,71.11585581524595,69.04744963176675,78.034768745387,4.0
55.33532967145102,56.164939880371094,54.32657409560716,55.27561454914309,57.6535306714667,2.0
52.095744441175164,52.203128814697266,50.53728407886013,51.61205244491085,65.7496825056112,3.0
69.83959678173912,70.29878234863281,69.7932918595906,69.97722366332083,70.9033215247723,4.0
49.78614829696527,50.47911834716797,50.46246675459147,50.24257779957491,49.9433368756289,0.0
56.74181401869189,56.50708770751953,55.64092886154488,56.29661019591877,44.4305597060937,0.0
46.964017767178014,44.4891357421875,43.65543585155958,45.0361964536417,43.046358072522,0.0
55.69548737560136,53.54216003417969,52.10616644429946,53.7812712846935,61.6450237239179,3.0
50.979066203045484,50.172508239746094,49.525317988247835,50.225630810346466,52.6368300122456,1.0
52.060153795515674,51.6923942565918,51.91384458513942,51.888797545748965,49.601308125074,0.0
62.04537857835009,60.3833122253418,59.55159133304245,60.66009404557811,59.6512520111532,2.0
61.36361188734381,58.42119216918945,59.65138939340339,59.81206448331221,57.0112909072485,2.0
50.97861443829708,51.27464294433594,51.752835939988564,51.33536444087386,56.9685242167722,2.0
52.13555786217422,54.67874526977539,54.51750354360106,53.77726889185022,51.2002294268309,1.0
63.726931726903224,62.78993606567383,61.38048896744511,62.63245225334072,63.2336173481745,3.0
74.0658424785045,68.30376434326172,70.97383938586034,71.11448206920886,74.3096876525984,4.0
55.53830759707681,54.82803726196289,54.56911959665268,54.978488151897466,54.0687669906019,1.0
56.98207196052037,55.575927734375,56.14258462609279,56.233528106996054,52.7093938636938,1.0
70.88049932571995,70.51480865478516,68.86067071593051,70.08532623214522,66.9782366214049,3.0
56.17959693766667,55.05988311767578,55.09089747660817,55.443459177316875,52.1033693431462,1.0
55.695220932498636,53.3245735168457,53.675766622363675,54.231853690569345,59.5113408869564,2.0
51.02910974258659,51.65082931518555,50.1552321844239,50.94505708073202,46.3047273930331,0.0
73.2535326951803,72.11895751953125,72.12218914893307,72.4982264545482,79.2943532530465,4.0
73.880998440326,71.98509979248047,70.86380401299743,72.2433007486013,65.4215777025762,3.0
59.67351631951965,59.453041076660156,59.2146747987715,59.447077398317106,56.3884152674084,2.0
59.76598833494156,60.507911682128906,59.30805090932023,59.8606503087969,67.6555648820739,4.0
52.569210445293116,54.597957611083984,53.642705893280215,53.603291316552436,57.2148995776994,2.0
51.58228303293626,51.16841125488281,51.51548170849929,51.42205866543946,58.5731376102934,2.0
51.7617622995134,51.21174621582031,50.50243812115365,51.158648878829126,56.2701873480194,2.0
67.77068052388037,66.41891479492188,64.13101122083782,66.10686884654669,70.7312755140787,4.0
58.89844331425857,59.325538635253906,58.84799250720256,59.023991485571685,50.9064356419096,1.0
73.76211665904668,72.50067138671875,71.63582272420518,72.63287025665687,78.0727288111847,4.0
60.72272527536902,63.17609405517578,62.28226671517372,62.06036201523951,61.6458185866721,3.0
72.07859081810098,71.35470581054688,69.99719200495237,71.14349621120006,83.90292521142,4.0
70.14503138054272,72.1693115234375,69.38801436704564,70.56745242367528,70.1288651603202,4.0
64.99632567833297,60.52394104003906,62.138560235627324,62.552942317999786,62.8052649939627,3.0
51.19120388853363,52.551795959472656,52.5138360263264,52.085611958110896,59.3201717536696,2.0
67.91017169792245,69.75885009765625,70.01684915869485,69.22862365142453,58.88915440252128,2.0
69.7838153978819,69.3987045288086,69.82312288002791,69.66854760223946,65.2526873816631,3.0
58.87347989282202,58.71809768676758,58.78753945084104,58.79303901014354,54.7132945507419,1.0
55.12544941216438,54.16775894165039,55.179628792783205,54.824279048865996,52.9831559562074,1.0
69.5761126904491,68.11465454101562,68.42462306871236,68.70513010005902,73.9447942886246,4.0
51.05579456349456,49.7542610168457,51.77918194036131,50.8630791735672,48.5151626342759,0.0
56.50697639745704,56.78672790527344,57.969008006402476,57.087570769710986,58.2910416339842,2.0
58.097726639395866,54.53456115722656,54.49132126039892,55.70786968567378,65.1541963902108,3.0
71.40730692265699,70.24308776855469,68.54473543888062,70.06504337669743,81.6152353811423,4.0
67.57036255347481,67.6554946899414,67.62988466587545,67.61858063643056,63.6465824745027,3.0
51.07581221787672,50.38497543334961,50.619690489620915,50.69349271361575,60.162113001518,2.0
53.73099524038069,56.128482818603516,56.55318430308403,55.470887454022744,65.0696300502003,3.0
47.15139255950953,52.30551528930664,52.485322087810346,50.64740997887551,52.0710895918993,1.0
71.4157628721497,72.75086975097656,71.61627137580292,71.92763466630971,72.3868136757894,4.0
57.93689507216974,56.8170051574707,56.794616199396835,57.18283880967909,61.3800585583421,3.0
76.95060016798888,74.34017181396484,76.42410218459247,75.9049580555154,58.88915440252128,2.0
53.902471522464154,55.217952728271484,54.59466847826936,54.571697576335005,63.3494367726266,3.0
53.0036163009245,51.70079803466797,51.747360026814235,52.150591454135565,56.2275331801956,2.0
69.17616451393269,68.0271987915039,66.62487265096797,67.94274531880153,70.0579411279575,4.0
54.813410977649156,55.86897659301758,55.14171259185498,55.274700054173906,52.8262159619852,1.0
69.1346028410712,71.7994155883789,71.88268342660277,70.93890061868429,67.6204666351578,4.0
49.933530505292694,49.63241195678711,50.06771414081303,49.87788553429761,57.9411325443799,2.0
70.3678711541735,71.6193618774414,71.10652568189373,71.03125290450288,74.4993622893511,4.0
52.29627297956896,52.41702651977539,52.37118902692555,52.3614961754233,48.8730297464064,0.0
67.20310690187293,66.69828033447266,67.08570717379348,66.99569813671302,68.1966601551465,4.0
55.043367579311735,55.56489944458008,56.32233042323684,55.64353248237621,47.9239986719462,0.0
60.19193799050339,56.672420501708984,55.64875203899962,57.50437017707066,50.1260086067905,1.0
49.41935440507567,50.64756774902344,51.07000207709549,50.37897474373153,40.5282286421903,0.0
76.0283176818835,74.0197525024414,73.49407299879638,74.5140477277071,63.6712849537357,3.0
53.33183220545526,53.04753494262695,56.502776839195484,54.29404799575923,50.606515655061,1.0
60.358305552976184,60.93263626098633,63.36660465046799,61.552515488143506,54.7253661918611,1.0
51.85841922263458,53.48117446899414,53.574701519075624,52.97143173690145,49.9957892590801,0.0
52.892636753528784,54.68306350708008,55.17834602118433,54.25134876059773,58.4629217990207,2.0
53.69507141016868,53.480003356933594,54.23976520891025,53.80494665867084,50.4259608900044,1.0
56.91089184311566,57.5361328125,57.46318921057804,57.30340462206456,57.7570682447469,2.0
61.46560896439507,59.94063186645508,60.69111091113267,60.699117247327614,52.8417794899898,1.0
72.3579917256419,72.72107696533203,72.44953063871404,72.509533109896,66.0513779142899,3.0
67.30787911344508,67.23395538330078,68.21474690670263,67.58552713448283,67.9233035965576,4.0
54.44960958770366,56.55634307861328,55.71753037189649,55.57449434607114,53.0083991844403,1.0
51.54642367338074,50.79424285888672,51.738390500351606,51.35968567753969,48.6087849162245,0.0
55.72318839439648,52.80925750732422,53.04324534565256,53.85856374912442,46.8618645489391,0.0
74.88698230139921,75.34587097167969,74.64120320033126,74.95801882447005,74.2245509368737,4.0
67.54261529648164,68.3922119140625,67.55252346834594,67.82911689296337,69.6236124970059,4.0
54.678351512766156,54.805702209472656,55.20197563972998,54.895343120656264,47.6325093283657,0.0
58.62176612269626,54.8597412109375,57.61326803716093,57.03159179026489,52.715466788597,1.0
52.00837044936648,52.16218566894531,53.38789699391654,52.51948437074278,53.782329513912,1.0
54.479308096652275,55.92896270751953,55.599883311595214,55.33605137192234,49.206792146278,0.0
73.30369011481197,70.80647277832031,69.43672147172111,71.18229478828447,81.3652922221453,4.0
56.54530186579337,55.75437545776367,55.9870554170066,56.095577580187886,57.6410621796662,2.0
76.48280805301853,74.41973114013672,75.24637545126023,75.38297154813849,78.080974270092,4.0
53.30865256614221,53.67813491821289,53.38669920205792,53.457828895471,57.2642123905139,2.0
49.54675130001821,50.783897399902344,52.318320071917675,50.88298959061274,41.7759745331266,0.0
58.506504511161786,56.87249755859375,56.142816284074705,57.173939451276745,56.5934867890314,2.0
47.20264789069171,47.2854118347168,46.920726517357004,47.13626208092183,45.1426428868205,0.0
48.35451081023114,47.2335090637207,47.40194398934323,47.66332128776502,42.2941214846286,0.0
76.06915088511334,74.18013000488281,74.40931548386646,74.88619879128754,68.65043968655,4.0
59.01914286599772,58.67750930786133,58.671418675620686,58.789356949826576,66.2761420606101,3.0
70.66694452539443,71.38511657714844,71.2542460387844,71.10210238044242,73.322743206553,4.0
60.91472673970931,61.08928680419922,60.146207971852824,60.71674050525379,64.9868008431737,3.0
68.2120947440624,66.9483642578125,67.46015394012724,67.54020431400072,69.0795185048171,4.0
54.68003268680393,52.054386138916016,51.001548788981374,52.578655871567115,54.6443835754986,1.0
55.60648368140366,55.23594284057617,55.182284417870065,55.34157031328329,54.0682831321604,1.0
53.52776934647677,53.268028259277344,53.76558376402631,53.52046045659347,52.2491472517924,1.0
57.18449600386067,58.00467300415039,57.98691278669102,57.72536059823403,63.9991392001255,3.0
68.61381369848692,69.68059539794922,69.62111285140251,69.30517398261289,62.7408315239201,3.0
55.04942646428621,50.236061096191406,50.596224412934234,51.96057065780395,56.7461710556742,2.0
58.88675078999349,60.39078903198242,60.10300063326714,59.79351348508103,47.1523115286729,0.0
52.80149263022248,53.4291877746582,53.919429205354966,53.383369870078546,54.1841672455222,1.0
54.23544639457675,53.65934753417969,52.60130838736909,53.49870077204184,53.7934657779124,1.0
57.4324059137783,56.722923278808594,56.76046554071758,56.97193157776815,54.5871631101815,1.0
57.23017182173559,54.60782241821289,55.304819236882835,55.71427115894378,64.4897300722191,3.0
53.526134006431334,53.14653396606445,54.1042791231633,53.59231569855303,47.8709889754103,0.0
68.83222199632081,69.62413024902344,71.47804339157223,69.97813187897215,75.7385068771267,4.0
49.3023067022128,49.428279876708984,50.24619229582503,49.658926291582276,62.5615592964481,3.0
60.463786286099484,59.93586349487305,58.80000568439205,59.73321848845486,64.33851632629,3.0
55.88942225803711,50.68383026123047,51.77386245165328,52.78237165697362,59.5618473338027,2.0
45.842127938530325,48.628173828125,48.477114059123046,47.649138608592786,37.4227341842562,0.0
47.712647021365086,49.350467681884766,49.76015780819089,48.94109083714691,46.7870502877756,0.0
69.80627832368778,70.96516418457031,70.95549482450004,70.57564577758605,68.0860395963772,4.0
46.187145347598516,49.009735107421875,50.50598975308425,48.56762340270154,51.5514737229624,1.0
52.110707891940876,54.802303314208984,54.97981742144807,53.96427620919931,49.7515973626491,0.0
54.075444319526405,51.972293853759766,52.42268548030216,52.82347455119611,52.4694972476864,1.0
70.42557155059387,72.55525970458984,71.12292984035993,71.3679203651812,72.7954166047135,4.0
52.402162446231685,49.42631912231445,49.83846658152143,50.55564938335585,39.3548077716096,0.0
52.74059693443422,53.488014221191406,53.58940522325709,53.27267212629423,63.3020524418792,3.0
68.13778679225707,67.1137924194336,67.51393023142587,67.58850314770552,58.8523430860687,2.0
71.53646198038253,70.02605438232422,67.8906424622013,69.81771960830268,61.3499333579001,3.0
48.13573410128174,50.62836456298828,50.98790964449229,49.91733610292078,45.4235760590927,0.0
46.88229786645254,49.42546081542969,49.54707093704077,48.61827653964101,45.6220085467365,0.0
51.50284847886839,54.98760986328125,54.61558516905205,53.70201450373389,49.2134824677459,0.0
55.56756717013099,56.26649475097656,56.56027082008122,56.13144424706292,52.511460669255,1.0
54.3419203491118,54.55266189575195,54.76598921584141,54.55352382023506,51.9765226498988,1.0
62.0118499284761,60.325557708740234,60.60883148780648,60.98207970834094,51.3735519493143,1.0
66.92715631637907,68.14806365966797,67.65329931535638,67.57617309713447,70.8078130462243,4.0
56.99116559281049,53.692378997802734,53.47802673721097,54.720523775941395,58.9729668029928,2.0
60.976225629067,59.85663986206055,60.64095286334672,60.49127278482476,64.6146181430216,3.0
51.5570914999679,53.38629913330078,53.89283449496431,52.945408376077665,55.3097840167829,1.0
57.14374483628018,56.20520782470703,55.72494904004315,56.35796723367679,62.0238009566676,3.0
70.51495291090117,71.2782211303711,68.32264318422081,70.03860574183102,77.1549227541341,4.0
57.63281765569443,54.210914611816406,55.039285253816445,55.62767250710909,59.5869588538486,2.0
67.81598419293388,70.09390258789062,70.03339160126144,69.31442612736198,64.0181780303205,3.0
70.07861599244087,69.05979919433594,70.23486394563578,69.79109304413753,70.0252476210464,4.0
55.340585105562724,56.28154754638672,55.81254579058411,55.811559480844515,54.0123369844553,1.0
47.81781108020858,48.46425247192383,47.62903179337089,47.970365115167766,50.5117627149267,1.0
68.10292043746718,67.56425476074219,67.10504663796354,67.59074061205763,71.5810843345772,4.0
60.67298088909445,63.11784744262695,62.30090153201354,62.03057662124498,61.5048714657071,3.0
66.61969292514267,68.99359893798828,68.94174653337778,68.18501279883624,79.5887974264798,4.0
72.29361565234883,69.99671936035156,68.13943499663823,70.14325666977953,69.2027783282331,4.0
64.58938676170283,64.69742584228516,64.03283361412377,64.43988207270392,74.8900047008866,4.0
48.367348315115755,51.045833587646484,49.698764619941535,49.70398217423459,41.7939725405572,0.0
58.41199238688274,56.317996978759766,55.14970043928903,56.62656326831052,67.7197426291323,4.0
50.685782874767604,48.69705581665039,49.09256614565596,49.49180161235799,55.2268892998869,1.0
70.27378629911767,68.96273803710938,70.07921383574478,69.77191272399061,69.2816051709523,4.0
52.82371478113079,54.186710357666016,54.73155013156712,53.91399175678797,50.9589642484267,1.0
57.89013448847864,60.450408935546875,59.120049850132794,59.1535310913861,61.06445118952,3.0
54.02406783664745,55.61800765991211,55.515658628285244,55.052578041614936,48.2313008899861,0.0
49.137484461427874,50.796775817871094,50.76378540357143,50.23268189429013,45.4030119118748,0.0
53.094095992083126,54.77005386352539,54.626323898417056,54.16349125134186,53.712099785847,1.0
59.31432494626148,60.15253829956055,59.3261084971663,59.597657247662774,63.9748912908372,3.0
71.857399761695,72.91708374023438,72.48982668085817,72.42143672759585,80.5304707660361,4.0
72.45851681151018,77.81060791015625,76.73380297492409,75.66764256553017,73.4009269791394,4.0
71.28384753315389,69.70042419433594,70.90600687818787,70.63009286855923,68.9591690520571,4.0
52.20583990641011,53.46024703979492,53.95596039086073,53.20734911235525,43.9864965533576,0.0
56.71868270031942,55.81146240234375,56.30529551023981,56.27848020430099,62.0404776850538,3.0
68.93920285599923,69.0443115234375,69.48921296292625,69.15757578078765,65.4837385206784,3.0
50.66043159106764,52.72417449951172,52.70897771686612,52.031194602481825,55.1378234462734,1.0
48.281867103012246,49.28351593017578,49.5106791193361,49.02535405084137,51.1920767905662,1.0
73.99478424896571,75.4853744506836,75.13338566234057,74.87118145399661,75.6912326597906,4.0
53.231217432519855,49.27540969848633,49.59454673998784,50.70039129033134,56.0734514349856,2.0
55.801771466536955,52.971988677978516,50.28307805309383,53.01894606586976,52.8141067444789,1.0
59.98344689724996,58.97922134399414,59.4731544814195,59.4786075742212,58.6328762610295,2.0
66.96081693727297,68.41522216796875,67.61508775489824,67.66370895337998,65.1945214218345,3.0
51.84593762942537,49.703338623046875,47.88473430596649,49.81133685281291,50.4286084572901,1.0
76.79530828174924,77.09808349609375,74.16782898100423,76.02040691961572,78.2136747482544,4.0
71.27166749352986,72.96495819091797,71.7522811539631,71.9963022794703,76.3414467461508,4.0
50.61486445207786,51.14208984375,51.04358009622557,50.933511464017805,40.5039599892349,0.0
52.0178746545422,53.38486099243164,53.71770590599969,53.04014718432452,49.888038235043,0.0
55.00238718971995,55.72677993774414,55.46619273081404,55.39845328609272,55.9197457643888,2.0
55.350230772395676,55.35599136352539,55.772756695799174,55.49299294390675,59.1610279414369,2.0
47.378421773799985,49.18598937988281,49.52093381036952,48.695114988017444,49.6489638811586,0.0
58.89844331425857,59.325538635253906,58.84799250720256,59.023991485571685,50.9064356419096,1.0
47.13167005285212,47.952964782714844,48.30790800655876,47.79751428070858,39.2872507261097,0.0
49.51053124885104,50.784446716308594,49.856563709966096,50.05051389170857,40.0752691635313,0.0
56.684869673478325,56.27375030517578,55.64919976505624,56.20260658123678,50.5730977548761,1.0
54.85533274721816,52.1093864440918,52.78697724946424,53.25056548025807,43.3776098857887,0.0
55.09545892236194,55.1578369140625,55.1755325932309,55.14294280988511,57.7514088220057,2.0
49.29330041015948,49.85227584838867,49.69156991187543,49.61238205680786,40.379675181492,0.0
53.32722565183976,51.16526412963867,50.72686483919327,51.739784873557234,46.1467948070523,0.0
47.645321462513806,50.408687591552734,49.738093945454146,49.26403433317356,51.5242208429044,1.0
48.59326665440554,46.34112548828125,48.35769519248513,47.76402911172398,58.0988124571339,2.0
48.556693217336566,50.3812255859375,49.709521335254614,49.54914671284289,43.6911812267135,0.0
57.28820536642659,54.14373779296875,53.75347535656346,55.06180617198627,56.1424797589964,2.0
72.8360662511722,72.19258117675781,73.2032474215654,72.7439649498318,73.5958625503999,4.0
66.66294319049294,64.45753479003906,65.26178924788373,65.46075574280525,72.9851146792464,4.0
56.659809848853186,56.90305709838867,57.572174435879255,57.04501379437371,53.8642707425571,1.0
50.73014672316512,50.22072219848633,49.62628039162821,50.19238310442655,52.3759927008083,1.0
72.00300512603611,73.07736206054688,72.33527604358349,72.47188107672216,72.2604565714076,4.0
66.92113823963346,66.83688354492188,67.09369321032462,66.95057166495998,68.350972087367,4.0
68.5226218249317,68.75438690185547,69.44522688602916,68.90741187093877,64.5155122854757,3.0
63.752338989258874,62.36241912841797,63.324538468067615,63.146432195248146,60.4173846419797,2.0
57.82931427235674,55.60230255126953,55.21704791031987,56.21622157798205,57.9904489326766,2.0
55.9129045541109,50.797767639160156,50.66175185632493,52.45747468319866,43.0810498206413,0.0
47.834695913958505,50.2277946472168,50.328145314532975,49.46354529190276,48.7773229838795,0.0
54.75953810605252,51.499359130859375,51.24391062887689,52.500935955262925,50.0113107248223,1.0
57.610672666684366,56.51344680786133,55.53086054372358,56.551660006089755,59.7405888706666,2.0
73.18478230325064,73.61695861816406,74.77748417105913,73.85974169749129,72.7750420524986,4.0
66.4882822243023,68.36213684082031,69.44567265787458,68.09869724099907,58.88915440252128,2.0
69.8181699995738,67.99897766113281,68.83243469252488,68.88319411774383,63.4621846691332,3.0
55.006256444778316,55.464149475097656,55.87157941995415,55.447328446610044,58.772960276493,2.0
63.58977017747116,61.403900146484375,61.55910006663853,62.18425679686468,64.2669578113927,3.0
73.18279778206102,70.18923950195312,70.46096416574942,71.27766714992119,85.4614137005083,4.0
53.728616285254816,53.64008331298828,53.042213040168264,53.47030421280379,55.0301709974823,1.0
66.68665917163598,67.52041625976562,67.9877458120531,67.39827374781824,59.1977126613554,2.0
60.65441261886751,61.12873458862305,61.73795036241379,61.17369918996812,64.6179571637385,3.0
57.45498391772653,56.17326354980469,56.031259153693014,56.55316887374141,57.2446252894853,2.0
49.22892111706722,48.494224548339844,49.95609669125342,49.22641411888683,42.7505367879011,0.0
59.626682838652485,57.53322219848633,58.06955911347576,58.409821383538194,57.963695347652,2.0
52.38940214624879,54.939674377441406,54.765210425381305,54.03142898302383,47.9798182527652,0.0
47.24214130119809,49.12598419189453,49.62334541535338,48.66382363614866,61.8878728415457,3.0
55.096188617947156,55.229949951171875,54.9521756338766,55.09277140099855,46.2587311214517,0.0
70.04066783314516,68.12346649169922,68.80520008755863,68.98977813746767,77.5544917097548,4.0
48.96813247620557,53.36516189575195,53.84613730502518,52.05981055899423,46.8014176080257,0.0
68.20522069286332,70.50547790527344,70.05297384155006,69.58789081322894,68.7777651999831,4.0
46.49457666837815,48.47056198120117,48.31985255093278,47.76166373350404,46.242797483079,0.0
66.95344854366103,67.56257629394531,68.2077322335087,67.57458569037168,67.8869649553818,4.0
54.81904879454766,53.931068420410156,54.17728012614661,54.30913244703481,62.6386893861414,3.0
69.48219008259731,69.40745544433594,68.02165990433578,68.97043514375633,69.2746836767917,4.0
50.83575893667635,53.03474807739258,53.55550678042607,52.47533793149833,45.1571318183908,0.0
58.05212423394827,56.98839569091797,56.49319153465755,57.177903819841255,56.0575031848222,2.0
55.82784628225171,53.41862487792969,53.84231736055256,54.36292950691132,47.6036808793739,0.0
58.41298935745284,60.13068771362305,58.9734971001182,59.172391390398026,63.4891978262907,3.0
52.57738527659845,51.592681884765625,51.10866362731184,51.75957692955864,57.7515737290771,2.0
50.105641283906145,49.266563415527344,50.55414207483359,49.97544892475569,54.3863754289213,1.0
50.64712846361192,50.18511199951172,50.796689473187655,50.5429766454371,43.0212744500325,0.0
62.88783139535232,63.35431671142578,62.68569035273261,62.97594615317024,59.609172666336,2.0
60.098343941967784,58.871543884277344,59.442230761806485,59.470706196017204,53.8107553644282,1.0
55.05215719218022,54.90415954589844,54.35506798017663,54.77046157275176,65.1125269373557,3.0
57.91966701079059,54.55978775024414,55.54770861049791,56.00905445717755,48.5240016913203,0.0
55.155359702743866,55.60996627807617,55.4404396085811,55.401921863133715,54.1992364045023,1.0
50.916052806993534,51.478004455566406,51.656632285644775,51.35022984940158,60.8596778637348,3.0
65.6363836170522,66.07466888427734,67.1098635222328,66.27363867452078,72.6488556284982,4.0
53.11457976066126,53.96110153198242,54.343509801244345,53.80639703129601,46.7232631001799,0.0
58.71760562089579,58.02396774291992,57.53285107501869,58.0914748129448,56.0958459149724,2.0
51.3123694537787,50.59034729003906,50.19204290779611,50.698253217204616,62.3935944283184,3.0
65.6432870765009,64.44278717041016,64.73360712518337,64.93989379069814,69.6559472948272,4.0
75.51816368827265,76.49677276611328,76.97310718900955,76.32934788113182,84.6266185263586,4.0
50.441420085286424,50.617862701416016,50.13528399243407,50.39818892637883,55.5968309666082,2.0
69.338642179903,66.64439392089844,70.45997539552496,68.81433716544213,71.8905930281493,4.0
50.76645047937658,51.4663200378418,51.42684495032841,51.21987182251559,54.8611547645117,1.0
53.77746102211551,52.462581634521484,52.36649480548327,52.86884582070676,56.0160761667857,2.0
55.22250193011189,53.60676574707031,54.1535215903586,54.3275964225136,53.0164531159341,1.0
57.53306777688215,56.24079895019531,56.44752959387974,56.74046544031907,46.4092164276622,0.0
69.31637140590823,70.30376434326172,69.89309674459645,69.8377441645888,66.6125019471817,3.0
57.40686242559615,55.26380920410156,54.371905960863195,55.68085919685364,53.3593620578306,1.0
50.75526385787256,51.77329635620117,51.54971979770026,51.359426670591326,53.7499832421055,1.0
53.47133370784689,51.647647857666016,52.66114387927725,52.593375148263384,46.1346176077017,0.0
54.227979362121474,55.312042236328125,55.32906541276506,54.956362337071546,51.7382466182453,1.0
55.45741285550123,55.60993194580078,54.96253583974471,55.34329354701557,56.7288266855351,2.0
71.03266269956832,74.20632934570312,72.06133151195661,72.4334411857427,72.7298927578707,4.0
53.932120956423724,53.674896240234375,54.25042867088018,53.95248195584609,50.1570597190866,1.0
72.01140942381255,68.66374206542969,69.12088379545874,69.93201176156698,68.9976390157898,4.0
46.59890562523855,45.940677642822266,46.114617235602886,46.21806683455457,44.9921196624136,0.0
65.16057174191548,69.8181381225586,69.17850859804848,68.0524061541742,60.1383701173058,2.0
75.73381614781691,67.22588348388672,74.54372151924093,72.50114038364819,79.9400855592061,4.0
50.68315063117306,51.947906494140625,52.95862177800066,51.86322630110478,54.1077615483079,1.0
50.63699195049016,49.38161849975586,49.656501923648435,49.891704124631495,44.9864089927446,0.0
61.390298708470496,59.38349533081055,59.37746528233387,60.050419773871646,61.2918051360186,3.0
56.811499693594,55.171756744384766,55.205926943410944,55.72972779379657,59.6429231337299,2.0
54.72562830468849,55.66676712036133,55.24769313772999,55.213362854259934,47.9735009620268,0.0
52.94379384948944,54.478538513183594,54.809231706670175,54.07718802311441,60.0165009335694,2.0
51.90704808077754,52.46244812011719,52.81271040194359,52.39406886761278,43.7680767288828,0.0
54.14275494283436,50.70649337768555,50.49843933975295,51.78256255342429,54.04064797252,1.0
73.2033101554178,72.08333587646484,71.04139185095507,72.1093459609459,85.5766375964756,4.0
51.978285025951436,51.354793548583984,51.2823178861834,51.53846548690627,59.767614663842,2.0
67.56875940227741,68.2625503540039,68.33129083329368,68.054200196525,66.9759725025495,3.0
69.19160931576383,69.80154418945312,70.25998689379873,69.7510467996719,78.7576307446439,4.0
72.26502243795578,70.02677917480469,72.1826172525738,71.49147295511143,64.2737233050112,3.0
55.45996641958816,58.770835876464844,59.10473970197778,57.77851399934358,66.0926263247972,3.0
69.65804299120624,70.892333984375,69.61570160781662,70.05535952779928,66.4483668880669,3.0
54.68136071404589,54.49968719482422,54.35506798017663,54.51203862968225,50.036954894736,1.0
57.210122337435536,58.84839630126953,57.71517649656265,57.92456504508923,58.291443664357,2.0
54.399574181744704,53.50645446777344,52.27486528696692,53.39363131216169,45.3468037711427,0.0
51.843740099314,53.27792739868164,53.89264046883382,53.00476932227648,48.8789288645575,0.0
57.71991807052859,56.919883728027344,57.60021305572753,57.41333828476115,57.4784302584679,2.0
59.629874107439115,57.164127349853516,56.99758176725293,57.93052774151519,54.5285545986738,1.0
43.513044881630165,47.71186065673828,48.83642878334842,46.687111440572295,41.0281345313425,0.0
56.02843230552362,54.613929748535156,58.330951757933214,56.324437937330664,49.272557183872,0.0
49.71138862457097,49.261417388916016,49.28886002843686,49.420555347307946,50.3636561739552,1.0
56.118474368092045,55.06735610961914,55.0426141237089,55.409481533806705,51.6211632868391,1.0
67.38364827790257,69.67057800292969,70.37711056586906,69.14377894890043,67.3321913815507,4.0
57.68613196630319,59.69481658935547,59.27020514934019,58.88371790166628,66.5206097899182,3.0
67.14415689940091,68.25394439697266,67.45587568243805,67.61799232627054,63.8591731184586,3.0
57.767589059354215,56.1407470703125,57.55635632916268,57.15489748627647,53.9392185938575,1.0
51.76653944724817,52.480655670166016,52.441509783638224,52.2295683003508,47.0175714223326,0.0
44.63414723944753,49.906497955322266,50.46684689902964,48.33583069793315,44.6630220465635,0.0
47.0377037032174,48.06201171875,47.914987240529314,47.67156755416557,45.2889384164801,0.0
58.403101275400246,57.1422119140625,57.07516391603091,57.54015903516455,55.5681688259277,2.0
58.053044418635764,57.430992126464844,56.76824611776278,57.4174275542878,62.2408603203482,3.0
59.19535657705448,60.502227783203125,60.33381887568463,60.01046774531408,60.780576630459,3.0
64.81016672391924,68.1075439453125,67.65071170870578,66.85614079264585,66.8826429051102,3.0
60.58940463260659,60.57744598388672,60.74887229520712,60.638574303900135,56.8090767196861,2.0
53.52482998068801,51.421024322509766,50.79559260912239,51.91381563744006,59.7233516127208,2.0
73.61482976477339,69.66361236572266,69.46116984232529,70.91320399094045,79.9431135976017,4.0
56.49775860279176,54.856903076171875,54.20425833550913,55.18630667149092,60.0666377529376,2.0
58.30288549978754,56.57133102416992,56.295127219306856,57.05644791442145,57.4087521011997,2.0
55.78289422045691,55.568016052246094,55.5532472631989,55.634719178633965,55.780026908813,2.0
46.929871796412066,48.431495666503906,48.47477961979192,47.945382360902634,46.4048319510963,0.0
57.17905883568173,56.7140998840332,56.690698891694524,56.86128587046983,48.4268662451225,0.0
57.5458895496178,56.846435546875,56.14092498687185,56.84441669445488,67.833389824741,4.0
55.046324759287,57.240238189697266,56.093312452702875,56.12662513389572,60.6690501296016,3.0
74.97058587470627,74.23372650146484,74.84249544961779,74.68226927526297,71.6193687460155,4.0
76.39854718289513,74.18418884277344,74.79264539824821,75.1251271413056,72.4926595091518,4.0
67.07864373601778,70.27942657470703,69.87821648822037,69.07876226631507,65.7661395578961,3.0
51.4254914627268,53.411861419677734,55.383305497751394,53.40688612671865,56.3174092067017,2.0
51.22726006094381,54.75885009765625,55.07841315489952,53.6881744378332,47.9735009620268,0.0
59.15135611181439,59.900146484375,59.61747792349297,59.55632683989412,61.2519649137924,3.0
59.24698090918303,61.06285858154297,60.34510537695097,60.21831495589233,59.5330212641098,2.0
54.32276234477263,55.438385009765625,55.35572184317129,55.03895639923652,50.1393010330248,1.0
59.25417335708874,58.6783561706543,57.924967251245945,58.61916559299633,61.2678642053386,3.0
47.65759579103116,49.461673736572266,50.442832933504555,49.187367487036,46.5981096027023,0.0
66.89062710740278,66.40235137939453,66.36298087064371,66.55198645248034,66.3270235172418,3.0
53.9867854052747,53.72086715698242,53.67912005143463,53.79559087123059,58.3162620528564,2.0
50.947350208187395,49.299095153808594,49.73142172481601,49.99262236227067,49.6240854711404,0.0
60.24160476410732,59.42449188232422,58.01981717877909,59.22863794173688,57.4778608007873,2.0
51.658918632125584,50.07944107055664,51.652484218626114,51.130281307102784,46.4914535650045,0.0
71.55019438647946,72.80455017089844,72.50157688185129,72.28544047974306,72.7954166047135,4.0
73.29693165982115,72.12911224365234,70.69199152004995,72.03934514117448,64.6560852377177,3.0
51.24942160135368,53.08209228515625,51.598161456249464,51.97655844758646,56.7597898609951,2.0
57.00585328654693,58.0221061706543,56.21012205662352,57.079360504608246,55.8682080806473,2.0
50.93281562453257,50.56957244873047,49.9020501659036,50.46814607972221,38.8083748174769,0.0
53.41677322524651,50.71597671508789,51.85793266817624,51.99689420283688,54.8811649475113,1.0
60.16255641881002,59.66549301147461,60.29710736730091,60.04171893252851,64.714059910793,3.0
56.68152780342887,54.65377426147461,53.87105131221131,55.06878445903826,60.0331207382913,2.0
58.61198872708761,56.95768737792969,55.52511675464539,57.03159761988757,63.3517432453212,3.0
68.75814417874723,70.167236328125,69.5128576875988,69.47941273149034,62.2671128221096,3.0
67.63501265833665,68.11611938476562,67.74787357723646,67.83300187344624,63.2861861191242,3.0
65.55573356235467,67.14856719970703,67.08196100444428,66.59542058883532,57.4518897325219,2.0
58.93996065958024,61.39811325073242,59.20673102999287,59.84826831343517,66.2601570836654,3.0
54.16889426057867,57.43355941772461,55.84481842765144,55.81575736865157,61.0624943817684,3.0
73.32917060007365,72.46651458740234,72.20917248428486,72.66828589058696,65.86189849102,3.0
43.926354605343754,47.214351654052734,48.78033212838497,46.640346129260486,44.9629963410771,0.0
50.48439236340107,48.17781066894531,48.813354786573605,49.15851927297333,45.2729445050354,0.0
74.35960045911406,75.61243438720703,75.42111807608461,75.13105097413523,86.8828710861017,4.0
53.498822993140145,51.986656188964844,52.39651967280148,52.62733295163549,62.0219407068947,3.0
50.23775129454985,51.128089904785156,52.560866933732214,51.308902711022405,50.5548715090097,1.0
50.99769173316907,50.2906494140625,49.97147730074553,50.41993948265903,38.4959503360586,0.0
59.80338203593007,55.138427734375,55.209524149318845,56.717111306541305,61.1785913822243,3.0
52.26790939400079,53.34071731567383,55.05833996012342,53.55565555659934,54.393426245713,1.0
58.66932248602494,59.557952880859375,59.92055053847595,59.382608635120086,66.5035206422247,3.0
56.31557018876003,56.68404006958008,56.49661355572565,56.49874127135525,48.0908768037821,0.0
58.16376776780641,57.31521224975586,55.66489447396303,57.04795816384177,63.1502261750688,3.0
71.50624731794518,69.98974609375,69.63846845927856,70.37815395699124,63.6303487006486,3.0
69.77352482458905,70.88622283935547,69.56254644410292,70.07409803601581,67.2882724464157,4.0
47.83407840934185,47.871456146240234,47.599131088514504,47.76822188136553,38.4803030738835,0.0
55.67071015176361,56.27522659301758,56.384726824928826,56.11022118990334,52.7001302117487,1.0
60.04508181247283,62.574947357177734,62.47637868160995,61.69880261708684,70.3891542007978,4.0
62.81669280053262,60.68998336791992,60.87993953884537,61.46220523576597,65.9341969995437,3.0
53.79904996541673,54.73052215576172,54.52803892485156,54.35253701534334,58.7076953484859,2.0
61.22984531015027,61.07075881958008,61.66702555828089,61.32254322933708,51.5957617962356,1.0
53.93038890823867,53.404518127441406,53.69192375951396,53.675610265064684,46.2890675863446,0.0
48.422029894033464,48.44261169433594,50.23652235082703,49.033721313065485,49.1029111098639,0.0
73.73165385836865,75.09172821044922,74.39144796587931,74.40494334489907,71.3644891082658,4.0
57.720885966184504,55.320640563964844,56.569987994985446,56.537171508378265,60.5268093022196,3.0
52.746787003711354,52.97645568847656,53.89109941467332,53.204780702287074,49.9987621028834,0.0
57.16651923557891,55.50584030151367,55.83766534755147,56.17000829488135,63.3933311873391,3.0
48.53898973202548,48.849151611328125,49.660973707956124,49.016371683769904,43.2877696177723,0.0
53.579962699176185,52.13450241088867,52.32807323307687,52.68084611438058,53.8745857626302,1.0
60.06486390237864,63.828372955322266,61.40100865271026,61.76474850347039,67.64766040982,4.0
53.809904013973444,54.66780090332031,54.22843079643138,54.23537857124171,60.4621278523044,3.0
55.68456914374651,56.854000091552734,57.71881106516855,56.752460100155936,59.1750795979247,2.0
68.92792064866185,67.95809173583984,70.40573261261557,69.09724833237242,68.5665811433973,4.0
47.83422734716003,50.2277946472168,50.328145314532975,49.463389102969934,44.1698351809906,0.0
71.11164841784544,69.15042877197266,69.79680548122735,70.01962755701516,75.8024211213152,4.0
52.90562563432285,53.93191909790039,53.5227180761182,53.453420936113815,57.5439402166545,2.0
49.368816874326264,48.72099304199219,48.29235699045081,48.79405563558976,37.603746060497,0.0
52.376775862567456,52.97858810424805,52.98468201384145,52.78001532688565,60.1971608523781,2.0
52.41811180258199,55.24295425415039,54.779829510695684,54.14696518914269,58.7500668836812,2.0
47.2340555163182,48.82743453979492,48.09421302305684,48.05190102638998,57.0023440193737,2.0
53.80894524501788,55.016605377197266,55.10217218002807,54.6425742674144,61.6504741842345,3.0
59.491348845887345,55.99132537841797,55.50700231570154,56.99655884666894,55.7584840794711,2.0
54.8601838279161,53.98811721801758,53.52614477683414,54.124815274255944,52.4335299846915,1.0
53.959686319108705,54.15247344970703,53.069862415129776,53.72734072798183,50.0045301107126,1.0
52.26875367351085,47.150081634521484,49.09562540710619,49.5048202383795,44.5658273867536,0.0
71.19134486279049,67.64207458496094,70.2036725815278,69.67903067642641,64.8717839807975,3.0
57.8621600207535,58.226585388183594,57.3955378455163,57.828094418151125,56.9047083370904,2.0
54.35174524362226,55.00962829589844,55.088903782296,54.816759107272226,53.5927349786675,1.0
70.8396912632956,71.76602172851562,74.78876930143574,72.46482743108233,73.3767290662615,4.0
67.07204279274063,68.03187561035156,68.27782504044228,67.79391448117816,74.388933574017,4.0
49.55705513241808,50.6683349609375,50.243479928552915,50.15629000730283,41.7214697762967,0.0
51.54781033867393,50.053646087646484,50.36673616958921,50.65606419863655,52.5124363576026,1.0
48.16374470278436,47.67854309082031,48.4521872211201,48.0981583382416,54.0187924205816,1.0
50.964035966170265,49.343448638916016,49.651410090394776,49.986298231827014,63.0453033736033,3.0
54.705875585940426,54.13565444946289,54.70730657794289,54.5162788711154,61.0395735011278,3.0
59.48171663696572,58.7391471862793,58.133902715136166,58.7849221794604,57.320362498683,2.0
68.12203983111293,70.0716552734375,68.3828934701168,68.8588628582224,76.6130321602328,4.0
71.69222738340561,71.66304016113281,71.4673222983598,71.60752994763273,67.595924497006,4.0
53.41590029116156,54.21369934082031,55.393455734684366,54.34101845555542,49.7558139281305,0.0
55.446560050580096,56.77138137817383,55.84324923149936,56.020396886751094,50.7336010919501,1.0
56.99678567974841,57.6501579284668,58.20756471052074,57.61816943957865,62.7002413371789,3.0
60.6268629434012,59.667564392089844,57.71114498137948,59.33519077229017,56.6062003454188,2.0
60.25710828165142,59.109745025634766,59.232685784999695,59.53317969742863,59.7517573895927,2.0
68.63086935737869,69.15848541259766,68.99097409129283,68.92677628708972,71.5009983562431,4.0
70.73152812695457,69.40618133544922,70.02843728153385,70.05538224797921,62.9047443557247,3.0
57.828917143299705,59.7806396484375,59.15793208949306,58.922496293743414,59.3450780620104,2.0
54.896364564031025,55.434417724609375,55.255262656238095,55.195348314959496,56.4219955515193,2.0
70.9363016018545,67.77681732177734,68.2140844073604,68.97573444366408,75.6142888144116,4.0
74.9391294797849,74.36278533935547,72.56109913962929,73.95433798625656,80.4942224800236,4.0
50.11526009493393,48.679603576660156,48.936955560900806,49.243939744164955,60.376398332283,2.0
52.971105626840895,54.3220329284668,53.410265196834,53.56780125071389,44.295585251172,0.0
71.05931148450937,70.7278823852539,70.91509550200959,70.90076312392428,68.7597470389934,4.0
55.48470159989157,56.12054443359375,56.424927580820636,56.01005787143532,51.775157574189,1.0
56.749263193053714,53.88398742675781,55.62132869340551,55.418193104405674,53.1767899042415,1.0
55.09255056999294,53.09682083129883,53.58673548049056,53.925368960594106,49.9987621028834,0.0
58.63565281778391,56.35506820678711,56.58577689186008,57.1921659721437,56.3314470021553,2.0
50.30541118538868,50.95315170288086,50.49380404107455,50.58412230978137,40.7627174014774,0.0
58.55398004233915,57.54706573486328,57.81707745989593,57.97270774569946,61.0020291326132,3.0
72.37803746380375,72.35464477539062,70.91904884645936,71.88391036188459,80.5151686838699,4.0
53.139526385334285,55.93827438354492,55.558382493553616,54.87872775414427,50.3008596991727,1.0
60.725135641364034,61.60509490966797,59.9887146553526,60.772981735461535,64.3409277919637,3.0
56.0654875931177,51.36712646484375,50.898032476578386,52.77688217817994,58.4699658767686,2.0
58.206165816638325,56.011844635009766,55.32211300622311,56.51337448595706,55.5655019112929,2.0
73.99534785014653,75.39573669433594,74.07136163080678,74.48748205842975,65.9017230763619,3.0
59.82441501144725,60.60247802734375,61.070042010929456,60.49897834990682,66.6167480347933,3.0
56.90922004430531,55.23090744018555,54.08835585288339,55.40949444579142,53.5528912404105,1.0
56.90762479375944,58.51028823852539,57.19203849190857,57.53665050806446,54.628571505506,1.0
64.8971946206933,67.01272583007812,66.99549282137932,66.30180442405025,82.8190039593195,4.0
53.79368429490844,54.75664520263672,54.331777523003446,54.2940356735162,41.0087761973638,0.0
73.00628253944917,71.60501098632812,70.32787575072302,71.64638975883344,76.157003503915,4.0
54.02566065346079,52.51393508911133,52.18507983516558,52.90822519257923,55.0267183755103,1.0
58.12400571883091,59.557342529296875,57.33043686682199,58.337261704983256,62.2840648586702,3.0
70.72098323053812,72.15383911132812,70.68556763651826,71.1867966594615,69.892386434595,4.0
52.47550691822364,53.74135971069336,54.565478845464746,53.59411515812726,48.7112186292514,0.0
68.45708023889,70.65861511230469,69.93682498027115,69.68417344382195,74.698732614504,4.0
72.92380274287763,72.64851379394531,73.77278068090435,73.1150324059091,77.1102916133914,4.0
59.15230253830075,60.456016540527344,60.61097061650426,60.07309656511078,55.0332150010018,1.0
50.85794203584681,52.940914154052734,53.443499799880215,52.41411866325992,53.064421072706,1.0
59.04681780305725,56.617706298828125,56.54962849184439,57.40471753124325,64.9598462486568,3.0
55.0972931120644,56.59798812866211,56.79500965891163,56.16343029987937,52.9317700325428,1.0
57.992099294187064,56.37228012084961,56.424008556758,56.929462657264885,56.9707101712929,2.0
50.26773564944115,48.38062286376953,48.751866479441944,49.13340833088421,53.9013394298509,1.0
58.43385846218127,57.08915328979492,56.911463523756176,57.478158425244125,65.3156161867361,3.0
58.64697852282803,59.12725830078125,58.498653398619595,58.75763007407628,65.477426809352,3.0
48.718955409545515,50.295127868652344,50.77425159232977,49.92944495684254,43.6952670642442,0.0
54.68108915329735,57.03357696533203,56.82687655181152,56.180514223480294,59.1740116533135,2.0
53.60958889542202,52.02007293701172,51.091104425630945,52.24025541935489,54.2167709820664,1.0
48.78534173423313,48.41659927368164,48.24733753384837,48.483092847254376,48.4958345274829,0.0
49.77171684588355,49.74258041381836,50.36673616958921,49.96034447643038,43.296760106614,0.0
53.940225091068136,54.901206970214844,54.98561349177053,54.60901518435117,58.2883797479117,2.0
60.05142988742643,58.070430755615234,57.39195432365834,58.504604988900006,69.6827461230728,4.0
74.15649286034423,75.27800750732422,75.97819515368617,75.13756517378488,74.6533304444499,4.0
48.730331602559744,48.67020797729492,47.593781591792954,48.331440390549204,47.4226020282463,0.0
52.78989435810757,54.18918228149414,54.275753824642806,53.75161015474817,56.2361614451789,2.0
57.17893392053993,54.227439880371094,53.91172310433421,55.10603230174841,52.9754315577972,1.0
46.74241125011711,49.00108337402344,49.04225050950109,48.26191504454721,47.8666718514131,0.0
59.45566030572884,61.05659103393555,61.34937380581091,60.62054171515843,71.2228452106321,4.0
51.3766860538395,50.50358581542969,54.2599212000713,52.046731023113495,44.6460227050573,0.0
60.30647600086262,54.19591522216797,57.67199850363381,57.39146324222147,51.6010705052913,1.0
56.58927596122775,57.68027877807617,57.398450040256655,57.22266825985352,58.1204986865562,2.0
58.92674540182098,61.05140686035156,59.825929823680944,59.934694028617834,69.8392428950322,4.0
50.65014844711577,51.559226989746094,51.55936944987274,51.256248295578196,49.001707524578,0.0
53.80042461826136,53.743553161621094,54.166046766652336,53.90334151551159,54.2191365819207,1.0
52.35479524811392,50.954620361328125,51.22657130944385,51.51199563962863,42.4151976962466,0.0
54.481424049556,56.32128143310547,57.121335819000045,55.974680433887166,49.1018219593593,0.0
68.77450846599645,68.45804595947266,68.65811396473138,68.6302227967335,68.2978211622744,4.0
49.44971889692416,50.05754089355469,50.36240960239392,49.95655646429092,48.851259914447,0.0
66.48656409101191,69.1761245727539,69.1288945422673,68.26386106867771,59.6819321132387,2.0
58.194813733457885,56.771728515625,56.704924191855426,57.22382214697942,57.7514088220057,2.0
57.19150737232445,57.09097671508789,57.87792114654932,57.38680174465389,53.2358027869084,1.0
58.07523313308211,60.22988510131836,59.95201848342854,59.41904557260966,61.5865634484082,3.0
58.051389512684025,55.68185043334961,56.65816250869619,56.79713415157661,59.3410297530995,2.0
54.487907309887575,54.86558532714844,54.584530364600525,54.64600766721218,49.5115268626706,0.0
72.26502243795578,70.02677917480469,72.1826172525738,71.49147295511143,64.2737233050112,3.0
69.40720345155044,71.3288345336914,70.52858443611005,70.42154080711731,74.9193367173673,4.0
58.031870899095836,57.18172073364258,57.7469807759294,57.65352413622261,52.4240562754817,1.0
63.86539378157208,66.15896606445312,66.80702061502079,65.61046015368198,69.3082413588618,4.0
53.959686319108705,54.15247344970703,53.069862415129776,53.72734072798183,50.0045301107126,1.0
53.9421183078065,53.70990753173828,53.04313009337789,53.565051977640884,55.8141243245052,2.0
51.85252226847041,54.14826965332031,54.19705873231893,53.399283551369884,49.2097848328016,0.0
56.602847576207374,56.612640380859375,57.4604165144955,56.89196815718742,63.7685372387748,3.0
66.98962492109882,68.18179321289062,67.98280396918328,67.71807403439091,68.1505140814552,4.0
67.9206456097149,70.05784606933594,70.50783628633441,69.49544265512843,67.3839394625733,4.0
58.54374987744457,61.114524841308594,60.31744195972432,59.99190555949249,57.9903136911254,2.0
54.70858032359834,55.22376251220703,55.157963650484575,55.03010216209665,50.3141015093875,1.0
62.94653371548555,61.1696662902832,61.500642701783164,61.8722809025173,45.7301561779251,0.0
49.8345589196966,50.85438919067383,52.09215148980094,50.92703320005713,62.0392557783654,3.0
54.608264127323096,54.99397277832031,55.65122571403087,55.08448753989143,61.55988741932,3.0
55.191454962685455,54.219242095947266,54.36029742746768,54.5903314953668,63.9933868682793,3.0
55.85773205515976,53.406898498535156,53.345129722102996,54.20325342526596,52.4418587208029,1.0
66.95188592841433,65.93790435791016,66.53424744823421,66.47467924485291,69.9146406161038,4.0
55.609689220134946,52.1093864440918,52.78697724946424,53.502017637897005,59.6313133572338,2.0
65.15776073562132,65.89453125,65.51506654530513,65.52245284364214,67.9991404754807,4.0
52.8674954628472,54.029212951660156,54.226867801566755,53.70785873869138,43.8030091481582,0.0
55.153118738332125,56.80318069458008,58.66232779954167,56.872875744151294,54.0888318922703,1.0
69.54972690758927,69.60970306396484,70.4106340792516,69.85668801693524,69.1102526656356,4.0
72.02448633254969,73.29767608642578,74.19227344096481,73.17147861998009,72.7998558049976,4.0
70.1714350312492,70.28614807128906,70.85078133806462,70.43612148020095,74.20815837498,4.0
59.5990346752628,59.32028579711914,56.39334948855206,58.43755665364466,58.0568561953814,2.0
54.213242175049864,56.37995910644531,53.94901213777196,54.847404473089036,56.3857200274806,2.0
48.72466636850589,48.36307907104492,48.20894635374753,48.432230597766114,44.0965906827615,0.0
63.003994113486115,60.103736877441406,60.500457201200085,61.20272939737587,55.3707351410639,1.0
50.64289463556165,49.843788146972656,50.047976224455205,50.1782196689965,50.9613982141945,1.0
67.02626193327288,67.81724548339844,65.64515353976752,66.82955365214627,70.5665563816746,4.0
54.63596704674466,54.54530334472656,55.10954785858145,54.763606083350886,59.1088134934057,2.0
52.75265049699891,49.923011779785156,49.03687181054659,50.570844695776884,50.9361047408209,1.0
45.55625385215449,45.87504577636719,46.90483313430978,46.11204425427716,45.3965282893231,0.0
51.24942160135368,53.08209228515625,51.598161456249464,51.97655844758646,56.7597898609951,2.0
70.82058377466436,71.9006118774414,70.13707538220818,70.952757011438,84.6989290781388,4.0
71.08907670458974,74.31304931640625,72.8868988785595,72.76300829985183,70.1128050001057,4.0
56.64933799138762,60.933929443359375,58.04714410907301,58.54347051460666,63.4589425137281,3.0
57.117332165506404,55.70207977294922,55.847494397334266,56.22230211192996,60.4934904033162,3.0
57.074295256682696,56.16151428222656,57.42976434706408,56.888524628657784,65.0060797191614,3.0
57.202132471085555,55.14620590209961,55.497843702657796,55.94872735861433,65.8335226042893,3.0
58.50577074593013,56.926513671875,56.99902990772365,57.47710477517626,60.4765060321485,3.0
61.69724835695541,60.317955017089844,60.75953767542742,60.92491368315756,64.5311470918916,3.0
70.88894256988583,73.89564514160156,73.86706847870641,72.88388539673127,73.6578209441307,4.0
53.54291656531188,52.47755432128906,54.72020213889277,53.58022434183124,53.8306583367149,1.0
53.15750318450825,50.357765197753906,50.37297436482662,51.29608091569626,52.4264915613521,1.0
52.905243516473796,52.48135757446289,53.051255408718276,52.81261883321832,55.8088328096362,2.0
69.61682539963809,70.00263977050781,69.90454957036862,69.84133824683818,86.0620435802488,4.0
51.12529220398193,52.07160568237305,52.363580692148446,51.85349285950114,44.2379998774355,0.0
47.712633535735776,47.90925216674805,47.78922452214215,47.80370340820866,60.1117632967947,2.0
54.99733627202108,54.09314727783203,54.18312560208516,54.42453638397942,59.7657064898692,2.0
73.18111533570703,75.94087219238281,75.60507634717699,74.90902129175561,66.2885985160452,3.0
70.79582677309968,70.45887756347656,71.76039946385669,71.00503460014431,71.1768516445879,4.0
66.44953338232709,67.12210845947266,67.55366825693433,67.04177003291136,66.0966892757906,3.0
53.14249774539224,53.68694305419922,54.86833993293941,53.89926024417696,50.6801419346009,1.0
45.68270003895844,47.32508850097656,46.74165980371785,46.58314944788429,50.8358531987826,1.0
53.11237573470307,51.27593994140625,52.751562620569466,52.379959432226265,66.1481272522768,3.0
51.96906461200395,51.58474349975586,50.60583262556733,51.386546912442384,45.7503386284532,0.0
51.86609315833614,52.79387283325195,52.835877903475186,52.49861463168776,39.8842131457176,0.0
53.00377977633536,56.803627014160156,55.448589046020686,55.0853319455054,54.8918306597912,1.0
61.317168797810396,60.32068634033203,61.704819335917655,61.114224824686694,53.6077512390355,1.0
73.6243455600865,72.68624877929688,72.28460879468498,72.86506771135612,71.5213482994861,4.0
70.63693722603134,71.02777862548828,70.59179787074885,70.75217124075617,69.294620991735,4.0
53.90191626140216,56.694374084472656,57.30367562133456,55.96665532240312,58.9819982158442,2.0
44.37365813831649,47.36946487426758,47.635314366095734,46.459479126226604,53.8384604135867,1.0
55.40118876061418,55.42866516113281,56.628141968808556,55.81933196351852,72.6089702631889,4.0
50.28210589139085,45.43049240112305,43.13190992388742,46.28150273880044,42.5649528959658,0.0
55.280797996566555,55.832733154296875,56.80706056248261,55.97353057111534,60.198090331986,2.0
58.26820710229307,59.691524505615234,57.659692285274836,58.539807964394384,40.9008970274873,0.0
67.75592197413768,67.84651184082031,67.43455061414979,67.6789948097026,77.8233104718738,4.0
73.57985405363613,71.23727416992188,70.70123363686272,71.83945395347358,70.1747667367521,4.0
57.759022677269094,58.89183044433594,59.064439493434406,58.571764205013146,62.1894061373553,3.0
60.147992581072586,59.63029479980469,60.147441418597886,59.97524293315838,66.0356346889184,3.0
66.30566184441147,67.25791931152344,67.17781097815222,66.91379737802905,68.1588049524612,4.0
68.62499400698451,68.97257995605469,69.3711809570214,68.98958497335353,67.2882724464157,4.0
68.00587220789666,67.78301239013672,68.22778220057211,68.00555559953516,74.4678647205794,4.0
55.99188401764061,55.776512145996094,55.19137640858929,55.653257524075336,60.9083077537984,3.0
66.4168828835357,67.25111389160156,67.18020993660073,66.949402237246,66.7114837150914,3.0
61.51894276214414,60.8471565246582,61.64898103996676,61.33836010892304,48.2869944527286,0.0
68.26573625402753,67.51226043701172,67.17032182323206,67.6494395047571,73.4291601321692,4.0
53.46433516186849,52.5992431640625,52.30780457840334,52.79046096811144,49.4101978144229,0.0
51.24429775385445,49.911537170410156,49.9081452464401,50.35466005690157,44.5474464094148,0.0
54.514318870577654,54.155494689941406,54.08808196419837,54.25263184157248,53.447798854168,1.0
53.9787928189408,53.77888870239258,52.99893607499315,53.58553919877551,56.0168188357666,2.0
55.701313397839996,57.61758041381836,57.22095606123048,56.84661662429628,42.4631865395,0.0
55.42770393032811,56.97560501098633,56.92260599236663,56.44197164456036,50.3217130890467,1.0
67.98327573301916,67.8702621459961,67.44443399525004,67.7659906247551,66.8064682268279,3.0
53.204773620784955,52.5992431640625,53.27905298175037,53.02768992219927,59.2056894723223,2.0
63.974467685912074,62.94651794433594,64.80802628285642,63.90967063770148,56.7472046748759,2.0
69.58182384818035,69.67382049560547,69.8517605787655,69.70246830751711,70.580930361228,4.0
55.30037072820428,55.3502082824707,53.629525075421185,54.76003469536539,57.959873937147,2.0
53.01253155576995,53.88664627075195,53.445630569420736,53.44826946531421,60.1888675444205,2.0
52.67180730014442,53.212886810302734,53.09644573822483,52.99371328289067,46.489172362268,0.0
57.156798563278876,53.3870849609375,52.152470641986056,54.232118055400804,42.8357445580892,0.0
51.28946083774142,52.707427978515625,52.08247972585573,52.02645618070426,51.9199207442362,1.0
58.76471249326221,60.25542449951172,58.47093280652266,59.16368993309886,57.9444613796654,2.0
67.64025710792276,70.5368423461914,68.83961650317148,69.0055719857619,80.533217735932,4.0
56.60857242627484,56.10050964355469,55.74035809013274,56.14981338665408,56.559923993082,2.0
50.68963920550276,52.75535202026367,53.63461245750142,52.35986789442262,55.3245650230959,1.0
57.07853007809254,54.69208526611328,55.0672588430785,55.61262472909477,57.9640598694573,2.0
73.0280620582366,72.51466369628906,71.89265835602828,72.47846137018463,74.7022587516499,4.0
54.4155167635675,54.60603713989258,54.73104599586895,54.58419996644301,54.4852345075165,1.0
49.301463282964896,50.093631744384766,51.48366467507937,50.29291990080967,56.797093625019,2.0
53.7634939967428,51.33203887939453,51.14180241410139,52.079111763412904,56.5201106804986,2.0
54.04505523992592,54.44136428833008,53.83758419476793,54.10800124100797,59.8665222521349,2.0
52.880800053183826,54.910343170166016,55.19950406421521,54.330215762521675,54.0234052234968,1.0
56.569976409139514,56.405487060546875,57.10413996842929,56.693201146038554,68.0583361847999,4.0
54.93885784738463,54.271644592285156,52.80931297268182,54.00660513745054,63.817955313587,3.0
60.94919243680352,62.018165588378906,61.6784790478024,61.548612357661604,59.2586636682582,2.0
53.72457394125354,52.85372543334961,52.718432230293885,53.09891053496568,57.2827134227981,2.0
73.47069690496828,73.006103515625,73.0106674595109,73.16248929336807,82.8814777412399,4.0
48.52590701633745,50.495750427246094,50.83881016042847,49.95348920133734,47.706441041771,0.0
57.46406270026792,55.94218444824219,55.84739065899641,56.41787926916884,62.056365255231,3.0
56.76403940977941,55.59062576293945,55.311549904224314,55.88873835898105,52.0225926986449,1.0
52.00837044936648,52.16218566894531,53.38789699391654,52.51948437074278,53.782329513912,1.0
57.8279957776124,59.20513153076172,59.10421114128151,58.7124461498852,61.2692452955426,3.0
65.81293201000601,64.89385223388672,65.80772676227309,65.50483700205528,70.4317495189848,4.0
55.98380728987941,56.79843521118164,55.36648892436026,56.049577141807106,54.8901633925293,1.0
55.578959095574135,55.2831916809082,53.735080594170086,54.86574379021747,50.0104016889671,1.0
55.88520195262598,52.36085891723633,52.47328640385835,53.5731157579069,57.3134571279459,2.0
53.13374956462242,54.642635345458984,55.56661007746604,54.44766499584915,57.6979321766073,2.0
56.62979505474187,56.07649230957031,55.91312428630822,56.2064705502068,57.8217109262513,2.0
53.36409879163694,56.23603057861328,55.25739817211443,54.95250918078822,45.6990115013238,0.0
53.44029566570602,53.36207962036133,53.30520447321579,53.36919325309438,40.9329148017526,0.0
65.13043474729778,66.66734313964844,67.45902333885317,66.41893374193313,63.2044147412048,3.0
52.36680080748335,53.27555847167969,53.385808505844366,53.009389261669135,64.2583774940709,3.0
59.31926104675931,55.81953048706055,57.318686451062256,57.4858259949607,62.2586627274438,3.0
73.07099725416828,72.51564025878906,72.28731956295188,72.62465235863641,71.5213482994861,4.0
53.385250386829135,51.80615997314453,52.28665362178486,52.49268799391951,52.3085012846037,1.0
55.87730812462711,51.535491943359375,50.90541468482147,52.77273825093599,65.1671836243518,3.0
52.65454541848425,54.017215728759766,51.99291074533875,52.88822396419425,61.338025415633,3.0
54.91564187607763,56.13738250732422,57.04392750637336,56.03231729659174,54.6355878177228,1.0
55.21120819492173,59.264068603515625,59.73592947871216,58.070402092383176,59.0576248818492,2.0
56.98727518822743,59.50366973876953,57.96609269144776,58.15234587281492,43.6708981195833,0.0
53.31578695740118,51.80934524536133,51.26142089292031,52.12885103189427,40.5878543784375,0.0
57.144396941907395,57.38370132446289,58.65636127548779,57.72815318061936,50.4250418572854,1.0
69.44890856127692,69.66838073730469,69.83503469014825,69.65077466290995,64.2580665206171,3.0
57.66563332822247,58.24984359741211,57.57346434355628,57.82964708973029,57.0628502735964,2.0
55.27412958544833,56.099674224853516,55.52589495433365,55.633232921545165,59.2410114196546,2.0
53.031823769613375,54.9863395690918,54.94108766723115,54.31975033531211,58.0030375857898,2.0
72.61912867441221,73.08195495605469,71.05093863964187,72.25067409003624,83.7129417754922,4.0
49.145826771944485,51.18409729003906,51.47020650001369,50.60004352066574,49.7715894421393,0.0
56.425292491653465,56.90109634399414,58.26158590103285,57.195991578893484,56.0889798917742,2.0
50.96074576959433,51.759620666503906,52.721063125849405,51.81380985398255,44.7849605675028,0.0
45.10890094210517,48.117977142333984,48.88819742374624,47.37169183606181,53.6754982873249,1.0
69.22033897795328,70.6258316040039,70.55400636902871,70.13339231699531,67.6377117784847,4.0
54.28888655200275,53.622432708740234,53.773423308065446,53.894914189602815,54.6645353459947,1.0
52.34789766582412,53.86620330810547,53.269866787851676,53.16132258726042,56.3095894913228,2.0
72.32363710176973,70.12004089355469,70.75317863023383,71.06561887518609,69.8055561819582,4.0
54.88166282314537,53.61957931518555,52.95305892519154,53.818100354507486,55.3311349905361,1.0
55.72318839439648,52.80925750732422,53.04324534565256,53.85856374912442,55.6797276880824,2.0
65.57252954506106,65.0039291381836,64.6029752460521,65.05981130976558,76.4417313028801,4.0
49.68874126934136,52.36711502075195,50.66098309826008,50.905613129451126,57.6623053459256,2.0
55.526991443316305,52.82645797729492,53.23432494544942,53.862591455353545,56.9436106071612,2.0
62.17295632150998,56.81836700439453,56.88114593142006,58.62415641910818,70.3175672239896,4.0
53.446524207541046,53.851722717285156,54.06340169283314,53.787216205886445,46.2465375269305,0.0
46.522259825033224,46.14694595336914,46.100808444941734,46.25667140778137,45.745152949168,0.0
44.18056277845139,48.38315963745117,48.9778541229307,47.18052551294442,55.4132332278534,1.0
48.511877405176584,51.045833587646484,49.698764619941535,49.7521585375882,42.1301657380068,0.0
56.752770886348046,56.08733367919922,56.48196057374037,56.44068837976254,58.6815900199455,2.0
52.498430016257785,51.37635040283203,52.29225598818601,52.055678802425284,40.2647889054589,0.0
50.57854630411303,50.240657806396484,50.09163512378277,50.303613078097435,53.2907225393093,1.0
54.80919243427014,53.423587799072266,54.40514844928671,54.212642894209715,53.0053688334415,1.0
57.93750308595832,57.28998565673828,57.5456187072603,57.591035816652294,62.3103076018195,3.0
52.92968149378363,54.528621673583984,50.71925186829808,52.72585167855524,60.5279492954413,3.0
61.260285609939906,59.61026382446289,58.951953881199536,59.940834438534104,64.7232232491319,3.0
55.15320133198171,51.01520919799805,50.98884645683023,52.38575232893667,54.9753412852634,1.0
55.299423841877726,53.32666015625,57.2505537890134,55.292212595713714,50.4753579770464,1.0
60.546672741116986,56.77558898925781,55.80449909747417,57.70892027594966,57.8360952484099,2.0
48.23274926630223,50.65903854370117,51.9702646439848,50.28735081799607,48.8264585269154,0.0
45.30504531890715,48.09714889526367,48.91347996597515,47.438558060048656,44.5652011530174,0.0
73.02875103060218,74.48016357421875,75.18849145442125,74.23246868641405,73.1442643914975,4.0
67.30983306763842,70.37728118896484,69.28552092183277,68.99087839281202,68.3886036061045,4.0
64.98393003732248,65.96063995361328,66.77980944783828,65.90812647959133,62.4786364856216,3.0
57.435549221331286,54.800907135009766,55.2440734096877,55.82684325534293,52.851929659497,1.0
57.520850304994156,56.810142517089844,58.934591603638516,57.755194808574174,49.5309741423429,0.0
56.129304808290605,55.49553680419922,55.10450240081678,55.57644800443554,59.3235085986338,2.0
56.17718487766114,54.95489501953125,54.164315842961344,55.098798580051245,62.930168056382,3.0
58.25240837677139,55.957542419433594,56.407716194586484,56.872555663597154,56.3101379135667,2.0
47.39714177081677,48.07343292236328,49.03683338291271,48.16913602536425,47.3634638408788,0.0
58.09767853034671,57.45574188232422,56.2989166004251,57.28411233769867,61.0809978790199,3.0
74.21686313762609,75.3726577758789,76.43804367741107,75.34252153030536,73.9950531293241,4.0
68.14232050713305,67.83270263671875,67.35798669042325,67.77766994475834,73.3353069801944,4.0
68.02584860793341,66.09339904785156,66.5796862075217,66.89964462110224,72.6755463206128,4.0
54.60974161643839,55.895973205566406,55.063788473612725,55.189834431872505,62.7882265754507,3.0
48.96979770638456,48.81401062011719,48.06544098071942,48.61641643574038,61.7253599361075,3.0
57.82644224988714,55.307395935058594,56.177775976977856,56.43720472064118,57.5358178934967,2.0
60.563477974958005,60.72021484375,60.892179813005136,60.72529087723771,62.5485375030861,3.0
64.59056641034638,66.91226196289062,67.25316000578782,66.25199612634162,58.88915440252128,2.0
58.7821571730516,56.02981185913086,56.236817941095296,57.01626232442592,67.3370491994185,4.0
74.31432667034642,73.69728088378906,73.6731320112826,73.8949131884727,81.688665896767,4.0
56.13309259924168,55.00962829589844,55.088903782296,55.41054155914537,52.0544712302216,1.0
55.626654703617874,56.21082305908203,55.69425993645311,55.84391256638434,51.8226177310884,1.0
55.07197305237713,55.59014129638672,57.70604925106053,56.12272119994146,53.5341772524456,1.0
62.05026978700659,58.953277587890625,58.71845079999683,59.90733272496468,66.9285077871639,3.0
51.025745428134606,52.31312561035156,52.15470743380066,51.83119282409561,51.7095901951224,1.0
68.11404120978597,59.55643844604492,67.13109718813928,64.93385894799006,57.4499480772348,2.0
64.60514127084095,66.5217514038086,66.80952627894517,65.9788063178649,60.4344142829359,2.0
54.90647365427119,55.649478912353516,55.688065305152826,55.414672623925846,50.7632852424312,1.0
53.15097455151029,51.0029182434082,51.90910036982277,52.02099772158042,57.1730137335227,2.0
63.309306291210405,62.543949127197266,63.08154524158068,62.97826688666279,60.9908830868167,3.0
57.42745283850048,56.18008041381836,56.403552003513866,56.670361751944235,59.1641547335443,2.0
45.749170451070476,46.79554748535156,47.90465962015267,46.816459185524906,47.7152835301773,0.0
44.586533074538124,48.90210723876953,50.0661097282082,47.851583347171946,44.5652011530174,0.0
60.52847358864915,57.38383483886719,56.709080975996706,58.20712980117102,47.9081081129569,0.0
55.98933849959531,55.97844314575195,56.2188153940079,56.06219901311838,45.6186643094126,0.0
53.191878034098664,54.494789123535156,54.43163123284783,54.039432796827214,54.3702270658987,1.0
66.50397387071234,70.42195129394531,70.41669265090744,69.11420593852169,72.1884664529574,4.0
75.09490922036655,74.80538940429688,73.24434746533345,74.38154869666562,77.4475655120523,4.0
55.02283572843262,50.73655319213867,50.5658804279464,52.10842311617256,46.4092975981665,0.0
50.54839053229233,48.91014862060547,48.72876269197014,49.395767281622646,45.191097599619,0.0
72.52817742591697,73.1597900390625,72.84596962922176,72.84464569806708,62.4298296667466,3.0
56.56139888050224,59.05519485473633,58.20223065197011,57.93960812906956,57.5424332190085,2.0
68.51739663523595,69.74579620361328,68.67883733755397,68.98067672546775,77.7616087297661,4.0
52.54061894128093,52.419700622558594,53.01571300108714,52.658677521642225,52.9416082540343,1.0
52.93706751519825,52.153289794921875,52.89563775113418,52.661998353751436,56.0433350508266,2.0
67.26856867954625,69.2056655883789,69.28680563121537,68.5870132997135,74.5514407561987,4.0
50.28210589139085,45.43049240112305,43.13190992388742,46.28150273880044,42.5649528959658,0.0
71.6536326676861,70.47301483154297,71.11210221316351,71.07958323746419,72.1953449884492,4.0
60.43170950869229,58.19418716430664,56.81807448871981,58.48132372057291,60.1956905988597,2.0
56.910055512039676,55.147010803222656,55.12625239064693,55.72777290196976,55.1932249538604,1.0
71.73640972578188,71.15869903564453,71.2684239023251,71.38784422125049,73.1906005709499,4.0
57.49240508094835,56.95256042480469,58.372058916878004,57.605674807543686,54.628571505506,1.0
61.722383104388015,60.40285110473633,58.79209905556908,60.305777754897804,46.2654448807098,0.0
56.94908567429413,57.26155090332031,56.97705816598844,57.0625649145343,54.8232278043353,1.0
56.893798860113904,55.7403450012207,55.00364067503887,55.87926151212449,52.1033693431462,1.0
52.86339398219118,54.56370544433594,55.321180445566725,54.24942662403129,55.4744737000976,1.0
49.6568120453954,50.530826568603516,50.68464461164768,50.29076107521553,56.098628505125,2.0
58.41622219509765,58.606624603271484,58.449260815375474,58.49070253791487,61.2918051360186,3.0
49.55029300824691,51.5075569152832,50.57781613808173,50.54522202053729,47.9481640443671,0.0
65.37472992544099,68.17395782470703,65.80873200515268,66.4524732517669,67.1271871289917,3.0
59.82029039653406,57.47119140625,57.38569932154381,58.22572704144263,61.3800585583421,3.0
69.5187655030981,70.52936553955078,69.65384063669607,69.90065722644833,77.6219337727622,4.0
52.7895113695042,54.32448196411133,52.88068101721075,53.33155811694209,44.1858764820164,0.0
55.67231712952282,54.95549774169922,56.01095936792759,55.546258079716544,58.9840885792954,2.0
68.48687005126223,65.97183227539062,69.40825932150658,67.9556538827198,56.4508865018165,2.0
50.02827245048177,50.631351470947266,51.26610695490637,50.641910292111795,43.7549312554958,0.0
73.84173203166262,72.58485412597656,74.14416148319042,73.5235825469432,68.7797222767689,4.0
59.81741095686127,59.89993667602539,59.65877159174924,59.792039741545295,61.7815722588778,3.0
56.84817485577508,53.81914520263672,53.557169977637415,54.74149667868307,56.4332135180326,2.0
57.69265467533056,55.02561569213867,55.746767607034315,56.155012658167855,64.2577936334208,3.0
56.90066217759212,55.316795349121094,55.44966029852281,55.889039275078666,52.1138839236557,1.0
57.171190126869696,60.088172912597656,59.240865949982485,58.83340966314994,61.5865634484082,3.0
75.64886712747123,73.68058776855469,73.08030021630371,74.13658503744323,69.6929008497269,4.0
58.932682883517735,56.10965347290039,55.70927596249721,56.917204106305114,54.8456816671716,1.0
51.83802944819865,50.890411376953125,50.88109198108992,51.203177602080565,60.9213535737972,3.0
70.6602200587309,71.43484497070312,71.63256114636661,71.24254205860021,69.6247841230521,4.0
68.17629347447941,66.04975891113281,66.93251995279635,67.05285744613619,59.7884707303353,2.0
42.93495422428479,49.37809753417969,49.54633798242282,47.28646324696243,60.4729509468041,3.0
68.49069997500116,67.5929183959961,68.46186729268953,68.18182855456226,64.5325844809869,3.0
51.262236914218654,52.49774932861328,52.112019920385066,51.957335387739,42.3606354039019,0.0
61.543584880606296,63.74692916870117,63.04089643255712,62.77713682728819,52.4466927843376,1.0
67.78668291327784,69.09331512451172,69.33505905015721,68.73835236264893,79.6605902863056,4.0
58.410052410407864,60.04871368408203,61.64990807119525,60.03622472189505,58.9944935246143,2.0
51.81406222168795,54.70947265625,56.76615630383653,54.42989706059149,45.2936667469212,0.0
50.27838653420694,47.844078063964844,51.06201996362737,49.72816152059972,52.9850584326833,1.0
57.720885966184504,55.320640563964844,56.569987994985446,56.537171508378265,60.5268093022196,3.0
50.372440385628394,50.311153411865234,51.01518453245413,50.566259443315914,45.090998807196,0.0
64.2216450282303,63.60783386230469,64.02844136915768,63.95264008656422,63.9128564836483,3.0
57.50025121676719,54.6606559753418,55.792451217535316,55.984452803214765,59.715739327599,2.0
50.03493205191461,51.61132049560547,51.98387588640424,51.21004281130811,54.1690519423488,1.0
73.46005713484688,73.1207504272461,72.82855324672914,73.1364536029407,76.3150897489845,4.0
59.23008933970867,59.15119934082031,57.63526119138171,58.672183290636895,61.8672566744663,3.0
60.03260861430935,60.793155670166016,60.34701698342356,60.390927089299645,53.0863003428073,1.0
56.138309169171634,55.16628646850586,53.82980555820992,55.04480039862914,54.5047134515352,1.0
58.55905772386981,58.09235763549805,57.44893927895879,58.033451546108886,57.6503404062284,2.0
54.815653315932515,54.708858489990234,54.20509636859123,54.57653605817132,56.7235321478016,2.0
48.98469179172027,49.476646423339844,49.62322801192593,49.361522075662016,39.8596649492267,0.0
57.88030461174117,58.17757034301758,57.954884534285846,58.00425316301486,63.0932944124361,3.0
60.15515225732155,61.143653869628906,61.361060525473846,60.88662221747476,63.3315876414639,3.0
74.09301401814078,70.6445541381836,73.52287690015858,72.75348168549432,71.4259834726348,4.0
46.53219342257069,45.595802307128906,46.43310536667949,46.18703369879302,46.633986681564,0.0
70.51268131990882,72.94202423095703,73.17428700894534,72.20966418660373,77.2407010764428,4.0
47.094689126514204,50.69279861450195,50.10036823973101,49.295951993582385,55.7480332437949,2.0
50.45574325675983,52.32828140258789,52.02685755320317,51.603627404183634,46.8210332247264,0.0
53.36261524719416,52.833553314208984,54.675080569176465,53.6237497101932,47.6723513451049,0.0
48.43938708361969,48.81436538696289,49.32461664974554,48.85945637344272,38.5189616250225,0.0
59.647588928707606,58.76600646972656,58.932130335491145,59.11524191130844,63.0424883533147,3.0
52.28594958367019,53.18341064453125,52.892450301501746,52.78727017656772,50.1968792863448,1.0
69.17085382784599,71.98674011230469,71.62742790259605,70.92834061424891,69.4318961127253,4.0
58.2130387790319,57.808040618896484,59.52538578874226,58.51548839555687,47.0789545115171,0.0
53.9363426508225,52.913917541503906,52.159199733884435,53.00315330873695,58.300109692083,2.0
58.56562118419656,55.599178314208984,56.0240613141702,56.72962027085858,61.1305662058244,3.0
75.69267927941411,75.40198516845703,73.72828816412921,74.94098420400012,75.49624587082,4.0
52.58836801071495,50.130882263183594,48.48873889207659,50.40266305532504,53.7687881292698,1.0
53.67684584147552,55.04112243652344,54.97960579881678,54.565858025605245,57.0113946616993,2.0
53.37037083680615,51.66310501098633,50.9127321471736,51.98206933165536,40.3419762554358,0.0
56.527400859498954,56.19057083129883,56.03655028273562,56.25150732451113,56.039217019991,2.0
52.10974879104359,54.97523880004883,54.417653360544506,53.83421365054564,45.9337454652722,0.0
59.7119248313186,58.024269104003906,58.70791693074562,58.81470362202271,54.7749705980936,1.0
54.0343821680029,54.61861801147461,54.80622009071376,54.486406756730425,49.9942373470908,0.0
53.52112579852195,49.72924041748047,51.96114818536484,51.737171467122415,59.8244255742934,2.0
56.407248206127676,53.3922004699707,52.40835439971779,54.06926769193873,64.6294218700953,3.0
66.86498387050872,67.2601318359375,66.97966247370435,67.03492606005018,60.0051152227775,2.0
58.03711182916669,56.768043518066406,56.66701404766772,57.15738979830027,54.6312218363611,1.0
54.41316866235754,55.16509246826172,55.42992650272124,55.0027292111135,45.7774627779233,0.0
71.06679941533808,69.8359146118164,68.24174115006181,69.71481839240543,76.2360832057399,4.0
59.78442398649531,55.62443923950195,55.21558888503819,56.87481737034515,60.0771742703174,2.0
70.49403159134326,71.16270446777344,70.59306312867768,70.74993306259813,71.3843832147253,4.0
50.3157705499236,53.03444290161133,53.23090797320988,52.193707141581605,48.4164207200596,0.0
54.3109690611226,54.02730178833008,54.034925464480914,54.1243987713112,63.2594235807122,3.0
60.30048220658114,59.19230270385742,58.71194159323608,59.401575501224876,62.7803315683272,3.0
50.59779972275285,48.41608428955078,49.9247204820583,49.64620149812064,50.7437597406399,1.0
68.06630936730583,69.24839782714844,67.86542186356482,68.39337635267303,76.5731685276315,4.0
62.57094797636689,62.095760345458984,64.64475639813172,63.1038215733192,63.1427371769165,3.0
51.1721663844957,52.29368209838867,52.48755705206659,51.98446851165031,49.8881065369861,0.0
53.537921983477766,52.76332092285156,53.12888053192037,53.143374479416565,56.8418901023644,2.0
55.835422205303196,54.805625915527344,55.332578112311936,55.32454207771415,45.2674006820729,0.0
71.44166947084116,69.54000091552734,70.60695391393325,70.52954143343392,64.1795005797564,3.0
55.294265286286915,54.48970413208008,55.06581751949446,54.94992897928716,56.7253776884753,2.0
73.94674891358986,71.72171783447266,71.8864032027346,72.51828998359905,80.7316781912273,4.0
55.86991327163096,55.458377838134766,56.33643701502384,55.88824270826319,58.1212844900489,2.0
67.98327573301916,67.8702621459961,67.44443399525004,67.7659906247551,71.4482678967714,4.0
69.20300767584344,66.54693603515625,67.47935808963767,67.74310060021246,64.3777346365035,3.0
55.51959967721927,58.398040771484375,58.55945334847879,57.49236459906081,47.8612499929035,0.0
43.91514317896058,47.73026657104492,48.20434132685093,46.61658369228548,46.2602461680044,0.0
68.70019533468033,69.130859375,68.97119758399872,68.934084097893,72.0476172746347,4.0
67.23750016985146,71.43451690673828,69.96002577578116,69.54401428412363,58.1221213933892,2.0
52.050533923394326,51.51365661621094,52.24506448784122,51.93641834248216,51.8992799148318,1.0
54.65270610129668,54.69936752319336,54.9613112206897,54.77112828172659,64.3038685539749,3.0
67.96913068485281,67.00997161865234,67.80652509888341,67.59520913412952,73.0308568034229,4.0
57.11455389597599,55.337074279785156,55.08957242995401,55.847066868571716,44.526408643646,0.0
54.6860170101933,48.79255294799805,51.28142795232745,51.58666597017293,54.5063151684099,1.0
58.152385078635184,55.825077056884766,55.49579169232265,56.491084609280875,56.0497086922765,2.0
56.1029577157299,57.0078125,56.44160650321494,56.51745890631495,64.8067244768349,3.0
55.6490743490631,55.89043426513672,55.076587154831124,55.53869858967698,51.2889384679546,1.0
47.00111564671189,47.66508865356445,46.96623495827311,47.21081308618315,53.6319248523524,1.0
58.84199936792782,61.31196594238281,59.304276027444004,59.81941377925153,59.7793523321292,2.0
52.38154322511012,51.83700180053711,51.99883732310988,52.07246078291903,58.5208175444452,2.0
60.57324001560686,58.72370147705078,57.47007413465116,58.92233854243627,55.4125639756208,1.0
55.10403021415375,55.84910202026367,54.83444990198341,55.26252737880028,63.4076684756359,3.0
72.66895989953932,70.31865692138672,70.46385860571483,71.15049180888029,73.0465398246103,4.0
51.86563934725793,51.15201950073242,52.53579202263745,51.85115029020927,44.530153032223,0.0
73.02217833666104,69.23516082763672,69.68240030238745,70.64657982222839,77.9307970870746,4.0
60.38132133939346,57.69469451904297,57.8887722515276,58.654929369988004,54.6483749375878,1.0
68.92343857733981,69.45965576171875,69.59667842854418,69.32659092253425,81.8167693241989,4.0
49.63605968320763,52.28594207763672,52.114615789478066,51.34553918344081,46.4909560975349,0.0
58.0237345099989,54.861488342285156,54.99207199215194,55.95909828147867,63.3695581002529,3.0
54.06753541763947,53.45077896118164,55.8352468055378,54.45118706145297,50.4394717030169,1.0
70.94434667146167,70.11552429199219,69.23841348436906,70.09942814927432,63.8424112125589,3.0
65.41585594355416,64.098876953125,64.33693340454002,64.6172221004064,70.9735761077891,4.0
68.60820105916831,69.61793518066406,68.94144806378537,69.05586143453925,69.5845146965028,4.0
53.14717754106759,51.261016845703125,50.98235468800193,51.796849691590886,45.3696809393911,0.0
52.94147163607678,50.322574615478516,50.11780260117559,51.12728295091029,47.0051606920608,0.0
55.95553639255519,54.06338119506836,54.61094755261947,54.876621713414345,59.4340612063489,2.0
49.04185468791948,50.07240676879883,51.413082521866095,50.1757813261948,41.7420803810539,0.0
48.19568056501029,48.48627853393555,48.516522877417636,48.39949399212116,49.7099772727775,0.0
66.0247951805675,66.2914810180664,66.49747833606808,66.27125151156731,62.4786364856216,3.0
51.521358310242995,52.556884765625,53.65051157453412,52.57625155013404,45.6483774146357,0.0
71.9004620631605,72.92237091064453,71.08479077995621,71.96920791792041,73.6321795844999,4.0
60.402555717656625,59.7844123840332,60.697610256956224,60.29485945288203,60.9925455685963,3.0
52.66363253912381,54.06772232055664,53.07902390818809,53.27012625595618,53.5905055602517,1.0
56.55140679107276,55.981597900390625,56.18916020857948,56.24072163334762,51.2405007763389,1.0
55.84602662685238,54.85450744628906,55.71381611530529,55.471450062815585,55.0663585527141,1.0
54.936307587632946,54.35706329345703,54.453521339781936,54.5822974069573,52.9672577877593,1.0
49.991946183285414,51.64950942993164,51.46236289824863,51.034606170488566,58.4313610064227,2.0
51.83043637566649,50.605411529541016,50.62145520117021,51.01910103545922,51.820139619626,1.0
55.32855762153357,55.65314865112305,55.47926272393241,55.48698966552968,59.2410114196546,2.0
55.10419448931206,55.05232238769531,55.72772880430759,55.294748560438315,50.5963438019941,1.0
51.366945879335226,51.42607498168945,52.115177219402604,51.63606602680909,48.5285079080221,0.0
60.195750856509946,60.807289123535156,60.74844654002039,60.58382884002182,62.7007855633244,3.0
76.34334189935011,75.70457458496094,75.61011979010833,75.88601209147312,83.0845575022249,4.0
62.22088229278242,62.29396438598633,60.60106794445221,61.70530487440698,71.6967281279641,4.0
67.31338639426428,70.211669921875,69.71724555001732,69.08076728871886,62.1775844936134,3.0
68.89287749369448,67.0103759765625,70.03303190922017,68.64542845982571,62.0806013059744,3.0
58.54259178176866,57.540775299072266,60.535084772301694,58.87281728438088,69.4819445249146,4.0
64.51589030076816,65.42057800292969,65.83065237159433,65.25570689176406,64.8098403189372,3.0
58.64663404449531,56.6617431640625,55.429853823811115,56.9127436774563,55.5502517235443,2.0
51.66827297873046,53.07010269165039,53.26642962200988,52.6682684307969,50.2715857264746,1.0
59.030621588719875,58.30894088745117,59.13060671218976,58.823389729453595,71.0554788050364,4.0
71.04560620161126,69.076904296875,70.17625752480686,70.09958934109771,65.3496546574395,3.0
56.51187144041429,55.39048385620117,54.331790811537466,55.41138203605098,61.2664999415205,3.0
52.92942730377028,54.85358810424805,54.942059474678125,54.24169162756548,53.712099785847,1.0
46.60285884095464,47.58366394042969,49.33935785086632,47.841960210750216,48.4915822833611,0.0
57.903225423719654,54.981449127197266,54.18444153254451,55.68970536115381,67.7678145664744,4.0
65.96101603939444,64.08416748046875,64.28205053820135,64.77574468602153,58.7930799313105,2.0
52.229359666937725,53.574928283691406,54.22056836354481,53.34161877139132,53.8691729803309,1.0
52.924240267160364,53.31425476074219,53.24217365990578,53.16022289593611,53.1959574266267,1.0
54.21092437569344,56.175785064697266,56.10225776026676,55.49632240021916,64.1810214177998,3.0
49.347090832318244,51.55363082885742,51.15201562285785,50.684245761344506,51.4819321189966,1.0
69.19833956210255,70.74622344970703,69.83638432008256,69.92698244396405,72.72176278686,4.0
54.33043940732376,57.63001251220703,57.871133671306275,56.61052853027902,59.6189874685373,2.0
57.092269790794184,54.67005920410156,54.843994787785654,55.5354412608938,55.8164233433243,2.0
59.69987653667848,60.982418060302734,61.43547728883815,60.70592396193979,60.2717999988998,2.0
69.0112371735057,69.04358673095703,69.90261497970224,69.31914629472165,78.2924067276414,4.0
49.64194391109614,48.506309509277344,47.7330944885121,48.627115969628534,57.7966483737225,2.0
67.31815149034762,72.75879669189453,71.69824629834625,70.59173149352948,78.528458538185,4.0
53.86147377135864,51.68017578125,50.48014428382995,52.0072646121462,66.0222016029608,3.0
53.38800836618833,53.433387756347656,54.4913837023369,53.77092660829096,49.8764359521384,0.0
53.19940152179997,53.948429107666016,55.487979524733255,54.21193671806642,53.9304176843416,1.0
64.25718733040824,66.00096130371094,66.35088819608222,65.53634561006713,66.2638838312034,3.0
61.01510047219631,58.154380798339844,57.786332344018,58.98527120485139,57.963695347652,2.0
50.179936707526174,51.11216735839844,50.731181243808784,50.67442843657779,51.4331644431937,1.0
51.59510152033988,54.47409439086914,53.52689166041222,53.19869585720708,50.7018281103346,1.0
52.94359139256225,54.26193618774414,54.5834081774874,53.92964525259793,57.6496308131705,2.0
69.09690052266734,69.68544006347656,68.46119115433872,69.08117724682755,78.7499926903073,4.0
55.23653046396471,57.603187561035156,56.63103955671732,56.49025252723906,52.1173224575192,1.0
58.2845818097246,59.761695861816406,58.231258528367796,58.759178733302925,63.4252616906891,3.0
73.36515672962986,74.40192413330078,71.52029508117391,73.09579198136818,63.5945518087728,3.0
55.89896237464817,58.40892028808594,59.209307149571536,57.83906327076855,54.0888318922703,1.0
71.28384753315389,69.70042419433594,70.90600687818787,70.63009286855923,68.9591690520571,4.0
58.83815935866355,59.016578674316406,57.72362955708516,58.5261225300217,66.7513762072,3.0
58.39906506462396,54.42558288574219,55.424280450182664,56.08297613351627,55.8105774437955,2.0
59.302973732656234,57.82566833496094,58.10935068615614,58.41266425125777,58.4474488248422,2.0
55.69893592674744,53.4427604675293,54.0559008373577,54.39919907721148,57.6153066070059,2.0
56.53614658599877,55.51284408569336,56.01481366850019,56.02126811339744,56.623660091097,2.0
71.95719070706257,74.2397232055664,76.41554716955845,74.20415369406248,69.7395121716022,4.0
51.79510252614317,50.5130500793457,50.22192064608209,50.84335775052366,55.8710209196642,2.0
52.97805737752954,53.502235412597656,54.72061191307461,53.73363490106727,49.9882095327772,0.0
59.08139105685051,56.57394790649414,55.14273880979363,56.9326925910461,60.3102907642862,2.0
69.00775177054452,69.19303894042969,68.77169345305737,68.99082805467718,64.0642124667038,3.0
55.78019787255266,56.46935272216797,57.10629296694941,56.45194785389001,60.8648272361879,3.0
53.655575312007834,55.59457015991211,55.897702663592746,55.049282711837556,51.3634516470632,1.0
53.6150616639915,53.02740478515625,53.99352032043174,53.54532892319316,42.7479424074489,0.0
63.4139528201253,63.418235778808594,61.652860642708774,62.828349747214226,59.7622715865766,2.0
51.07104853924671,52.70069122314453,51.554165055390904,51.77530160592738,55.8914129259558,2.0
45.76774604899827,46.07403564453125,48.49450893986304,46.77876354446419,43.6812136025233,0.0
69.62180688248746,69.20173645019531,70.1229847622063,69.64884269829636,63.4884411071106,3.0
55.409617003417495,53.29209899902344,52.72419837098852,53.80863812447649,52.8095276236251,1.0
59.914285417699226,56.70804977416992,56.828242943727744,57.81685937853231,61.4033694104529,3.0
52.67618471589936,52.550010681152344,52.08614352824475,52.43744630843215,42.6682007198212,0.0
53.57284110298417,53.26680374145508,52.88507739479173,53.24157407974366,56.3633056978573,2.0
57.72154796004826,57.17450714111328,56.45563525010735,57.11723011708963,57.0006682290731,2.0
52.84578662202096,54.456268310546875,55.33990155465786,54.213985495741895,47.6640899107304,0.0
56.48911566019944,54.15766906738281,55.413880180109636,55.35355496923063,51.7286016374581,1.0
59.9350095015361,57.46025466918945,57.7033856595286,58.36621661008471,65.6499747171742,3.0
54.597105252250905,55.40237808227539,54.96840008685628,54.98929447379419,51.2830769246511,1.0
58.452215356739664,60.92925262451172,59.3906486429564,59.5907055414026,70.6057846399532,4.0
50.455642898145264,50.61281204223633,52.246847407464706,51.10510078261544,55.5363171393288,2.0
57.32197376618369,55.66935348510742,55.63597981102163,56.20910235410425,52.8450211412105,1.0
49.499089066026656,48.0448112487793,50.1930855760385,49.24566196361482,45.2921108066002,0.0
50.76209646884553,49.37026596069336,50.6963275883623,50.27623000596706,56.6980538496259,2.0
69.20823680795213,67.95442199707031,71.5120731220543,69.55824397569224,63.6043471410811,3.0
73.7807335911415,75.04591369628906,73.94683526218896,74.25782751653985,82.7227926791425,4.0
45.55625385215449,45.87504577636719,46.90483313430978,46.11204425427716,45.3965282893231,0.0
57.30971376244448,54.79020309448242,53.88927625216472,55.329731036363874,59.1096644400903,2.0
53.0570708397925,53.35688781738281,53.14127019069289,53.18507628262273,51.7272811410271,1.0
71.38620589712262,69.40584564208984,69.0471701649664,69.9464072347263,60.6860313502749,3.0
53.734490271884574,53.78472900390625,54.33426772397944,53.951162333256754,50.7331025583247,1.0
52.663082951634316,52.402339935302734,52.4970295932343,52.52081749339046,48.9185869776279,0.0
67.70190026983198,67.9111099243164,68.67944513746312,68.09748511053716,69.5524458979026,4.0
48.1782018599727,50.48637771606445,51.35732405866333,50.00730121156683,56.3532642627505,2.0
53.93470578119802,54.25929641723633,54.93249836103902,54.37550018649112,58.4067110097858,2.0
55.41380849954085,56.667781829833984,58.6892174558101,56.923602595061645,58.0791762014104,2.0
46.0498386146904,49.77932357788086,50.328705796885146,48.7192893298188,52.7860532826648,1.0
73.02303480007436,73.03413391113281,73.66837731005504,73.24184867375406,65.9067065964378,3.0
54.487746548437514,56.302635192871094,56.23446759783519,55.6749497797146,51.4525348206636,1.0
62.63381162297468,60.69465637207031,60.75289195485358,61.36045331663286,52.6564077340357,1.0
59.32083294268735,55.6725959777832,56.07005259444878,57.0211605049731,57.6775862343461,2.0
50.45360132873761,51.95032501220703,50.71453670421236,51.039487681719,56.2069309699431,2.0
50.72371277932257,54.259422302246094,54.57889518278659,53.18734342145175,60.0865355458487,2.0
60.50835436273797,60.80762481689453,59.707168641185675,60.34104927360605,63.8732046829933,3.0
49.731681195745836,49.315887451171875,49.82559619119068,49.62438827936946,53.174100357216,1.0
53.488521942071216,54.55215835571289,53.8914263087847,53.97736886885627,44.5468357655035,0.0
50.45360132873761,51.95032501220703,50.71453670421236,51.039487681719,59.8015736475963,2.0
52.112985995518876,49.940853118896484,51.61183935760692,51.221892824007426,61.8803615641991,3.0
49.956703558428,48.91014862060547,48.77428134137679,49.213711173470095,50.7231777520315,1.0
52.281502463691396,53.49884033203125,53.266437534267496,53.015593443330054,57.8467213951479,2.0
69.90166544077094,68.98453521728516,68.95736135703208,69.28118733836273,68.1405572765146,4.0
68.11720731300525,65.21102905273438,65.59982980608426,66.30935539060796,71.3535891815864,4.0
69.12056882511011,70.57390594482422,70.73679039423912,70.14375505472448,69.5285453250474,4.0
57.165585115564234,53.5948600769043,55.007872702257956,55.25610596490882,59.025464180837,2.0
57.90836510241415,58.23530960083008,59.515580256900186,58.5530849867148,55.9367790081756,2.0
47.99461138675678,47.39425277709961,48.25274928921316,47.880537817689856,53.2767350924376,1.0
72.2273395182716,74.06096649169922,69.87376720816133,72.05402440604405,73.3859146581278,4.0
69.21066319509235,70.43598937988281,69.13462198677887,69.59375818725135,69.7219373598166,4.0
57.322867743286395,55.675907135009766,56.15754327157674,56.385439383290965,47.8892061146286,0.0
53.94176050589853,53.23213577270508,54.47416575214506,53.88268734358289,48.3894926643802,0.0
74.11984992954153,74.20905303955078,74.86722304299688,74.39870867069641,74.9750125054225,4.0
57.75416386869856,58.133506774902344,57.65788589434756,57.848518845982824,57.2805731050585,2.0
67.58550288402078,67.45854949951172,67.53952938053216,67.52786058802155,64.8998786331846,3.0
48.398295752168565,50.272308349609375,50.10230264329591,49.59096891502461,45.4540908100949,0.0
68.77450846599645,68.45804595947266,68.65811396473138,68.6302227967335,68.2978211622744,4.0
63.51776338898735,61.88564682006836,62.952382781085056,62.78526433004692,57.971358370309,2.0
56.662014001782666,55.070106506347656,55.397044876975784,55.709721795035364,56.9477091907439,2.0
53.72992269960226,52.415283203125,54.90981404216751,53.68500664829826,48.9679095988001,0.0
49.74358632909576,52.32268142700195,51.84785930299045,51.304709019696055,57.470215543801,2.0
59.035385926351104,56.57394790649414,55.83109586066409,57.14680989783644,60.2399382611171,2.0
56.79333377677348,53.76699447631836,53.61106805498324,54.72379876935836,57.7795142192706,2.0
47.637945224513984,51.796836853027344,52.164790296439975,50.533190791327094,50.3182852671443,1.0
50.835102527093945,49.465240478515625,50.41864114807496,50.23966138456151,47.45035466353,0.0
72.67118340200045,71.61019897460938,71.99495425966727,72.09211221209237,70.2855343433904,4.0
51.17673001512044,51.608211517333984,52.50114339217394,51.76202830820946,49.6292378937012,0.0
56.05228844308571,56.59367370605469,57.4708030258604,56.705588391666936,51.4408753966317,1.0
58.997829663486314,56.48781204223633,55.73781698053261,57.07448622875176,57.7935389016036,2.0
52.39756564961147,49.43265151977539,51.44985658680541,51.09335791873076,48.9542196518101,0.0
75.29039905496225,76.23821258544922,75.01965925473255,75.51609029838134,76.7474168410495,4.0
69.16743664451268,65.4073715209961,64.06746523903348,66.21409113484742,64.7390536538424,3.0
69.43047412635707,70.21430206298828,70.01587204962358,69.88688274632297,60.7698790165781,3.0
70.5147425312671,71.91161346435547,71.94990268481355,71.45875289347872,74.511657717278,4.0
47.749575041818865,49.666236877441406,49.15133519066219,48.85571570330749,61.8704606762674,3.0
70.52274524250726,68.7652816772461,68.724891098478,69.33763933941044,70.1862198164137,4.0
52.94379384948944,54.478538513183594,54.809231706670175,54.07718802311441,60.0165009335694,2.0
53.79447214141528,54.73797607421875,55.4753517086164,54.66926664141681,47.6640899107304,0.0
52.931835339245,53.964176177978516,54.14521122793354,53.68040758171902,47.4862452964178,0.0
55.91410203197235,53.49571228027344,51.760260027771295,53.723358113339025,60.7046900186188,3.0
56.37653940069919,52.013038635253906,51.1835065658203,53.19102820059113,37.193432689612,0.0
51.96388200330794,50.8499870300293,50.78073394822368,51.198200993853646,59.5757910333483,2.0
79.81087393754946,73.93578338623047,71.75528593520085,75.16731441966026,78.7474165625529,4.0
52.41603674512248,52.28007507324219,51.93656021871575,52.21089067902681,59.2685764435713,2.0
55.82549621792738,55.46928024291992,55.28143754202004,55.525404667622446,57.2909522033969,2.0
65.48713729114888,66.07100677490234,64.93292299314432,65.49702235306518,66.1273772800408,3.0
59.84625296930118,57.01860046386719,56.332875485228215,57.73257630613219,67.7296806704329,4.0
73.29459343118315,72.5114517211914,70.54985494730944,72.11863336656133,77.9585982467579,4.0
54.132849729713115,55.65314865112305,55.44443607954743,55.07681148679453,52.2872840768138,1.0
68.24315351278864,67.20570373535156,65.84501815892216,67.09795846902078,72.5813220296256,4.0
45.60285534536745,48.32142639160156,48.84345989986926,47.589247212279425,38.5582212462881,0.0
54.726971540845604,53.60478210449219,54.467593685058105,54.266449110131965,58.4454333208196,2.0
52.6189519129557,51.863739013671875,52.32688964497232,52.2698601905333,64.5876235836414,3.0
57.6692534529579,57.23668670654297,56.528062619440654,57.14466759298051,58.9840885792954,2.0
56.29675435136591,55.14875030517578,54.99097369471053,55.478826117084076,62.7626690530394,3.0
69.80291832987271,68.83763122558594,68.62950481911118,69.09001812485661,63.4415909664561,3.0
54.371262880576225,51.303733825683594,51.389711757999095,52.354902821419635,64.543208619091,3.0
45.86316135312648,50.70825958251953,50.852272457824455,49.14123113115682,41.2004516205356,0.0
50.79465290225651,51.758155822753906,52.52656655407454,51.69312509302832,56.673815230638,2.0
72.78948918329466,71.30693054199219,70.22581055045993,71.44074342524893,64.2035774421102,3.0
52.390866681586616,52.624717712402344,53.228764105998486,52.74811616666248,58.0204616335845,2.0
52.48492663391578,54.086673736572266,55.101013294038374,53.8908712215088,56.8991504933664,2.0
55.91078030458626,55.23066711425781,53.92647949077096,55.02264230320501,45.2319617731499,0.0
75.82713481960253,73.24995422363281,72.67701295717896,73.9180340001381,78.3652539880837,4.0
59.17319819501965,56.748451232910156,57.52947734789156,57.817042258607124,62.85559947393,3.0
48.97071514913696,51.330101013183594,50.321876574688226,50.207564245669595,54.6690706914151,1.0
55.32004222544509,56.02254867553711,56.24107636779994,55.861222422927376,58.0822590010727,2.0
52.81859671684206,52.93258285522461,53.12358290668445,52.9582541595837,59.9169376873704,2.0
70.20170973815257,71.14178466796875,72.65616095337802,71.33321845316645,69.8894642723236,4.0
56.864894349874845,57.15157699584961,56.53254530205043,56.84967221592496,53.8124246901218,1.0
59.539214786821674,58.844757080078125,57.83318378296204,58.73905188328728,65.3160956492256,3.0
71.3935010478808,68.78083038330078,70.01184445575548,70.06205862897902,66.994478416563,3.0
56.54165208006138,55.39396286010742,56.12671434463711,56.02077642826864,62.8864029817095,3.0
71.90844752357516,71.65031433105469,71.33998640154442,71.63291608539143,79.3162298454233,4.0
72.10700766174932,71.6503677368164,71.28256185815036,71.67997908557203,74.9805599345669,4.0
48.8155808992056,51.128082275390625,50.96833442942016,50.3039992013388,47.4507742564008,0.0
54.33355801048698,53.65193557739258,53.59183385228607,53.85910914672187,47.4144740527003,0.0
53.932193299790164,55.333675384521484,54.77565422032045,54.68050763487736,66.1710451737773,3.0
56.59713278666141,57.426204681396484,57.44095795051024,57.15476513952271,52.1807401584045,1.0
63.97143610158853,66.04607391357422,66.48815461205422,65.50188820907232,58.4022190931393,2.0
54.98711561942172,57.27002716064453,60.07229363855177,57.44314547287268,51.076611530317,1.0
55.561033054587426,55.767967224121094,55.12620927944861,55.48506985271904,56.3946371059222,2.0
73.22142253367437,70.43815612792969,69.75812055992942,71.13923307384448,61.3768266170792,3.0
54.721146215360456,53.4069709777832,52.97403864111828,53.70071861142065,58.0878158623643,2.0
74.61460477197765,73.5749282836914,72.55750723337019,73.58234676301309,81.4797061978515,4.0
47.89841379113073,48.74940872192383,49.024521898353456,48.557448137136,38.5189616250225,0.0
54.96694330659901,55.217533111572266,54.92474387626365,55.03640676481164,49.9991066296359,0.0
53.54095055912648,54.153709411621094,54.66657186340536,54.12041061138431,60.1712957823669,2.0
52.65902794850491,50.80997848510742,51.42610515049122,51.631703861367846,57.694248054544,2.0
70.04411402702668,69.40299224853516,69.78951805693897,69.74554144416693,66.4912299625035,3.0
59.40224136767562,60.00379943847656,57.04935986266003,58.818466889604075,70.2387051199064,4.0
47.08818710155031,49.940582275390625,50.62595888611851,49.21824275435315,60.7516968669921,3.0
57.0436348717115,55.46729278564453,56.575387324595795,56.36210499398394,52.2857817065895,1.0
70.78681168587582,68.00370025634766,68.40747622626894,69.06599605616414,67.9820156687179,4.0
51.74524071490083,52.65330123901367,55.578533993151176,53.32569198235523,51.0967148584481,1.0
59.99298671389897,57.020484924316406,55.2963445154276,57.43660538454767,61.400723249923,3.0
54.63681718264181,54.49968719482422,54.35506798017663,54.49719078588089,55.923153603109,2.0
51.236727594166844,49.99410629272461,50.82675574123842,50.68586320937663,48.0338132871253,0.0
75.14473505368663,72.38749694824219,72.80913077211834,73.4471209246824,71.8706623620991,4.0
52.23023320183304,54.982784271240234,55.18583722622052,54.13295156643127,53.0257346476105,1.0
56.79219034678741,56.277950286865234,55.29690448622856,56.12234837329373,61.1999353758461,3.0
53.2865375655824,51.07423782348633,51.8615636366038,52.074113008557504,52.3961756762743,1.0
61.11580539301206,56.725730895996094,56.32923002716841,58.056922105392196,46.4547547886165,0.0
70.16935210722477,70.42655944824219,70.09263060411844,70.22951405319513,55.8948578484147,2.0
57.673940098656225,56.71774673461914,56.2370056789045,56.87623083739329,65.0965202859951,3.0
55.89542805255438,54.96194839477539,54.908773344284114,55.255383263871295,45.4198091117582,0.0
50.28668387331503,50.37449264526367,50.52345762667056,50.39487804841642,43.5693352681108,0.0
68.28447041833043,66.63166046142578,68.22623806552694,67.71412298176107,73.6645551951597,4.0
60.26952366684294,60.93599319458008,60.95549616170756,60.72033767437686,51.5957617962356,1.0
51.98612875824587,51.841270446777344,51.11392636325247,51.647108522758565,62.3935944283184,3.0
54.90241662561805,54.96484375,55.50429789330516,55.12385275630774,54.4158040881065,1.0
50.54655930772922,51.34013748168945,50.643176984102126,50.843291257840264,55.7302559670371,2.0
57.476458350075795,56.609832763671875,56.13218087630473,56.73949066335081,50.247005357321,1.0
54.48862130668644,55.618934631347656,56.12257340511043,55.410043114381516,55.7898774704595,2.0
53.640562005769624,53.79410934448242,54.31988937755069,53.918186909267575,47.6325093283657,0.0
69.46088099147325,69.81195831298828,68.98129248039672,69.41804392828608,66.5729533287943,3.0
53.811109574778584,55.066200256347656,54.91362147675389,54.59697710262671,47.7788948129349,0.0
71.37600120252584,68.71404266357422,69.0365907296775,69.70887819859253,65.2766370816999,3.0
57.902287830014245,57.9692268371582,58.15869422777996,58.0100696316508,59.9330512901591,2.0
55.23591629718698,53.819602966308594,54.282967152073915,54.446162138523164,54.1368760437135,1.0
53.54664405992202,52.21026611328125,54.80967052730852,53.52219356683727,58.4454333208196,2.0
72.28403690746272,73.4139175415039,71.71109909109973,72.46968451335546,76.0345366697097,4.0
71.73020607270153,69.82586669921875,69.3955069981247,70.31719325668166,82.8999063622435,4.0
67.70816881064643,68.72563934326172,67.79307618364601,68.07562811251806,64.9880750904978,3.0
57.43717324074658,56.574485778808594,56.76069536513744,56.92411812823087,65.9560570177844,3.0
53.728542038431,54.218406677246094,54.75041187023833,54.23245352863847,49.7222156279764,0.0
73.78083861802371,72.06120300292969,73.76097653840438,73.20100605311926,66.4963486966081,3.0
52.801779330230005,54.90666580200195,55.23873649263299,54.315727208288315,57.4731206879145,2.0
45.355006642927506,47.228580474853516,49.38453742612056,47.32270818130053,43.0978579020062,0.0
51.15155841039435,51.328346252441406,52.978590452916926,51.81949837191757,46.1224412019858,0.0
68.21001737975972,68.44192504882812,67.70093003022139,68.11762415293641,62.7600661504203,3.0
48.726178176819,49.00841522216797,49.024521898353456,48.91970509911348,57.8228197972705,2.0
53.91803456142729,55.464988708496094,55.945346079089774,55.10945644967105,52.5272012292324,1.0
64.73249493979809,64.59963989257812,65.65806186914175,64.99673223383932,54.2851738493007,1.0
49.768242383531685,51.811038970947266,52.41235496526527,51.330545439914744,44.7610174216064,0.0
57.20787617034074,56.5934944152832,56.80888952012171,56.87008670191523,59.314663212252,2.0
57.638400951868256,58.9484748840332,57.95634934439304,58.18107506009817,49.4789001031175,0.0
57.35178558568522,54.999481201171875,56.099126836864066,56.15013120790706,58.3493192395959,2.0
60.16255641881002,59.66549301147461,60.29710736730091,60.04171893252851,64.714059910793,3.0
68.71923498563945,70.09490966796875,69.77501149956285,69.52971871772368,65.1780416167063,3.0
51.168611754593385,51.19839859008789,50.700987335556206,51.022665893412494,57.694248054544,2.0
47.81585212132885,48.9039192199707,48.945277932117065,48.55501642447221,43.3212822646294,0.0
51.45145155535658,50.702980041503906,50.27585426470989,50.81009528719013,64.1003136675177,3.0
52.55760967752644,55.7834587097168,54.53196762923566,54.291012005492966,57.578794200804,2.0
50.78507447161769,54.689727783203125,54.160177169219025,53.21165980801328,47.3985176597685,0.0
61.75827380887141,59.8991584777832,60.17315486926495,60.61019571863985,56.2130431719446,2.0
59.90425092781638,59.23610305786133,58.44057826511765,59.19364408359845,52.2409095672636,1.0
72.0313956220466,70.14620971679688,69.31221148455093,70.49660560779813,68.6412949134766,4.0
56.034162573665974,55.35832595825195,54.84853045404888,55.413672995322266,56.1525921258827,2.0
74.57497381237529,71.90091705322266,72.17297851413392,72.88295645991062,85.6849284266774,4.0
54.77364505027302,51.386844635009766,51.352946919416496,52.50447886823309,45.7522789208461,0.0
73.90965273214472,78.09477996826172,73.3596516900639,75.12136146349012,86.76240108249,4.0
62.84376615020272,61.43252944946289,60.08778446832608,61.45469335599723,64.0900495181005,3.0
71.35427435961132,70.97171020507812,71.08306136142092,71.1363486420368,56.7285959217645,2.0
60.101339937670126,59.97491455078125,59.85005615164194,59.97543688003111,61.7242240846146,3.0
57.20483292131996,57.239830017089844,57.50514860376493,57.316603847391576,50.9578047602815,1.0
58.92126466664718,59.325538635253906,57.92897024290771,58.7252578482696,57.3504590425849,2.0
74.79497213544286,76.220458984375,74.98456411636205,75.33333174539331,71.1669969132349,4.0
74.69289482086974,75.95916748046875,75.58966366703493,75.41390865612448,73.2717090455039,4.0
62.97100949328318,62.67234420776367,60.911205661990394,62.18485312101242,64.4431243358259,3.0
51.23957750276801,51.358558654785156,51.827841629191504,51.47532592891489,38.5224195545652,0.0
44.82260706681223,49.49192810058594,48.42114539721049,47.578560188202886,57.0210525432859,2.0
52.229376916127336,52.74357986450195,53.762469707669425,52.911808829432914,47.3219068636172,0.0
52.151258106536275,52.55863571166992,53.109403642727486,52.606432486977894,51.3831976774689,1.0
68.15088614150066,65.757568359375,65.9629270796445,66.6237938601734,67.1930644789035,4.0
56.770908317927365,55.3699836730957,55.37504573831817,55.8386459097804,50.5292288044056,1.0
66.90212173742634,68.20584106445312,68.00809240991268,67.70535173726405,62.118477649664,3.0
50.17633955976778,48.71650314331055,49.08269097448961,49.32517789252264,55.7646367592258,2.0
52.90930227636427,50.8350715637207,51.705891660679,51.816755166921325,54.7108489152837,1.0
51.86702225511046,52.599422454833984,53.62879266813073,52.698412459358394,48.3859863150388,0.0
74.86519023824737,73.33464813232422,73.6929169908143,73.96425178712862,74.4424339965264,4.0
68.15047419930332,66.23079681396484,67.40807045827763,67.26311382384858,58.4700906959356,2.0
65.54270718133085,64.50999450683594,64.567999503418,64.87356706386159,65.3449234242286,3.0
48.09837789691224,50.19578552246094,50.69667972313425,49.6636143808358,49.0879386382248,0.0
50.30538328629712,51.353759765625,50.756187620192634,50.80511022403825,49.178424289934,0.0
57.37904997931704,53.51829528808594,53.10465992896869,54.66733506545722,60.3413881012275,2.0
66.43869508038877,66.49169158935547,65.53725083490113,66.15587916821512,65.684085278583,3.0
56.35197957313814,54.74528503417969,55.08743425433202,55.39489962054995,61.3945191060987,3.0
52.39399622604417,52.7172966003418,53.359417393263456,52.82357007321648,43.7680767288828,0.0
56.63084439544261,54.45867156982422,53.909191309099306,54.99956909145538,58.7094827846864,2.0
58.99252795580725,58.55099868774414,58.03718605259555,58.52690423204897,52.3515669457262,1.0
59.64767892402983,61.619598388671875,61.974069387612346,61.08044890010469,63.3498675031402,3.0
52.27393925228135,51.966148376464844,51.883598486149246,52.04122870496514,52.5172584321193,1.0
55.01750781971048,56.02409744262695,55.75704756152426,55.59955094128723,44.7276136495567,0.0
51.00503669414912,54.08039855957031,53.68262030158619,52.92268518510187,58.2140193973344,2.0
70.8802404026842,71.60881805419922,70.6437707112582,71.04427638938053,65.0078392099538,3.0
52.25309052132087,51.126319885253906,49.99475940357624,51.12472327005034,55.3669284535784,1.0
70.90169040103405,71.92205047607422,72.12878712561388,71.65084266757405,74.3137032929285,4.0
52.53871533366934,54.08461380004883,54.985894285883326,53.86974113986716,46.2076464774976,0.0
53.191048258304455,49.69391632080078,50.662887949200574,51.18261750943527,52.608341007542,1.0
53.69028060192411,53.568294525146484,53.04313009337789,53.43390174014949,54.512857830146,1.0
74.35037895188172,73.63054656982422,70.91187694366555,72.96426748845717,68.8027725495599,4.0
71.74067966751771,72.30266571044922,71.76009070520838,71.93447869439176,70.6979898938515,4.0
54.443676368219045,56.55634307861328,55.71753037189649,55.572516606242935,65.9925115031725,3.0
46.85234571073239,45.101253509521484,47.18713199060071,46.380243736951535,41.1010859830026,0.0
53.98946914312939,52.06834030151367,52.04238364303181,52.700064362558294,55.8134459937021,2.0
58.56412084043145,56.321224212646484,55.27250896746829,56.71928467351541,50.5939806709759,1.0
55.76623269133897,56.79727554321289,57.0164718805733,56.52666003837506,58.4195942645918,2.0
52.51127298459833,54.08461380004883,54.985894285883326,53.86059369017682,48.297448851203,0.0
53.43611096188787,54.789024353027344,54.897531704446244,54.374222339787146,51.376219844941,1.0
49.89818312900976,50.128929138183594,49.76162346319922,49.929578576797525,57.9263422758233,2.0
75.16778708669663,77.33255767822266,75.11309689112997,75.87114721868309,77.6516284072708,4.0
56.8994543372021,55.69733428955078,56.049780743681154,56.215523123478015,49.7658641608102,0.0
53.81000711559944,52.15727233886719,51.27523172636652,52.414170393611045,58.4549362124674,2.0
51.25284593853851,49.334625244140625,49.57217214972106,50.0532144441334,50.9291899464108,1.0
74.20090215644517,72.16494750976562,75.28774732916582,73.8845323317922,82.9937692977893,4.0
58.44103184183993,59.35881042480469,60.06143659742304,59.28709295468922,56.54440190687,2.0
51.33984505158533,52.11546325683594,52.25604075114695,51.90378301985607,52.6341758468437,1.0
54.46810506049138,53.56874084472656,52.98902954450739,53.67529181657511,51.1006639742781,1.0
70.12800462068347,70.1832275390625,69.2519956789648,69.85440927957025,77.1369652059384,4.0
68.69219782547887,67.20301055908203,68.34715787431747,68.08078875295946,67.2846251995599,4.0
56.98372691228583,56.12498474121094,55.23515949949024,56.11462371766233,59.5172957289784,2.0
69.78493234807914,71.03327941894531,71.0392589569541,70.61915690799283,75.0339258133607,4.0
53.09548354458885,53.5208854675293,53.844314965587174,53.486894659235105,52.4621890670666,1.0
59.16145754703677,58.47248458862305,58.77193344881318,58.80195852815766,55.5681688259277,2.0
58.28315209530966,59.0515022277832,57.67754671041768,58.337400344503514,62.2707106405425,3.0
52.02936874053122,52.757896423339844,51.03989214359304,51.9423857691547,54.8811649475113,1.0
50.99769173316907,50.2906494140625,49.97147730074553,50.41993948265903,60.9551641954355,3.0
72.9250082945711,73.08981323242188,73.92216889745369,73.31233014148222,65.1650925514068,3.0
54.51632768957384,52.96604919433594,52.86286335954605,53.44841341448528,51.7852324159137,1.0
57.66983505786029,55.515953063964844,55.27415679473435,56.1533149721865,59.1540700333845,2.0
46.41683287393437,49.92098617553711,49.53285145747949,48.62355683565033,41.2004516205356,0.0
55.91106174376515,54.67959213256836,54.22833122504629,54.93966170045993,61.4253995310227,3.0
66.6641243156744,66.86505889892578,66.87693930488552,66.80204083982856,61.5129861847322,3.0
68.26500383092538,72.79623413085938,71.38859624043495,70.81661140073989,72.9069993611173,4.0
55.62455635098842,55.640342712402344,55.471167555969274,55.57868887312001,51.3885775874469,1.0
56.304543511936295,55.13259506225586,54.982055391396834,55.47306465519633,58.7090651413099,2.0
55.32924215188541,56.513580322265625,56.70394544834806,56.18225597416636,56.2500374009152,2.0
53.03844813859973,54.70450210571289,53.929307772187656,53.89075267216676,46.1943436788646,0.0
48.25304344146507,48.309295654296875,48.956528400964956,48.50628916557563,53.0325893121596,1.0
52.78090875655106,53.93069839477539,51.36678688813705,52.692798013154494,53.5410780402822,1.0
68.32911312224856,70.24994659423828,69.90705198810794,69.49537056819825,77.0755735648972,4.0
60.985636882122826,60.11886978149414,60.00964159248114,60.3713827520327,66.0894611487797,3.0
55.579072315165334,57.025840759277344,58.54695074325347,57.05062127256539,50.4649614797149,1.0
56.564778342637936,56.596351623535156,56.02817960016501,56.3964365221127,48.5355356678644,0.0
59.63153097291399,56.23500442504883,56.462156943395634,57.442897447119485,55.78332154441,2.0
53.23810945311139,56.150115966796875,55.435070550461866,54.94109865679005,46.3437492393866,0.0
58.45060562238457,58.028053283691406,58.156975994152525,58.211878300076165,53.9725303955761,1.0
60.83651460355886,62.62858581542969,62.79896357623096,62.08802133173984,54.0908038327714,1.0
50.735575220113134,49.03944396972656,48.877995636423925,49.55100494208787,63.522896072149,3.0
55.43207551360549,56.06558609008789,56.82409755870988,56.107253054134425,52.511460669255,1.0
72.8477466367433,70.78229522705078,73.14558020899487,72.25854069092965,85.9938743902506,4.0
68.92907467447704,68.08273315429688,67.6005777193687,68.20412851604753,69.4171280425844,4.0
54.35007004446453,54.804656982421875,54.73181377068072,54.62884693252238,52.9976398093357,1.0
50.66939215049548,52.19780731201172,52.034884561198645,51.634028007901954,52.8846190887736,1.0
62.028066511730664,58.51001739501953,57.17032639531665,59.23613676735562,66.5113030380478,3.0
48.57406097551785,49.476646423339844,49.30670927021475,49.11913888969082,58.0185733092013,2.0
66.11770475197066,67.31328582763672,67.82647397685953,67.0858215188223,67.9061879222094,4.0
47.22155683890536,50.61433410644531,51.30968126166208,49.71519073567091,46.984091700051,0.0
61.74166805468006,62.48843765258789,63.18326895882361,62.4711248886972,67.6598530671041,4.0
75.56903868290006,75.01664733886719,70.95456326451813,73.84674976209511,62.8109053924414,3.0
69.00619533952735,70.76538848876953,70.18905333118518,69.98687905316069,75.1833955487804,4.0
48.05899050723348,48.614044189453125,48.98254482349249,48.551859840059706,56.5450934332114,2.0
52.09418154645349,56.14118194580078,55.96057072677586,54.73197807301005,49.3410807126233,0.0
63.79744623490737,65.90971374511719,66.26744514472382,65.32486837491614,61.7337494434663,3.0
60.4300530869197,57.605308532714844,57.411937998325,58.482433205986524,69.9013417023748,4.0
52.30881834603455,51.976715087890625,51.556000049918445,51.947177827947876,55.2280748947843,1.0
56.74164391520581,59.561798095703125,59.91842471363247,58.7406222415138,61.7093304830623,3.0
57.01007637055821,58.49589538574219,56.662465400587195,57.38947905229586,63.9900519892005,3.0
51.38861135712043,52.653133392333984,52.105170527029756,52.04897175882805,48.1591910964159,0.0
48.31681139247082,49.129974365234375,49.78039407538045,49.07572661102855,45.781948325158,0.0
53.40703089900614,54.82644271850586,54.78649394262974,54.339989186713915,46.9158618832087,0.0
55.09735487082749,54.543704986572266,56.20064320273842,55.28056768671272,65.2961498607592,3.0
58.94094913395394,55.86294174194336,55.95581364697379,56.9199015076237,60.531299352791,3.0
71.14099667809661,70.23909759521484,70.85184405749287,70.74397944360145,66.5055320604613,3.0
70.87402854631758,69.5885238647461,70.33347716678428,70.26534319261599,58.88915440252128,2.0
56.18454702834644,54.33125305175781,54.20779974224352,54.90786660744925,47.0116018953914,0.0
51.928531351290566,52.566551208496094,53.44554265664556,52.64687507214408,57.5443010090604,2.0
59.65498455688063,52.98139190673828,57.39856744272886,56.67831463544926,48.8790452974297,0.0
60.592072072360544,61.02229309082031,61.591755534805635,61.06870689932884,56.9976936087931,2.0
54.59564183046248,56.46910095214844,57.6088800511212,56.22454094457737,53.8509793766309,1.0
57.48373252797604,58.154544830322266,57.24092763472735,57.62640166434188,57.0335583490909,2.0
66.95850688327508,67.74042510986328,67.63239739265317,67.44377646193051,65.5667662506108,3.0
49.49141950506213,52.02828598022461,51.19792488226327,50.90587678918334,55.7353173921348,2.0
51.52637737874641,51.812740325927734,50.292140742688865,51.21041948245434,60.7505542394692,3.0
51.39984650083384,50.76389694213867,50.71384883461943,50.959197425863984,48.715131512039,0.0
73.7957218408778,72.90188598632812,71.17967989909991,72.62576257543527,72.5172117226224,4.0
72.23548792535007,72.89915466308594,74.41524280924845,73.1832951325615,72.7750420524986,4.0
51.916522743342576,53.61172866821289,53.025075664022694,52.85110902519273,56.0474504979755,2.0
70.57219102855342,71.12580108642578,71.24240172152673,70.98013127883532,69.9512224638328,4.0
58.31074892522448,58.673675537109375,61.56029237347166,59.51490561193517,51.4065052235054,1.0
46.988230729359636,49.93324279785156,49.65091997921868,48.857464502143294,43.626960451608,0.0
56.52075223060839,55.79505157470703,55.365314680337825,55.89370616188442,55.5076371752616,1.0
70.55323894761504,71.60417938232422,71.03955101287559,71.06565644760495,69.6247841230521,4.0
53.81731663777194,54.4092903137207,55.37368078924243,54.53342924691169,46.9089205005925,0.0
50.44497809363981,50.99127960205078,51.49390244170038,50.97672004579699,44.2200667518524,0.0
68.46929640366731,66.81415557861328,67.15937780884536,67.48094326370865,63.8552355178368,3.0
58.71055037481573,55.99989700317383,55.817057381118396,56.84250158636931,58.7740912007441,2.0
56.00780539745008,53.96403503417969,54.958227896581974,54.976689442737246,50.6018817974269,1.0
49.959641081113425,48.99250411987305,50.73906471228598,49.89706997109082,50.5613812585832,1.0
56.83235837061535,55.26790237426758,54.89422827465281,55.66482967317858,57.8860021719914,2.0
72.0757016232983,72.18939971923828,71.4850830123648,71.91672811830045,63.2430150898127,3.0
56.329917370329206,57.400386810302734,57.799550697097416,57.17661829257645,60.5045334986238,3.0
55.67347140527897,56.79572296142578,55.76421126508774,56.077801877264164,45.7202946514261,0.0
68.08802238192325,67.7987289428711,67.86263772320304,67.91646301599913,67.3845954173009,4.0
68.44195396992474,67.99634552001953,68.15929406581606,68.1991978519201,65.6315027397119,3.0
70.99096517013429,73.62865447998047,73.19568306735486,72.60510090582322,81.7769386567228,4.0
63.8234368659623,67.16248321533203,66.99391091739291,65.99327699956241,67.9061879222094,4.0
64.253989967428,66.56584167480469,67.93206972895268,66.25063379039513,70.4258728764783,4.0
57.26431263351825,58.90507507324219,56.96060150490844,57.709996403889626,69.6497939702605,4.0
55.56653380577324,55.516788482666016,56.3451719618478,55.80949808342902,52.3864233249884,1.0
60.03471727644648,61.26220703125,60.87516593833939,60.72403008201196,51.4724820524131,1.0
56.41996932040297,54.24785614013672,54.73242215501392,55.133415871851206,53.2540237486737,1.0
65.58567005101449,64.97832489013672,65.4294154197942,65.33113678698182,65.0663235266317,3.0
56.26397636816742,59.189369201660156,60.73143782300125,58.72826113094294,57.5112048645736,2.0
52.174293937814795,55.61039352416992,54.87115235618114,54.21861327272196,60.665677019541,3.0
48.5586180401187,49.2427864074707,50.05629620377333,49.28590021712091,44.6136208637616,0.0
74.48333268910487,73.38421630859375,73.02759975373776,73.6317162504788,72.0442292298097,4.0
60.97227783520882,58.14299774169922,57.2733962215238,58.79622393281061,58.2730772147288,2.0
70.42074780965153,71.1700668334961,69.9420453719798,70.51095333837581,69.8314453842982,4.0
52.73321310290921,53.40523147583008,53.44296937468772,53.19380465114234,47.7788948129349,0.0
59.38023189779513,56.062381744384766,56.215493784221984,57.21936914213396,57.0605937738107,2.0
57.26878951552507,56.7901725769043,57.3935881216691,57.15085007136614,42.310696053671,0.0
54.63681366715799,54.0202522277832,54.70523953593171,54.45410181029097,60.4028273135006,2.0
59.176220399461464,61.612003326416016,59.1472140280863,59.97847925132126,61.2686388847173,3.0
55.36601955143759,60.70982360839844,60.020794240682,58.69887913350601,69.1388876834192,4.0
54.405172422335006,55.72677993774414,55.46619273081404,55.199381696964394,52.3218848049696,1.0
68.61783954408943,66.39352416992188,66.12079008945871,67.04405126782332,71.4098230745578,4.0
61.48476845450298,61.241966247558594,59.02552701306937,60.58408723837698,64.1395367285425,3.0
53.66894552357152,54.614585876464844,53.00036986882908,53.76130042295515,52.63067049865,1.0
46.83334592469746,50.59518051147461,50.552676944845295,49.327067793672455,60.284183153087,2.0
53.23612371418161,53.34632110595703,53.367218849014854,53.316554556384496,53.684835767516,1.0
60.63025699224157,60.27638244628906,59.48950182932913,60.132047089286594,51.0178330360417,1.0
53.2865375655824,51.07423782348633,51.8615636366038,52.074113008557504,60.775370590296,3.0
69.08327613046026,69.37757110595703,71.53483935260104,69.99856219633945,65.1260009163042,3.0
64.28609182217112,60.949363708496094,61.56789603621395,62.26778385562705,58.383460272165,2.0
69.24048852314937,68.29527282714844,67.87933499980822,68.47169878336867,63.4402414773957,3.0
52.92361689420839,53.528324127197266,54.02322363142893,53.49172155094485,66.7880340599947,3.0
48.55787923725932,51.08283996582031,50.811884559563424,50.15086792088101,48.657585050283,0.0
72.010332599715,69.88817596435547,70.94029021218016,70.94626625875021,72.5786810608964,4.0
49.42285534103371,48.89091873168945,49.49107667929354,49.268283584005566,60.4114098614172,2.0
53.003894894767754,52.903343200683594,53.33725954507651,53.08149921350928,45.2358742165763,0.0
69.79541051870275,69.14155578613281,67.36506370207941,68.76734333563833,77.1660819095205,4.0
58.511478770498236,58.21162414550781,58.72584088516217,58.48298126705607,63.3171335199386,3.0
56.97781961967286,58.64488983154297,58.63610409157847,58.086271180931426,53.198152890043,1.0
69.95995764043234,70.25630950927734,69.51501093158176,69.91042602709713,62.2734261612865,3.0
67.59357152645349,65.17547607421875,66.29796504944701,66.3556708833731,72.5813220296256,4.0
69.02031570378992,69.01283264160156,68.80744322143042,68.9468638556073,60.8175029942638,3.0
69.19061058385974,70.69715118408203,69.63013047492147,69.83929741428774,68.950630384716,4.0
53.679543050066776,53.7083740234375,53.161540003523015,53.51648569234243,56.6269618016071,2.0
64.05059029364139,64.97510528564453,65.39732478431661,64.80767345453417,61.3588217274464,3.0
71.35994350651958,72.69561767578125,73.20036207235935,72.41864108488672,78.4020083564923,4.0
58.909459490511594,58.040470123291016,57.91841407749375,58.289447897098775,59.5542518398613,2.0
54.39518271318025,54.37178039550781,54.06167623043754,54.27621311304187,45.9321348952008,0.0
52.30477404425601,54.97600173950195,54.39277204228377,53.89118260868057,54.419158307456,1.0
46.46672616248888,50.65590286254883,50.330424793708936,49.151017939582225,50.4728684438139,1.0
71.4136537681819,71.22784423828125,68.75808259082234,70.46652686576184,76.7920327082632,4.0
70.40254727996934,70.66962432861328,69.59096832731109,70.2210466452979,62.4262566589822,3.0
53.7202289183117,52.137638092041016,51.78184714055019,52.5465713836343,49.061470596218,0.0
49.22057883658076,51.68954849243164,51.171938132499406,50.69402182050394,54.731051685469,1.0
55.58805084049103,55.518741607666016,54.9212754220266,55.34268929006121,55.8767028926966,2.0
72.12850536067361,70.59620666503906,73.580637045963,72.10178302389188,64.5944762418778,3.0
66.46953597269548,65.19951629638672,65.30871196718849,65.65925474542357,72.9669501197702,4.0
69.20697072400642,71.59273529052734,70.24054410804787,70.34675004086053,69.3020300469623,4.0
60.08670781333312,53.555946350097656,55.19980472484961,56.280819629426794,51.7941728677017,1.0
55.67571944442067,55.38606643676758,54.858125651074765,55.306637177421,44.9168986154837,0.0
56.77430675073279,58.44868850708008,57.95690694774608,57.72663406851965,55.881031148188,2.0
49.45423258887821,52.6610221862793,51.91188984799508,51.34238154105086,49.0498128273777,0.0
65.74438719650988,67.28518676757812,67.27559504288142,66.76838966898981,63.1504083270746,3.0
52.05687059552254,52.599422454833984,52.417099584459805,52.35779754493877,58.7196139883055,2.0
54.58909688391773,55.67910385131836,55.535056350013484,55.267752361749864,50.1216036982391,1.0
54.04505523992592,54.44136428833008,53.83758419476793,54.10800124100797,59.8665222521349,2.0
73.65264080930484,73.83296203613281,72.4079554679512,73.29785277112961,65.3881331108131,3.0
50.60896664247541,48.60036087036133,50.1104355369898,49.77325434994217,44.2240302966247,0.0
49.95045407669813,49.89180374145508,50.298749663986804,50.047002494046666,49.3687032138029,0.0
67.17568274162936,65.86735534667969,65.29437560182585,66.11247123004496,55.466962794051,1.0
70.53994783347616,67.3341064453125,70.88990038421241,69.58798488766702,74.6123189821617,4.0
69.35584555049677,66.89801025390625,66.65880975457783,67.63755518632695,83.8258370433927,4.0
54.35735420912313,50.30091094970703,50.89913909575067,51.85246808486028,53.3074716375077,1.0
47.08691308641768,44.999420166015625,47.59844373345634,46.56159232862988,43.3393943587682,0.0
51.868386664123165,55.15326690673828,55.86117169596453,54.294275088941994,45.6789058234036,0.0
56.46824193575922,56.06271743774414,57.82360427298674,56.784854548830026,53.1719196734325,1.0
56.5471648556384,53.47542190551758,55.607333906970716,55.20997355604223,44.7486663655673,0.0
52.97697550545617,52.05769348144531,51.9091579960951,52.31460899433219,59.8047895508633,2.0
70.7548578882609,69.4189682006836,69.83664276796951,70.00348961897134,73.8775139453431,4.0
71.79220384287346,71.90756225585938,72.40790889076655,72.03589166316645,70.9237419044769,4.0
51.29252807340293,50.59245681762695,51.17115042797141,51.01871177300043,56.9867043769381,2.0
49.69690827069573,49.72040939331055,48.98156690765691,49.466294857221065,48.3343887972702,0.0
53.53897101294486,54.79157257080078,54.79948292730805,54.37667550368457,54.0645937035113,1.0
50.8730454819628,52.92662811279297,52.3489867049772,52.04955343324431,50.0168566044988,1.0
52.031242420203846,51.99082565307617,51.332592335306835,51.78488680286228,44.8236203642876,0.0
56.013141152603495,53.47915267944336,53.61331930804922,54.368537713365356,59.7154582114086,2.0
71.97241786974062,73.18461608886719,70.71754972261476,71.95819456040753,75.1853910927699,4.0
57.31324046036157,54.14797592163086,53.1820074357869,54.88107460592644,64.6294218700953,3.0
61.587703538797726,63.107749938964844,61.65177538678613,62.115742954849566,64.4966940625177,3.0
49.90321183140538,51.05194854736328,50.89198759322738,50.61571599066534,49.061470596218,0.0
55.02175307066866,55.02934646606445,55.26978359187262,55.10696104286858,54.8029867263647,1.0
58.427886397050706,56.19490051269531,56.1954737109633,56.939420206903115,54.5684469566807,1.0
69.56063720338771,68.1656494140625,68.89166481429284,68.87265047724769,72.5112685491907,4.0
56.42687825677111,57.30501937866211,57.982115286022605,57.23800430715195,56.6198431542352,2.0
53.57471823832462,54.708499908447266,54.9173462103507,54.40018811904087,53.4164792931908,1.0
66.47653329533044,67.42167663574219,68.54409195153677,67.48076729420313,73.2020461997558,4.0
69.85847189495945,66.28260803222656,64.1711184887587,66.77073280531489,70.7312755140787,4.0
54.95364136057946,53.3140754699707,53.52560110260777,53.93110597771931,42.8977148470309,0.0
68.64638406349438,68.61785125732422,68.21671609465928,68.49365047182596,63.7134043049383,3.0
48.97017156199815,51.71515655517578,51.02058411359626,50.568637410256734,48.422492125115,0.0
56.59354800779844,57.39275360107422,56.58955835607323,56.8586199883153,47.5704977582859,0.0
52.70660635870881,52.593605041503906,45.55891104808214,50.286374149431616,59.5066183103136,2.0
58.77841803435226,57.0433464050293,56.46907048107505,57.43027830681887,55.0073867812807,1.0
49.29232059016888,50.352638244628906,49.92305337983577,49.85600407154451,49.8412215307108,0.0
54.165966028066585,54.901206970214844,55.39083663920688,54.81933654582944,61.0698864502447,3.0
69.84047610109987,70.89016723632812,70.18615379551467,70.30559904431423,65.7417225618598,3.0
54.70381566311467,57.52256774902344,58.00024598602063,56.742209799386245,56.5601080776283,2.0
55.01581042578298,51.893836975097656,55.05871645582665,53.98945461890242,50.9343442438117,1.0
55.967937463444905,53.78372573852539,53.8541169964435,54.53526006613794,64.4756895966692,3.0
54.54875111117145,51.2679557800293,50.48014428382995,52.0989503916769,59.7546896572484,2.0
57.812740410165475,59.95471954345703,62.338802832206035,60.03542092860951,53.8538610305051,1.0
51.95491880779547,51.16692352294922,50.90849147364144,51.34344460146204,52.5124363576026,1.0
72.95181846396206,72.95573425292969,74.98745856600296,73.63167042763156,68.099861537096,4.0
63.68589501549005,67.01554107666016,65.07319807963322,65.25821139059448,65.0988895680885,3.0
47.474626907665154,48.52153015136719,49.764428814806216,48.586861957946184,44.3978361011498,0.0
50.03786742512067,54.00238800048828,52.97253303688767,52.337596154165546,48.7871797473651,0.0
65.6055268674124,68.8077163696289,69.01749354418341,67.81024559374157,57.9121991829839,2.0
73.84173203166262,72.58485412597656,74.14416148319042,73.5235825469432,68.7797222767689,4.0
52.270456452964524,53.028594970703125,51.505357236422235,52.26813622002996,47.9177493379205,0.0
61.0589553366913,59.5656852722168,60.30157046977777,60.30873702622862,64.4021133523545,3.0
67.18056908584701,67.49762725830078,68.41119625587253,67.69646420000679,62.0764195929381,3.0
49.8045445951435,49.534664154052734,49.67703407320277,49.67208094079967,66.3483666998813,3.0
59.40495755655078,59.9827880859375,59.22438794964129,59.53737786404319,57.5904691645336,2.0
55.297420299472215,55.900169372558594,54.65499159909968,55.28419375704349,49.4899454343603,0.0
53.80532830057066,55.00394058227539,54.99091556967767,54.600061484174574,53.6417026005507,1.0
70.25156047304884,71.11750793457031,70.35651770759172,70.57519537173697,75.0431377931991,4.0
53.93558575490294,55.963157653808594,55.630628888319,55.17645743234351,53.9417762105684,1.0
68.0274322615274,67.6584701538086,66.5531821805335,67.41302819862317,69.9348551128427,4.0
72.21877587070854,72.06896209716797,71.81721840493896,72.03498545760516,75.5984350243925,4.0
48.645515577862604,49.305362701416016,50.256740845736026,49.40253970833822,53.5372093158286,1.0
59.640353865056134,62.251102447509766,61.15886945927394,61.01677525727994,65.192126324729,3.0
49.8345589196966,50.85438919067383,52.09215148980094,50.92703320005713,62.0392557783654,3.0
63.2838174573265,65.09439849853516,66.2204725820751,64.86622951264559,61.7122725512797,3.0
57.44109103636995,56.50609588623047,56.555051670795784,56.83407953113207,68.6379803029955,4.0
49.66353193169476,53.61174011230469,52.83754442887161,52.03760549095702,55.2438690594749,1.0
64.02803530833407,64.38221740722656,65.76421834426004,64.7248236866069,67.504295830613,4.0
51.806903479157945,52.012325286865234,52.292744653853106,52.037324473292095,52.3452874380649,1.0
46.76117734287645,49.74167251586914,51.00712675153779,49.169992203427796,46.103969340133,0.0
45.620614181447195,49.78477096557617,50.820256686257686,48.741880611093684,48.8005424486869,0.0
74.87003522698451,75.41706848144531,73.19188148214394,74.49299506352459,86.5580228088504,4.0
53.643300578942316,55.1423454284668,54.033674294520026,54.27310676730971,57.2909522033969,2.0
74.30672430681194,70.1339111328125,68.73500591833626,71.05854711932024,66.8675401285813,3.0
68.29828742503527,69.50756072998047,70.14238919821673,69.31607911774415,76.8138790548458,4.0
46.01092640442838,48.387779235839844,49.33296082616786,47.91055548881203,46.9916664957852,0.0
58.17618474194015,54.872528076171875,55.19745137266854,56.08205473026018,60.1260434004162,2.0
66.59878275908065,68.28077697753906,67.83890474529947,67.57282149397308,62.118477649664,3.0
69.18744565415224,72.75165557861328,72.4312198298502,71.45677368753859,62.5359428225923,3.0
70.29199625555184,70.71212768554688,71.35218483948198,70.78543626019358,67.312632520188,4.0
55.94920616508037,52.13379669189453,53.00403398633461,53.695678947769835,58.3362936775791,2.0
73.64220206479926,74.83207702636719,74.89193033217725,74.45540314111456,79.5361250192696,4.0
57.79815312988789,59.14104080200195,58.95202180969855,58.63040524719613,51.8174665938918,1.0
66.43229980089188,66.58318328857422,66.67012703649627,66.56187004198746,71.6449166408522,4.0
67.00384717406942,66.24188995361328,66.61664953656629,66.62079555474965,66.3270235172418,3.0
47.748556096891356,47.656307220458984,48.99450823669682,48.13312385134905,37.7293727992796,0.0
47.419531762653335,49.725406646728516,49.33887781329292,48.82793874089159,46.9471828852818,0.0
53.98492570012431,52.80143737792969,51.451489531746354,52.745950869933445,55.7654693958352,2.0
50.74697423004151,51.57999801635742,51.042260810837924,51.12307768574561,47.1674161824693,0.0
52.60847517866239,53.623878479003906,53.77482509858201,53.335726252082765,48.3350649375548,0.0
51.50839398948243,49.73768997192383,49.9081452464401,50.384743069282116,51.2978668843169,1.0
55.88870450262007,55.19112014770508,56.42117172429003,55.833665458205054,50.9653433670979,1.0
56.26431035637407,55.80086898803711,54.58908088224616,55.55142007555245,56.0336761331241,2.0
76.8698624187038,75.18028259277344,75.27103269363828,75.77372590170518,82.5357152538686,4.0
71.32136708531863,71.8984146118164,71.43718586807695,71.55232252173732,70.5694055631807,4.0
54.13418040706285,52.11276626586914,50.961943299206325,52.402963324046105,59.5058473361694,2.0
63.87107170373872,64.00127410888672,62.91421952414872,63.59552177892473,67.3612033575474,4.0
64.36204881150412,67.06228637695312,67.86499335932898,66.4297761825954,63.961227663594,3.0
61.301196660225635,61.053489685058594,61.056114142995014,61.13693349609307,67.9941157223205,4.0
68.28870419410391,68.57032775878906,67.16379170698721,68.00760788662673,56.4508865018165,2.0
62.830373532581966,60.84241485595703,59.778736462139506,61.150508283559496,56.7043984487174,2.0
70.87045572811674,67.72367095947266,69.53443634543429,69.37618767767457,60.7696088784835,3.0
55.71033289055071,55.48331832885742,55.73637077085548,55.643340663421206,49.0377687838309,0.0
69.5179000069367,71.4581298828125,70.38845380835741,70.45482789936888,65.7361600742049,3.0
66.52329903389324,66.55693817138672,67.14305945485339,66.74109888671111,74.6880572541576,4.0
59.451240299580256,56.39070510864258,56.556242449737,57.46606261931995,61.400723249923,3.0
60.3039991740733,60.643009185791016,59.30480931401339,60.0839392246259,66.3018051949616,3.0
55.49605851616518,57.712928771972656,55.04297620477675,56.08398783097152,64.093220060682,3.0
49.45906283841557,50.481285095214844,49.22102768446291,49.720458539364444,53.514153561386,1.0
55.388932638670084,54.496055603027344,56.170571934510896,55.35185339206944,51.5147070426627,1.0
53.18055214679546,55.133079528808594,54.50830625310097,54.27397930956835,48.1584820939804,0.0
52.874790508567806,53.72167205810547,54.904280315224575,53.83358096063262,57.6979321766073,2.0
59.011158520178576,58.725914001464844,59.319574653415344,59.018882391686255,56.3884152674084,2.0
67.82820366440285,67.85218811035156,68.06259761902169,67.91432979792536,64.6238341123345,3.0
43.387003154850994,47.88212966918945,48.828420029536275,46.69918428452558,33.6034394644382,0.0
71.96789027902315,69.34940338134766,68.97309276247243,70.09679547428108,70.5062233731831,4.0
77.70071895530307,77.54403686523438,74.9346766626046,76.72647749438069,70.905014456689,4.0
53.69768381840677,55.837615966796875,54.967054083080065,54.834117956094566,55.5167539639266,2.0
53.946956370917654,52.036659240722656,51.97514821566843,52.652921275769586,59.5579856989372,2.0
75.03045566213119,73.19304656982422,73.91489989445719,74.04613404213754,71.9812818714127,4.0
61.173464705736855,62.01225662231445,61.74285884404267,61.64286005736466,61.4479193916116,3.0
74.33927022455345,75.26185607910156,73.75074796650229,74.4506247567191,64.6604249015731,3.0
58.17885502990759,56.28855895996094,55.68317944448745,56.71686447811866,50.8361973423091,1.0
54.09224706674007,53.96164321899414,53.03130861128063,53.69506629900494,55.1730392802659,1.0
69.2264593002089,68.47560119628906,67.89903542037253,68.53369863895682,71.5150102185334,4.0
73.93699553849949,73.56945037841797,73.89827446642592,73.80157346111446,70.6432491169691,4.0
71.02343872001093,67.20152282714844,67.4185261668321,68.54782923799715,59.3647842637193,2.0
62.00673580821844,57.60369110107422,57.442026802368176,59.01748457055361,56.3496015360792,2.0
74.3207548490962,74.23931121826172,73.53102142153894,74.03036249629895,70.6131463523423,4.0
50.28814418027115,49.8195686340332,48.43686716129796,49.51485999186744,38.1879719765923,0.0
50.27838489079219,50.61750411987305,50.26620883802711,50.387365949564106,45.6138530613848,0.0
75.12881827060014,73.8961181640625,73.04917803846624,74.02470482437629,77.3545545415961,4.0
54.53135691206322,54.4803581237793,54.983229701736754,54.66498157919309,58.2434711361,2.0
55.6738297546254,52.94829177856445,52.9947571904493,53.87229290787971,45.183957123751,0.0
69.48021983674519,67.7801513671875,67.0672732378524,68.10921481392836,59.806265055555,2.0
59.608271760272245,59.69633865356445,58.34815318238767,59.21758786540812,58.2730772147288,2.0
50.916052806993534,51.478004455566406,51.656632285644775,51.35022984940158,50.0937674318915,1.0
64.59987780181159,64.09265899658203,64.69010450122862,64.46088043320742,64.5953321021172,3.0
52.26158080170219,52.81565856933594,53.12189903676562,52.733046135934586,50.5877553395496,1.0
49.33945124262013,49.889591217041016,50.81164727492249,50.01356324486121,46.5485446122244,0.0
55.09957870274646,52.5970344543457,52.38856357719531,53.36172557809582,55.8141243245052,2.0
58.031870899095836,57.18172073364258,57.7469807759294,57.65352413622261,52.4240562754817,1.0
45.538845500649636,46.104225158691406,47.061475135380896,46.23484859824065,47.7152835301773,0.0
54.54905441132671,52.938751220703125,51.991228541639096,53.15967805788964,56.8227358360456,2.0
53.60374099335916,54.70450210571289,54.522343088698385,54.27686206259015,58.3435570619485,2.0
62.35595688625417,63.49619674682617,60.76552846525358,62.20589403277796,57.856043493194,2.0
67.80993757392281,69.5739974975586,69.31059742276794,68.89817749808311,72.0336961248457,4.0
52.276412246721954,55.77980041503906,55.299487409278555,54.451900023679855,57.265180150011,2.0
58.651073066547156,59.58034896850586,58.9306391346361,59.05402038989637,61.1374240761532,3.0
54.985583783064975,54.3557014465332,54.314582002975826,54.55195574419133,58.5239651030859,2.0
53.81385956015661,53.92363357543945,53.99619499474995,53.911229376781996,46.5764041187163,0.0
52.286590713455666,50.95225143432617,51.69077879590663,51.64320698122949,48.0352001930122,0.0
54.984789167364006,55.715030670166016,55.60679746012942,55.435539099219824,63.4274146475948,3.0
67.07350590565507,67.9051513671875,68.36979500683421,67.78281742655892,63.6133425817943,3.0
58.353778014204025,56.764129638671875,57.939756285322346,57.68588797939941,52.0040332192993,1.0
54.42340690770812,55.18174743652344,55.28542540268254,54.963526582304695,48.8384320845934,0.0
55.88824129759301,55.950435638427734,55.28708903068154,55.70858865556743,58.5811152704149,2.0
55.15929202785412,54.91246795654297,55.17265592576042,55.0814719700525,46.5684083413219,0.0
52.39147795619026,52.80378723144531,52.44499925301151,52.54675481354903,59.2034617867284,2.0
52.8481446154453,55.372718811035156,54.022359406886416,54.08107427778896,52.5455209515132,1.0
73.1943700198572,72.48985290527344,71.64684342398557,72.44368878303874,71.2876721000566,4.0
48.93757343070657,48.987159729003906,48.838964643789886,48.92123260116679,50.8293317026035,1.0
50.09634318447698,49.81781005859375,50.09943234522479,50.00452852943184,42.3156790055228,0.0
48.32824684586542,51.76052474975586,50.84031272321488,50.309694772945384,40.9253308228302,0.0
56.03347652829193,55.849063873291016,54.56516406970481,55.48256815709592,64.0688990387511,3.0
55.95405433749976,54.13469696044922,55.0426141237089,55.04378847388597,54.218972931151,1.0
51.34141072472532,52.936317443847656,53.84899546324218,52.70890787727172,51.4672529113833,1.0
46.06432098806573,49.41398239135742,49.676102713791295,48.38480203107148,40.8000838337237,0.0
60.460715664287456,57.048431396484375,58.70582972837347,58.73832559638176,56.3135544966286,2.0
58.74697809536352,54.24068069458008,53.85195781184886,55.61320553393082,54.494117800313,1.0
59.660297120921555,61.986412048339844,62.787023256142014,61.477910808467804,65.2255660235392,3.0
57.696166751415646,58.787776947021484,55.855640432716356,57.44652804371783,44.5837920226937,0.0
73.31105665266738,72.38736724853516,73.49128244295372,73.06323544805208,59.1459170513827,2.0
54.01761679609187,54.334388732910156,54.881360503875975,54.41112201095934,51.3394122442076,1.0
57.371215225427754,57.07677459716797,59.85694155802714,58.10164379354095,51.4065052235054,1.0
48.69541648957107,49.236572265625,49.70476632561838,49.21225169360482,56.5506765191237,2.0
55.15912619500279,55.50910568237305,55.411083373232955,55.359771750202945,58.3149076107682,2.0
70.22139966511203,70.30776977539062,69.5964212218727,70.04186355412513,69.7219373598166,4.0
55.92245511477046,56.59015655517578,56.60610351952114,56.37290506315579,55.8143600266315,2.0
49.3499366626357,49.2864990234375,50.39471136702012,49.677049017697776,53.2127591688505,1.0
71.58784558255113,69.82194519042969,69.97060697198839,70.46013258165641,68.6861156722953,4.0
54.171380374464384,55.722721099853516,55.16775256522334,55.02061801318041,57.1225926418109,2.0
57.81938006825585,57.66660690307617,58.97637979684115,58.154122256057725,61.772455669263,3.0
43.33357295353036,49.16708755493164,48.292913088667774,46.93119119904325,45.0007274742423,0.0
48.72229337714988,51.86062240600586,51.78478882506043,50.78923486940539,42.2479688744192,0.0
50.42542476925285,53.52136993408203,50.77463295286363,51.57380921873283,59.7619534187947,2.0
54.32102399976579,55.91356658935547,56.01848738795983,55.41769265902703,62.9365225574144,3.0
55.420649816500855,53.50457000732422,54.380922172455115,54.43538066542673,50.4193333660973,1.0
53.29165442180136,51.925045013427734,51.72672508853237,52.31447484125382,50.6656095439343,1.0
60.63875325983566,59.855247497558594,60.21595989049234,60.23665354929553,55.2971234787552,1.0
56.79287857863686,57.34470748901367,57.0019182329487,57.04650143353308,57.7232320290261,2.0
61.16250372374229,60.57326889038086,59.26071108269292,60.33216123227203,48.764541201889,0.0
50.54921594109769,53.00209426879883,52.89576889862432,52.14902636950695,50.0593413706036,1.0
68.87204001911982,67.41345977783203,67.47792317612208,67.92114099102464,67.1635957281624,4.0
58.47032494934532,53.61155700683594,55.51608453673329,55.8659888309715,51.9667687931718,1.0
67.73707615467146,68.8753662109375,68.86045948182198,68.49096728247697,59.1977126613554,2.0
73.34059055866307,72.12743377685547,73.97267981821341,73.1469013845773,80.5266530562945,4.0
56.543234726933505,55.35090637207031,53.82980555820992,55.241315552404586,44.2894937239209,0.0
55.97852604386222,55.776512145996094,55.19137640858929,55.6488048661492,50.8606634397189,1.0
46.633045908655234,47.001220703125,46.97696169006935,46.87040943394987,40.1733966451104,0.0
66.48875364529562,64.67217254638672,65.72699581481623,65.62930733549952,68.1527827028035,4.0
62.01510666531387,58.92144012451172,58.35385798128336,59.76346825703632,66.6690475618294,3.0
55.05937991383265,54.94276809692383,57.778216995593496,55.92678833545,46.6075455423868,0.0
55.09203442016437,55.19407653808594,54.460335466434884,54.91548214156173,59.793217845855,2.0
57.304326263767166,56.97999572753906,57.12394937941883,57.136090456908356,51.1706836382586,1.0
71.58304621778811,71.30789184570312,71.4673222983598,71.45275345395034,68.0549655677603,4.0
68.86758040271098,67.79676818847656,68.70407712301524,68.45614190473425,68.3632944197182,4.0
48.082449450323395,51.99742889404297,51.86652320602486,50.648800516797074,40.1295444277454,0.0
56.74408926475365,56.23417282104492,54.996172075426614,55.99147805374173,56.6152073183736,2.0
54.82242688951947,54.28331756591797,54.16534540092355,54.423696618787,58.1661412701244,2.0
51.0369964522425,49.352569580078125,50.174187190839824,50.18791774105349,48.2015300119655,0.0
47.556119906712034,44.43539047241211,41.37570105395309,44.455737144359084,47.8041612527577,0.0
71.90791288700404,72.90068817138672,72.35993888303955,72.3895133138101,65.9887707528187,3.0
71.63618393678809,72.34503936767578,71.90070708009314,71.960643461519,73.4158064636196,4.0
52.87254049523441,51.79842758178711,52.8320600521509,52.50100937639081,48.2474678471568,0.0
58.13993427080807,57.19328689575195,59.47869567783428,58.27063894813144,71.4281403906535,4.0
55.427166847639064,56.00734329223633,55.92391562934641,55.786141923073934,60.9715527648508,3.0
66.85986697367301,64.07865905761719,65.18529507907029,65.37460703678681,63.3333860190537,3.0
71.80623822539698,71.70499420166016,69.2637121275399,70.924981518199,76.5975306721359,4.0
53.54727305791871,55.21564483642578,54.71584750790943,54.49292180075131,55.2100157217175,1.0
74.22950530859877,73.8609848022461,73.5897829495819,73.8934243534756,73.4177427050008,4.0
68.74908651291898,68.35855102539062,68.70449434755069,68.60404396195344,68.4798526272881,4.0
61.99442917354388,61.3236083984375,60.9593164488942,61.425784673625195,60.2084863947364,2.0
52.67083940770285,54.656837463378906,55.134387962987155,54.154021611356306,52.6146355225537,1.0
74.62929674698536,76.06820678710938,74.74132017170892,75.14627456860124,77.3346475226435,4.0
58.96438713989798,62.128265380859375,61.22997726191728,60.77420992755821,56.6200192968244,2.0
55.95122335749803,56.448055267333984,57.28518094252911,56.56148652245371,50.9578047602815,1.0
56.23767209478326,54.81241226196289,55.4133968407077,55.487827065817946,54.7803326383459,1.0
58.45312114764025,55.505455017089844,55.35133811621912,56.43663809364974,56.1291750341801,2.0
51.843402839982055,53.21233367919922,52.707353943133526,52.58769682077159,52.4860135665018,1.0
58.62753019463263,59.435733795166016,60.52405603214828,59.52910667398231,59.4097367031075,2.0
53.989432059092366,52.682777404785156,52.84933933466254,53.17384959951335,58.2840114087903,2.0
48.7694735667528,44.37887954711914,42.219026332547244,45.122459815473064,47.8041612527577,0.0
55.259325604482136,53.93825149536133,54.282967152073915,54.49351475063913,60.0331207382913,2.0
54.39464839986822,56.37309265136719,54.996556884961265,55.25476597873222,49.9991066296359,0.0
59.168253086802395,58.71554183959961,57.843435531620294,58.57574348600743,55.395333819568,1.0
64.37513103971223,66.96405792236328,66.45525772156104,65.93148222787886,49.6078928124028,0.0
56.75488780397475,59.76094436645508,59.612315831371696,58.70938266726717,53.198152890043,1.0
70.5063617833832,70.83084106445312,70.28420721744142,70.54047002175925,74.170187367598,4.0
49.17394657659471,49.7767448425293,49.738093945454146,49.56292845485939,53.8082868410339,1.0
49.29051356625406,49.66449737548828,49.649637301061134,49.53488274760116,57.9159081857409,2.0
55.321310220442,51.058292388916016,51.75199274543806,52.71053178493202,58.1823137322815,2.0
47.01009240698404,48.104000091552734,49.33421738871114,48.149436629082636,53.3758476713237,1.0
71.13354235528683,72.43913269042969,70.51808424520317,71.36358643030657,76.0657939794927,4.0
48.34351908638216,49.89057159423828,50.206265427617666,49.48011870274604,35.4293210552098,0.0
50.372440385628394,50.311153411865234,51.01518453245413,50.566259443315914,54.8611547645117,1.0
51.54758865182106,51.76940155029297,51.49160298257578,51.602864394896606,52.0569003217771,1.0
53.20808749958242,52.240699768066406,53.00598643137073,52.81825789967318,55.389996095081,1.0
57.57131188304655,59.04762649536133,58.64743274995789,58.422123709455256,62.4073285388027,3.0
54.5506179195248,56.44139099121094,54.24022467585877,55.0774111955315,48.39139990366,0.0
54.796429144473905,54.164207458496094,54.37716729961804,54.445934634196014,50.9212260440141,1.0
61.97393727079167,60.715660095214844,60.70424461505035,61.131280660352296,66.3018051949616,3.0
56.50332261831004,55.474517822265625,55.811723016614465,55.92985448573004,55.5171105853716,2.0
55.7056520146821,54.46828842163086,53.931787530439486,54.70190932225082,58.1033212309781,2.0
47.49613309041873,47.16252136230469,47.624190118383524,47.42761485703565,48.570802104245,0.0
60.395502630134324,60.115142822265625,60.79315022376294,60.43459855872097,59.4002106844496,2.0
72.91069780027254,76.126708984375,77.20147185441976,75.41295954635576,73.9514481483973,4.0
68.79978483726175,70.22289276123047,69.30003738126928,69.44090499325384,71.5388716842555,4.0
58.19082998551135,59.03594207763672,58.94414818180655,58.723640081651546,56.1371077977817,2.0
69.64504345450932,70.83283233642578,71.40564571064647,70.62784050052717,71.0027169702468,4.0
54.17109220526424,51.345645904541016,51.68078026857009,52.39917279279178,44.9504714959911,0.0
68.21002326982116,68.17105865478516,67.9674923676996,68.11619143076864,72.7707747285769,4.0
70.08165302425328,72.0752182006836,71.56402621719967,71.24029914737885,68.894321652402,4.0
55.47250713935168,51.09523391723633,50.9519958936167,52.506578983401575,62.3304352382667,3.0
46.06751313751124,48.1314811706543,48.80712072389188,47.668705010685805,56.0620983239993,2.0
57.48628813759664,55.09808349609375,54.84853045404888,55.81096736257975,46.1892570666804,0.0
50.30507280577657,50.37469482421875,50.339286581286395,50.339684737093904,42.3130052038557,0.0
57.423986615010506,55.620384216308594,55.053353316767335,56.03257471602881,54.3548254996598,1.0
48.763271937958784,49.366512298583984,48.80880236542042,48.97952886732107,46.0554398580992,0.0
51.406437195806,50.474422454833984,49.770418627593024,50.55042609274434,50.8762039919252,1.0
70.4915917431051,67.27660369873047,67.35989058127966,68.37602867437175,65.4863058648802,3.0
54.92442852527291,55.762428283691406,55.16097654968314,55.28261111954915,49.3153130021581,0.0
54.029240009452856,53.10014343261719,54.39651625789766,53.84196656665589,45.2180857928474,0.0
53.43865288755689,50.66902160644531,51.01410827373316,51.707260922578456,53.8265758538975,1.0
47.68942151722793,50.32573318481445,49.96227621078804,49.32581030427681,48.9023862257806,0.0
45.64590477340697,47.98969650268555,49.36815225287895,47.667917842990484,48.8005424486869,0.0
55.34342187152545,55.35246658325195,55.029014635311235,55.241634363362884,54.7156122318439,1.0
68.7098800647358,65.67166900634766,65.54418204395954,66.64191037168099,76.3378265892334,4.0
52.105430446031434,52.49533462524414,52.76158501443221,52.45411669523593,55.414351277795,1.0
62.20278489205246,63.08077621459961,62.046147747631224,62.4432362847611,59.2229553129175,2.0
58.31491364830794,59.2542610168457,58.19506474415653,58.58807980310339,61.318158998412,3.0
74.81633902057608,75.88385009765625,73.5477596616701,74.74931625996749,79.0361876546247,4.0
60.31777884425382,57.802364349365234,58.06060033594594,58.726914509855,46.4237705171294,0.0
72.90900457442835,72.33615112304688,73.30029498226654,72.84848355991393,69.5697129172151,4.0
50.65829613200577,49.879940032958984,50.704892887993154,50.41437635098597,53.8321369900965,1.0
71.26970283465482,70.78607177734375,69.88625944969336,70.64734468723064,72.9158451812568,4.0
66.20501281188535,67.95121765136719,68.1251332710769,67.42712124477647,71.5689468648835,4.0
48.471520279402604,49.12110900878906,49.698764619941535,49.09713130271106,42.7064050594184,0.0
54.69173566512253,54.150142669677734,54.0616424409383,54.30117359191286,63.2594235807122,3.0
54.198323868809865,54.01704025268555,54.75542727870985,54.323597133401755,54.4066975224132,1.0
67.59697574048842,68.46926879882812,69.09617737644518,68.38747397192058,59.4293094379543,2.0
71.25312801334361,70.93270111083984,71.53672540774862,71.24085151064402,86.540108552552,4.0
68.71014509374821,71.11593627929688,71.39309056850593,70.40639064718367,69.3463880325109,4.0
68.454619644187,69.0269546508789,67.83297325813076,68.43818251773223,73.5670160319299,4.0
48.899153755333266,52.46696472167969,53.84613730502518,51.737418594012716,46.9536822614876,0.0
51.02586054354142,52.1959228515625,50.22809288043221,51.14995875851204,49.2435286068614,0.0
57.95111120500067,58.69976806640625,58.92526824969809,58.525382507035,58.3987249944143,2.0
55.21420920159658,54.33127212524414,52.18818186604363,53.911221064294786,52.309560061963,1.0
66.645037861037,69.93051147460938,69.41979803146126,68.66511578903588,63.6295685595903,3.0
51.25602834352842,55.99140930175781,54.587296305804934,53.94491131703038,57.2316877805393,2.0
68.88508435928853,69.80781555175781,69.26118814067738,69.31802935057458,65.8375397924376,3.0
48.180672967273225,50.64775848388672,50.382722037422816,49.73705116286092,58.8972437147311,2.0
54.74309747913055,56.654754638671875,57.47021073240332,56.289354283401906,54.5503367886259,1.0
53.039170621788934,53.92008590698242,54.93825487570922,53.96583713482686,56.0565486619606,2.0
59.81077377796714,57.944244384765625,57.660841462881315,58.471953208538025,57.5599969362784,2.0
52.696548431337774,52.93383026123047,52.073488575139606,52.56795575590261,40.6364552359644,0.0
57.01980036147959,53.8633918762207,53.976988697891535,54.95339364519727,54.6730048155654,1.0
72.42633631413392,73.14786529541016,72.88964973227692,72.821283780607,71.4794927154322,4.0
63.37514207622029,64.32545471191406,64.14438897659652,63.94832858824363,70.3553908714955,4.0
70.85036097918169,70.34394836425781,69.81143493315018,70.33524809219655,69.2816051709523,4.0
56.770775297739895,61.890193939208984,62.04186354487744,60.2342775939421,52.8480693110347,1.0
55.021701094675684,55.48277282714844,54.996556884961265,55.16701026892847,68.9526340039251,4.0
60.979410165973704,57.224822998046875,56.99297540856769,58.399069524196086,61.3461777409098,3.0
55.23831966873827,58.16217803955078,58.58332831304868,57.327942007112576,58.4336382456354,2.0
70.41251961467205,70.95690155029297,68.7999298059343,70.0564503236331,73.6115881886326,4.0
65.81614277722184,67.92568969726562,64.7651685428631,66.16900033911685,75.0935772426431,4.0
50.89494319652923,52.68423080444336,50.59815980045871,51.3924446004771,45.1087246927023,0.0
73.0751383730962,72.21708679199219,72.32570384556156,72.53930967021665,69.5697129172151,4.0
71.16660881437478,71.17781829833984,72.13038629563337,71.49160446944933,74.5009971470117,4.0
71.2232458753627,69.98857879638672,69.41727288770794,70.20969918648579,68.3872547986344,4.0
53.74752199843531,55.14529800415039,56.465485801954415,55.11943526818004,50.3005017014512,1.0
54.70824242453685,54.89823532104492,55.018373193906484,54.87495031316275,56.898666790088,2.0
55.04401817280603,55.60928726196289,55.36648892436026,55.33993145304306,51.4525348206636,1.0
48.980781385223366,51.71905517578125,51.25855162249199,50.65279606116553,48.6394712303527,0.0
58.209300293180654,57.69565963745117,59.64738628033211,58.51744873698798,57.5424332190085,2.0
54.41239586499078,51.821475982666016,51.24608400881109,52.49331861882263,55.8676014840588,2.0
60.32902370514742,57.92252731323242,56.45706981138427,58.23620694325471,62.5219468637619,3.0
51.39942851990193,51.76646423339844,51.560224311251375,51.57537235485057,56.2478713941621,2.0
74.93052346601817,72.4708251953125,71.19189582422328,72.86441482851798,83.1117627708237,4.0
69.49237326991656,71.6138687133789,70.91802937141424,70.67475711823656,69.8371484914617,4.0
58.844631796607004,59.37025451660156,58.01361543975911,58.7428339176559,62.748580633413,3.0
54.12456671570798,52.30894470214844,52.213660159657,52.8823905258378,57.95232527535,2.0
69.5710331685619,68.3646469116211,67.08878115178031,68.3414870773211,66.1111776021709,3.0
55.70496359805911,55.593223571777344,55.17741273362473,55.49186663448706,55.4576232495606,1.0
69.73225477642332,69.3731689453125,68.88200697136922,69.32914356436834,69.2746836767917,4.0
47.06050338518689,48.379676818847656,49.76015780819089,48.40011267074181,55.8293692936409,2.0
52.17144118215015,51.54371643066406,50.73305463434413,51.48273741571944,51.1222000612483,1.0
57.30703946012162,57.78903579711914,54.814548313894356,56.636874523711704,59.9243967350579,2.0
45.332846797937854,47.228580474853516,48.16728639101679,46.90957122126938,42.1809026113029,0.0
57.078213354482344,61.29490661621094,57.99883404741446,58.79065133936924,58.6719985843742,2.0
54.65799379329618,55.01013946533203,54.87968548011308,54.84927291291376,58.3605557886883,2.0
60.22485698195942,60.173091888427734,60.18803483009881,60.19532790016199,61.2854912746987,3.0
54.213783095778346,54.3778190612793,54.97906291120947,54.523555022755694,42.2408426661114,0.0
58.659720423675424,54.48818588256836,55.005365853503314,56.0510907199157,70.4986294073398,4.0
58.2658283814938,54.680057525634766,55.52251276421727,56.15613289044861,57.0644580167749,2.0
53.37354410870476,52.029659271240234,52.39651967280148,52.59990768424883,54.0089742886403,1.0
50.501482807625784,51.61094284057617,50.085062332732164,50.732495993644704,52.1665092616491,1.0
51.246573789135994,53.20669174194336,53.045982403927404,52.49974931166892,43.2434643467118,0.0
55.01673561185592,54.4388313293457,53.94902812102955,54.46819835407706,52.8060570664563,1.0
50.423564100189196,49.289283752441406,50.334667013491064,50.01583828870722,50.8957736297933,1.0
54.70816351536085,50.53972625732422,51.16036290105256,52.13608422457921,49.7039100021771,0.0
56.97637191115386,56.606815338134766,55.92005271943568,56.50107998957478,55.6149607182901,2.0
47.1405587482194,50.21951675415039,50.01721329982791,49.1257629340659,43.5829396318362,0.0
49.28864003482645,49.137962341308594,49.47601603930622,49.30087280514709,53.364109694002,1.0
51.50905718423294,49.1527099609375,49.240873990499026,49.96754704522315,53.7687881292698,1.0
57.71021566718626,55.24155807495117,55.86931071796208,56.27369482003317,57.0919325357741,2.0
49.7248286024824,48.91974639892578,51.346692039664845,49.99708901369101,60.3656499873535,2.0
53.03852050810051,53.483280181884766,54.69884237681439,53.74021435559988,47.0399655876628,0.0
73.28140865207942,70.60664367675781,71.73644841436601,71.87483358106776,66.0352520454061,3.0
59.0410338074558,57.282413482666016,57.60141393794272,57.97495374268817,52.8561282779206,1.0
50.77686925630052,49.17026138305664,49.95078108450221,49.965970574619796,53.7873581430681,1.0
53.281976276076946,54.91020965576172,54.570156648198946,54.25411419334588,48.2909844268776,0.0
54.04071488908481,53.49033737182617,50.38360873089268,52.63822033060122,48.5188668553776,0.0
56.21248065462184,55.84454345703125,55.626506544622075,55.89451021875839,51.3040286373841,1.0
52.40888725423537,53.54948425292969,52.72126499848664,52.89321216855057,55.8496706389022,2.0
47.01009240698404,48.104000091552734,49.33421738871114,48.149436629082636,53.3758476713237,1.0
71.9164789996526,73.02106475830078,72.05244990955012,72.32999788916783,70.6258537048139,4.0
73.35688257167406,72.78290557861328,71.28174575907923,72.47384463645552,76.6459101491525,4.0
54.105782491019454,51.44295120239258,50.99629317678406,52.1816756233987,45.7162525624022,0.0
56.74322053295827,56.13026809692383,56.0529132049342,56.30880061160544,59.73739534746,2.0
54.376074674184544,52.323341369628906,49.8351591412148,52.178191728342746,58.0879173001554,2.0
65.48377084274443,66.19619750976562,65.28350625726407,65.65449153659138,68.33491937582,4.0
57.01048916227113,57.54197311401367,59.61803906268059,58.05683377965513,51.4272698846396,1.0
72.21077531989732,64.71157836914062,74.31798131063019,70.41344499988938,71.4193195319668,4.0
53.59876145677998,52.533714294433594,55.26122444576109,53.79790006565822,59.3817159565168,2.0
47.0812974067803,49.05359649658203,49.24035872656744,48.45841754330993,49.7882196870248,0.0
69.55792054288227,66.91508483886719,67.31831473466133,67.93044003880361,71.3535891815864,4.0
54.287359735912275,58.03675079345703,57.16817953160254,56.49743002032395,63.1421279294508,3.0
76.66417823657771,78.26948547363281,76.8118412721513,77.24850166078727,81.856774938465,4.0
45.796193494602385,46.36436462402344,49.10049241452526,47.0870168443837,51.3408281111692,1.0
64.87563994498832,67.49279022216797,67.65459819141955,66.67434278619196,63.6979501882532,3.0
70.78986218444336,68.2868881225586,68.39627703636832,69.15767578112343,77.9523204215653,4.0
55.121334048859815,51.871971130371094,52.721021418150514,53.238108865793805,63.8622207868701,3.0
46.01092640442838,48.387779235839844,49.33296082616786,47.91055548881203,46.9916664957852,0.0
56.57106765826643,57.35127639770508,56.31040577206318,56.74424994267823,61.0057551714326,3.0
59.974385467000026,58.0522346496582,58.62709453848915,58.8845715517158,67.8514473241399,4.0
55.665174811360366,53.37582015991211,52.0851439939146,53.70871298839569,58.4982032022087,2.0
45.267027516532856,47.96497344970703,49.26299625313865,47.49833240645952,45.2112236980115,0.0
55.54474303521124,55.662445068359375,55.37233157252318,55.52650655869794,54.5668781137073,1.0
67.00457225227193,67.57030487060547,68.53542821941757,67.70343511409833,62.2702307428181,3.0
55.177966026605425,57.734107971191406,58.07075445575266,56.99427615118316,42.8570005677492,0.0
55.20844269900444,61.48390579223633,57.500931422736315,58.06442663799237,64.1576001598384,3.0
47.84043200547126,51.32175064086914,50.99732385160901,50.053168832649796,57.0926356492978,2.0
66.54404078957516,67.05841064453125,67.4274396880411,67.00996370738251,73.8733787564755,4.0
56.616633141754804,57.69490432739258,58.637433507675226,57.649656992274195,58.9378161835089,2.0
73.22142253367437,70.43815612792969,69.75812055992942,71.13923307384448,61.3768266170792,3.0
48.25578187194762,49.10566711425781,49.68619159635412,49.015880194186515,49.5495185316,0.0
71.59013930876216,70.8678207397461,69.09204468334838,70.51666824395221,66.377260227476,3.0
49.01961657828803,51.666542053222656,53.61002780805427,51.43206214652165,46.9536822614876,0.0
68.01169142952617,69.03886413574219,68.81273517215364,68.621096912474,67.9131091606441,4.0
52.18792827794077,51.475528717041016,51.343401708852994,51.66895290127826,50.209368395401,1.0
56.51523402303638,56.67228698730469,56.29132934197276,56.49295011743794,56.559923993082,2.0
51.16726529647629,51.1764030456543,54.179450552704516,52.174372964945036,52.3777320957738,1.0
54.33805081499502,55.29833984375,55.55681270831657,55.064401122353864,50.3200013316807,1.0
52.22531156757755,52.79509353637695,52.524241105918094,52.51488206995754,48.047878698232,0.0
59.35990672195889,58.674190521240234,56.07565401845258,58.03658375388391,56.4195680653631,2.0
70.36553281783807,69.1811752319336,68.93354175973573,69.49341660316914,71.7269679695026,4.0
53.437750029366775,53.3695182800293,53.918400367025214,53.57522289214043,46.2822549961408,0.0
69.02588257909618,69.87525939941406,70.18623701930369,69.69579299927132,68.1440122889214,4.0
74.94648399255374,75.77983093261719,73.57026358265257,74.7655261692745,83.0034132011353,4.0
52.98165212978558,51.34748458862305,53.20189648339196,52.5103444006002,43.0813074024166,0.0
69.80227945388795,70.51655578613281,71.16615205023008,70.49499576341695,71.9649973006072,4.0
73.86085809581759,71.29956817626953,71.15476655085793,72.10506427431501,69.9725218680873,4.0
48.8192339204097,51.11484146118164,51.67995616653428,50.53801051604188,54.3374619666769,1.0
46.5372193676216,50.257591247558594,51.900115687055,49.5649754340784,41.9846409580797,0.0
59.648191889875875,57.823638916015625,58.17134791481082,58.54772624023411,60.6367753232234,3.0
60.32748747780925,61.42679977416992,61.58710964431027,61.113798965429815,67.7235410843072,4.0
60.10015699869799,59.70587158203125,60.00592486618873,59.937317815639325,61.5791545186998,3.0
49.111354461484424,51.75699996948242,53.674645688679234,51.51433337321536,44.4810930654514,0.0
54.991365408643894,56.359073638916016,56.88956647874751,56.08000184210247,56.421425716114,2.0
58.920567445197435,57.93160629272461,55.609886597081505,57.48735344500119,59.1311731937664,2.0
54.010391971541345,53.7223014831543,55.290121114849896,54.34093818984851,66.2218866226169,3.0
55.21430718752624,53.568294525146484,53.34802138959288,54.04354103408853,51.4855821184973,1.0
58.780060256801235,58.61620330810547,58.570101760642586,58.65545510851643,60.8529885087409,3.0
56.33785685136747,55.03529739379883,54.626061925854785,55.33307205700703,49.4533003311116,0.0
59.00738342434498,57.19951248168945,58.104955230233664,58.103950378756025,67.3659482608914,4.0
50.06672070093385,52.301727294921875,51.67903801019631,51.349162002017344,50.871884054803,1.0
55.31544011234866,58.661537170410156,58.49338387820294,57.49012038698725,50.3341995579224,1.0
54.51164600103617,60.17518997192383,61.52252444962218,58.73645347419406,54.8875189333625,1.0
52.141686698844566,51.5426139831543,51.72526831569574,51.8031896658982,57.7092463467634,2.0
71.28454069007414,70.46073913574219,71.5246418223231,71.08997388271315,67.9572400226576,4.0
71.75079244928533,70.92202758789062,71.02343321524228,71.23208441747275,67.9100104730833,4.0
52.160439019592104,54.42532730102539,53.09340316777218,53.22638982946322,46.5131090839565,0.0
60.12632483171828,57.94847106933594,57.42559088772953,58.50012892959458,61.4784705704172,3.0
48.48597649190662,49.17222595214844,48.5850937846133,48.747765409556116,51.5212909247721,1.0
67.98078301975704,69.78994750976562,69.7418596844799,69.17086340466751,58.88915440252128,2.0
54.64876006123783,54.064327239990234,53.641171369818544,54.11808622368221,63.0432433803226,3.0
69.33675579581215,69.45641326904297,70.55688280393174,69.78335062292895,70.1090277052475,4.0
56.50367998882393,59.11000061035156,57.061120902247374,57.55826716714096,43.3924805349809,0.0
49.27780211526588,46.19987106323242,47.56365997243614,47.68044438364481,36.461445714448,0.0
61.40215729436438,61.487850189208984,61.33070267914613,61.40690338757316,63.8434411906818,3.0
66.77363142514525,64.72578430175781,64.72019637103108,65.40653736597805,73.9521063378447,4.0
55.5755192282047,56.2702751159668,56.101169736803584,55.982321360325024,55.0666877156658,1.0
54.02869747834329,52.85677719116211,53.18268224624065,53.35605230524869,50.4728623564445,1.0
68.65506562175824,68.33016967773438,68.21283679588042,68.39935736512435,62.1423481160067,3.0
52.40698492188209,53.31551742553711,52.62783611978419,52.783446155734474,55.1060745028583,1.0
56.5379674804574,55.618507385253906,55.60872862334648,55.9217344963526,49.713080034052,0.0
49.249667830083,50.1075553894043,47.98644960929295,49.11455760959342,51.0229002237647,1.0
68.59095711978098,66.70844268798828,67.36782828033198,67.55574269603375,74.2642779092413,4.0
59.32017268392374,59.50434875488281,59.41545861231112,59.41332668370589,61.7340752182743,3.0
54.07038085713393,55.3111572265625,55.6277062899241,55.00308145787351,57.3905066943732,2.0
72.23889453487162,69.408447265625,69.72204992722708,70.45646390924124,70.580930361228,4.0
49.16411226428366,53.00336837768555,51.72101022345566,51.29616362180829,53.7913490221953,1.0
57.62060542017077,58.087730407714844,57.13286034835532,57.61373205874698,62.4999084544827,3.0
53.15750318450825,50.357765197753906,50.37297436482662,51.29608091569626,52.4264915613521,1.0
56.40492230306233,57.371620178222656,57.71182166303497,57.162788048106655,58.290023856639,2.0
65.68500751848624,64.77091979980469,65.22529873150376,65.22707534993157,65.8171256056976,3.0
52.71526122714605,54.174320220947266,54.34988493674448,53.746488794945925,58.3435570619485,2.0
54.25914385320822,54.69100570678711,55.53073369087031,54.82696108362188,61.6361460962895,3.0
71.4861881758184,70.7445068359375,71.3493374754025,71.19334416238614,67.959076330818,4.0
68.600550180242,68.24366760253906,68.4926391960095,68.44561899293019,64.9758679487436,3.0
73.07635688076412,71.20783996582031,70.0932491597526,71.45914866877901,63.2924586541238,3.0
60.85608155936643,57.26290512084961,55.927334016522956,58.01544023224633,54.2976024972638,1.0
53.16666809541973,52.662864685058594,53.54601545715133,53.12518274587655,56.2977784612433,2.0
52.20888058798726,52.784942626953125,53.6317268233395,52.8751833460933,44.8790881729012,0.0
50.15233288630668,49.476219177246094,50.61166326920973,50.0800717775875,61.1121835321093,3.0
71.50246914100671,72.10391998291016,72.80665660039854,72.13768190810514,82.1020845370466,4.0
55.81454346697648,56.122798919677734,56.427936236655604,56.12175954110327,50.5963438019941,1.0
50.45574325675983,52.32828140258789,52.02685755320317,51.603627404183634,46.8210332247264,0.0
49.10630556112162,49.5319938659668,50.07891946283491,49.57240629664111,53.514153561386,1.0
48.246506265415896,49.212406158447266,49.66122727548258,49.04004656644858,64.9301136300777,3.0
52.795198780985075,51.57250213623047,50.927707618052104,51.76513617842255,52.1458434938828,1.0
70.90130297806094,73.90570831298828,70.72730470893534,71.84477199999485,72.3571788125611,4.0
57.42771529799074,49.467552185058594,49.87637211147389,52.25721319817441,56.423922954178,2.0
72.40296441250823,71.44857025146484,70.9698724446106,71.60713570286121,86.6264103114691,4.0
59.785415658968475,60.5495491027832,59.88920400006551,60.07472292060573,59.850189933144,2.0
49.499089066026656,48.0448112487793,50.1930855760385,49.24566196361482,45.2921108066002,0.0
54.164366687324204,51.19317626953125,51.22510916099679,52.19421737261742,51.759562148541,1.0
52.28326251876298,53.51773452758789,53.82691951240247,53.20930551958444,57.5017805912611,2.0
60.48177096913011,57.580684661865234,57.9787418153163,58.68039914877054,64.0706550668995,3.0
51.90385350952902,51.49468994140625,53.02729254340335,52.14194533144621,41.8887361816059,0.0
55.83280079473221,57.750545501708984,55.21827911164632,56.26720846936251,66.645897428137,3.0
52.59173990473582,53.34886169433594,54.23976520891025,53.39345560266067,53.9730925966867,1.0
45.80739672855229,49.61114501953125,49.340664019688774,48.25306858925743,44.9629963410771,0.0
73.73015928811827,72.5809097290039,72.0099297746307,72.77366626391763,74.8216688055133,4.0
56.801248542308116,54.89008712768555,54.861804424901514,55.51771336496506,59.4799586552041,2.0
55.0972931120644,56.59798812866211,56.79500965891163,56.16343029987937,52.9317700325428,1.0
46.59927433026485,47.656700134277344,47.69506690652583,47.31701379035601,45.8184798646812,0.0
56.09384228358228,54.445518493652344,54.482005406581024,55.00712206127188,50.0284138068301,1.0
54.327594555139704,54.59408187866211,54.03714880360307,54.31960841246829,55.8767028926966,2.0
64.47292999421823,64.10284423828125,63.754139857528926,64.10997136334281,67.9881956976952,4.0
49.98693831908469,47.89824676513672,48.89233573646404,48.92584027356182,48.2588482576598,0.0
72.07659698496036,70.7130126953125,70.54972130398703,71.11311032808662,72.9918392803372,4.0
62.059590825776176,65.74243927001953,61.60098973412251,63.13433994330607,62.9073174707254,3.0
50.893595252064166,51.829872131347656,52.273096933885704,51.66552143909917,48.2910195591071,0.0
51.64854343787835,54.322086334228516,52.3776284403926,52.78275273749981,44.2874036039195,0.0
73.25942612809716,72.53076171875,72.27829847683178,72.68949544122631,63.7699181225871,3.0
47.01009240698404,48.104000091552734,49.33421738871114,48.149436629082636,39.5865303975331,0.0
57.462183875790615,57.31526565551758,57.2032602363583,57.32690325588883,47.256774300161,0.0
57.54067778556331,57.22905349731445,56.69724333684387,57.15565820657387,60.531299352791,3.0
58.76502347501697,57.563934326171875,57.11146342047801,57.813473740555615,53.4666256481801,1.0
55.515556855390365,54.67240905761719,54.98761842517827,55.05852811272862,54.0810015577211,1.0
66.03190680768267,69.52074432373047,69.033372661911,68.19534126444138,58.88915440252128,2.0
69.6924839646976,71.22434997558594,68.81485855314494,69.91056416447616,64.7910474485002,3.0
49.29781300385685,50.586856842041016,50.664649554619345,50.18310646683907,52.0514556600209,1.0
58.46579499383606,56.84182357788086,56.42649269627001,57.24470375599564,69.4757414119979,4.0
68.39774797767683,68.38677215576172,68.90310662584513,68.56254225309455,65.22420117,3.0
47.53157341634469,48.8814811706543,49.3688417274129,48.593965438137296,53.2741144396062,1.0
63.88311301867514,58.96226119995117,59.28933956040056,60.71157125967562,63.3564783582933,3.0
55.50236434984642,56.64125442504883,55.595531416966786,55.91305006395402,50.9327466115113,1.0
52.72654271899905,55.610008239746094,54.84189074095853,54.39281389990123,53.2035445764116,1.0
54.14383580287713,54.7650260925293,54.126834235294034,54.345232043566824,60.5026857142123,3.0
57.83163724738178,54.07682800292969,53.68817300846972,55.19887941959373,60.8456344062209,3.0
50.41308303189942,50.84354782104492,50.691489385872956,50.6493734129391,52.6512179859179,1.0
54.39372225880808,53.68808364868164,55.31931155685382,54.46703915478118,49.5753970091373,0.0
56.61875235846857,57.2241325378418,55.208110761517744,56.350331885942694,49.2073878981951,0.0
48.72159434105599,48.85456466674805,49.940931464485665,49.17236349076324,60.3656499873535,2.0
48.00579275271268,50.396751403808594,50.66297198841136,49.68850538164421,58.1362432702553,2.0
71.40746124124367,69.50602722167969,69.20532742355087,70.0396052954914,74.4102129578859,4.0
70.43990850218486,68.57573699951172,67.65373658258244,68.88979402809301,55.9861783828259,2.0
70.63609068768127,67.67477416992188,69.26669399844582,69.192519618683,62.0934395346723,3.0
68.54420871100042,66.1814193725586,66.50057652889689,67.07540153748529,72.7611980320015,4.0
55.41380849954085,56.667781829833984,58.6892174558101,56.923602595061645,58.0791762014104,2.0
63.87961125242806,65.30078887939453,66.11189795125388,65.09743269435882,64.0681289099638,3.0
54.0231865985898,56.24018096923828,56.740653335171665,55.66800696766658,54.7430351217543,1.0
49.31602407074076,51.885799407958984,52.79556054776984,51.33246134215653,43.2922866924242,0.0
65.12232932534141,62.412384033203125,65.0125278408207,64.18241373312175,54.2968721684493,1.0
47.77756067276166,50.61482620239258,49.59288040993559,49.328422428363275,45.7427567412584,0.0
69.48580323527688,70.86384582519531,71.48973357416087,70.61312754487768,71.0334370017784,4.0
53.80356381884052,54.08757400512695,53.785280033369915,53.89213928577914,52.6704797551563,1.0
58.35222573150197,57.12363052368164,55.2655460857254,56.913800780303,67.9824901599353,4.0
60.439800110492044,59.8800163269043,59.23709817936694,59.85230487225443,56.9230356065594,2.0
49.148402791803846,52.28224182128906,52.04986239697203,51.16016900335498,50.8897252468771,1.0
50.69481468555055,51.62613296508789,52.37883203409539,51.56659322824461,53.5299144305895,1.0
67.84030120876606,68.39046478271484,68.77629018011254,68.33568539053114,71.1965946829629,4.0
59.17305835698861,59.52550506591797,58.19410633383604,58.964223252247535,63.0849086635995,3.0
72.10442720366767,73.06854248046875,72.23235291688398,72.4684408670068,66.5900359685249,3.0
47.70009493554667,49.17926025390625,49.804236950493,48.894530713315305,44.7036866256254,0.0
74.7836051713255,72.56865692138672,72.88757764171334,73.41327991147519,71.8706623620991,4.0
57.03497785073223,55.566646575927734,55.60451014068342,56.06871152244779,62.172361341374,3.0
48.02546985376181,45.91294860839844,46.391929399490074,46.77678262055011,48.9169046544307,0.0
46.25905731389738,48.27947998046875,46.671006598450795,47.069847964272306,46.7870643832297,0.0
72.27777054017184,69.5728988647461,71.60218289239178,71.1509507657699,61.9053064121996,3.0
51.44895392344223,51.56769943237305,52.882098193887565,51.96625051656762,55.4383442554517,1.0
50.66043159106764,52.72417449951172,52.70897771686612,52.031194602481825,47.9528653340447,0.0
44.53412969075208,48.12601089477539,48.46642724788822,47.04218927780523,44.216080476704,0.0
51.49444171703983,53.69350814819336,53.848978570060176,53.01230947843112,58.0502045988939,2.0
70.16700036685532,68.11933898925781,68.27096519397051,68.85243485002788,72.4554465526185,4.0
70.43693926618454,69.60025024414062,70.39796894751015,70.14505281927843,81.6242784590915,4.0
58.64830349868726,59.88844680786133,59.84669960274864,59.461149969765735,67.5267690716404,4.0
71.74502209022917,71.67047119140625,70.96447327725544,71.4599888529636,69.063074580549,4.0
53.650086153994025,53.1247673034668,53.2116648549,53.32883943745361,63.9311874761534,3.0
45.159554952460006,49.3458251953125,49.76721839519033,48.09086618098761,54.0659828460709,1.0
54.51137517177323,53.55133056640625,53.87230724247124,53.97833766021691,49.4575670212384,0.0
52.28280277461446,49.16346740722656,49.87079513022018,50.43902177068707,51.2990856003142,1.0
59.02639525818619,57.4613037109375,57.41127265223707,57.966323873786926,60.632502511594,3.0
72.18548262100657,68.41861724853516,69.67829437742888,70.09413141565686,81.701324791154,4.0
57.20546506177364,55.29423522949219,55.45335640960162,55.984352233622474,52.7983458702836,1.0
53.97296752750991,52.46937561035156,53.23553855315304,53.2259605636715,46.382847240077,0.0
44.44808540474211,47.64619827270508,50.141491583387456,47.411925086944876,42.506584903738,0.0
72.76217008959877,72.69560241699219,72.15236908225116,72.53671386294737,73.3737210052547,4.0
65.09510448749059,66.1052017211914,64.73023796911357,65.31018139259852,67.9881956976952,4.0
50.97366630663472,49.96031188964844,51.2981254394584,50.74403454524719,52.3161984099291,1.0
51.27229828122651,54.599613189697266,54.398046238743106,53.42331923655562,63.9744935435976,3.0
54.24635309284117,54.61842727661133,55.33246707016953,54.73241581320733,49.7222156279764,0.0
70.39397401370563,72.38082122802734,69.95320299606973,70.90933274593422,69.8164889395102,4.0
53.75985499919753,54.71285629272461,53.62197509068052,54.03156212753422,70.0194524358306,4.0
68.82176138776556,67.93134307861328,67.47808001958312,68.07706149532065,70.5802920513338,4.0
55.43521779680599,53.20154571533203,52.919554933784234,53.85210614864076,54.4116448982254,1.0
48.99225848405599,52.29973220825195,52.55837879969306,51.28345649733367,48.7250596570265,0.0
53.75985499919753,54.71285629272461,53.62197509068052,54.03156212753422,70.0194524358306,4.0
71.01604474243928,70.62893676757812,69.17538243433404,70.27345464811715,73.6697260403121,4.0
50.607789869120474,49.661293029785156,51.180477632334636,50.48318684374675,49.2350316853121,0.0
56.97560797738452,55.05779266357422,55.29790718263432,55.77710260786436,59.8538966985755,2.0
50.27243201474013,50.909812927246094,51.44385799864408,50.87536764687676,53.8777754152381,1.0
70.3857734299745,66.783203125,68.25350093439806,68.47415916312418,64.8717839807975,3.0
60.58901532343899,62.437374114990234,61.760573650695854,61.595654363041696,59.9770838138137,2.0
67.16722577605121,65.66748809814453,65.48969610854115,66.10813666091231,64.2686351584669,3.0
54.03627505539989,54.81333541870117,54.92187872751146,54.59049640053751,55.8774881147924,2.0
54.747019692022015,53.93335723876953,53.17793908733486,53.95277200604213,59.1327616154202,2.0
57.57131188304655,59.04762649536133,58.64743274995789,58.422123709455256,62.4073285388027,3.0
56.78378569931249,56.527061462402344,56.433110354089656,56.58131917193483,59.4012137656296,2.0
51.11819379330159,51.5277099609375,52.885023357727434,51.843642370655516,57.4345011149406,2.0
73.37308864965165,73.20974731445312,72.122298552616,72.9017115055736,72.445961481126,4.0
55.36601955143759,60.70982360839844,60.020794240682,58.69887913350601,69.1388876834192,4.0
62.21934168546423,60.287784576416016,60.43667346352726,60.981266575135834,60.1874287185703,2.0
57.49668332061091,59.02598571777344,58.8663760251841,58.463015021189484,65.1234833152942,3.0
68.88484200795315,70.25466918945312,70.85103815371723,69.99684978370784,57.5176987596292,2.0
47.99461138675678,47.39425277709961,48.25274928921316,47.880537817689856,53.2767350924376,1.0
49.00626330294567,51.287940979003906,51.71619504914085,50.67013311036347,47.4203071768173,0.0
52.479540205171794,53.29862976074219,52.52407247223657,52.76741414605018,47.6889672219026,0.0
49.78871947723879,50.98847579956055,50.684250246750075,50.48714850784981,56.3231589764304,2.0
75.17906566552671,75.8809814453125,76.79796068494333,75.95266926526085,75.3222542427986,4.0
53.57979033940883,49.37095260620117,51.48218357680058,51.47764217413686,48.6038817932703,0.0
52.788785772325305,53.702274322509766,53.54305340373444,53.34470449952317,51.6653825779523,1.0
58.234445036351936,61.99275588989258,61.1713058405987,60.46616892228108,54.7998040480405,1.0
57.69773755055953,57.4416618347168,56.59601486898197,57.24513808475276,56.0884051069133,2.0
66.32639166560173,67.01548767089844,67.07934978047705,66.80707637232574,68.1588049524612,4.0
64.09471256300307,68.0292739868164,67.50535198350613,66.54311284444186,60.167435659602,2.0
54.96973521886643,53.57706069946289,54.388483360442976,54.311759759590764,49.7976085627291,0.0
69.1271277909901,66.64146423339844,67.76296986800499,67.84385396413118,64.886081160571,3.0
69.55391275663806,71.14695739746094,70.56013233172392,70.42033416194097,65.3303390409894,3.0
53.12440007421775,56.72525405883789,57.265858554474704,55.705170895843445,44.3273854362588,0.0
53.34909464631409,55.755882263183594,54.78059091690391,54.62852260880053,45.2051573154724,0.0
47.54595384989165,47.19669723510742,48.383129528038424,47.70859353767916,52.5544239156368,1.0
53.18878251183759,49.953392028808594,49.737422863689545,50.95986580144524,49.5865985592452,0.0
75.43434230355403,73.2145004272461,73.08969085485205,73.91284452855074,76.4609341083855,4.0
69.6759698079654,69.48157501220703,71.33499833714114,70.16418105243785,77.5088978960657,4.0
58.33475466218447,59.38673400878906,58.61240742450253,58.777965365158686,56.1121832713304,2.0
53.11237573470307,51.27593994140625,52.751562620569466,52.379959432226265,66.1481272522768,3.0
54.21292747239818,52.74007797241211,53.04149077450361,53.3314987397713,57.95232527535,2.0
55.389272410474284,57.14497375488281,57.11051025354849,56.548252139635196,50.1393010330248,1.0
64.79397522954916,65.0797119140625,65.61842792939987,65.16403835767052,65.3940705796437,3.0
53.627909169582615,54.10219192504883,52.49633960232334,53.4088135656516,60.5279492954413,3.0
52.553185594808866,53.42612075805664,53.125586241372304,53.03496419807927,53.7092248896249,1.0
49.64575608080278,50.064815521240234,51.32982478894662,50.346798796996545,55.8225427015914,2.0
54.7139190790472,55.18766784667969,54.75565132716409,54.88574608429699,48.1673577380051,0.0
71.66896898441699,69.58257293701172,70.05154801191195,70.43436331111356,82.052833934129,4.0
71.54452177039656,71.85455322265625,71.49313445788884,71.63073648364723,72.1231005471618,4.0
55.14578249880012,57.727996826171875,56.22357079499731,56.3657833733231,53.0083991844403,1.0
48.87882485604982,49.092018127441406,49.07487528887075,49.01523942412066,48.0731174500026,0.0
57.68172815544379,54.510257720947266,52.914080548950295,55.03535547511379,58.9416119772876,2.0
52.1771077309382,54.75440216064453,54.333749637272426,53.75508650961839,53.1966180512791,1.0
56.01020990545838,59.897438049316406,59.820146334338034,58.57593142970427,59.5960210152437,2.0
58.62089478896396,56.37309265136719,55.730167588013,56.908051676114724,41.7562074751091,0.0
49.76727730330199,49.06625747680664,49.159397117885796,49.33097729933147,58.6754728823848,2.0
66.99375864125965,68.43812561035156,67.86758876854697,67.76649100671939,58.8340976008295,2.0
70.62205053785564,67.67855834960938,66.50269274123448,68.2677672095665,65.5090873588952,3.0
57.15594320621743,55.76835250854492,56.30900835318115,56.41110135598117,55.6131522218558,2.0
52.620735729423174,54.08461380004883,54.985894285883326,53.89708127178511,50.5918148852961,1.0
59.57639831143511,57.61638259887695,56.9128841354855,58.03522168193252,59.1311731937664,2.0
67.01584418642138,66.80046081542969,68.1237886979267,67.31336456659258,62.6524354230177,3.0
52.862029129938556,54.20395278930664,53.003047436550524,53.35634311859857,48.8789288645575,0.0
49.94716713546776,50.96304702758789,49.33949927004181,50.08323781103249,57.2477870487114,2.0
70.86639467879563,70.43798828125,71.04963707816768,70.7846733460711,68.8529906488183,4.0
58.89966733405381,56.91658020019531,56.49430708503943,57.43685153976285,64.281000804261,3.0
47.814245653510014,48.62437438964844,49.30082031574324,48.57981345296722,51.0982634358602,1.0
52.582594441536315,53.0916862487793,51.60393343671669,52.42607137567743,48.5285079080221,0.0
54.77749025192483,56.3786735534668,57.593199749147296,56.24978785151297,59.6622993652292,2.0
57.647007294534454,60.01109313964844,59.31762697491625,58.99190913636638,69.1254223608985,4.0
57.09193892570861,54.27576446533203,55.213581407192606,55.527094932744426,56.678268336755,2.0
55.97179041413563,55.27215576171875,55.1352486633931,55.45973161308249,59.0452021964278,2.0
71.46706312408865,70.05790710449219,69.21211172137798,70.24569398331961,64.8939025258728,3.0
52.73229477097987,55.021968841552734,54.97981742144807,54.24469367799356,57.3083768849454,2.0
58.04221263702788,57.321128845214844,56.34473707880376,57.23602618701549,48.7280146301859,0.0
62.62735527653763,58.85959243774414,59.79232566874186,60.426424461007876,68.9059081822012,4.0
49.756662647021265,53.408905029296875,53.254479575093846,52.14001575047067,56.6270164960554,2.0
74.32737976366745,73.51754760742188,73.11563356985042,73.65352031364658,62.9531914860085,3.0
62.88198674988808,64.06924438476562,64.35635415512667,63.76919509659346,66.9432440431661,3.0
65.59624880317067,65.9781723022461,68.5888539096617,66.72109167169282,59.3837066540142,2.0
58.890828367403486,57.9191780090332,57.615990508421795,58.14199896161949,54.6676181037421,1.0
72.0245745534751,73.29596710205078,71.3556888099027,72.22541015514287,79.9326108975329,4.0
70.6640155698527,67.8513412475586,69.14315176657925,69.21950286133018,63.7555857205472,3.0
48.899570230734405,51.29448699951172,50.54256285395867,50.24554002806826,45.0184364223247,0.0
56.073445054530254,56.6811408996582,55.8451447058102,56.19991021999956,51.5380652498748,1.0
55.152535973246586,57.15803146362305,57.25671873531609,56.52242872406191,48.7539239349555,0.0
58.15965387219746,56.07123947143555,55.6563346563718,56.6290760000016,57.5691943842796,2.0
52.056065387033605,52.15153503417969,52.619834046155596,52.275811489122965,54.7116228621566,1.0
75.67858230396946,74.68421173095703,74.40449683317523,74.92243028936724,82.9099477661971,4.0
59.171869248276295,59.5523681640625,60.88546598683735,59.869901133058725,59.5117827926209,2.0
53.580443236950906,55.22981262207031,55.14254298621015,54.65093294841046,58.3392735528512,2.0
52.1320223489996,51.313106536865234,51.044609952017936,51.49657961262759,53.8321369900965,1.0
69.91525569917152,70.07568359375,70.96474156074761,70.31856028455638,65.8524689930189,3.0
68.29345780086912,67.63026428222656,68.82553138260126,68.24975115523232,68.0177850383249,4.0
51.32943731534824,56.417015075683594,55.75659206061603,54.501014817215946,59.6896873504194,2.0
53.59406870175378,56.13623809814453,55.45940066038092,55.06323582009308,56.5588045422085,2.0
72.05146253371363,71.9561538696289,70.46168010740061,71.48976550358104,73.0672561435822,4.0
70.70102743948055,68.98033905029297,68.98193048328966,69.55443232435438,70.1648628851628,4.0
58.15488117230198,56.972537994384766,54.709087564467666,56.6121689103848,67.833389824741,4.0
65.7199889110479,66.38654327392578,66.6357585568332,66.24743024726895,75.7632685741672,4.0
70.37205837702787,71.28260040283203,71.20543918360232,70.95336598782075,67.3799693807669,4.0
69.4498924954508,70.16698455810547,70.83589529353505,70.1509241156971,80.8045529682857,4.0
52.809519459915784,55.11802673339844,55.24565022162982,54.39106547164801,48.8384320845934,0.0
54.68836886226618,55.74427032470703,55.31225010759686,55.24829643152336,61.7241350544451,3.0
72.2218018056494,73.56659698486328,71.83329712348714,72.54056530466661,76.0345366697097,4.0
73.15626405710108,73.77735900878906,73.79215183329369,73.57525829972793,66.6970070583769,3.0
52.124499544716585,51.398353576660156,50.86510056875735,51.46265123004469,42.919766216839,0.0
52.63120223648135,54.56262969970703,56.61518180285527,54.60300457968122,44.8780551004661,0.0
54.2361363995647,52.23781967163086,52.691255768098365,53.055070613097975,50.7868462537247,1.0
68.01482528001507,66.13616180419922,68.8665521856656,67.67251308995996,64.1996323540972,3.0
49.6632753705563,52.35529708862305,52.898253452041175,51.63894197040685,44.927842258744,0.0
59.21435964114254,55.36764144897461,54.90836160427535,56.4967875647975,53.9149143998136,1.0
55.71815442619078,55.590904235839844,55.93483200356739,55.747963555199334,53.5287289952807,1.0
58.146071236566314,55.161155700683594,54.927682702646656,56.07830321329886,59.5837185682563,2.0
60.58739900507557,60.534000396728516,59.82763098963701,60.3163434638137,60.248393327198,2.0
49.333499480101146,51.15262985229492,50.58855805585898,50.358229129418355,56.0335570380736,2.0
70.21990448436371,71.23973083496094,72.2099763641004,71.22320389447502,72.0034771813791,4.0
56.555746698092115,55.26790237426758,56.08488163420605,55.96951023552191,57.6331443696386,2.0
53.49578538664016,53.58034896850586,52.4062439858902,53.16079278034541,47.268577487255,0.0
61.02798931724575,63.302032470703125,63.526476366187495,62.61883271804546,68.0719906516506,4.0
56.831661197756084,56.15188980102539,55.71003756100027,56.23119618659391,56.326179592712,2.0
57.147037522107546,57.344356536865234,55.23539301909359,56.575595692688786,62.748580633413,3.0
54.63954980106443,53.264774322509766,53.419564448727094,53.774629524100426,48.6224342315295,0.0
54.043528962449045,53.314292907714844,53.00442360601673,53.45408182539354,50.7039827912907,1.0
52.4515523782776,52.70333480834961,52.74950663668498,52.63479794110406,42.3763188354995,0.0
52.07769457742609,51.01860809326172,51.33869046215063,51.47833104427948,60.3635917634653,2.0
52.66791378611557,55.416622161865234,54.11199373685322,54.06550989494468,61.3963875625151,3.0
51.10306508115751,50.09157943725586,50.73860261071906,50.64441570971081,48.7560522320338,0.0
57.30600712139887,57.64897918701172,56.94507615371745,57.30002082070934,60.7262524980773,3.0
46.562722278838095,46.53095245361328,46.629154348746056,46.574276360399146,40.586203611097,0.0
49.431940449236556,50.20042419433594,50.28346796821679,49.97194420392976,47.5104446685534,0.0
56.11984636563924,56.487789154052734,56.10808467851959,56.238573399403855,55.8682080806473,2.0
55.49683227035798,53.534847259521484,51.80735464786424,53.61301139258123,59.1510271850531,2.0
54.40101578032261,54.06486129760742,53.866602446491164,54.1108265081404,60.0996042470727,2.0
48.00689938657796,47.40582275390625,47.86107837274767,47.75793350441063,44.6661724194733,0.0
48.12027594145293,49.871070861816406,50.10180413723029,49.36438364683321,59.409561217224,2.0
52.41770891591607,52.61588668823242,52.678818591824964,52.57080473199115,55.7694313338436,2.0
73.20129453760173,73.21187591552734,71.70824187179888,72.70713744164266,66.419813080159,3.0
52.85538974034931,52.75190353393555,52.86988052802398,52.82572460076961,56.673815230638,2.0
60.71288321777299,60.530113220214844,58.79824361840107,60.01374668546296,66.2601570836654,3.0
62.22088229278242,62.29396438598633,60.60106794445221,61.70530487440698,71.6967281279641,4.0
51.94914446876704,53.694278717041016,53.380417663191935,53.00794694966666,61.5178808375818,3.0
49.08783758843091,50.278709411621094,49.64878002429877,49.67177567478359,54.4319301477403,1.0
49.5929293149706,50.707275390625,50.14252670444146,50.14757713667902,51.7755199926113,1.0
70.14406359421116,68.21436309814453,66.97807885435682,68.44550184890417,63.4261547472786,3.0
54.066172816076566,53.42623519897461,54.601975321208954,54.03146111208671,46.110349156374,0.0
70.89746583016024,69.10973358154297,70.1784497327585,70.0618830481539,79.1819605686248,4.0
58.2954525661562,58.00069046020508,56.617878890514845,57.63800730562537,60.0773699777207,2.0
60.104050517721696,61.63410949707031,61.96883835530907,61.235666123367025,58.9205582211557,2.0
60.01432260773223,58.57818603515625,56.46542364512258,58.35264409600368,65.3451462831308,3.0
52.276745510239856,54.078346252441406,54.183421486611465,53.51283774976424,50.049565121189,1.0
65.79442804279151,66.34976959228516,65.97849327682485,66.04089697063384,64.5953321021172,3.0
50.893595252064166,51.829872131347656,52.273096933885704,51.66552143909917,48.2910195591071,0.0
54.37231431105382,53.93729782104492,54.66200922925671,54.32387378711848,56.2030744726878,2.0
54.59804651557693,56.71165466308594,55.70205350645175,55.67058489503821,59.6283232468813,2.0
70.67478146144425,69.06893157958984,69.22880016538912,69.65750440214107,62.3860157731388,3.0
62.45330231768662,65.11946868896484,65.86724660013707,64.48000586892951,60.7435830458711,3.0
53.22183992103969,50.322574615478516,50.11780260117559,51.220739045897936,52.8146305611288,1.0
61.92732395142785,62.94965744018555,61.45962991143911,62.11220376768417,58.5204882468056,2.0
70.06257483157059,72.02117156982422,71.65083667069001,71.24486102402828,69.2454886480171,4.0
54.688699680081285,55.246341705322266,55.23405937941826,55.05636692160727,59.7318643882342,2.0
67.4537645165564,66.44803619384766,68.04505512018672,67.31561861019692,64.1615984646463,3.0
49.70245071324937,48.030364990234375,48.881094420059114,48.87130337451428,53.9013394298509,1.0
51.903803627432566,52.11431121826172,52.150053716747365,52.05605618748055,48.172823164169,0.0
52.88647151724724,52.775760650634766,52.8754483927454,52.84589352020913,49.1621160984832,0.0
57.82834668840261,56.90302276611328,56.116582700197576,56.94931738490448,53.4303657993044,1.0
50.16129361551552,50.30818176269531,50.25015187857858,50.23987575226314,51.2443254235128,1.0
54.577859230191315,55.773380279541016,55.62174116948412,55.32432689307215,43.5605985352266,0.0
51.461560968747854,51.299930572509766,51.0776879183006,51.2797264865194,52.5492208995897,1.0
49.14302550007916,47.94773483276367,47.471538984324084,48.187433105722306,42.7473875609183,0.0
57.65253672936369,56.742584228515625,58.410929532001504,57.60201682996027,56.9695647535327,2.0
46.27435295907598,51.31957244873047,52.15313414211958,49.91568651664202,48.7735501904176,0.0
54.66943682252233,54.469139099121094,54.842693166550234,54.66042302939788,47.4861702988266,0.0
74.21938142185532,73.21867370605469,72.59850018198878,73.34551843663293,80.1256760493071,4.0
56.605393708484286,55.38808822631836,54.744903592025736,55.579461842276125,61.5075371030951,3.0
53.72281190088467,54.82822799682617,55.60594715390558,54.718995683872144,55.6540765443217,2.0
56.62413412856392,55.40420913696289,55.25063092175524,55.75965806242735,55.4696494742842,1.0
71.45999613942288,71.94136810302734,71.35249824358753,71.58462082867925,65.6347460839112,3.0
57.374011443839166,57.07501983642578,59.11500130221943,57.85467752749479,61.1232403456018,3.0
55.586668496502234,55.90142059326172,54.6957077986391,55.39459896280101,54.5644081393246,1.0
59.25610631888508,57.948909759521484,56.28512592572757,57.83004733471137,54.8759542619598,1.0
56.08749701541732,53.86933898925781,54.470930801012635,54.80925560189593,67.3443218430263,4.0
59.639671268340464,59.668304443359375,61.10707058680044,60.13834876616676,50.5419115916941,1.0
54.50407695254644,54.898963928222656,54.091194413859505,54.498078431542865,59.4813175256508,2.0
72.59648648631892,71.65138244628906,70.09135088249724,71.44640660503507,78.5181615097371,4.0
48.501882797394515,50.44093704223633,51.23257665355099,50.058465497727276,50.8773905926389,1.0
58.93343231137287,62.56100082397461,60.124415272512906,60.53961613595347,66.3041212132179,3.0
67.74394305631866,71.96061706542969,72.62480774103706,70.7764559542618,69.1614317774363,4.0
56.59475968978528,57.04612731933594,57.115530857652104,56.9188059555911,44.2805381688235,0.0
53.271905339079346,54.097328186035156,54.10255227200943,53.82392859904132,57.4869740046831,2.0
54.052083699265616,53.2762565612793,52.75438235153782,53.36090753736091,64.4756895966692,3.0
54.56824327114526,54.3078498840332,54.650697759294324,54.50893030482427,61.9576413156653,3.0
54.894081792450635,54.0296516418457,54.154867577264056,54.35953367052013,47.82573282792,0.0
50.874753782660335,50.95225143432617,51.137323929540564,50.98810971550902,51.034932867622,1.0
51.17243444877988,52.891845703125,53.509573621406886,52.52461792443726,50.6653813052708,1.0
58.13691234835729,58.6198616027832,58.32682164734409,58.36119853282819,55.0768433538808,1.0
58.14002085738009,54.9786491394043,55.5611677106005,56.2266125691283,48.1990620374096,0.0
55.62292433677195,54.17926788330078,55.61960898505173,55.14060040170815,49.8277849240003,0.0
54.24131536766624,54.30241012573242,54.216099387853966,54.25327496041754,60.6335602419613,3.0
71.15663008103552,71.39763641357422,71.49237568569725,71.348880726769,73.0672561435822,4.0
55.704233528782254,52.844974517822266,52.25301101624162,53.60073968761538,55.0079950887885,1.0
56.550326369104575,58.73371887207031,58.39291224060603,57.89231916059364,58.8140943717265,2.0
48.41707029327619,49.48765563964844,50.0036037802938,49.30277657107282,55.0760149823858,1.0
74.62324747789671,75.69745635986328,74.06629819797175,74.79566734524393,67.4135298062072,4.0
52.66363253912381,54.06772232055664,53.07902390818809,53.27012625595618,53.5905055602517,1.0
58.46985159784979,56.60894012451172,57.323514958309275,57.4674355602236,58.2386885622571,2.0
54.29182014940467,54.89823532104492,55.018373193906484,54.7361428881187,60.4922445807176,3.0
60.83642388498509,62.999019622802734,60.98684909273377,61.607430866840524,63.5796737312977,3.0
56.01020990545838,59.897438049316406,59.820146334338034,58.57593142970427,59.5960210152437,2.0
52.92434245906409,52.270782470703125,52.63158880387655,52.608904577881255,53.856847449042,1.0
50.641259642330546,51.99925231933594,52.53182082147842,51.72411092771497,46.3876014242333,0.0
48.962082598312094,48.741371154785156,48.95129478377027,48.88491617895584,44.3598009953863,0.0
63.49741923717282,64.53427124023438,66.8729915499325,64.96822734244657,57.2602912836838,2.0
50.676063592711934,51.17787170410156,51.16799505288712,51.00731011656688,42.6304704655054,0.0
56.209679914718556,56.96308135986328,56.98477931577284,56.71918019678489,65.8787032170237,3.0
66.3592382714044,68.48265838623047,69.51119779321553,68.11769815028347,72.3474348365569,4.0
51.45260241090893,52.126190185546875,52.22392890866358,51.93424050170646,54.3564928983871,1.0
49.77528739884497,52.7009391784668,52.113689020978,51.52997186609659,45.5512570216158,0.0
70.89176246113911,68.22706604003906,68.60618482626404,69.2416711091474,68.7350942102781,4.0
53.555458750743725,50.02798843383789,50.94794534357536,51.510464176052324,53.5153279803808,1.0
55.826793082555234,53.63625717163086,54.19402353954815,54.552357931244735,51.0171411645334,1.0
51.4703373084351,52.160011291503906,51.61987814404583,51.750075581328275,42.919766216839,0.0
48.242692462302195,48.90498352050781,48.59231515631386,48.579997046374615,48.2697273997777,0.0
47.56769830498812,49.34671401977539,49.477767472409134,48.79739326572422,48.6395784021143,0.0
64.22772619575142,59.18477249145508,58.47237147209979,60.62829005310209,68.010282353005,4.0
59.28306187760537,57.881526947021484,56.43324672002419,57.86594518155035,62.3603893709832,3.0
72.58801167192505,73.15544128417969,72.27823459901805,72.6738958517076,74.5692218702583,4.0
57.78794816831868,56.96421432495117,56.340878527649686,57.03101367363985,56.9528387518883,2.0
48.98593387313533,49.32815170288086,49.950183374371214,49.42142298346247,49.2350316853121,0.0
70.72753349770147,69.05613708496094,68.51199212882415,69.43188757049552,73.9447942886246,4.0
63.33402504157082,62.8704948425293,61.0511278547168,62.418549246272306,69.4878316739805,4.0
48.73801679949139,49.45515823364258,51.70521940742982,49.966131480187926,49.8739561551993,0.0
59.14296980345983,57.99650955200195,57.897007607415865,58.345495654292556,62.8894212376442,3.0
48.3472095026608,47.815826416015625,47.07668857424203,47.746574830972826,51.3117389908454,1.0
53.66143158665253,54.38648986816406,57.78810177012584,55.278674408314146,75.491552553868,4.0
48.835244977813055,49.92319869995117,48.50751329560212,49.08865232445546,57.2545129871382,2.0
63.83884148716394,65.18449401855469,64.61324501492504,64.54552684021455,56.0207010997242,2.0
56.47140544485877,54.65864944458008,54.32721804230423,55.15242431058102,67.3443218430263,4.0
48.64079075471957,47.82601547241211,49.01021035960014,48.49233886224394,49.3834647115051,0.0
68.84768143338236,69.51097869873047,68.38904225919856,68.9159007971038,77.2434982269414,4.0
52.62269030652662,50.74360656738281,52.42049135068933,51.92892940819959,48.761033350148,0.0
55.90275882035575,59.07844924926758,58.69952642218918,57.89357816393751,59.5061436621653,2.0
48.42185701037966,48.3812141418457,48.09877104929662,48.300614067173996,44.6740700770731,0.0
57.37234947519042,55.4600715637207,56.01554568380389,56.28265557423833,53.8115020500295,1.0
70.3213032256549,70.48957824707031,71.4295772317885,70.74681956817123,70.0252476210464,4.0
46.60621089775521,48.198246002197266,49.03687181054659,47.947109570166354,54.0852011322408,1.0
57.7651070900558,55.201141357421875,55.554083647982424,56.17344403182003,45.095365603631,0.0
55.42525676095323,54.24126052856445,54.99853634016279,54.88835120989349,45.3511786935772,0.0
61.16312765319052,58.96647644042969,59.211578956098315,59.780394349906175,67.7021183032001,4.0
51.790827610963895,51.3483772277832,53.36793370354495,52.16904618076402,42.5818997366706,0.0
54.36569832095312,54.933570861816406,54.043383421353106,54.44755086804088,52.0322492493971,1.0
68.62957688894845,71.30828857421875,70.38770799274467,70.10852448530396,72.6044723785577,4.0
59.68719250422388,60.169010162353516,59.9320499841901,59.929417550255835,64.8297154166978,3.0
55.757773472281585,55.097110748291016,54.73559463168117,55.19682628408459,61.0294046715182,3.0
60.65112077498479,58.47715759277344,58.96781108654279,59.36536315143366,58.0678272598942,2.0
57.67452917033008,54.5436897277832,54.86490611837466,55.69437500549598,62.7067894763825,3.0
59.39373224204,57.18001174926758,57.21287138721122,57.92887179283961,56.2580775666754,2.0
67.18049344436585,68.65398406982422,69.58320890067365,68.47256213828791,64.3504661744287,3.0
65.62964524452005,64.97832489013672,65.4294154197942,65.34579518481699,61.831914571505,3.0
57.90836510241415,58.23530960083008,59.515580256900186,58.5530849867148,55.9367790081756,2.0
51.797787980473025,54.10575866699219,54.42973310412221,53.44442658386247,53.9970531199202,1.0
47.09350207955609,47.340240478515625,47.893638041518194,47.4424601998633,40.0911016528866,0.0
52.842805640654475,51.88824462890625,54.06767960508309,52.9329099582146,58.9959065378579,2.0
53.95263386317999,54.81488037109375,56.34263559783357,55.036716610702435,65.2555583294,3.0
58.135622787401275,58.6198616027832,58.32682164734409,58.360768679176196,68.0062593873505,4.0
55.51830013463304,57.635501861572266,57.800160874350496,56.98465429018527,58.0214256016736,2.0
63.4348800572623,64.0719223022461,62.74870695564966,63.41850310505268,55.4369497924012,1.0
70.8311529751617,69.91950225830078,71.20548380956762,70.65204634767669,69.6584606053656,4.0
49.02158549177518,50.01832962036133,50.475477157581096,49.83846408990587,54.4540160391915,1.0
49.35798932866935,49.58773422241211,50.549321790496435,49.83168178052597,51.0982634358602,1.0
54.82080205042321,54.642906188964844,55.89832280051214,55.12067701330006,58.9272982975032,2.0
70.1652327399622,70.34945678710938,71.20568722830227,70.57345891845794,69.2660498188418,4.0
68.34805971665571,66.63829803466797,66.11792083215143,67.03475952782503,70.2650225880515,4.0
55.24253642503883,55.816307067871094,54.80683699590394,55.288560162937955,60.2054741263921,2.0
58.50409455614303,54.7642822265625,54.79788066463758,56.02208581578103,60.8019488881334,3.0
74.63471871968827,73.59944915771484,75.039566403841,74.42457809374804,76.0357791373595,4.0
72.92869947651248,74.38643646240234,74.26601356033098,73.86038316641528,74.4323165288919,4.0
71.85682691193676,70.55502319335938,71.07612385902871,71.16265798810828,84.3277417746029,4.0
51.88428122139944,52.604373931884766,51.93700765220002,52.14188760182808,54.5058651711752,1.0
60.69683312858484,61.10513687133789,63.9407374854751,61.91423582846594,59.8608238948029,2.0
54.17132710872378,54.36004638671875,53.70694090572756,54.079438133723365,64.3749045539875,3.0
69.57599864498326,67.71038055419922,68.14372893415393,68.47670271111214,59.1187162396117,2.0
68.06438850191907,68.59989929199219,65.92870210943842,67.53099663444989,67.899721845071,4.0
65.74438719650988,67.28518676757812,67.27559504288142,66.76838966898981,63.1504083270746,3.0
69.05635737424195,70.70478820800781,69.22233189372247,69.66115915865741,62.118430462363,3.0
54.287359735912275,58.03675079345703,57.16817953160254,56.49743002032395,47.7090439544432,0.0
60.18008525980611,56.420047760009766,56.11909661719786,57.57307654567125,59.9551380206642,2.0
70.29471587492667,68.9799575805664,69.17551991633849,69.48339779061052,67.2497568556339,4.0
53.616679452245734,55.12750244140625,56.21554101655083,54.986574303400936,47.4799364223074,0.0
70.88031585699554,72.56114196777344,70.20605785055245,71.21583855844047,78.3306599445726,4.0
74.70979988635357,72.72101593017578,73.16588446781678,73.53223342811538,69.9262592466681,4.0
59.53488271493797,58.135169982910156,58.100486374735524,58.59017969086121,60.4462171001281,2.0
53.62105706735394,51.765724182128906,52.024532583843715,52.47043794444219,50.6466616389792,1.0
59.51518960934301,57.8388557434082,56.256195090095765,57.87008014761566,66.0127483917993,3.0
55.24814299979523,53.57892608642578,55.42873539098829,54.751934825736434,52.3105409300088,1.0
51.92630641846958,54.22145462036133,54.252565981519346,53.46677567345009,40.3651060185961,0.0
53.761467805407335,56.33013153076172,52.06261441540978,54.05140458385961,46.1866331880377,0.0
55.01790719672556,55.4107780456543,56.41797633144345,55.6155538579411,50.3823625698583,1.0
49.288546356685146,50.333919525146484,50.34069337250081,49.98771975144414,50.5613812585832,1.0
58.87692469220989,58.425846099853516,58.247194338480604,58.51665504351467,63.9991392001255,3.0
58.49285957892269,55.76398849487305,56.24270829379997,56.83318545586524,59.0747646617326,2.0
71.89273560022131,70.92301940917969,71.16029939866853,71.3253514693565,73.4415246421011,4.0
62.59056050124947,61.453392028808594,63.83993760579587,62.62796337861797,57.1334996114074,2.0
65.73433210127203,65.99848175048828,67.30364137420351,66.34548507532128,65.8523853015736,3.0
51.61796827364564,49.37588119506836,51.50805969750511,50.83396972207303,50.7437597406399,1.0
54.69561933471184,52.70158767700195,51.62997007022818,53.00905902731399,41.162433661271,0.0
51.26466349860868,47.79430389404297,50.06745302849602,49.70880680704922,44.2364299932132,0.0
56.30265784812161,54.99496078491211,54.84284647272383,55.38015503525253,57.0045627832211,2.0
52.38898274099844,52.35765838623047,52.257675849083924,52.33477232543762,45.3380822657251,0.0
58.53804930218706,57.35735321044922,58.53379694451221,58.14306648571616,60.4595704881124,3.0
55.48076406821041,55.44914245605469,55.36940815567708,55.433104893314066,61.7615214384033,3.0
57.74938317376218,56.09351348876953,55.280979798627314,56.37462548705301,62.8864029817095,3.0
55.31105114700742,55.197933197021484,54.67944304761486,55.06280913054792,66.5649250706997,3.0
56.94165753767623,54.864070892333984,55.30774332509916,55.70449058503646,46.6499397516803,0.0
55.549912605815734,56.08039855957031,54.997887370523706,55.54273284530325,53.4902044464896,1.0
66.63136208485507,69.64795684814453,71.40039923210443,69.22657272170134,61.9004540102246,3.0
74.42088201322217,75.6248550415039,76.10795592932831,75.38456432801813,77.3487107055917,4.0
65.9465900756275,68.75846099853516,68.09804644080012,67.60103250498759,66.0274837596969,3.0
62.76303953037634,61.15188980102539,62.73965110877691,62.21819348005955,60.5336854310934,3.0
54.290773905143375,55.112701416015625,54.49530527029699,54.63292686381866,48.270844719466,0.0
45.78089448077246,48.24611282348633,48.31191413918722,47.44630714781534,55.1621012157608,1.0
55.720668560757574,58.0572509765625,58.043345350826186,57.27375496271543,56.4161984327918,2.0
74.34891270355125,71.5360336303711,71.91243100359594,72.59912577917277,75.4970679323318,4.0
57.33668490200776,58.23114013671875,57.792866773078266,57.78689727060159,65.5693235885633,3.0
52.58261693389329,55.595272064208984,54.3909841122626,54.189624370121614,55.3097840167829,1.0
56.29282333666796,54.42227554321289,55.274977995658766,55.33002562517987,70.4182621570438,4.0
48.188291045442085,50.01178741455078,50.3902759249249,49.53011812830592,35.681296907109,0.0
48.42775152876668,49.958038330078125,49.55527388457331,49.3136879144727,62.9507512276314,3.0
54.923298392647,53.13440704345703,52.86374571984505,53.6404837186497,58.6418965031623,2.0
48.40474599110541,51.50621795654297,52.320252766547995,50.74373890473212,50.2566856750115,1.0
52.68305644811476,52.727237701416016,51.559845995852896,52.323380048461225,54.0866923258173,1.0
52.721595322449566,52.5758171081543,52.24566428105594,52.5143589038866,44.4192746119109,0.0
49.508369159792245,51.038883209228516,50.85880816382056,50.468686844280434,52.6368300122456,1.0
58.995515238034216,56.35569381713867,56.67227494135087,57.341161332174586,56.378494371114,2.0
50.176794374372015,51.37228775024414,52.4890931804797,51.346058435031956,42.8049793406369,0.0
77.68143954518432,79.6998291015625,76.46179399730599,77.94768754801761,81.7629121769494,4.0
51.431690416929634,54.08222579956055,53.74120606655247,53.08504076101422,67.0919375326676,3.0
52.465279413849046,54.490028381347656,55.58219968221115,54.17916915913596,52.8008432299461,1.0
56.37493900321734,58.30080795288086,57.94336271846523,57.539703224854485,59.5558135349748,2.0
68.15118397717266,64.61074829101562,65.8495934625283,66.20384191023886,74.524927515221,4.0
54.64860959395113,54.464149475097656,53.550127844742335,54.22096230459704,63.55470665061,3.0
49.27623541086785,53.534629821777344,53.61002780805427,52.140297680233154,46.8014176080257,0.0
67.74791118154226,68.41168212890625,68.83492383904391,68.33150571649747,63.6381484944336,3.0
66.68617453111897,63.754886627197266,65.7167558776833,65.38593901199984,61.9310764880408,3.0
53.3539694618933,51.655982971191406,52.03111523113521,52.34702255473997,65.1812486716788,3.0
54.97059272039788,54.17428970336914,53.505184638197015,54.216689020654684,61.7569236209823,3.0
60.56777082840118,61.24452590942383,59.99445558821847,60.60225077534782,62.3786115121177,3.0
54.21891738553592,53.4773063659668,53.40688146494065,53.70103507214779,42.6820126039616,0.0
46.04529124633636,49.77818298339844,49.777306179925525,48.53359346988677,45.6220085467365,0.0
57.89341446605966,58.184532165527344,57.607644826618085,57.89519715273502,48.5808802060415,0.0
54.82641211318643,55.696834564208984,55.261456590651626,55.26156775601567,57.4294620445556,2.0
57.42335195327969,56.412635803222656,55.6170990924098,56.48436228297072,60.567168227967,3.0
60.269202698168506,59.90122985839844,60.33683721629962,60.16908992428885,62.610839239549,3.0
48.25204478812956,50.272308349609375,50.10230264329591,49.54221859367828,46.2754061520394,0.0
54.38008214953387,54.85702896118164,54.49217913525332,54.57643008198962,54.1832639819105,1.0
56.02145273361188,53.28542709350586,55.09647152934119,54.80111711881964,55.1684632211422,1.0
50.66043159106764,52.72417449951172,52.70897771686612,52.031194602481825,55.1378234462734,1.0
48.45436857119653,49.66609573364258,49.694948237391124,49.2718041807434,47.2808487015206,0.0
67.64013802132095,67.3176040649414,67.42214911520806,67.45996373382347,70.8162663682878,4.0
60.847847330375664,61.27020263671875,60.31396662145522,60.81067219618321,61.5842093962123,3.0
54.18470624413179,57.635440826416016,56.99835507402741,56.27283404819173,58.9072471735276,2.0
67.80933538227778,68.26002502441406,67.2578321888133,67.77573086516837,61.2836202656275,3.0
56.69649603637225,57.387699127197266,56.76177315158661,56.948656105052045,57.0910784081683,2.0
68.5981096927859,68.82859802246094,69.65507130488227,69.02725967337636,68.5075628182823,4.0
58.20845308539072,54.43380355834961,55.67210376753328,56.10478680375787,57.6381380944092,2.0
58.29997078638628,59.54014205932617,57.64759022616647,58.49590102395964,51.9753603506601,1.0
51.478818952676576,54.670101165771484,55.46509154421638,53.871337220888144,58.921248348819,2.0
49.12161219571076,52.93700408935547,53.0804579713938,51.71302475215335,52.0710895918993,1.0
54.93934857785476,53.7223014831543,55.290121114849896,54.65059039195298,53.4303657993044,1.0
73.91500836733599,74.6639404296875,74.41550951153573,74.33148610285308,82.8542742045375,4.0
57.646266572532596,54.87968063354492,54.40311559984682,55.64302093530811,57.1145856963329,2.0
75.19829751644288,72.45113372802734,71.64745950302505,73.09896358249843,81.4157421451645,4.0
74.03789784552303,75.0411376953125,74.77118572714167,74.61674042265908,67.6164380507995,4.0
53.15020290919481,54.82013702392578,55.43233531713587,54.467558416752155,55.4744737000976,1.0
53.40769021795086,53.554752349853516,53.48754199411721,53.483328187307194,48.3219568283169,0.0
65.00987815462986,62.692657470703125,64.03336357745633,63.91196640092977,68.0547626637105,4.0
57.369769270831455,56.67121887207031,56.71201041557313,56.91766618615831,51.2206347803995,1.0
54.32102399976579,55.91356658935547,56.01848738795983,55.41769265902703,62.9365225574144,3.0
49.159605969714455,53.25019454956055,53.51074256582426,51.973514361699756,65.0690650850187,3.0
70.53627816385409,70.20808410644531,70.85748065387843,70.53394764139261,62.4412662158837,3.0
57.401020775968455,55.84848403930664,55.70367650504978,56.317727106774946,52.8068416807458,1.0
49.861728302844845,49.50210189819336,49.86834382075582,49.74405800726467,51.2443254235128,1.0
51.65309564304034,49.41590118408203,50.739036867517264,50.60267789821321,62.8978534503431,3.0
54.786763192712364,51.40439987182617,51.50582132283397,52.56566146245749,57.6809225425776,2.0
70.1390361077201,71.99695587158203,71.77062005504511,71.30220401144908,69.8371484914617,4.0
52.16322274945517,52.70280838012695,52.65978954166586,52.50860689041599,56.0320031819139,2.0
73.92849290890724,73.46527099609375,72.88122736438363,73.42499708979487,74.3669364144481,4.0
54.647517804962746,55.20894241333008,55.40148671502897,55.08598231110727,47.331765226229,0.0
69.59712530808491,69.98719024658203,70.1229847622063,69.90243343895774,80.5450991254523,4.0
54.40423264824294,57.022464752197266,56.62209695647784,56.01626478563935,58.683757207979,2.0
54.09321769514887,54.61105728149414,54.73994306233717,54.481406012993396,61.0128629455909,3.0
54.991365408643894,56.359073638916016,56.88956647874751,56.08000184210247,56.421425716114,2.0
49.83693221812946,52.2249870300293,52.81774831246199,51.62655585354025,43.3954845184722,0.0
54.14275494283436,50.70649337768555,50.49843933975295,51.78256255342429,54.04064797252,1.0
58.349012734495254,59.149349212646484,59.527746988563166,59.008702978568294,66.5677281810817,3.0
46.19909712002438,48.57189178466797,47.61867591970101,47.463221608131114,52.2794020599997,1.0
58.431700029129196,56.40879821777344,56.203623144046254,57.01470713031629,63.4132954093308,3.0
69.66482011342625,70.13821411132812,70.32283843730038,70.04195755401825,79.5447712532559,4.0
55.00238718971995,55.72677993774414,55.46619273081404,55.39845328609272,55.9197457643888,2.0
56.347286272505116,59.021060943603516,60.72775293904383,58.69870005171748,44.1796840444288,0.0
54.98496768257083,54.82074737548828,54.50603054372215,54.770581867260425,58.465474519351,2.0
57.21946739422221,54.436832427978516,54.19338181207693,55.28322721142589,55.4307949588812,1.0
53.136835713488956,53.0214958190918,52.58586601121696,52.91473251459923,51.6043304908639,1.0
53.87040031455819,55.5897331237793,55.48267151697189,54.980934985103126,54.5689005569668,1.0
54.936474639207155,54.13364028930664,54.57747069429969,54.5491952076045,52.2086758608299,1.0
52.15803969384074,52.811927795410156,54.081984877728715,53.01731745565987,50.26891114927,1.0
51.00503669414912,54.08039855957031,53.68262030158619,52.92268518510187,58.2140193973344,2.0
54.66231796664502,54.206687927246094,56.11570378655312,54.99490322681475,58.9461148212656,2.0
71.5032348498893,72.45378875732422,70.8986481331512,71.61855724678823,65.694083883826,3.0
56.936296019200384,59.460166931152344,59.61337100245969,58.669944650937474,59.7793523321292,2.0
52.41811180258199,55.24295425415039,54.779829510695684,54.14696518914269,58.7500668836812,2.0
51.30725480682356,53.867679595947266,53.79468847887502,52.98987429388194,54.3653283702192,1.0
54.34973436432644,51.02169418334961,51.7535588392595,52.374995795645184,63.073938526087,3.0
57.53714951036207,55.880889892578125,55.16677173131735,56.19493704475252,62.1795511312462,3.0
69.98485147868296,68.99590301513672,67.83945021375737,68.94006823585902,70.6006047877028,4.0
51.76898756620086,51.97652053833008,52.40912775925715,52.051545287929365,52.2964968824919,1.0
55.463386885864004,55.81689453125,57.92607774991359,56.402119722342526,59.5120211165669,2.0
61.77490684054959,61.46062088012695,62.37196981358654,61.869165844754356,61.8543205110864,3.0
49.61852791732052,50.38125228881836,49.68804433244242,49.89594151286044,47.1781748240382,0.0
51.45738352532908,51.00740051269531,51.273610869595714,51.24613163587336,55.8641316546384,2.0
55.11504559443507,55.38008499145508,55.88555427070703,55.46022828553239,52.5521481064601,1.0
52.49704850061959,53.5760383605957,53.625682222871596,53.23292302802897,52.9147138990087,1.0
57.103178865785665,55.867919921875,54.9730085016675,55.98136909644273,55.5076371752616,1.0
59.07520053631983,55.517356872558594,57.38693180149995,57.32649640345946,58.8796267012199,2.0
57.55926723863428,54.917449951171875,55.17120059866181,55.88263926282266,62.7403253187083,3.0
49.69292767139706,50.97005081176758,51.18268478343887,50.615221088867834,47.4203071768173,0.0
74.48234654816751,73.11526489257812,74.07738489863657,73.89166544646072,68.3750109165477,4.0
56.09796341330105,53.641517639160156,52.79561588367131,54.178365645377504,56.9436106071612,2.0
52.87583459887415,52.113407135009766,51.25205173956236,52.08043115781542,39.0302621842099,0.0
66.84018780692395,68.20584106445312,68.00809240991268,67.68470709376325,66.4327775364207,3.0
51.14723529774048,54.11908721923828,54.79293164466574,53.35308472054817,59.392378736225,2.0
59.690111392636574,58.621009826660156,58.95552119826079,59.08888080585251,64.9554732100484,3.0
63.4636820784175,59.62665557861328,58.40977619223662,60.50003794975581,60.7046778812822,3.0
72.1118483961747,71.32283782958984,71.17571124033036,71.53679915536497,59.6702589594602,2.0
58.35946268641119,58.03675079345703,58.13660214847534,58.17760520944785,68.9742865856004,4.0
55.51931680281759,57.5247917175293,56.23282835813144,56.42564562615945,46.1170384806423,0.0
60.213021939972,60.83738327026367,60.71009696496484,60.58683405840017,56.9976936087931,2.0
53.808957481816456,55.09904861450195,55.095840689243765,54.66794892852073,57.8980166239925,2.0
55.08922873236286,51.70277786254883,50.50852269306378,52.433509762658495,51.7143797204332,1.0
59.38003167162608,59.001380920410156,60.40004741426383,59.59382000210002,53.5625926569174,1.0
58.084238718031116,55.295223236083984,56.40080038138163,56.59342077849891,54.7290960211107,1.0
50.08551320351402,51.16590881347656,50.46869908619936,50.57337370106331,44.9822605452281,0.0
72.97499053679704,70.38296508789062,69.95223795037785,71.10339785835517,75.6102505218046,4.0
72.68288073539907,70.07745361328125,70.52850903703627,71.09628112857219,80.3978756175651,4.0
51.02817722282776,50.33696365356445,51.21673001588264,50.86062363075828,45.9291691888005,0.0
69.58882183716216,68.11801147460938,68.43689625584737,68.71457652253963,59.3398171205211,2.0
50.17136392249196,52.064918518066406,51.94971895280625,51.395333797788204,43.8437425942456,0.0
72.15767222409244,69.14344024658203,69.66914493469194,70.32341913512214,70.7553856535175,4.0
61.75833856079926,59.967735290527344,60.4001233578367,60.708732403054434,56.2130431719446,2.0
54.69574070104423,52.251007080078125,52.29462583288415,53.080457871335504,56.5201106804986,2.0
54.44627872239572,50.11289596557617,52.00568506188353,52.18828658328514,55.2986214224061,1.0
72.98747362003203,72.2703628540039,70.57399745117074,71.94394464173554,78.0450096065034,4.0
53.36910096724,51.87865447998047,50.92042565137812,52.056060366199524,56.2275331801956,2.0
67.00779096445025,67.1846694946289,67.86386172489613,67.35210739465843,61.9280299725165,3.0
57.10879320339465,54.151702880859375,55.27672607633413,55.51240738686272,44.7486663655673,0.0
51.377303754724316,52.10060119628906,52.50171272203887,51.99320589101742,43.1247729827042,0.0
59.22881630484895,57.94551467895508,56.054483629678835,57.74293820449429,57.4825640151058,2.0
55.85056792201834,55.70081329345703,55.43168906795088,55.66102342780875,55.1224826452644,1.0
56.70041245967373,54.354774475097656,54.30417548649401,55.11978747375514,50.6106467667938,1.0
52.0174545166486,49.703338623046875,48.212249893255006,49.977681010983495,53.2178519471682,1.0
57.89328862237147,58.44272994995117,57.86076242490649,58.065593665743044,40.6925554820248,0.0
56.707669508787525,53.65193557739258,53.59183385228607,54.65047964615539,59.7154582114086,2.0
73.81357289409308,74.3880844116211,76.40731018215297,74.86965582928904,69.3538937459926,4.0
47.722020268486695,49.18436050415039,49.55631310647411,48.82089795970373,46.5016292772517,0.0
53.70994695640643,52.91374588012695,52.363548425404844,52.995747087312736,57.767279606409,2.0
69.51194952042455,69.62108612060547,70.61459388913975,69.91587651005659,72.4128785907904,4.0
72.99847531888128,71.8335189819336,72.01269643336175,72.28156357805888,82.5063811593971,4.0
49.3337947767668,50.01962661743164,48.861637200903196,49.40501953170054,42.6963895099735,0.0
57.54444345564238,55.48666763305664,55.19959037031849,56.07690048633918,47.885990922551,0.0
73.21680857852171,72.160888671875,71.51466078346633,72.29745267795435,67.755920219635,4.0
55.21446725466058,56.00735855102539,56.195713936069865,55.805846580585275,57.62153413856,2.0
50.647581231082015,48.31800079345703,49.698656908614645,49.554746311051225,58.5259070170735,2.0
47.81258225645934,47.489627838134766,46.692310676169285,47.331506923587796,43.4069273980067,0.0
53.629463683088275,51.441104888916016,52.565441735577295,52.54533676919386,51.941213966027,1.0
67.74581482935498,67.65186309814453,68.73762032050925,68.04509941600291,75.5299006289562,4.0
53.647649348881934,53.35557556152344,53.618289784480304,53.54050489829523,45.9757837045575,0.0
72.68230029691588,69.3095932006836,69.50290148376675,70.49826499378875,66.6159118959847,3.0
55.11504559443507,55.38008499145508,55.88555427070703,55.46022828553239,52.4290969056207,1.0
56.605393708484286,55.38808822631836,54.744903592025736,55.579461842276125,55.5609835111204,2.0
48.99570788422082,48.18437957763672,48.45323080351604,48.544439421791196,42.8095151390273,0.0
59.42456600836797,57.60320281982422,56.66174789753777,57.89650557524332,59.9408507637522,2.0
54.2361363995647,52.23781967163086,52.691255768098365,53.055070613097975,50.7868462537247,1.0
49.92053336746758,50.03692626953125,49.98203036010803,49.97982999903562,53.8082868410339,1.0
60.005928066806376,60.07734680175781,58.93605850006184,59.67311112287535,58.5233083395233,2.0
58.220244655204816,58.18949508666992,58.36488926230301,58.25820966805926,57.0388459793332,2.0
55.36172070727255,55.517005920410156,54.980253460328846,55.28632669600386,51.2303288887168,1.0
72.24775318911064,73.10926818847656,72.22734984823104,72.52812374193941,70.17637814282,4.0
57.12546782591538,54.43716049194336,55.85471808764049,55.8057821351664,47.6793227159309,0.0
61.97636356504463,64.39408874511719,64.01443120799006,63.46162783938396,70.0925566166165,4.0
73.33423175471707,71.59736633300781,74.61332943570817,73.18164250781102,71.4259834726348,4.0
69.10252252099934,69.33604431152344,68.39612046077497,68.94489576443259,69.0825850679644,4.0
52.081214560482664,51.828453063964844,51.90072044772826,51.936796024058594,54.3221702254669,1.0
50.64289463556165,49.843788146972656,50.047976224455205,50.1782196689965,50.9613982141945,1.0
55.600405263018246,55.04095458984375,53.85522959725247,54.83219648337149,56.8068749354371,2.0
56.244220407765155,55.347984313964844,55.43804234980049,55.67674902384349,47.9244237728964,0.0
57.29030263556958,59.25092697143555,58.91955721417489,58.48692894039334,61.6431738184816,3.0
58.90637193473658,59.4490852355957,58.705764563154204,59.020407244495495,63.4891978262907,3.0
52.39976931811236,47.37224578857422,46.112898660294526,48.6283045889937,40.3998929280997,0.0
47.87449515473821,48.317413330078125,48.51011020677822,48.23400623053152,43.7287634165078,0.0
49.97488315550523,49.30889892578125,48.761416573951756,49.34839955174608,42.2941214846286,0.0
54.37760357214852,55.67354202270508,56.229268023034706,55.42680453929611,48.5913613793914,0.0
44.57968336797911,46.104225158691406,47.061475135380896,45.91512788735047,44.1552955000355,0.0
58.50958608256958,56.926513671875,56.99902990772365,57.47837655405608,60.4462171001281,2.0
71.28617787993623,70.86933135986328,70.6689273847971,70.94147887486554,78.1758595757673,4.0
61.01282289341359,59.116539001464844,59.268173703510726,59.79917853279638,63.8934914613462,3.0
71.30242720302809,72.53797149658203,71.46040113219708,71.76693327726908,72.100556914593,4.0
53.26839024637275,52.11540222167969,52.20322347737775,52.529005315143394,60.6525333088669,3.0
70.27128430559516,72.03388214111328,71.84870829815712,71.38462491495518,67.6952791705913,4.0
73.03341601400017,73.52066802978516,74.06302317435025,73.53903573937852,64.2715725873914,3.0
48.59144856999669,46.77682876586914,45.603614450633955,46.99063059549993,52.7069487313636,1.0
69.73372733455436,71.10690307617188,71.01390708289061,70.61817916453894,69.3463880325109,4.0
58.378342406127985,58.23674774169922,57.691667877073904,58.102252674967026,62.6505401745685,3.0
73.4879118455898,71.32571411132812,71.53047906281874,72.11470167324556,72.5172117226224,4.0
61.780709429531754,61.0963134765625,62.279791512529144,61.71893813954114,62.9289824040301,3.0
52.4391796704671,53.21963882446289,54.20228850392127,53.28703566628375,50.7712556035443,1.0
68.25817767800584,70.29216766357422,68.42213470180438,68.99082668112815,76.5731685276315,4.0
54.832820678080765,51.00951385498047,50.81869893407401,52.22034448904509,55.4810685323993,1.0
60.77628751130765,61.036190032958984,61.71166527241588,61.174714272227504,63.3498675031402,3.0
54.46185209039097,55.3731575012207,54.30677664295751,54.71392874485639,56.6368438722091,2.0
67.50091064629977,68.41098022460938,68.81480721936283,68.24223269675731,64.9394901871048,3.0
55.12419902743427,54.724082946777344,55.052543349981356,54.966941774731,61.4496414366242,3.0
68.09416284054446,66.61555480957031,66.54275102173995,67.08415622395158,58.7930799313105,2.0
56.23304954868897,55.47081756591797,55.072162489331205,55.59200986797938,60.3375926564687,2.0
52.202239541428646,53.04891586303711,52.526451598121405,52.592535667529056,50.8260573295593,1.0
50.32281323478784,49.45147705078125,50.454213819786986,50.07616803511869,52.8517360958427,1.0
70.7417345639577,71.15933990478516,72.83152740623633,71.5775339583264,66.8563594167601,3.0
51.08835156057792,49.28572463989258,49.15518714223586,49.843087780902124,41.5206659862145,0.0
58.25685563533498,56.51472854614258,55.43804234980049,56.73654217709268,62.8546420334611,3.0
67.2033962983952,67.0929946899414,68.00544771274302,67.43394623369322,61.7915464454966,3.0
58.28843051635064,57.541419982910156,57.28928926574033,57.70637992166704,42.9707290096894,0.0
58.197562847836394,54.11573791503906,55.130256822977046,55.81451919528416,66.8262414992801,3.0
58.53206709038412,55.73612976074219,54.88003035960807,56.38274240357813,53.5632832920976,1.0
75.51989610748737,72.68602752685547,72.6575105594178,73.62114473125355,82.9998507846243,4.0
58.38984207873329,56.26238250732422,56.07723020307222,56.90981826304324,60.9555998644345,3.0
52.24259151983268,51.8089599609375,52.03743877682996,52.02966341920004,55.7218120947826,2.0
53.78332296843153,52.51906967163086,50.5419523203567,52.281448320139695,61.4651217285542,3.0
47.23166008680176,47.814117431640625,47.600424220508145,47.548733912983515,45.2540442604447,0.0
58.30288549978754,56.57133102416992,56.295127219306856,57.05644791442145,57.4087521011997,2.0
73.50718986178936,73.95758819580078,74.7462920632731,74.07035670695441,74.0425898471702,4.0
54.40430623034824,56.278663635253906,55.22288458827407,55.3019514846254,51.761656931025,1.0
55.43924805408801,56.32392120361328,55.50512115113744,55.756096802946246,61.025475292663,3.0
46.96712315086611,49.37591552734375,50.66636243852284,49.00313370557757,53.8144202422521,1.0
73.3239786659672,72.32357788085938,70.21424063763136,71.95393239481932,70.8905965532208,4.0
60.231161018897986,62.88322830200195,59.52046660766218,60.8782853095207,63.7616097296397,3.0
59.62857949876068,60.8564567565918,59.867785928366736,60.11760739457307,66.9124094893204,3.0
55.37412873590455,54.16224670410156,54.11334229123169,54.5499059104126,57.7794801541011,2.0
69.99864979681341,68.21436309814453,66.97807885435682,68.39703058310492,66.4539379663557,3.0
49.11460126399504,51.1086311340332,52.235883044207846,50.81970514741203,49.9021412448528,0.0
55.66480453023715,56.098480224609375,55.122328857264954,55.62853787070383,52.9325184098659,1.0
50.035482574821614,50.188453674316406,50.40708606822641,50.210340772454806,51.4465005772673,1.0
58.86772249940264,60.33357238769531,58.40107976687436,59.20079155132411,59.6376547778195,2.0
70.51679414934998,69.83717346191406,69.21864174556566,69.85753645227656,65.4552583626041,3.0
57.23017182173559,54.60782241821289,55.304819236882835,55.71427115894378,64.4897300722191,3.0
56.89252280517982,54.86943054199219,53.91003129361545,55.22399488026249,53.2588711643095,1.0
53.206653965279955,55.66404724121094,55.74129046191197,54.87066388946763,53.1810237786966,1.0
52.99791561531831,51.73358154296875,52.34335150257902,52.35828288695536,56.3559229360773,2.0
52.2217706032529,51.835243225097656,51.18413246009837,51.74704876281631,51.1137750555139,1.0
68.8621213627426,69.72853088378906,68.45158436189769,69.01407886947645,68.4798526272881,4.0
53.91954066409548,51.79820251464844,51.81607635804397,52.511273178929294,48.5554465792402,0.0
60.563477974958005,60.72021484375,60.892179813005136,60.72529087723771,62.5485375030861,3.0
55.510291832394635,52.9849853515625,52.614276964132706,53.703184716029945,51.7852372976942,1.0
74.4568481449594,73.3428955078125,73.22368161898927,73.67447509058705,78.196843709644,4.0
65.79663202744862,67.10645294189453,67.79478800795557,66.89929099243291,65.1497751063632,3.0
67.29402275917627,67.2623519897461,66.97966247370435,67.17867907420892,74.5766079375907,4.0
68.47476619719957,67.53140258789062,68.20030078643995,68.06882319051006,66.3812895927521,3.0
50.655820484771354,51.675804138183594,51.46715238798269,51.26625900364588,49.1242348944005,0.0
58.40557209039908,58.55315399169922,58.9015632984662,58.620096460188165,49.2694383730833,0.0
56.86409135478269,56.93589782714844,56.02960448194739,56.60986455462617,60.5412309859651,3.0
69.41075363633485,66.72484588623047,67.4292277945476,67.85494243903764,72.2289501125427,4.0
51.84827151323333,53.717369079589844,54.48983061859392,53.35182373713903,48.7552529026738,0.0
73.56281717622528,74.23125457763672,74.04811985277804,73.94739720221334,74.0538210126507,4.0
57.72167195309995,56.76448440551758,55.01491398020015,56.50035677960589,64.5452101665967,3.0
69.15784263332313,67.91724395751953,68.31784424694862,68.46431027926376,68.8470320812994,4.0
73.19031429002293,70.09542083740234,71.4468717128031,71.57753561340945,81.703584915364,4.0
53.570266447793244,53.919437408447266,54.53398848371683,54.00789744665244,52.9009494702322,1.0
48.93060318067717,52.558712005615234,52.67994107248072,51.38975208625771,50.8897252468771,1.0
74.96531780466351,74.58639526367188,75.36843983214284,74.97338430015941,74.0419560500797,4.0
54.81031659454482,53.54979705810547,53.70940771662061,54.02317378975696,53.0189299350169,1.0
55.82897240034027,56.125797271728516,55.86474249384018,55.93983738863633,57.7020583486759,2.0
58.05592744110314,55.94245529174805,55.50609846861757,56.50149373382291,65.4249917498532,3.0
52.68220571527509,54.982784271240234,55.18583722622052,54.28360907091195,54.1584855774296,1.0
57.258229949917656,55.199344635009766,55.972599071812745,56.143391218913386,52.8904205911247,1.0
59.020334110265296,54.36227798461914,53.570555256181876,55.651055783688776,59.6313133572338,2.0
69.345844285612,70.44441986083984,70.05471584990498,69.94832666545229,72.4523188315031,4.0
53.45142749699877,54.62408447265625,54.71446747723347,54.26332648229616,53.1345835249363,1.0
61.784383828698374,62.41563034057617,61.56833056942461,61.92278157956639,60.4388343751442,2.0
58.79736788681448,55.96337127685547,55.484994429402015,56.74857786435732,56.5926393979,2.0
70.44077717577791,71.3248519897461,69.67182278686593,70.47915065079664,73.7460420822067,4.0
63.073376502349866,63.16650390625,64.14614890892567,63.46200977250853,64.525236596489,3.0
51.20537607727388,52.707427978515625,52.08247972585573,51.99842792721508,60.3268954854153,2.0
49.471427435908325,50.1616325378418,49.59888144003418,49.74398047126143,53.0879829154626,1.0
55.5305616991081,54.76290512084961,55.006304732389296,55.09992385078234,56.6317420374354,2.0
59.20371127465895,60.12894821166992,58.44087271164221,59.25784406599036,68.0715171575578,4.0
72.2756677749229,74.42842864990234,73.77881199973122,73.49430280818548,76.4262632815543,4.0
69.78739195137912,69.3155517578125,69.19028197620422,69.43107522846528,65.3021065557763,3.0
60.99201783221803,56.124839782714844,55.95753220413837,57.69146327302375,57.3233316905456,2.0
54.024094781076585,55.042877197265625,54.89059505997305,54.65252234610509,53.7222337749795,1.0
54.95553956118313,52.25432205200195,52.94372828764594,53.38452996694368,52.8773278204265,1.0
67.56619739345714,68.6072769165039,68.89236835545444,68.35528088847182,70.9624078956919,4.0
52.654306601508885,54.095802307128906,54.36185186181166,53.70398692348315,49.8764359521384,0.0
55.61231079004728,54.507869720458984,54.207897277108295,54.77602592920485,62.6325590595488,3.0
70.17801254137916,74.03882598876953,73.35848465385477,72.52510772800116,68.6283458980912,4.0
48.025444247807435,51.925785064697266,51.905707373927555,50.618978895477426,49.7491483177077,0.0
72.86089438452264,72.72815704345703,72.9930954832812,72.86071563708695,69.4972042424205,4.0
56.76713030442468,54.20799255371094,54.96489990824163,55.313340922125754,51.4232600695705,1.0
55.962857695104574,57.57263946533203,57.08100258670958,56.87216658238206,54.3854517516916,1.0
54.730984080279256,55.729583740234375,55.62286299618644,55.36114360556669,49.4886759328096,0.0
52.51678416000564,52.17860794067383,52.26253641406137,52.31930950491361,52.1116783477612,1.0
47.41859882178795,48.82171630859375,48.663732909527084,48.301349346636265,44.7479242518509,0.0
56.83476940014111,53.87782287597656,54.85970909476707,55.190767123628255,55.5960895060904,2.0
55.20898206223485,55.385746002197266,55.515345422949686,55.370024495793935,57.2446252894853,2.0
58.26891700486251,57.653568267822266,56.59682721828429,57.50643749698969,58.9084453078532,2.0
52.76205411688117,52.6198844909668,52.29099549661666,52.55764470148821,52.1885275156145,1.0
50.85269436349337,51.72993087768555,51.22464917109547,51.269091470758134,49.3894744170166,0.0
52.50019890435564,53.26903533935547,53.605158515499284,53.12479758640347,46.1113192723801,0.0
59.6452480879962,58.72304916381836,57.51923786758352,58.629178373132696,69.0344318322932,4.0
59.388824182926584,58.704795837402344,58.50773151633205,58.86711717888699,59.3390053018054,2.0
58.28843051635064,57.541419982910156,57.28928926574033,57.70637992166704,42.9707290096894,0.0
76.57092925935048,76.3143310546875,76.3078792855771,76.39771319987169,65.648288591054,3.0
56.65829144385003,55.92168426513672,55.953560791974,56.177845500320245,59.3235085986338,2.0
71.29875369810382,72.84323120117188,72.91450908299316,72.35216466075629,70.5694055631807,4.0
52.00442902710849,50.281795501708984,50.59514534770539,50.96045662550762,41.9666721816172,0.0
55.10403021415375,55.84910202026367,54.83444990198341,55.26252737880028,63.4076684756359,3.0
58.09459667028769,57.203369140625,57.40822521091611,57.5687303406096,70.0940828474641,4.0
58.57609558206168,57.72990036010742,56.92095882826735,57.74231825681215,64.7649500154648,3.0
58.461260055124534,58.07101058959961,56.922213472072166,57.81816137226543,45.8260863369089,0.0
55.59470803794119,54.27626037597656,53.72939185696508,54.533453423627606,60.0281278079105,2.0
73.09600973659593,72.36188507080078,72.71300187153429,72.72363222631033,79.6290885032406,4.0
56.908858128500455,53.442928314208984,53.03871526362437,54.46350056877794,51.1377110377865,1.0
48.61451240453292,48.85212326049805,49.434310200948765,48.96698195532658,46.6047862711506,0.0
64.02962899845559,61.955875396728516,62.83861151157727,62.941371968920464,64.8440319418891,3.0
73.43354364028812,70.18675231933594,69.58004896905851,71.06678164289418,71.9629502184809,4.0
60.28094500810176,58.872249603271484,58.758837106811676,59.30401057272831,68.9742865856004,4.0
60.65487058589463,61.850502014160156,58.24994976187301,60.2517741206426,48.3358606148969,0.0
56.3046029740944,55.55097198486328,56.1039059063235,55.98649362176039,52.851929659497,1.0
63.99052817005572,61.55501174926758,61.28278529223544,62.27610840385291,69.0311535836055,4.0
60.157899908791954,60.883968353271484,59.486860957373466,60.176243073145635,64.33851632629,3.0
50.17755629983469,50.459197998046875,50.87582684067898,50.50419371285352,45.1709068057785,0.0
67.70816881064643,68.72563934326172,67.79307618364601,68.07562811251806,64.9880750904978,3.0
72.1972026486175,71.7209701538086,72.39367255971656,72.10394845404755,73.4600211992373,4.0
71.07589662779532,70.11347198486328,69.89772026597328,70.36236295954396,71.1872287624416,4.0
55.75513796065711,55.400291442871094,54.78301837203439,55.31281592518752,57.2124260299379,2.0
55.34675152413631,56.928951263427734,57.636061116632014,56.63725463473202,53.2348006798619,1.0
56.72089576383666,56.838443756103516,55.24911058326565,56.26948336773527,61.3692232351283,3.0
52.27722315817057,52.81565856933594,53.12189903676562,52.73826025475737,48.7768335049172,0.0
56.68968111951022,55.96719741821289,58.429938015622376,57.02893885111516,47.9515217487854,0.0
53.33329232403671,56.3399658203125,54.92547208830822,54.86624341088581,51.6865539414869,1.0
73.71276585853948,77.97663879394531,76.85884704030127,76.18275056426204,73.9867172007886,4.0
53.09769835715775,52.01372528076172,51.14398503615895,52.0851362246928,51.6349912364627,1.0
53.092780451776456,53.57588577270508,54.60120299482967,53.75662307310373,67.5222982774403,4.0
66.62386209897156,66.71734619140625,66.84821650167076,66.72980826401619,62.6055929896323,3.0
50.35054489921126,50.58185958862305,50.94146364007391,50.62462270930274,50.209368395401,1.0
66.10093389667401,66.78009796142578,68.0516780945322,66.97756998421066,73.8788902651124,4.0
55.30864669678549,55.8097038269043,54.966472295923644,55.36160760653781,55.3303339606545,1.0
72.3524799785511,72.27076721191406,74.20506673348227,72.94277130798248,69.3538937459926,4.0
49.37384733201022,49.17853546142578,49.40150236645788,49.317961719964636,66.0310174368115,3.0
74.30429773937806,75.3306655883789,72.3479575575725,73.99430696177649,79.0599233651086,4.0
55.188183219445136,58.02423858642578,57.699659859738496,56.970693888536466,53.8486746277686,1.0
69.39779971384868,70.94747924804688,71.02212266718854,70.45580054302803,68.6866044360014,4.0
73.21680857852171,72.160888671875,71.51466078346633,72.29745267795435,67.755920219635,4.0
54.40102937143584,51.33720016479492,51.271059943247586,52.33642982649278,57.8602762282665,2.0
52.34711327615973,51.57029724121094,52.75012646758999,52.22251232832023,50.6528446180354,1.0
51.67156521106628,49.73139572143555,49.538348739446455,50.31376989064943,51.4727631718706,1.0
51.0553172303262,52.229698181152344,52.26696481857928,51.85066007668595,48.4097928065276,0.0
74.49158333942816,75.19131469726562,74.43121014063755,74.70470272577711,73.2977694368718,4.0
60.22640965198585,57.79077911376953,56.74231702538117,58.25316859704552,57.6216285284319,2.0
49.786372111390335,49.16374588012695,48.48214792775335,49.14408863975688,45.3081684907739,0.0
61.65614538045082,59.970863342285156,59.18222476231552,60.26974449501717,58.3816814803891,2.0
57.46017325696263,58.76641845703125,60.211058322934136,58.81255001230934,58.6810899112186,2.0
54.30735914575817,54.469139099121094,54.842693166550234,54.53973047047649,49.3521656194927,0.0
60.042471192818105,55.35572814941406,57.280784181857996,57.559661174696714,52.0355493375703,1.0
48.33716899854655,47.154640197753906,47.742875365277854,47.74489485385944,52.8260007467504,1.0
58.528941321084226,61.102134704589844,59.258350711891914,59.629808912522,61.0200603678654,3.0
53.27257079315298,54.18632125854492,54.54776556747273,54.00221920639021,52.6146355225537,1.0
53.31587164608385,53.21659851074219,53.545223527284435,53.359231228036826,56.6817395996771,2.0
53.025406261560136,54.42951202392578,54.7289634454164,54.061293910300776,51.8883778294036,1.0
68.1422385095326,67.76367950439453,70.05182979303483,68.65258260232065,70.6462035725487,4.0
54.959853481970846,51.3403434753418,50.60027219416049,52.30015638382438,46.8775287388321,0.0
55.41663115618358,55.53883361816406,55.288479476920365,55.414648083756,56.7678328876478,2.0
49.32291765898812,52.5155143737793,51.59868675331945,51.14570626202896,44.6983563064795,0.0
54.057476894560125,52.06532669067383,52.88815089595441,53.00365149372945,48.1792937434475,0.0
56.064427565165644,55.624534606933594,54.92328437791348,55.53741551667091,58.876778978551,2.0
72.01501731328351,69.48329162597656,71.1111561564954,70.86982169858516,77.9460134169441,4.0
72.01468519368584,69.45777130126953,69.08617366046745,70.18621005180762,76.5975306721359,4.0
50.6860009001254,53.345741271972656,53.58336229934368,52.538368157147254,57.5711726238958,2.0
50.001694661949934,50.69793701171875,50.38080766769973,50.36014644712281,54.491627849671,1.0
49.46842801936127,47.89402770996094,48.442085630518136,48.60151378661345,46.1061460034825,0.0
73.19588789877803,70.72254180908203,71.37725205526074,71.7652272543736,66.268243009227,3.0
58.21132024159028,57.436038970947266,56.87194572273164,57.506434978423066,54.106887421055,1.0
48.706582555501534,49.59416961669922,50.07920469949879,49.459985623899854,53.8094509271935,1.0
47.46471956449648,49.18767547607422,49.56188246900712,48.738092503192604,39.5865303975331,0.0
52.37058909755177,50.201560974121094,50.23814609485027,50.93676538884105,53.3540222304302,1.0
68.60290948880822,66.61369323730469,68.14823650403136,67.78827974338142,63.7134043049383,3.0
55.606739221420916,52.7565803527832,55.21570567749712,54.52634175056708,43.9866660559762,0.0
56.990980618324684,53.953433990478516,54.1041340694588,55.016182892753996,56.9104539167896,2.0
56.684869673478325,56.27375030517578,55.64919976505624,56.20260658123678,53.0367103303014,1.0
50.11526009493393,48.679603576660156,48.936955560900806,49.243939744164955,60.376398332283,2.0
55.90661090522224,54.403804779052734,53.329974822445635,54.546796835573524,65.8500602850669,3.0
48.62033103736941,48.436279296875,47.296574917522456,48.11772841725562,43.5844502806214,0.0
66.24308381719456,65.85956573486328,66.47084744617496,66.1911656660776,60.8605539199499,3.0
70.73905077580622,70.60636901855469,70.2498412687826,70.5317536877145,77.2520350900527,4.0
72.32416032011814,72.58598327636719,70.90767988643536,71.9392744943069,78.2436462784133,4.0
68.0862716282941,69.85738372802734,70.09179597756751,69.34515044462965,68.6866044360014,4.0
56.23937787568477,55.21670150756836,55.968868106524475,55.80831582992587,47.0028622744189,0.0
73.8698484190556,74.517822265625,73.6869537861783,74.02487482361963,85.284337073593,4.0
52.77291981194369,51.27253341674805,52.24121970168673,52.09555764345949,54.6920648827645,1.0
54.855268737726355,54.328678131103516,53.90203206100168,54.36199297661051,54.5047134515352,1.0
54.9216155172501,52.59416961669922,53.408056931646705,53.641280688532,49.2001330797585,0.0
75.10512052288774,71.94902038574219,70.92388907692656,72.65934332851884,75.3321570587527,4.0
65.53545160490766,64.42261505126953,64.23970290240656,64.73258985286124,63.6275855204051,3.0
54.83325913237081,50.6795654296875,50.00409142755047,51.83897199653626,56.4717068054249,2.0
58.17685514453106,56.246742248535156,56.078898760904934,56.83416538465705,61.260364852922,3.0
60.70810635505249,60.89754104614258,61.023017807374735,60.87622173618993,64.9231101171586,3.0
58.28955531134172,60.320274353027344,57.95041619920611,58.85341528785839,63.7045134640032,3.0
54.58687752448115,54.0914306640625,54.130908495572676,54.26973889470545,58.380109355269,2.0
54.99513132412608,53.422237396240234,54.19722117087056,54.20486329707896,52.8060570664563,1.0
51.53395396219235,49.76171875,50.154336828833365,50.48333651367525,58.4113257701463,2.0
54.15952018162602,53.59476089477539,54.24653161752021,54.00027089797388,51.967933544747,1.0
67.7895354244405,65.75723266601562,67.48308226362397,67.0099501180267,64.1996323540972,3.0
52.44440069823244,49.724403381347656,49.13561173325826,50.43480527094612,53.1317911839644,1.0
72.45577644175165,72.01007843017578,72.02239209614389,72.16274898935711,61.6538583985865,3.0
55.86507423416261,52.34281539916992,52.09068197255488,53.43285720196247,39.2047325736502,0.0
58.214390244668,54.738121032714844,55.27347176617497,56.07532768118594,64.2195442977985,3.0
50.88363337170253,51.861576080322266,50.71061907542672,51.151942842483834,52.5492208995897,1.0
70.13182416053799,69.51505279541016,70.27022622388287,69.97236772661034,69.90961837026,4.0
48.03620679319583,47.129207611083984,47.13154433299338,47.432319579091065,49.7858883957255,0.0
52.57795079800221,53.84551239013672,54.466140425409435,53.62986787118279,53.7222337749795,1.0
54.47074734385218,49.706153869628906,53.02244307518575,52.39978142955562,49.032629688212,0.0
59.81451174386825,59.36832046508789,59.33321420192793,59.50534880362803,64.0056432047132,3.0
52.63638499532041,53.41442108154297,52.680931143753696,52.910579073539026,57.4772678100679,2.0
56.610017284741204,56.98138427734375,57.244143222296884,56.94518159479395,47.2052061827424,0.0
54.59064952267231,55.842350006103516,54.961900298798966,55.13163327585826,57.4294620445556,2.0
51.31237572935531,53.036476135253906,53.989315046168585,52.77938897025927,48.7871797473651,0.0
52.81780831383946,54.629859924316406,55.43923019753217,54.29563281189601,60.6709979419357,3.0
52.23324420686962,53.75851058959961,52.20903913343786,52.7335979766357,56.8399026709546,2.0
58.29915118992251,58.71623992919922,58.295954243463704,58.43711512086181,61.0961790625613,3.0
56.924898297335716,56.87413787841797,57.786725321822956,57.195253832525545,55.1143810228015,1.0
59.10056215474454,59.40301513671875,60.35116479545551,59.61824736230627,54.2857700016947,1.0
52.76678322186521,51.326744079589844,52.50841924784627,52.200648849767106,59.914491583989,2.0
67.03111538608734,68.1469497680664,67.75878232006671,67.64561582474015,62.1247296556115,3.0
53.54242946605066,54.75156784057617,54.996312238210955,54.430103181612594,47.9239986719462,0.0
49.640155379889855,49.96974563598633,51.58390107598681,50.397934030620995,54.6779407468983,1.0
69.18744565415224,72.75165557861328,72.4312198298502,71.45677368753859,62.5359428225923,3.0
64.32099602437358,60.45392990112305,61.854816036844575,62.20991398744707,61.3095802930218,3.0
56.497202302749706,55.49427032470703,56.16806771032678,56.05318011259451,66.5179048215464,3.0
48.09079266008535,50.81504440307617,51.027471390923594,49.977769484695045,43.8647349548032,0.0
59.83280823170247,58.78819274902344,57.075792722469174,58.565597901065026,66.4940954966111,3.0
52.78215142399266,49.78186798095703,50.43312112029722,50.99904684174897,64.4808103487695,3.0
52.5627755304239,55.00291061401367,53.83314929883143,53.799611814422995,45.3789484111355,0.0
56.34357518669611,55.84344482421875,55.178366663826075,55.788462224913644,45.8875720912629,0.0
61.158862143382805,60.34815216064453,61.23747590303874,60.914830069022024,57.2582875132008,2.0
48.28955200650526,44.92076873779297,45.385814590544605,46.198711778280945,43.046358072522,0.0
51.25934324028716,50.50474166870117,50.03503149998607,50.59970546965814,50.6298979228037,1.0
56.52479371312842,57.4960823059082,56.34148575720631,56.787453925414304,60.084063409809,2.0
53.52112579852195,49.72924041748047,51.96114818536484,51.737171467122415,59.8244255742934,2.0
47.93765943603237,47.9600830078125,47.894334845347856,47.930692429730904,49.6267123654733,0.0
58.422292334119376,58.081111907958984,56.625789226377485,57.70973115615195,63.219861011444,3.0
56.48210922643028,55.382781982421875,55.27754619339941,55.71414580075052,57.4796200573104,2.0
53.79828025058437,53.6226921081543,52.343556287886706,53.25484288220846,52.7535846843021,1.0
52.647451787727555,50.605411529541016,50.62145520117021,51.291439506146254,57.9411325443799,2.0
48.175690796832626,47.11977767944336,48.93002484683881,48.07516444103826,40.7840724597849,0.0
53.66253420703369,51.843536376953125,50.93853986230053,52.14820348209579,54.2598377562489,1.0
58.86023466215525,58.86191940307617,58.62634903616995,58.782834367133795,61.7398247194792,3.0
66.06616781285746,67.64241790771484,69.14646778185441,67.61835116747558,65.0280472936746,3.0
56.96439463473972,53.93347930908203,53.939672433154534,54.94584879232542,56.6434947026484,2.0
69.45159738434151,68.9525375366211,67.47747077548227,68.62720189881496,62.4958052518981,3.0
65.87617265645419,69.66534423828125,70.12656762634975,68.55602817369505,68.7777651999831,4.0
59.684049328472504,57.733097076416016,58.67168257442804,58.696276326438856,56.0075054543197,2.0
48.180672967273225,50.64775848388672,50.382722037422816,49.73705116286092,58.8972437147311,2.0
52.54029491215517,54.178916931152344,53.36730346506581,53.362171769457774,50.0107431263155,1.0
73.20043301572382,71.06378173828125,72.67263226073568,72.31228233824692,78.9478898185542,4.0
57.582140266776136,55.68245315551758,55.723296515983655,56.32929664609245,58.0854747424871,2.0
47.780687388745655,47.21483612060547,46.653604682260635,47.21637606387059,53.6471948244041,1.0
63.3694493262081,61.85456848144531,61.68853049826273,62.30418276863872,64.7904987644197,3.0
65.90947241026403,68.37297058105469,69.35934288084032,67.88059529071967,69.4757156732599,4.0
55.43289636326572,56.50524139404297,56.74826006757482,56.228799274961176,42.6128559298214,0.0
58.689386691958426,58.282203674316406,58.890920012772916,58.62083679301591,53.600134450406,1.0
46.446761668267484,48.81146240234375,48.53655981945085,47.9315946300207,60.4981229229759,3.0
48.884240603104935,47.86912536621094,47.81622694345829,48.18986430425806,47.4226020282463,0.0
52.38517830526737,54.76152801513672,54.85540385098327,54.000703390462455,64.4662358085061,3.0
47.0812974067803,49.05359649658203,49.24035872656744,48.45841754330993,49.7882196870248,0.0
54.640085553805,52.32414245605469,52.92729533904616,53.297174449635285,48.2812967831366,0.0
52.91477688840484,54.59984588623047,54.5506961652719,54.021772979969064,44.530153032223,0.0
63.27139604905498,66.11036682128906,64.05004948298287,64.4772707844423,59.2358082708043,2.0
51.654877577486815,53.79227066040039,54.185950682471145,53.21103297345278,49.6958847041363,0.0
59.12266544379779,60.782249450683594,61.30767108117179,60.40419532521772,57.5656681086284,2.0
54.887851756539085,54.6041374206543,55.15797303731105,54.883320738168145,53.8349215307796,1.0
60.03952642863107,59.02505111694336,59.08663428459356,59.38373727672266,63.8934914613462,3.0
54.389874184946905,56.4437141418457,56.500299372182475,55.77796256632504,46.527018864845,0.0
59.02765060610799,58.63448715209961,57.278366777507955,58.31350151190518,64.6210740253296,3.0
70.60649284952191,69.8805160522461,70.48805611992628,70.3250216738981,68.3034136314114,4.0
59.21136563589423,55.363243103027344,56.85796424571257,57.144190994878045,54.6700858281773,1.0
57.950142177388564,54.490684509277344,53.49799300257225,55.31293989641272,42.9495066318587,0.0
70.73664574153534,70.55960845947266,69.38389123178038,70.2267151442628,77.8331925962767,4.0
70.61002477569681,72.03318786621094,71.95606331616666,71.53309198602481,70.1906294868677,4.0
49.74672495574389,52.71546173095703,53.73855342806483,52.06691337158859,56.5275038539174,2.0
58.10189455794099,56.15118408203125,55.37415568223983,56.54241144073736,56.8967597100717,2.0
59.51784397713309,60.80629348754883,58.773809248839555,59.69931557117383,44.9475413603859,0.0
52.050533923394326,51.51365661621094,52.24506448784122,51.93641834248216,51.8992799148318,1.0
55.833939439488425,55.514320373535156,55.751471743445286,55.69991051882295,66.6815937903876,3.0
49.11256429819034,49.69449996948242,49.17249014399067,49.32651813722115,61.8866136042443,3.0
58.065621921548676,58.707977294921875,58.79866542057859,58.52408821234972,52.9792186927691,1.0
58.26722056617854,55.89704132080078,57.41893844320256,57.19440011006063,60.6337180929244,3.0
73.90755790472721,71.97887420654297,71.03411704564802,72.30684971897273,74.2168864157894,4.0
51.27212027927629,52.0657958984375,52.19038137843263,51.84276585204881,49.4879325105116,0.0
56.48528903925644,56.23603057861328,55.95055578424504,56.22395846737158,60.6040114043253,3.0
45.36840579056303,45.81292724609375,46.26109166576622,45.81414156747434,45.9646488119334,0.0
56.65913567980056,52.8705940246582,52.00744553417711,53.845725079545296,64.1919071476377,3.0
54.11319803323673,55.62099838256836,56.45450848872245,55.39623496817584,53.8674272479841,1.0
73.24441421090559,73.48527526855469,71.8101454057907,72.846611628417,71.5914862908489,4.0
58.752299696413274,61.357540130615234,61.16567883231856,60.425172886449026,61.7113042442038,3.0
50.30214627210293,51.779109954833984,51.18413246009837,51.088462895678425,49.2849739520051,0.0
67.3349494797202,65.44869232177734,66.004174604166,66.26260546855451,60.6005217226974,3.0
50.48842099537684,50.513187408447266,50.15793581076347,50.386514738195864,57.7660360231493,2.0
65.25563340382469,63.475772857666016,64.94193306017073,64.55777977388713,63.3333860190537,3.0
65.61057111298764,67.78053283691406,68.86700431736755,67.41936942242309,58.88915440252128,2.0
70.76591021405841,71.2752685546875,69.12374285051206,70.38830720641933,77.1549227541341,4.0
74.38982989259964,74.2945785522461,73.78537042845679,74.1565929577675,66.5314001855808,3.0
47.254994117319775,50.955570220947266,49.08790814412897,49.09949082746533,52.4482288927259,1.0
69.4776225018167,71.2659912109375,69.67050693453079,70.13804021576168,81.5979863853453,4.0
71.70791549061474,72.4814224243164,73.07733427807379,72.42222406433497,73.5344850538806,4.0
73.16973432250512,72.04991149902344,73.25006883521733,72.82323821891531,82.3780451973907,4.0
57.37441368763098,57.399932861328125,57.89183121705798,57.55539258867236,50.4344257014202,1.0
56.52475758338152,56.15022659301758,55.72605246832269,56.13367888157393,62.4387892889519,3.0
57.723055079378405,57.107444763183594,57.34897977262335,57.39315987172845,59.9261889785985,2.0
73.61755697163917,72.08538818359375,72.83332657795755,72.84542391106349,66.1285401966913,3.0
55.541998323422604,55.867759704589844,55.750674365366734,55.720144131126396,56.929619710735,2.0
54.88266920043748,51.20477294921875,50.599082957135465,52.2288417022639,52.9620655064146,1.0
68.3114929891367,69.8385238647461,70.70332834991157,69.61778173459813,77.0694097995093,4.0
68.62662691497393,65.27264404296875,65.69505714485265,66.53144270093178,65.3728598942436,3.0
55.9896014804935,51.834815979003906,52.730826410570735,53.518414623356044,52.8228461325543,1.0
51.776524905599324,52.214576721191406,52.3097766853746,52.10029277072178,51.465318623746,1.0
54.15419823813609,53.80488204956055,54.54011368531701,54.166397991004544,54.9339196835939,1.0
66.84093338398387,69.0892333984375,69.51249799585331,68.48088825942489,64.9394901871048,3.0
62.14692563035591,60.67577362060547,60.04414591800439,60.955615056321925,74.1518129705462,4.0
60.52380863266878,55.42808151245117,56.00650092401339,57.319463689711114,54.8751105800332,1.0
55.378490672524265,55.40202331542969,55.39062125387881,55.390378413944255,55.8341423873826,2.0
69.23711066210868,69.4785385131836,71.30721782780275,70.00762233436501,69.5277399669396,4.0
47.80683841094495,48.72494125366211,49.38007732319889,48.63728566260198,47.305369758718,0.0
55.07897472831781,52.5970344543457,52.38856357719531,53.35485758661961,53.372390596387,1.0
65.77459883156357,68.1977767944336,66.85711831371376,66.94316464657031,60.0776570545408,2.0
71.10018568778317,71.0235595703125,71.09538920259197,71.07304482022921,71.1768516445879,4.0
53.46300569717782,56.331050872802734,55.22248943407617,55.00551533468556,51.4493142385289,1.0
55.24086216920723,57.10823059082031,56.6893509573855,56.346147905804344,50.2565599170774,1.0
56.316109535675565,53.7946662902832,55.10390412227132,55.07155998274336,54.1832639819105,1.0
51.227483325313145,53.3239860534668,53.003047436550524,52.51817227177682,46.1091979813439,0.0
58.102006558502595,56.8016242980957,56.37958651015783,57.09440578891871,65.8075528185458,3.0
69.39464005961193,71.59790802001953,71.69291872171385,70.89515560044843,67.312632520188,4.0
53.11335853416149,54.96916580200195,53.59034466235535,53.8909563328396,63.6215721197914,3.0
63.88428751274672,61.44091033935547,60.97397238464069,62.09972341224762,68.3148218210267,4.0
55.107827202523126,56.69828796386719,57.06132049152899,56.28914521930644,57.7405486587774,2.0
51.85011939767785,55.007293701171875,55.32595916169239,54.06112408684737,47.3985176597685,0.0
53.803384005712715,53.41337203979492,53.955681061424045,53.72414570231056,57.770313330921,2.0
47.875475652930724,51.86907958984375,51.561875794946815,50.43547701257376,57.1349726689477,2.0
55.91615951064065,50.58793640136719,50.34132309211037,52.28180633470606,51.5924012329664,1.0
55.27916285651379,53.63904571533203,54.22658755835178,54.38159871006587,62.6710305500987,3.0
70.71060385686968,71.5173568725586,70.92000940466266,71.04932337803031,70.1960219291404,4.0
44.99347592931472,47.806644439697266,47.978185216631886,46.926101861881286,57.0791076196658,2.0
55.51959967721927,58.398040771484375,58.55945334847879,57.49236459906081,47.8612499929035,0.0
72.5963077687289,71.47461700439453,70.75409892356247,71.60834123222863,79.2922408923128,4.0
52.224540729763945,49.76545715332031,50.31262973861903,50.76754254056777,64.8733777167381,3.0
58.50343684395147,61.96275329589844,61.49785817786441,60.65468277257143,71.6103988858135,4.0
68.5714890781744,68.75402069091797,68.2763111100789,68.53394029305709,62.1708276207406,3.0
47.90870110616458,49.3853874206543,50.55459146146058,49.282893329426486,62.1825518961277,3.0
58.82198765675804,57.634647369384766,58.43122953616928,58.295954854104025,55.9846484695531,2.0
53.58595038988224,55.30894088745117,54.55708382663596,54.48399170132313,56.3294062011488,2.0
69.17777176363764,71.09124755859375,70.72256474511654,70.3305280224493,67.6204666351578,4.0
49.051058114826894,48.384578704833984,48.06790036637708,48.50117906201265,45.9917285099013,0.0
57.76390301072273,55.88397979736328,57.076167653998375,56.9080168206948,46.439054870105,0.0
70.37213726964488,71.358642578125,72.07677046898097,71.26918343891695,63.6841556537439,3.0
52.221611127250576,55.18080139160156,55.01802902543235,54.14014718142817,60.5579001260311,3.0
71.63314263240152,72.40062713623047,69.84805959578628,71.29394312147275,72.8196840069927,4.0
63.47318846314189,62.936283111572266,62.9492651678638,63.11957891419265,60.8716599395362,3.0
69.85981135091774,69.63113403320312,69.43900386627868,69.64331641679983,65.6350191557633,3.0
54.56929165061537,53.709716796875,54.473498523164274,54.250835656884874,53.0189299350169,1.0
56.67879537078273,57.6019401550293,55.95566452565532,56.74546668382245,44.1085544900398,0.0
51.56696594791346,50.0942268371582,49.888686331370465,50.51662637214738,54.5688203142578,1.0
59.21547410089792,58.09972381591797,59.62200033783768,58.97906608488452,81.2153677677852,4.0
53.3467626975844,51.89808654785156,51.86650807330513,52.37045243958037,48.6032708827226,0.0
49.33868963602208,50.45993423461914,51.34354261507649,50.38072216190591,44.9822605452281,0.0
57.608684647747,55.819095611572266,55.663227741280956,56.3636693335334,50.2091928707496,1.0
66.88118167788741,67.64328002929688,67.65329931535638,67.39258700751355,71.2044776383021,4.0
65.75218939250412,68.48419952392578,67.11768357970327,67.11802416537773,69.3082413588618,4.0
64.36488691414608,67.29712677001953,68.19543574765869,66.6191498106081,72.700186538698,4.0
54.4200196875691,56.4422607421875,55.38911189771856,55.41713077582505,65.3145407797976,3.0
59.04873347108416,57.78617477416992,57.23743830783414,58.02411551769607,62.7002413371789,3.0
57.58255916542934,57.50640869140625,55.30657874356453,56.798515533466706,47.0869923560211,0.0
56.17474624366032,54.07845687866211,54.59977938150659,54.95099416794301,50.6731303545519,1.0
68.96613533461428,69.57524108886719,69.3931480198034,69.31150814776161,71.3634317616717,4.0
68.62957688894845,71.30828857421875,70.38770799274467,70.10852448530396,72.6044723785577,4.0
52.403819584937956,51.70707321166992,52.10780460798379,52.07289913486389,56.6796570257933,2.0
53.867081599003704,56.42283248901367,54.6083504797356,54.96608818925099,52.4128610589536,1.0
62.01414484543563,64.35893249511719,60.19592925091263,62.189668863821815,70.1258749130357,4.0
70.1480618069315,71.46311950683594,71.389988313322,71.00038987569647,71.3843832147253,4.0
54.57974973449129,55.85244369506836,55.284353612866724,55.238849014142126,46.4798992553212,0.0
66.3294755646948,66.20941162109375,67.16871935280074,66.56920217952977,65.6645015310694,3.0
54.32990478768506,55.17344665527344,56.04261391536091,55.18198845277313,57.5905797470922,2.0
72.45070155820507,69.68303680419922,69.98757775418319,70.70710537219583,71.1351654861854,4.0
67.42586207810261,67.49446105957031,68.00772414315487,67.6426824269426,65.4843045644892,3.0
55.67191435815107,55.35256576538086,55.405457038111045,55.47664572054766,56.0385652722961,2.0
65.98289922330031,66.0515365600586,67.20299233801938,66.41247604045942,57.4976435475083,2.0
56.61269871136337,55.8515625,55.29800402457223,55.92075507864519,56.7288266855351,2.0
51.143748475139,54.33855438232422,53.27814466156929,52.920149173010834,56.3448753641997,2.0
73.13559748025885,72.83552551269531,73.31940930503679,73.09684409933031,72.2081577264226,4.0
54.95789216717485,56.518497467041016,56.96333763477028,56.14657575632871,57.3667722138081,2.0
61.263032778755466,60.126197814941406,59.87651412598674,60.421914906561206,67.0719289243387,3.0
57.87596835156345,57.805118560791016,56.13892057792629,57.27333583009359,61.0057551714326,3.0
55.72748245175657,49.26763916015625,53.132404422851806,52.70917534492154,44.7350221098819,0.0
54.41239586499078,51.821475982666016,51.24608400881109,52.49331861882263,55.8676014840588,2.0
63.68613961563419,61.40739059448242,60.91961041220317,62.00438020743993,58.8937480344524,2.0
53.232013792962356,56.88816452026367,56.59658056578313,55.57225295966972,51.5692840892729,1.0
60.26583927819004,58.73186111450195,62.66370779167908,60.55380272812369,67.645264231108,4.0
53.80347400728171,56.9029655456543,56.71648160575925,55.80764038623175,51.4139842019171,1.0
52.45924988747897,52.10446548461914,51.95680411115679,52.1735064944183,56.1791457999401,2.0
56.48144989241673,56.79064178466797,57.61037993807814,56.96082387172095,56.5192128100221,2.0
53.83119438758374,54.95671081542969,54.83711681004204,54.54167400435182,48.9939301461892,0.0
54.9559971312372,53.84720230102539,54.18023843252946,54.32781262159734,64.0478318116414,3.0
53.494426142603466,53.5054817199707,54.44457545078688,53.814827771120356,53.5760345917054,1.0
54.63815494153842,51.41373062133789,50.71369880597029,52.25519478961554,55.8690705945852,2.0
48.68419802490486,51.32776641845703,50.27124744192314,50.09440396176168,40.1689446683929,0.0
44.04172971679364,49.03255844116211,48.742283529868786,47.27219056260818,41.0374589565742,0.0
50.26135902451876,52.134883880615234,52.24855825547855,51.54826705353752,56.8595049920578,2.0
63.28075215043069,64.93955993652344,63.12952545271054,63.78327917988822,58.490072569591,2.0
69.3406855243612,66.26919555664062,67.32635535632234,67.64541214577473,63.2410642133509,3.0
67.34006159492247,67.29519653320312,68.03203406677927,67.55576406496829,64.3504661744287,3.0
59.682767315719296,60.440093994140625,59.738313484792826,59.953724931550916,67.5135927172096,4.0
70.73020263796812,70.41725158691406,71.4403487602582,70.8626009950468,79.9091079312378,4.0
58.254370386959174,57.5120849609375,57.621025842146146,57.795827063347595,61.3386166054532,3.0
56.611409966901206,56.69303894042969,58.47675195774826,57.260400288359726,52.4017677141271,1.0
58.0784373202419,57.62958908081055,58.031446606964764,57.91315766933908,64.6870110111922,3.0
68.6749248469666,70.87969207763672,71.1651476295864,70.23992151806324,62.2985278330572,3.0
51.45840657292204,51.6053581237793,51.843572595613715,51.63577909743835,49.8997063367307,0.0
54.04056557171189,56.412357330322266,56.2767006458112,55.57654118261511,51.6185460477725,1.0
56.91824654803313,55.08970260620117,55.23580759107629,55.747918915103526,56.4799031283125,2.0
52.166454001930894,53.10098648071289,53.403750440488366,52.89039697437738,54.4280412433131,1.0
57.7228553394076,58.65381622314453,58.93231190543893,58.436327822663685,66.5582650408145,3.0
66.74350791569192,66.6338119506836,67.577345497715,66.98488845469683,63.0230033593073,3.0
47.49114875167542,48.1684684753418,49.44018618324681,48.366601136754674,43.2709237612461,0.0
52.959472240641205,51.703128814697266,51.88987263361024,52.184157896316236,58.7024748440422,2.0
67.45129638516335,69.39458465576172,67.03406155864066,67.9599808665219,76.9664792860864,4.0
69.9066807384735,67.27803039550781,67.0915976599045,68.09210293129526,69.4503239752855,4.0
51.29805620474217,53.6129150390625,54.11601457221619,53.008995272006956,51.2752429956616,1.0
55.51593733594351,54.26884460449219,54.593334342651794,54.79270542769583,43.5756600706626,0.0
64.11232690132721,69.33516693115234,70.36476423160443,67.93741935469465,66.4034894466683,3.0
50.01041415523339,50.21922302246094,50.6267702189336,50.2854691322093,39.4786984390507,0.0
57.854663011645584,53.64976501464844,55.99504820841955,55.83315874490452,52.4624875200107,1.0
62.60519737394135,61.18987274169922,62.188726879972805,61.99459899853779,62.4844068600165,3.0
55.01735538649227,56.14938735961914,56.34740095783041,55.838047901313935,55.8098228990706,2.0
56.68968111951022,55.96719741821289,58.429938015622376,57.02893885111516,47.9515217487854,0.0
64.95441588001249,66.25205993652344,65.66938452936644,65.62528678196746,61.9954737621813,3.0
58.128800201052265,54.8386116027832,55.31970759795808,56.09570646726451,56.0076465963246,2.0
70.78784543821094,71.51860809326172,70.81457248845692,71.04034200664319,82.950293200707,4.0
56.91824654803313,55.08970260620117,55.23580759107629,55.747918915103526,43.4414019665779,0.0
56.037908617390336,58.21854782104492,58.2124422238489,57.48963288742806,54.9930632703618,1.0
50.47060528102989,52.23997116088867,52.40131197701623,51.7039628063116,38.1595016852028,0.0
53.53892730768005,53.868106842041016,54.40800233857035,53.938345496097135,57.7794801541011,2.0
51.134215786113934,54.75885009765625,55.07841315489952,53.65715967955657,56.5403502826108,2.0
53.5673959401636,54.94049835205078,54.85151727319545,54.453137188469945,52.0952884086191,1.0
57.125111126637904,54.831565856933594,55.64096263585329,55.8658798731416,62.1512848373591,3.0
51.518718217667065,53.03779983520508,52.635957447296434,52.39749183338953,50.7576196748977,1.0
78.94384877521902,73.3044204711914,74.12960048415844,75.45928991018963,70.3217081951388,4.0
58.00483969995773,56.319210052490234,55.63951686059727,56.65452220434841,56.6077231727684,2.0
53.60397906375531,54.2885627746582,53.756670478351985,53.88307077225517,34.8125084165571,0.0
57.82438578843509,59.9015998840332,59.66452229640289,59.13016932295707,59.7419792237728,2.0
54.41570951420916,57.34912872314453,56.910942825160014,56.22526035417124,57.2019749477473,2.0
52.826117571361706,56.211509704589844,54.65165261708744,54.563093297679664,57.775368120253,2.0
62.49745367561658,60.8978385925293,60.67779394539227,61.35769540451272,51.3341341208522,1.0
70.5221422864622,71.8088607788086,70.13590189520532,70.82230165349203,73.7460420822067,4.0
48.535603685601366,50.45841979980469,50.81116395313204,49.9350624795127,40.7627174014774,0.0
56.3578784688794,57.88747024536133,54.77612917318326,56.34049262914132,54.7806036089881,1.0
55.27079257033016,52.122352600097656,55.08839620575779,54.16051379206187,44.8766227683126,0.0
71.24495359728986,70.79622650146484,70.6689273847971,70.90336916118393,67.9878285807109,4.0
70.81363074453064,70.80498504638672,71.21393165981327,70.94418248357688,62.6308578935173,3.0
54.4054895332407,54.3105354309082,55.12420512002663,54.6134100280585,51.6211632868391,1.0
59.28543120026199,60.08074951171875,59.75380576928841,59.70666216042306,58.0397201568981,2.0
53.413160261912886,53.023719787597656,53.90042988012335,53.445769976544625,56.930047406214,2.0
72.43720383486135,70.69674682617188,69.23015326283591,70.78803464128971,77.7737384388859,4.0
54.71841972011958,55.297637939453125,55.309469543922724,55.10850906783181,48.2982727696921,0.0
52.46763891330185,51.032039642333984,51.68052991705451,51.726736157563444,65.1812486716788,3.0
52.71509696479317,48.43253707885742,50.840204245112055,50.66261276292088,44.2364299932132,0.0
71.37683897174612,70.50593566894531,69.25290044580679,70.37855836216607,72.8196840069927,4.0
54.88283743368657,56.529335021972656,55.984384038517355,55.79885216472553,62.3456887349727,3.0
55.30314271000197,54.600059509277344,54.723809585075934,54.87567060145176,62.4068112159626,3.0
51.424625745911214,49.71042251586914,49.59339337495418,50.24281387891151,52.6989891109771,1.0
69.84727465032103,69.16107940673828,69.41797594756991,69.4754433348764,75.3360278073818,4.0
52.9960778640977,54.450103759765625,55.37979534100346,54.275325654955594,60.4072811927633,2.0
52.375152767200966,53.280826568603516,52.84613818249195,52.83403917276548,56.6792429448265,2.0
59.631496244149,58.48334503173828,58.005452104582545,58.70676446015661,63.5941167436841,3.0
70.6839647261488,69.47479248046875,70.81894369519314,70.32590030060356,61.1736713441366,3.0
58.45244277497578,58.63230895996094,57.88904875831973,58.324600164418804,51.9809875279942,1.0
68.88606523529943,69.69741821289062,69.19978035739884,69.2610879351963,61.1889276592896,3.0
58.29997078638628,59.54014205932617,57.64759022616647,58.49590102395964,51.9753603506601,1.0
68.26573625402753,67.51226043701172,67.17032182323206,67.6494395047571,73.4291601321692,4.0
59.22895326663176,56.910667419433594,57.63171338620345,57.92377802408961,45.4607308652268,0.0
54.05027862035483,52.402408599853516,51.840380442514515,52.76435588757429,50.4531241761696,1.0
55.67571944442067,55.38606643676758,54.858125651074765,55.306637177421,44.9168986154837,0.0
58.13044492149066,58.04288864135742,55.20246008931407,57.125264550720715,63.9900519892005,3.0
54.26243573388556,54.576751708984375,53.91390402768221,54.25103049018404,46.56486516062,0.0
58.881001796288835,59.53307342529297,58.336074173497565,58.91671646502646,58.3658868652037,2.0
55.723859651354395,55.83345031738281,55.60367113829189,55.720327035676355,59.1981915204772,2.0
68.28324197358798,69.36768341064453,69.17927997308469,68.9434017857724,67.5338645192172,4.0
58.19021314284251,60.44023513793945,57.40982710542399,58.680091795401985,62.3864927560688,3.0
54.05170626713259,53.01393127441406,53.41651111255187,53.494049551366174,55.7753838946155,2.0
56.570524333404364,61.01894760131836,57.4760515524733,58.35517449573201,56.9023045850645,2.0
56.02180522841414,56.002952575683594,56.49244380057003,56.172400534889256,52.9645104964337,1.0
61.939339445023734,62.66764450073242,61.19234997496474,61.933111306906966,57.1531011400124,2.0
46.50626929048024,47.872005462646484,48.880995247051196,47.7530900000593,47.4489220705629,0.0
51.042409401292936,55.07179260253906,54.91022341337615,53.67480847240271,56.4220128592525,2.0
54.68590503698403,56.6379280090332,55.8335460561587,55.71912636739197,57.2019749477473,2.0
63.98626879013198,67.29834747314453,66.1158220152015,65.80014609282601,68.186099816117,4.0
71.3945496117541,75.8543930053711,73.23351596631294,73.49415286114605,73.8037353979408,4.0
53.65730250285975,52.92412185668945,52.17786397982899,52.919762779792734,46.489172362268,0.0
52.88935381116682,52.686729431152344,52.22495574798621,52.600346330101786,51.8022930089067,1.0
51.77209571622345,52.02313232421875,51.96409214414861,51.919773394863604,55.5622855414097,2.0
50.776762362277,50.6683349609375,50.243479928552915,50.56285908392247,63.2669087545516,3.0
59.56344301346942,55.0881462097168,55.91022586817615,56.85393836378746,57.0152477079518,2.0
47.68458311263601,51.236942291259766,51.561875794946815,50.161133732947526,62.8338080455991,3.0
71.90659659589818,72.05133819580078,72.60199108572891,72.18664195914262,70.1553779114517,4.0
53.33165387649599,54.43327331542969,54.208466081975416,53.99113109130036,52.6348466336306,1.0
49.43949238135219,49.342376708984375,49.71741120752735,49.499760099287975,55.612695939916,2.0
68.25735036600689,72.42256927490234,70.78065923126574,70.48685962405834,74.7688683489477,4.0
53.09643388761633,50.694149017333984,50.750997307782086,51.5138600709108,65.4159660334724,3.0
46.89509866516873,48.78127670288086,49.24753584853966,48.30797040552975,43.2652090879646,0.0
55.82690020604988,53.16093444824219,54.641221518511806,54.54301872426796,53.058661018119,1.0
52.72634831856295,50.90822219848633,52.1776140938328,51.93739487029402,54.1869297252037,1.0
49.792075056035934,50.30751419067383,51.86353709940124,50.65437544870367,52.449636728983,1.0
53.679600036181256,51.52077102661133,51.739932811067334,52.31343462461998,62.5604772482601,3.0
58.563431103292075,58.83485412597656,60.31503823077026,59.237774486679626,60.8351348361646,3.0
52.89650096989239,54.17564392089844,54.27181180486317,53.781318898551326,58.1661412701244,2.0
67.70528092121202,65.9228286743164,66.47143974156417,66.69984977903086,62.3288025808435,3.0
60.10292526055294,60.37153244018555,60.26514191098965,60.24653320390939,60.3716354891235,2.0
58.235524330052286,59.8510627746582,60.301256369909055,59.46261449153985,60.9087181634607,3.0
51.69787773477774,53.50907897949219,52.94918557334295,52.71871409587096,44.5779657228683,0.0
54.97777577785558,53.80609893798828,55.50522519055992,54.763033302134595,47.0869923560211,0.0
52.35936254263586,50.64244842529297,50.59797436859668,51.199928445508505,49.947644848497,0.0
55.83806715206424,57.122310638427734,56.99045451795481,56.65027743614893,58.1947987162671,2.0
52.56144602219062,53.74712371826172,54.136431194988766,53.48166697848037,48.680487439852,0.0
71.03344900114256,70.2334213256836,71.25749096779383,70.84145376487334,70.426871262038,4.0
54.10603125205145,45.45602035522461,49.34942126323148,49.63715762350251,41.6056414751913,0.0
50.6332167751688,50.73394775390625,49.57967713435064,50.31561388780856,51.3395662212134,1.0
49.58723933312342,49.10818099975586,48.70872229227046,49.13471420838325,49.6295071087053,0.0
57.24663466307607,53.70133590698242,53.944791591300195,54.96425405378623,56.5439984176002,2.0
56.35294215797176,56.15848922729492,56.095299419651425,56.202243601639374,57.4784302584679,2.0
46.047104526977776,48.028709411621094,48.7565554826241,47.610789807074326,48.562676930619,0.0
49.92528394655858,53.16718673706055,53.829198570053954,52.3072230845577,57.2310901902296,2.0
52.38443299332847,51.86456298828125,53.185759501393,52.47825182766757,57.0555964225033,2.0
59.30824481982557,53.86851501464844,57.204768832720944,56.79384288906499,65.4135934723974,3.0
71.25760891937735,71.83820343017578,71.76168369059373,71.6191653467156,70.1906294868677,4.0
48.83756427728709,50.598358154296875,51.045897044509275,50.160606492031086,44.7553077665815,0.0
46.0498386146904,49.77932357788086,50.328705796885146,48.7192893298188,52.7860532826648,1.0
74.07870023026355,75.16035461425781,74.7690010800126,74.66935197484466,58.88915440252128,2.0
49.78984219134707,49.44057846069336,50.20507414037354,49.81183159747132,56.2442712577275,2.0
54.20693077878018,55.20162582397461,54.36208393910349,54.59021351395276,61.5731537570727,3.0
56.020659868195935,55.046634674072266,53.12530136784481,54.73086530337101,65.3788348902888,3.0
58.60553460664035,56.84182357788086,56.42649269627001,57.29128362693041,57.3578718804536,2.0
71.37083258629511,71.5365219116211,72.35929321773533,71.7555492385505,67.5566449401929,4.0
52.4515523782776,52.70333480834961,52.74950663668498,52.63479794110406,42.3763188354995,0.0
61.626490009897786,60.68998336791992,59.67575701264039,60.664076796819366,71.5538310166707,4.0
53.702682442499594,54.70671081542969,55.027815221770794,54.47906949323336,47.7683427636198,0.0
53.16023637386641,54.81858444213867,55.3338369999214,54.43755260530883,53.9970531199202,1.0
58.93017847856495,59.55421447753906,58.56488566422719,59.016426206777076,64.0075297784646,3.0
58.70398292463727,55.8038330078125,56.89416917724268,57.13399503656415,46.9440857687016,0.0
57.72632507796899,58.69050979614258,58.12274051581739,58.17985846330965,48.5089162616201,0.0
56.72251113891407,54.98027038574219,54.66222759170676,55.45500303878767,52.5989252337813,1.0
52.09853167554883,49.286197662353516,49.51653080671193,50.30042004820475,57.7574872521105,2.0
54.4791779042909,56.426025390625,55.37138684842275,55.42553004777955,55.2410007176153,1.0
68.38228024852913,68.49655151367188,69.29915174791867,68.72599450337323,63.5963413077476,3.0
55.84422183507442,55.68142318725586,54.90768149919385,55.477775507174705,59.8621503045744,2.0
53.476176738222144,52.789974212646484,53.460478106805425,53.24220968589136,51.2254925164902,1.0
60.382111630817114,59.28757095336914,60.278701406716834,59.98279466363436,63.2142484875871,3.0
66.75799304557326,70.1591567993164,69.3703697077674,68.76250651755235,69.4415679187795,4.0
59.31138436534989,60.092041015625,60.100727116590384,59.83471749918842,62.0513703234843,3.0
69.49573433842973,69.26993560791016,70.85024981507476,69.87197325380488,53.2463310819468,1.0
73.85377338035319,71.71176147460938,71.70799379574798,72.42450955023685,79.1078337372667,4.0
56.07557730906074,51.93634033203125,51.86370960688937,53.29187574932712,58.5334419715615,2.0
45.719376894541895,46.101043701171875,47.37536237011583,46.39859432194319,40.7840724597849,0.0
55.220129887515526,52.66067123413086,51.909133799889645,53.26331164051201,49.5787436820749,0.0
58.675188808948334,57.99079132080078,58.66404081948339,58.44334031641083,57.4034670497068,2.0
56.37427883076341,53.756996154785156,54.047725132681485,54.72633337274335,56.0726968190679,2.0
48.369953343649826,51.03934097290039,49.85054530954378,49.753279875364676,50.8773905926389,1.0
75.76345396443747,77.20704650878906,75.05689993954893,76.00913347092516,75.1199524997006,4.0
71.73651100539416,71.00203704833984,71.22916646194058,71.32257150522486,69.1317733821828,4.0
60.269202698168506,59.90122985839844,60.33683721629962,60.16908992428885,62.610839239549,3.0
51.20740231485981,53.28690719604492,53.60590422951383,52.700071246806196,49.6958847041363,0.0
57.83939667072509,58.90151596069336,57.53484891867746,58.09192051669863,62.0308280647975,3.0
58.39601089357716,55.76070022583008,57.52830311533165,57.22833807824629,60.6456236753785,3.0
69.90284686416918,71.55533599853516,70.89040275000801,70.78286187090411,69.8750624279045,4.0
53.170889572642885,49.61050033569336,50.252609708764055,51.01133320570009,52.999609150496,1.0
56.14253603526573,57.505645751953125,58.43611110569241,57.36143096430374,60.3756383178549,2.0
53.91954066409548,51.79820251464844,51.81607635804397,52.511273178929294,48.5554465792402,0.0
56.54689703632841,55.95051574707031,55.972151763725144,56.156521515707965,54.5008563342075,1.0
56.45654850123536,56.20183563232422,56.46699264203961,56.375125591866386,63.3731441133153,3.0
69.418650164535,69.25370788574219,68.82726636808069,69.16654147278597,75.9284351643889,4.0
54.213242175049864,56.37995910644531,53.94901213777196,54.847404473089036,56.3857200274806,2.0
53.09388590516001,52.60202407836914,52.144719813452376,52.6135432656605,55.0681467873174,1.0
64.67005890372212,62.93546676635742,64.58411729739821,64.06321432249258,65.5241149158987,3.0
66.56407840530096,66.28254699707031,66.87254628490949,66.57305722909359,63.1479522754724,3.0
54.561608923622416,54.934268951416016,55.05146085921214,54.84911291141685,56.3849965324314,2.0
69.14383250678576,68.77867889404297,68.50902730674296,68.81051290252388,70.8078130462243,4.0
58.22021304878948,60.932857513427734,59.550341081206305,59.567803881141174,69.1254223608985,4.0
53.73780696700834,55.42393493652344,51.57815215556139,53.579964686364384,63.1449678225306,3.0
51.872152503077444,53.21907424926758,50.93436350334286,52.00853008522929,42.139989386822,0.0
57.91659962226671,58.074676513671875,59.45602218659148,58.48243277417669,51.9954974215641,1.0
57.65952634471537,58.18559646606445,58.61875388840736,58.15462556639573,57.6503404062284,2.0
65.79861708597292,69.34660339355469,68.85988527256613,68.00170191736458,58.0960014168592,2.0
68.75085351534376,69.15918731689453,68.25627771836287,68.72210618353371,68.7869413604524,4.0
51.9445403555237,52.57190704345703,51.87714518333899,52.1311975274399,49.2435286068614,0.0
54.78523695501243,54.830326080322266,55.00242800591245,54.87266368041571,59.6000934007869,2.0
67.28002422391948,68.52204895019531,69.2926568384285,68.36491000418111,80.8741036060301,4.0
66.74968094549743,69.86619567871094,68.25848712812727,68.29145458411189,71.3339159789787,4.0
55.810368286177784,55.01569366455078,55.03791830058218,55.287993417103586,46.8196871148079,0.0
53.469543885059544,54.1190299987793,54.29383818308094,53.9608040223066,53.1264476781475,1.0
52.72654271899905,55.610008239746094,54.84189074095853,54.39281389990123,53.2035445764116,1.0
52.513802357490725,58.122764587402344,56.99170344944653,55.87609013144654,54.7554279666296,1.0
51.302736622867684,55.31226348876953,54.64402247852843,53.753007530055214,57.8400669225001,2.0
46.178641930010066,49.18479537963867,49.99091383849381,48.45145038271418,45.7759943217878,0.0
70.04635758021932,68.37516021728516,70.10982968960624,69.51044916237024,58.8538657745945,2.0
72.15237027532918,68.79419708251953,68.06776643571676,69.67144459785516,81.6553940370952,4.0
55.749971846010254,54.93563461303711,54.13781338053212,54.941139946526505,65.36051575746,3.0
51.045355093379015,52.98796081542969,54.258269300341624,52.76386173638344,43.9864965533576,0.0
69.29231611536017,72.12197875976562,70.05639103610584,70.49022863707721,68.6099521243294,4.0
56.26618304816269,55.15217971801758,55.615400855820575,55.67792120733362,59.6273144660487,2.0
48.68488058413967,51.8045768737793,52.47900675859469,50.98948807217122,42.6190325122398,0.0
55.048190375625516,55.359153747558594,54.380569968757285,54.929304697313796,63.8442430452353,3.0
68.28482007083564,69.90210723876953,69.8735930427671,69.35350678412408,82.0348177294144,4.0
67.75428319889544,67.17658233642578,67.86872476621517,67.59986343384547,62.1583403558419,3.0
52.50309452038956,49.350006103515625,49.29748429803893,50.3835283073147,49.4101517738019,0.0
54.938436624633745,56.75461959838867,57.146273870731456,56.27977669791795,54.5677036409642,1.0
66.30889782348305,66.60676574707031,67.23087039699087,66.71551132251474,64.4672347879934,3.0
41.909681623969156,46.24971008300781,46.86345178690361,45.0076144979602,38.3397121187609,0.0
47.51305602895891,47.634708404541016,49.41172030209507,48.186494911865,49.3572036639959,0.0
55.800615704097716,55.08864974975586,55.0944063119101,55.327890588587884,47.5342914821125,0.0
49.73126014296529,48.94557189941406,49.124532388677224,49.26712147701886,53.8572357701791,1.0
52.05345004058976,52.642459869384766,53.57724205322289,52.7577173210658,56.9587828684544,2.0
53.24328640883665,54.19654083251953,53.81490676887442,53.7515780034102,52.5164319261057,1.0
57.10160751218561,55.72150421142578,54.89853163163067,55.90721445174736,60.3303616750304,2.0
56.087748995863855,58.147117614746094,58.53956623100361,57.591477613871184,56.2099485679075,2.0
70.37155402028125,70.79454803466797,71.15656360894467,70.77422188796463,63.4884411071106,3.0
57.39929551421934,61.035484313964844,57.914184563856,58.78298813068006,62.8657748526631,3.0
60.19778361078172,67.5167465209961,64.29310598398263,64.00254537192015,62.0889381973557,3.0
59.06655793946794,57.552852630615234,57.14547512142845,57.9216285638372,59.5538500998744,2.0
60.162348930104564,57.424652099609375,58.81015900820465,58.79905334597286,60.7073353065699,3.0
46.68657972268939,50.47707748413086,50.57278076861568,49.245479325145304,48.886536680174,0.0
54.611519070276756,51.012454986572266,51.784209081410886,52.469394379419974,53.6836534740049,1.0
66.5328691124821,66.47261810302734,66.9283662771728,66.64461783089409,65.913518975149,3.0
76.317319490741,79.84854888916016,78.873492353526,78.34645357780904,83.6512351437993,4.0
69.48191191088586,72.55401611328125,70.74986991452934,70.92859931289881,68.4905975257117,4.0
56.72251113891407,54.98027038574219,54.66222759170676,55.45500303878767,52.5989252337813,1.0
69.42075011767557,66.7810287475586,71.40378157994807,69.20185348172741,85.4598847765599,4.0
60.24980125725413,57.08904266357422,58.48423745684636,58.60769379255823,59.2082990627965,2.0
56.6570717473223,56.651973724365234,56.24491843336955,56.51798796835237,62.4387892889519,3.0
56.3421483994661,55.56887435913086,54.84610176217284,55.58570817358994,62.7826286583248,3.0
59.1447443330704,59.866233825683594,60.10382212188091,59.70493342687829,57.6127354050901,2.0
52.06031796582701,52.19608688354492,52.70699352572105,52.321132791697664,52.2387476983545,1.0
53.13951796703215,55.87452697753906,55.46110232830378,54.82504909095832,53.7213494121449,1.0
57.520630166206914,54.97811508178711,57.54557045014811,56.681438566047376,51.7608197701902,1.0
58.0976552173372,58.94853210449219,60.50072883695974,59.182305386263046,68.3331370130756,4.0
64.63824224558127,66.42282104492188,66.60221077591913,65.88775802214076,56.030730384584,2.0
53.09164345615775,51.487098693847656,51.81374137229612,52.130827840767175,48.5902428492625,0.0
56.49105959440704,55.92616653442383,55.501354696117595,55.97286027498283,53.0977425449696,1.0
76.52239863517161,77.2657241821289,75.83208600690719,76.54006960806923,80.4793706582362,4.0
71.63878402699675,72.75070190429688,72.17214947860776,72.18721180330046,71.3833438644896,4.0
61.29602015187116,60.854366302490234,60.89605466480813,61.01548037305651,63.3588379909242,3.0
67.80769197493814,66.88519287109375,67.78817562810204,67.4936868247113,65.5428077648197,3.0
59.23936699569271,58.26568603515625,57.103325190265465,58.20279274037148,59.4477971707189,2.0
52.95435169274674,50.73394775390625,49.57967713435064,51.089325527001215,55.8203540818875,2.0
58.14575767716101,54.813140869140625,54.233657914235025,55.73085215351222,62.3645186082761,3.0
48.48869860308982,50.774356842041016,51.11562353842351,50.12622632785145,45.8134892115318,0.0
57.633082756439165,58.76419448852539,59.418316567699605,58.60519793755472,55.343822442442,1.0
54.39320832363784,55.34947204589844,56.456883341049505,55.39985457019526,56.1315017068884,2.0
55.63643291636952,57.456687927246094,57.61469216910825,56.90260433757462,52.8511027970974,1.0
54.41012836728164,51.96352005004883,51.86197771618448,52.74520871117164,47.2404586837883,0.0
60.67007183354959,61.22758483886719,60.04666415812121,60.648106943512666,61.318158998412,3.0
53.62983474707527,53.37462615966797,54.5853493910556,53.86327009926629,62.2648193391378,3.0
67.01858030960317,67.88513946533203,68.20716200210164,67.7036272590123,63.2428229752031,3.0
55.77530090091082,55.143611907958984,54.33925683584481,55.0860565482382,57.1030998400367,2.0
53.15228452691396,52.902069091796875,54.16229194910633,53.40554852260573,54.745295894071,1.0
68.50817225848911,68.72632598876953,70.42127484739623,69.21859103155163,63.5333217983614,3.0
54.13942429570705,54.534339904785156,54.92749741161292,54.53375387070171,55.8774881147924,2.0
57.85842556813499,60.02627182006836,59.008164935073225,58.96428744109219,62.1570799087939,3.0
59.41156276048243,57.83774948120117,56.17042971470147,57.80658065212835,64.0900371845751,3.0
55.41516011288314,52.15526580810547,53.477561441230094,53.6826624540729,47.3827015688094,0.0
55.59276969563655,55.07666778564453,55.35309587357161,55.34084445161756,57.8217109262513,2.0
58.70965394055733,55.84626007080078,56.926801077367095,57.16090502957507,48.920918940678,0.0
56.28507921251557,55.55207824707031,54.99047397717566,55.60921047892052,57.8098489653804,2.0
56.79380687556151,54.51007843017578,55.04758885761267,55.45049138778332,57.0658582243071,2.0
57.84499530341363,57.449676513671875,57.90895204683682,57.73454128797411,60.3932912043558,2.0
52.65415311108796,56.75437927246094,57.44983052278289,55.6194543021106,50.3899066155231,1.0
51.561928694605804,55.32368850708008,54.53795305047281,53.807856750719566,52.8713944609033,1.0
49.802160455976946,49.45355224609375,49.767837436167866,49.67451671274619,45.2994152334756,0.0
57.53540137584744,55.1581916809082,56.234673348219204,56.30942213499162,60.2527449529404,2.0
52.62522249885023,56.366424560546875,56.1545902181827,55.048745759193274,62.2349326253584,3.0
52.25309052132087,51.126319885253906,49.99475940357624,51.12472327005034,55.3669284535784,1.0
55.246995605215595,53.92002487182617,54.31376936975487,54.493596615598875,50.9444525152996,1.0
71.58068617927908,71.13439178466797,74.79906043140554,72.50471279845087,65.542377862877,3.0
57.458756074800526,56.38079071044922,57.2218640540954,57.02047027978171,51.7230573479054,1.0
57.80681071495257,55.997825622558594,56.190594604968155,56.66507698082645,59.4802274726562,2.0
56.974862612048746,55.309635162353516,55.11130508601391,55.798600953472054,57.7240998178758,2.0
73.50434457788282,71.53068542480469,71.21551233986393,72.08351411418381,68.322493259755,4.0
68.84931123374062,69.97737884521484,70.81465861709594,69.88044956535046,72.1902140470142,4.0
70.25718656930141,69.1252212524414,69.16083165412242,69.51441315862174,73.5297471793801,4.0
52.92636252770071,59.7605094909668,58.931094013568696,57.20598867741207,47.4606817492772,0.0
60.72054467004894,57.837852478027344,58.46023741077727,59.00621151961784,58.7868325798979,2.0
69.87425692287594,70.94029998779297,70.2646319476965,70.35972961945514,65.4260998644345,3.0
68.64863579021782,69.26255798339844,68.914138280534,68.94177735138344,64.2554636677998,3.0
58.58502264751597,60.431983947753906,59.25628351001264,59.42443003509417,60.7111832657339,3.0
55.688090835913705,55.061344146728516,55.21117957464505,55.3202048524291,49.5062271608057,0.0
58.37551596502777,57.31049346923828,56.713265720036205,57.46642505143408,58.5811152704149,2.0
69.72860479294843,71.02786254882812,71.31852380339191,70.69166371505615,72.9597875546297,4.0
54.18327331221911,53.690574645996094,53.411218071514455,53.76168867657655,56.0168188357666,2.0
52.72573780486851,50.14363098144531,50.45767930306762,51.109016029793814,46.332951584306,0.0
52.117872785747004,51.305545806884766,52.00117968353211,51.80819942538796,39.8173575201605,0.0
69.96659679513377,71.31600189208984,69.69618264524603,70.32626044415655,80.758369525601,4.0
54.61786792427185,55.656219482421875,56.518425402114666,55.59750426960279,60.7140128397191,3.0
73.64220206479926,74.83207702636719,74.89193033217725,74.45540314111456,79.5361250192696,4.0
60.30555162705562,59.254783630371094,59.374775494071635,59.64503691716612,65.5124745089126,3.0
50.74906046834983,51.99082565307617,50.1104355369898,50.95010721947193,46.7287513068164,0.0
47.76680929993825,48.63544464111328,48.73537240088976,48.379208780647105,47.2261759695603,0.0
51.83877751484747,53.09806823730469,53.73084362876702,52.88922979363972,48.8719478597896,0.0
47.47464840134276,49.155517578125,50.513287943127786,49.047817974198516,43.419693612329,0.0
55.22132241210456,57.588260650634766,55.86016510024449,56.22324938766127,56.1466202446259,2.0
56.06270560386013,56.37263107299805,54.70342205664043,55.71291957783287,59.1432065195707,2.0
54.94445704932416,56.97905731201172,57.3495568505166,56.424357070617496,60.7262524980773,3.0
53.31143957146228,54.647216796875,55.3479460280269,54.43553413212138,54.4182795419443,1.0
72.00783161425244,71.23231506347656,70.13498376293647,71.12504348022183,72.9790308750592,4.0
53.537387670839585,49.632545471191406,50.618545639598175,51.26282626054306,55.9148416938924,2.0
49.607664435572566,52.569091796875,51.99372993154945,51.39016205466567,52.2139806342166,1.0
71.97185508660252,70.016357421875,73.23878534330927,71.74233261726228,63.5760955059784,3.0
69.89802412630479,71.58502960205078,69.68274414525801,70.38859929120453,75.7685581868727,4.0
52.34118937972704,51.82585906982422,49.63974150458996,51.268929984713736,54.8720650561502,1.0
69.20717633594322,69.99459075927734,70.90289102760248,70.034886040941,67.4380503365638,4.0
58.80959283615186,57.49092102050781,57.778711165927675,58.02640834086244,64.9765521954753,3.0
53.23709408391229,53.44916534423828,53.781226630171105,53.489162019440556,49.5201368386873,0.0
58.97568530844845,55.973392486572266,56.95137272303872,57.30015017268648,58.7740912007441,2.0
75.48683546868261,74.36231994628906,74.76195674292961,74.87037071930042,79.7178812457656,4.0
53.96747883950672,52.56614685058594,53.11016805914393,53.214597916412195,50.4436238373174,1.0
53.972645804090796,52.956478118896484,54.3909841122626,53.773369345083296,55.1845050522228,1.0
61.603513346083744,60.5042610168457,59.92567880555676,60.677817722828735,60.2717999988998,2.0
54.93248417077889,50.87355041503906,50.721473826630046,52.17583613748267,53.5747922521098,1.0
54.7443688317085,53.66026306152344,53.52452183152304,53.97638457491832,60.8731138244324,3.0
74.80925196401118,71.86542510986328,71.03649130097229,72.57038945828225,70.7582575814018,4.0
55.272489677180666,53.85359573364258,55.64295272458017,54.923012711801135,53.4164792931908,1.0
59.33339926659431,58.258792877197266,59.300118975311385,58.96410370636766,56.8493631576659,2.0
73.07858532382812,72.7339096069336,71.6014858307704,72.4713269205107,79.0950860249083,4.0
47.45330692572731,47.126976013183594,47.475782912610086,47.352021950507,48.570802104245,0.0
59.578850890061005,57.176570892333984,59.84130458619709,58.865575456197355,53.5912696114541,1.0
51.488464425543675,52.506874084472656,52.132990433461146,52.04277631449249,47.3715932875518,0.0
48.537361793225315,48.00170135498047,48.322255108322935,48.28710608550957,52.2851548963493,1.0
70.96083434480015,71.89143371582031,71.08289907543222,71.31172237868422,66.1849350977085,3.0
53.60254111780858,51.93403625488281,49.949282683871864,51.828620018854416,51.887880010273,1.0
71.08270100836428,70.66053771972656,69.20592804055356,70.31638892288146,74.2665768242432,4.0
57.723517217768276,58.60655975341797,58.20427558488991,58.178117518692055,60.5965303883199,3.0
59.74738428223096,56.9605712890625,57.07682149343814,57.92825902157719,50.3171326704296,1.0
63.87664700415855,60.075138092041016,63.19439485314223,62.382059983113926,63.508247076325,3.0
60.3001714673459,60.054405212402344,57.59593231523945,59.316836331662564,61.1146328142123,3.0
54.744486526316805,55.20162582397461,54.225690704267606,54.72393435151967,54.3361441850555,1.0
59.9488966863685,62.29195022583008,62.94268490313606,61.727843938444884,58.9205582211557,2.0
61.056524938293336,56.87022399902344,56.08839050007626,58.00504647913101,43.9283788214184,0.0
54.03404727780406,53.77689743041992,55.11473855582906,54.30856108801768,58.2355709746906,2.0
51.674812532352696,53.12836837768555,52.78958930048962,52.530923403509284,45.5730619615781,0.0
45.95796130707831,49.471160888671875,48.73039952303508,48.053173906261755,35.9454181020917,0.0
58.6319668618337,58.516178131103516,60.05151217012458,59.06655238768727,54.2524367666163,1.0
51.562837926636455,50.80390548706055,52.088437804932155,51.48506040620972,48.1020243912399,0.0
68.45813150731317,73.30022430419922,73.52803025081666,71.76212868744301,64.1964974035291,3.0
57.87403788866381,60.384521484375,60.868695811538146,59.709085061525656,48.1343594210384,0.0
70.10665609365083,69.87562561035156,69.16417338666203,69.71548503022147,68.3872547986344,4.0
56.81272727829658,54.63910675048828,54.46888286543854,55.3069056314078,49.2292711266016,0.0
55.44816179044091,55.72677993774414,55.46619273081404,55.54704481966636,49.3294323815738,0.0
56.574412488279435,54.2076530456543,54.90985744939958,55.230640994444435,49.9833116136761,0.0
51.52995471673977,52.67891311645508,52.5580510324426,52.25563962187915,50.2596137000676,1.0
62.03147433143718,59.97035217285156,59.660550567392065,60.55412569056026,69.2105882034638,4.0
65.764183107472,64.22744750976562,64.63726901338222,64.87629987687328,67.2452387408318,4.0
60.96082998495027,60.621219635009766,61.15281878397755,60.911622801312525,63.2142484875871,3.0
48.399506032224636,49.03225326538086,48.86783364608941,48.76653098123163,52.2790590250078,1.0
52.146882980231126,53.69047164916992,53.23917095534356,53.025508528248196,50.4259608900044,1.0
56.85471032713534,54.39814758300781,54.718916787220586,55.323924899121245,55.5171105853716,2.0
44.09741399326642,46.86962890625,47.635314366095734,46.20078575520406,43.9003554673344,0.0
53.62262720495979,54.588199615478516,55.27843358797934,54.49642013613922,56.4137439199466,2.0
53.03279781194772,54.25020217895508,49.43513733252158,52.239379107808126,57.5240558691077,2.0
52.052722603337976,53.03779983520508,53.02138012330135,52.7039675206148,59.2034617867284,2.0
53.87254430293236,54.572017669677734,54.20290244195396,54.215821471521345,51.967933544747,1.0
49.904054873534015,49.93092346191406,50.587216346593806,50.14073156068063,48.9424266793147,0.0
55.75745203932854,55.50990295410156,55.84276883383136,55.70337460908715,56.1536643104272,2.0
59.30517623192461,55.13001251220703,55.16425086806283,56.53314653739815,58.474589027797,2.0
55.98380728987941,56.79843521118164,55.36648892436026,56.049577141807106,54.8901633925293,1.0
53.63828936188882,54.946311950683594,54.534988980288034,54.37319676428681,47.0150362112647,0.0
56.12101272110788,56.07014846801758,56.200262436505454,56.13047454187697,58.6815900199455,2.0
51.82804596057972,52.355743408203125,52.662023978268735,52.281937782350525,49.774522049515,0.0
49.69725648947515,51.57332229614258,52.384791120724216,51.21845663544732,43.6499441215347,0.0
56.336366984450144,52.15526580810547,53.477561441230094,53.98973141126189,58.0878158623643,2.0
58.289234592007745,57.05176544189453,56.78927558059062,57.3767585381643,66.3029106403794,3.0
51.187588561975005,52.39566421508789,52.23608548300489,51.939779420022596,63.7537178868239,3.0
56.72131228451642,52.46135711669922,51.808160505851944,53.66360996902254,54.4940345112319,1.0
57.5833360820625,59.15717697143555,55.876795846762455,57.5391029667535,64.1035704023851,3.0
56.331343986429914,55.84473419189453,55.044230048294445,55.7401027422063,54.7934257182061,1.0
56.433296524637385,55.38808822631836,54.744903592025736,55.522096114327155,56.8558378180904,2.0
49.04729242144837,48.71737289428711,47.61783932948272,48.4608348817394,46.2658624425778,0.0
55.393656497041725,54.925052642822266,55.06300002361731,55.127236387827104,58.5239651030859,2.0
74.27903692957257,75.46246337890625,75.20122978428063,74.98091003091982,70.6775959073853,4.0
56.37203187863896,54.062984466552734,54.544489064508106,54.99316846989993,57.5615899370069,2.0
58.203149343040664,56.04475402832031,55.649694521071446,56.63253263081081,61.0294046715182,3.0
54.689547254660845,54.32433319091797,54.33174077385848,54.448540406479104,43.8864611766125,0.0
61.199725792576366,61.919761657714844,61.27776492816406,61.46575079281842,55.5119317494197,1.0
51.636121939906516,54.14455032348633,53.30447619115836,53.02838281818373,59.2056894723223,2.0
56.90907297519488,55.01641845703125,55.24636841379649,55.723953282007535,52.1138839236557,1.0
50.96074576959433,51.759620666503906,52.64353650285918,51.78796764631914,52.586942697072,1.0
58.8016347385058,57.9592399597168,58.33352038997677,58.36479836273312,57.6263562868173,2.0
46.88197042543122,49.00922775268555,49.6345063474755,48.50856817519742,56.0387203789016,2.0
48.45047315662649,49.88972854614258,50.05017647147025,49.4634593914131,60.9198611466118,3.0
50.973746443043005,50.66866683959961,50.13218530999588,50.59153286421284,52.7569763274977,1.0
56.91104241511677,55.196632385253906,56.12111657254857,56.07626379097309,63.0275539236572,3.0
55.76258539874215,53.928367614746094,53.37881130020801,54.35658810456542,61.0788014451822,3.0
65.45225720005662,64.46703338623047,65.8070435506178,65.24211137896829,62.9407610187611,3.0
52.27988605594012,54.210079193115234,54.41856015038189,53.63617513314575,47.3108631318803,0.0
61.344992350946775,58.313297271728516,57.88181646625354,59.18003536297628,48.2275037128324,0.0
55.52492181399757,54.69459533691406,56.81751689015806,55.67901134702323,48.6755031636928,0.0
70.62353449499723,71.78519439697266,69.72197536468018,70.71023475221669,77.6219337727622,4.0
56.12775344053281,53.94761276245117,52.30646999518306,54.127278732722345,56.4332135180326,2.0
47.02192207944257,50.794742584228516,51.381988935272794,49.732884532981295,51.3910348077514,1.0
74.44102067310968,73.72590637207031,72.18185958867555,73.4495955446185,80.1417543152152,4.0
54.64860959395113,54.464149475097656,53.550127844742335,54.22096230459704,52.2323500938337,1.0
51.55571460777929,52.806060791015625,52.1112172840191,52.15766422760467,56.4611949324735,2.0
69.03637749413006,72.28560638427734,72.9163573617306,71.41278041337934,66.3837737956373,3.0
68.06619070548521,67.85816955566406,67.69740811510206,67.87392279208377,63.8382056327357,3.0
56.5366890096118,57.26480484008789,57.19827057760811,56.99992147576927,56.6631986275875,2.0
68.90659716448222,70.15110778808594,70.85074506777158,69.96948334011324,67.9886026469478,4.0
61.11901730279186,64.48253631591797,60.63098433119378,62.077512649967865,73.8052815792903,4.0
72.00922486898561,71.7636947631836,71.69898555563285,71.82396839593402,76.1414372099398,4.0
56.22021435971925,51.152252197265625,50.81869893407401,52.730388497019625,62.3304352382667,3.0
55.27904586975126,53.37860107421875,54.464734249728494,54.37412706456616,53.7513945745257,1.0
53.5896809838868,54.4875373840332,54.93842116541198,54.33854651111066,55.4738789422425,1.0
55.75117457851605,58.084022521972656,58.141415202223925,57.32553743423754,44.5820908920756,0.0
58.37417149146129,55.68836975097656,55.3850630511887,56.48253476454218,53.2262980935459,1.0
52.420886769528416,50.34303283691406,52.46206784564484,51.74199581736244,46.519031231258,0.0
65.00149053224771,66.05364990234375,65.4851158522932,65.51341876229489,61.3588217274464,3.0
52.66852644616662,53.391456604003906,53.49782746407206,53.18593683808086,55.6327653944068,2.0
56.62193906290857,56.96998596191406,58.14247345564437,57.24479949348899,78.9993030379012,4.0
58.93017847856495,59.55421447753906,58.56488566422719,59.016426206777076,64.0075297784646,3.0
53.47002233524172,53.6249885559082,53.09506115623869,53.39669068246287,44.9530869084825,0.0
67.5185815258602,67.3773422241211,68.89993148975972,67.93195174658034,59.7953940365553,2.0
59.39373224204,57.18001174926758,57.21287138721122,57.92887179283961,56.2580775666754,2.0
72.66850395361726,71.72566986083984,71.60497403045906,71.9997159483054,67.1023459613524,3.0
69.22281742497711,70.99163818359375,69.62414990533867,69.94620183796984,63.2650852989104,3.0
74.51600259668616,75.20755004882812,73.91777755620733,74.54711006724055,85.3869209562356,4.0
54.653740639291776,53.31354904174805,53.13614812134418,53.701145934128,43.4516661032433,0.0
67.39293868289262,68.71971893310547,68.04572363520731,68.05279375040179,72.136928156922,4.0
59.76881498463567,58.962867736816406,57.461590484274325,58.73109106857547,66.0938844632466,3.0
58.10950760382682,55.09202194213867,55.17536393489625,56.12563116028724,61.2462697344177,3.0
56.64926374505039,56.11981201171875,55.70277147334085,56.157282410036665,65.477426809352,3.0
52.047291272401026,55.5675048828125,55.63912601795969,54.4179740577244,45.4034552736209,0.0
59.320741398783184,56.338871002197266,56.42156811791981,57.360393506300085,55.8105774437955,2.0
75.52336239475882,75.62272644042969,74.46086415908307,75.20231766475719,78.763219809038,4.0
47.834695913958505,50.2277946472168,50.328145314532975,49.46354529190276,48.7773229838795,0.0
52.84378160727794,51.68017578125,50.48014428382995,51.66803389078597,40.9573640986173,0.0
67.40424357087005,65.81716918945312,65.21124189507785,66.144218218467,64.5129635408153,3.0
71.37636678889622,70.7684097290039,71.89315491738749,71.34597714509586,71.5521437767362,4.0
48.766548129401414,52.304264068603516,51.407528966818944,50.82611372160795,53.5040851244004,1.0
55.8246930830591,53.71180725097656,52.47565832665265,54.00405288689611,55.9900115287647,2.0
57.82763934248167,55.79229736328125,55.780503620747844,56.466813442170256,53.5464918591194,1.0
56.06695106233496,57.077125549316406,55.36204761240219,56.168708074684524,48.6282799783888,0.0
59.1692738913803,58.10479736328125,57.7311349153641,58.335068723341884,63.412655265229,3.0
54.75510106080989,53.91157531738281,54.94889142989092,54.53852260269454,57.652648199303,2.0
72.95181846396206,72.95573425292969,74.98745856600296,73.63167042763156,68.099861537096,4.0
58.50037444461174,55.68760299682617,54.97091697534701,56.386298138928304,67.5346670270639,4.0
71.7957545978887,68.38433074951172,68.2377317729998,69.47260570680005,65.4208099485012,3.0
51.61163091695021,51.31835174560547,52.087056870414656,51.67234651099011,39.6287473295532,0.0
53.733924885686044,55.397396087646484,54.762223324473545,54.63118143260203,47.3336330116133,0.0
69.75906173109445,71.20867156982422,69.20304550851668,70.05692626981178,75.3764755885133,4.0
70.65426502612738,67.61833953857422,66.7021305332359,68.32491169931251,81.1720574653674,4.0
56.49737588599949,55.84538269042969,57.8093549199166,56.71737116544859,55.6692288250716,2.0
73.86377955056608,70.67652893066406,71.15050985558139,71.89693944560383,69.7651714248308,4.0
68.677390432823,67.6019058227539,68.1867104143816,68.15533555665283,78.8254510784654,4.0
48.218880451496986,49.405677795410156,50.85315864132541,49.49257229607752,49.8739561551993,0.0
55.96330648662911,56.71774673461914,56.2370056789045,56.306019633384246,51.9787468866002,1.0
52.611413295014756,52.380126953125,50.31855312797747,51.770031125372405,56.5908193230881,2.0
49.93568311093996,48.91014862060547,48.72876269197014,49.19153147450519,49.2538051970049,0.0
56.52684125773957,56.35737991333008,56.07150602275508,56.318575731274905,57.5471641083803,2.0
53.36062848488519,53.89910125732422,54.40238739703118,53.887372379746864,62.9126217265115,3.0
52.74644275827591,51.808067321777344,50.63803568448171,51.73084858817831,47.728653255896,0.0
48.73679237111093,50.45841979980469,50.62246823253498,49.93922680115019,60.817750547475,3.0
66.88580397657054,66.6957778930664,66.95591587145698,66.84583258036464,68.9051010148441,4.0
53.286539852919404,52.82352828979492,52.92703284694439,53.012366996552906,53.4310439053785,1.0
55.26316387088157,55.010589599609375,54.46988488219177,54.91454611756091,59.4449937440262,2.0
60.991518612472625,56.930084228515625,57.45348232955733,58.45836172351519,46.5577838166862,0.0
66.24499313161236,67.01761627197266,66.74295467210716,66.66852135856406,66.6330818552879,3.0
72.59391829201641,72.57696533203125,72.4805958663172,72.55049316345495,72.6770826649703,4.0
52.06211612315438,53.39186477661133,54.180279241540056,53.21142004710192,55.520970530816,2.0
61.928306275848556,62.36693572998047,61.42077769473509,61.90533990018804,62.9948150342239,3.0
65.22988691211613,67.94965362548828,67.89420251713284,67.02458101824574,60.167435659602,2.0
53.05550088153645,54.752960205078125,55.33990155465786,54.38278754709081,55.8507671361837,2.0
73.31709339706943,72.73343658447266,72.9985556423308,73.0163618746243,58.88915440252128,2.0
55.21247056361534,52.82819747924805,53.5915793364815,53.87741579311497,47.4297317130455,0.0
72.00384056656509,74.3558120727539,73.66526296840571,73.34163853590825,64.1661732485118,3.0
56.415755738564116,55.4422607421875,55.444587673074636,55.767534717942084,53.3749690093742,1.0
54.78699516263217,53.71159744262695,55.50374016785108,54.6674442577034,42.6128559298214,0.0
71.54364400342574,68.37599182128906,68.59480211032022,69.50481264501167,76.2725133085801,4.0
47.18611635003121,50.51142501831055,50.988761008954796,49.56210079243218,45.3113846494278,0.0
70.19513958073347,71.63064575195312,71.10621371039637,70.97733301436098,71.4595662309511,4.0
53.48629575341373,51.87227249145508,52.82158314338772,52.72671712941884,49.1815552246232,0.0
55.22287062266996,55.59014129638672,57.70604925106053,56.17302039003908,55.8016549978805,2.0
53.26655695281324,52.078712463378906,54.10375470655852,53.14967470758355,46.3451880626824,0.0
73.41531250257596,72.84305572509766,72.10818889600459,72.7888523745594,78.912549680306,4.0
51.0881106500439,49.57283401489258,48.73200681050584,49.7976504918141,56.1584548516191,2.0
50.61486445207786,51.14208984375,51.04358009622557,50.933511464017805,40.5039599892349,0.0
48.59144856999669,46.77682876586914,45.603614450633955,46.99063059549993,52.7069487313636,1.0
71.35054543469452,75.27267456054688,73.46678591543859,73.36333530356,76.3577393942577,4.0
54.41743311594239,56.022342681884766,55.36558281429817,55.26845287070844,52.4928767650248,1.0
56.03088548011914,57.43171310424805,57.04284905908608,56.835149214484424,52.3864233249884,1.0
71.7202420510866,69.82586669921875,69.24155413881964,70.262554296375,70.4506548673226,4.0
54.3993149171629,52.54841613769531,52.65538855685028,53.201039870569495,54.4277995857375,1.0
58.83798180443039,56.25627517700195,54.58162488554322,56.55862728899185,65.9164325162936,3.0
53.51754386493146,54.757999420166016,54.90656384181081,54.39403570896943,52.7521354630571,1.0
50.275081159537905,51.04654312133789,50.95552261767193,50.759048966182576,58.5751744001149,2.0
47.609664664483056,49.34671401977539,49.477767472409134,48.811382052222534,42.2431880592019,0.0
70.22324535184876,71.7786865234375,69.4956275652009,70.4991864801624,58.392319660036,2.0
67.67699325408702,69.46356964111328,69.42954310787492,68.85670200102506,76.6130321602328,4.0
55.83416700562103,55.35832595825195,54.84853045404888,55.34700780597395,47.8232116096264,0.0
77.15403029772581,72.96920776367188,72.27118480362316,74.13147428834027,74.4218120457676,4.0
57.43965910952011,56.75275421142578,56.30281266983242,56.8317419969261,57.9123911775814,2.0
60.691489755413485,58.616451263427734,59.32571358665792,59.544551535166384,56.4562840043062,2.0
57.617715132622855,54.866912841796875,56.1149414971416,56.19985649052044,56.5043546312306,2.0
71.72039273213373,68.77852630615234,69.8831250615187,70.12734803326826,75.7685581868727,4.0
57.14165048550938,54.919673919677734,54.987716806125626,55.683013737104254,59.6273144660487,2.0
55.67678142421256,52.30116653442383,54.608690411924684,54.19554612352035,55.0711634625869,1.0
52.60432151926572,56.190738677978516,55.58219968221115,54.79241995981846,51.5721194197783,1.0
50.481398192032216,52.253448486328125,52.50702915244177,51.74729194360071,43.5205142364452,0.0
52.77694185923746,55.33963394165039,55.79948847630045,54.6386880923961,51.5904672304896,1.0
52.54814847191791,54.380760192871094,54.384394922787635,53.77110119585888,54.0810015577211,1.0
57.76494612441409,57.989166259765625,58.25992748645988,58.00467995687986,57.3218177577411,2.0
53.50411301764451,54.093502044677734,53.439718561791196,53.67911120803782,50.6180977508509,1.0
58.10107217451446,56.39242935180664,55.63214676390476,56.70854943007529,63.5610881379944,3.0
49.72726531653686,52.641204833984375,53.81051370453631,52.05966128501918,45.5512570216158,0.0
49.430357927721595,53.995018005371094,54.24475671728561,52.55671088345943,48.1807145115157,0.0
57.649861290675716,56.03874206542969,54.94147740910107,56.21002692173548,51.8002786899469,1.0
72.78884823410993,70.96082305908203,71.46677138480614,71.73881422599936,69.4001711352135,4.0
54.37197705812833,56.06016540527344,55.85527785117776,55.42914010485985,56.2500374009152,2.0
50.651345709823104,51.887210845947266,52.484961095537834,51.6745058837694,56.8174822074673,2.0
56.24318747032574,56.978328704833984,55.873182339430805,56.36489950486351,67.6850720324354,4.0
70.07364537024706,70.04769134521484,71.20857170316532,70.44330280620908,60.7788864152993,3.0
50.26135902451876,52.134883880615234,52.24855825547855,51.54826705353752,56.8595049920578,2.0
55.456674648404004,55.332393646240234,55.93480019722917,55.57462283062447,52.6599612229447,1.0
53.67418767939261,52.090850830078125,50.02144671798951,51.928828409153404,48.0429432708416,0.0
51.764608005100825,52.24126052856445,52.848303454633,52.28472399609942,45.8070448500577,0.0
65.42210431069475,63.09263229370117,63.98532056444965,64.16668572294851,58.383460272165,2.0
47.260500992209536,48.79737854003906,47.51890917591036,47.85892956938631,45.8184798646812,0.0
63.091491931719176,61.22492599487305,61.095619778356074,61.8040125683161,65.0540799899781,3.0
53.42339618544101,53.48866653442383,54.20228850392127,53.70478374126204,59.4603137021676,2.0
49.38393105058994,47.81257247924805,48.17103600078119,48.45584651020639,39.5969344910253,0.0
68.72132838694684,67.71826171875,69.73109959084785,68.72356323218156,60.8581966186131,3.0
59.506801188794334,57.67499542236328,58.95473415997597,58.71217692371119,55.1847340796556,1.0
70.79179443150932,66.9125747680664,71.90883639836176,69.87106853264584,62.7560189166576,3.0
55.328687727435145,55.28984069824219,55.510990965620664,55.376506463766,48.8847857022866,0.0
52.078668167178684,53.71574401855469,52.64333115318841,52.81258111297393,56.3448753641997,2.0
56.6546885797269,57.60593795776367,58.260157963016965,57.50692816683585,60.7913071794213,3.0
57.94596705457014,59.17717742919922,60.202465024736775,59.10853650283537,58.3987249944143,2.0
69.25473878334702,68.63114166259766,67.7624574749234,68.5494459736227,74.8421342752721,4.0
52.55630037764025,50.247928619384766,48.630424532455926,50.47821784316031,50.8278018282665,1.0
68.7023512370062,68.31889343261719,68.0781353575687,68.36646000906403,64.7721750687588,3.0
54.52774782077317,52.90810775756836,52.9947571904493,53.47687092293028,48.9185869776279,0.0
54.8911051893869,54.65291976928711,54.11714649186526,54.55372381684643,48.3690177175844,0.0
52.92729916810357,54.447357177734375,55.018919107522656,54.13119181778686,50.1185469075047,1.0
46.05925371593248,47.14241409301758,47.23253931259492,46.811402373848324,50.2085315771001,1.0
53.38943984372364,54.67974853515625,54.750492420579626,54.273226933153175,47.0150362112647,0.0
55.728212626673994,56.877830505371094,55.6286510681535,56.078231400066194,56.4554423007825,2.0
56.264835995290596,56.420631408691406,56.85053220246978,56.51199986881726,49.2393257747395,0.0
50.624293010746186,51.413150787353516,51.21574835146441,51.08439738318804,46.1693669836506,0.0
46.75866107216315,47.655433654785156,48.97682645848392,47.796973728477404,44.8897562794786,0.0
64.19216163787712,64.7880630493164,63.72447166925735,64.23489878548362,74.8900047008866,4.0
69.45046805358136,70.17071533203125,69.65154836597547,69.75757725052937,79.784969479732,4.0
61.19304474893848,58.11678695678711,57.143235528766255,58.81768907816394,60.2778756680259,2.0
70.78808066863996,70.427978515625,69.88502097356401,70.36702671927632,61.1152946201196,3.0
63.837973358176775,63.435951232910156,64.06551836505143,63.779814318712795,68.6955038492605,4.0
63.11218039644859,60.49164962768555,59.96023046044475,61.18802016152629,72.1713058551758,4.0
55.737386870766215,53.727848052978516,53.67008397883897,54.378439634194564,59.8173881514119,2.0
55.512666408272196,56.96529769897461,53.49977511427,55.32591307383893,63.1449678225306,3.0
68.23873843495954,69.85609436035156,71.58303645547866,69.89262308359659,67.9505846820891,4.0
48.39288538176291,48.72786331176758,50.40307627843438,49.17460832398829,43.6960745427638,0.0
50.040860638139215,51.701419830322266,52.771650088229826,51.504643518897105,49.7087822531996,0.0
46.79855148262115,46.26272964477539,47.56764240120241,46.87630784286632,43.4766766183129,0.0
49.92460709867754,50.3331184387207,50.65099165812591,50.302905731841385,42.5988775128598,0.0
50.735575220113134,49.03944396972656,48.877995636423925,49.55100494208787,61.888733648719,3.0
72.87413896452873,71.28312683105469,70.82553317123045,71.66093298893794,72.9790308750592,4.0
74.55481972894081,79.39938354492188,75.98097590785777,76.64505972724015,82.3741886013969,4.0
68.67685179526899,68.65966796875,68.55998166614751,68.63216714338883,67.5778233615335,4.0
68.41108546651013,68.03423309326172,68.35104333453481,68.2654539647689,70.5802920513338,4.0
50.68040042576416,51.49544143676758,52.64600067948818,51.60728084733997,54.4664538051609,1.0
56.028924009811185,54.949954986572266,54.33983161483834,55.106236870407265,56.6324899306546,2.0
58.1518632044124,52.882564544677734,54.74594364718843,55.260123798759516,66.8503920118106,3.0
49.05816794997931,45.36237335205078,45.865120938057345,46.76188741336248,48.9169046544307,0.0
63.02079412605429,62.47018814086914,60.33964149154008,61.94354125282117,65.0540799899781,3.0
55.95732286265037,57.97038650512695,56.700866975058624,56.87619211427866,48.2125497109552,0.0
73.45307573346659,72.25222778320312,72.81378511862198,72.83969621176391,58.88915440252128,2.0
67.57086989684748,68.24815368652344,67.80544259072053,67.87482205803049,68.8473778252474,4.0
71.8528653202843,69.64810180664062,68.72036614173577,70.07377775622024,82.8999063622435,4.0
59.15135611181439,59.900146484375,59.61747792349297,59.55632683989412,61.2519649137924,3.0
51.172316558051016,52.86767578125,53.329204477923376,52.4563989390748,46.9202480146466,0.0
51.216939672146985,49.80529022216797,49.91755035984847,50.31326008472114,61.2728428444414,3.0
63.11411549072178,62.472293853759766,62.75299647373094,62.779801939404166,60.9908830868167,3.0
57.03310175666816,57.9996452331543,57.236942422592676,57.42322980413838,51.1569271927945,1.0
51.06657706314968,50.00375747680664,49.86509419670896,50.31180957888842,49.6240854711404,0.0
68.42777386816175,66.5047836303711,68.12876202908497,67.68710650920593,62.3747004434913,3.0
72.5962822629178,69.79515075683594,69.43338747783386,70.60827349919586,69.5745589252172,4.0
72.95569723460265,69.88667297363281,69.68921228093137,70.84386082972229,75.7369140757798,4.0
54.27716842956022,53.187904357910156,56.28035188674467,54.581808224738346,47.8021423114016,0.0
70.78556921133139,71.3603744506836,71.60717620581606,71.25103995594368,65.86189849102,3.0
72.27105977392681,75.0056381225586,71.33684451840021,72.87118080496187,74.5051276491875,4.0
58.31105945807832,57.35342788696289,56.99247395480432,57.552320433281835,55.3022534149962,1.0
52.54402133677696,54.06309509277344,53.49630703056738,53.36780782003925,50.7018281103346,1.0
48.39242517387015,49.40144729614258,48.81332761000715,48.86906669333996,51.7150706005316,1.0
51.49488035322055,53.553550720214844,53.07585989028656,52.70809698790732,50.6653813052708,1.0
73.52451041154278,76.33264923095703,74.89532259876114,74.91749408042033,77.1845877124696,4.0
54.42567129609779,53.01701354980469,52.29056982209093,53.24441822266446,51.7852372976942,1.0
51.567778439658404,53.196712493896484,50.60815293567092,51.79088128974194,41.2449946219802,0.0
57.20507632251721,59.07632064819336,58.81736414026133,58.3662537036573,63.3345579635878,3.0
55.44489728101797,55.332393646240234,55.72912897950013,55.502139968919444,51.948950619265,1.0
73.12394060157939,73.57308197021484,73.28308690428551,73.32670315869325,75.91048265891,4.0
67.7322723331484,68.25581359863281,66.826880521213,67.60498881766473,76.9664792860864,4.0
70.07786746073842,71.66152954101562,68.94788207398254,70.22909302524552,62.5431498470445,3.0
55.936790680942345,51.937347412109375,52.61343854280746,53.49585887861972,55.5037020974835,1.0
51.82448750874809,50.414703369140625,49.4568122095402,50.56533436247631,52.5821122183823,1.0
59.798523667370624,58.28029251098633,59.41189417450203,59.16357011761966,57.0112909072485,2.0
73.76006817338997,73.935302734375,72.68522840083978,73.46019976953491,74.3669364144481,4.0
71.24693545435417,68.71998596191406,68.62011671310897,69.52901270979241,81.3652922221453,4.0
66.30302266142981,68.18937683105469,66.31033806173185,66.93424585140544,66.4153221921474,3.0
73.7068206769272,72.93446350097656,72.87530604849721,73.17219674213365,82.6081860568809,4.0
57.31194399516386,57.68848419189453,58.07539626640199,57.69194148448679,59.4596325176111,2.0
54.09239464802036,55.0508918762207,54.85540385098327,54.666230125074776,68.9526340039251,4.0
55.18898853358477,53.885772705078125,53.57275389572452,54.21583837812913,59.1645669646565,2.0
58.96951382134475,59.029232025146484,57.49420490947244,58.49765025198789,66.3357140617297,3.0
54.342303707789725,52.34833908081055,51.869261908987916,52.85330156586273,46.7937526872097,0.0
72.3708470263699,72.60040283203125,72.93176733116022,72.63433906318713,71.3833438644896,4.0
70.27363201624641,69.95574188232422,69.83200291271537,70.02045893709534,63.4727783878196,3.0
55.1551672835927,56.775394439697266,58.815251018060295,56.915270913783424,65.9009696012862,3.0
55.46723239177975,56.389225006103516,57.597317696304145,56.484591698062474,48.8169982765252,0.0
53.39950514931342,53.63651657104492,54.12125720498206,53.71909297511346,49.2798498422839,0.0
53.24812626872346,54.76258850097656,54.71488244540317,54.24186573836773,57.4261097881814,2.0
60.290100634907986,60.68083190917969,59.94817996152678,60.306370835204824,58.6056451297081,2.0
67.59744032219645,69.54524993896484,68.47499488137984,68.53922838084705,68.6823876215908,4.0
52.03659001953482,53.34716033935547,53.97021808393904,53.117989480943116,61.8583536251635,3.0
53.78515958628616,53.254432678222656,53.00442360601673,53.34800529017519,58.6267795296025,2.0
70.43231729959659,68.21240997314453,67.21334919248773,68.61935882174295,64.6427172774454,3.0
64.62556503864872,66.76536560058594,68.0319527034787,66.47429444757113,68.1648738327963,4.0
72.2845786454854,73.17229461669922,72.07352870167607,72.51013398795357,75.1851086718745,4.0
58.6792094490105,57.910770416259766,56.929841667837366,57.83994051103588,65.8951035673773,3.0
53.54481360809255,51.512516021728516,52.01868229855745,52.35867064279284,48.1888771418489,0.0
51.74470915758133,53.64509963989258,53.57275389572452,52.987520897732814,49.6348893885377,0.0
58.5999022137886,57.68885803222656,57.87066564872945,58.053141964914865,46.1791012801286,0.0
53.90898964123445,52.9365119934082,53.43557578568342,53.42702580677536,52.3298869888161,1.0
44.52889459030264,49.01059341430664,49.24035872656744,47.593282243725575,38.6045460455621,0.0
51.92610105594995,54.876705169677734,54.51317474812555,53.77199365791774,61.4606867490081,3.0
65.86442947394964,66.6351318359375,66.9815442151,66.49370184166239,64.3710011313509,3.0
56.271777750248866,58.30311584472656,58.66253335070274,57.74580898189273,48.1471702779638,0.0
59.028416715109174,60.857879638671875,60.69883913801617,60.195045163932406,60.3986014776836,2.0
48.45495958663546,51.609519958496094,51.604423267060454,50.55630093739734,52.0346072512113,1.0
72.1926946510999,66.62012481689453,70.13717957222406,69.64999968007282,62.7312523898177,3.0
59.252951086835964,58.890586853027344,57.39540320356341,58.512980381142235,45.5013280050373,0.0
69.72417313213253,70.24976348876953,69.51482949038973,69.82958870376393,69.2330508722827,4.0
67.52527299052166,66.81473541259766,65.89791528321608,66.74597456211181,71.0882009504956,4.0
56.33785685136747,55.03529739379883,54.626061925854785,55.33307205700703,49.4533003311116,0.0
52.95996414191464,50.298160552978516,51.67147670844964,51.64320046778093,44.7967438530556,0.0
52.842805640654475,51.88824462890625,54.06767960508309,52.9329099582146,58.9959065378579,2.0
55.60751351940778,58.26935958862305,56.86172662338585,56.91286657713889,55.9974550528915,2.0
62.20399138779974,63.927833557128906,66.01496781995911,64.04893092162925,72.2784219018788,4.0
72.51971060743107,71.02299499511719,71.08909405834817,71.5439332202988,65.5765669677568,3.0
73.868382805465,70.8989028930664,72.53860914020898,72.43529827958012,72.3469619197589,4.0
69.93325374680171,71.1539077758789,71.81332484378169,70.96682878882076,68.4298513837177,4.0
58.40557209039908,58.55315399169922,58.9015632984662,58.620096460188165,49.2694383730833,0.0
70.25148504454656,68.87370300292969,68.28581249951287,69.13700018232971,80.9420336882034,4.0
66.42370736566482,65.71562194824219,66.72586383191103,66.28839771527268,65.0663235266317,3.0
54.03404727780406,53.77689743041992,55.11473855582906,54.30856108801768,58.2355709746906,2.0
69.07651705075713,70.54817962646484,72.47170797220852,70.69880154981017,66.1229504080477,3.0
53.99901870777567,54.48268508911133,53.76695041054388,54.08288473581029,49.3521656194927,0.0
53.39110013519086,53.473087310791016,53.63155809086565,53.49858184561585,55.8390469021645,2.0
62.72512833089273,60.424354553222656,60.60883148780648,61.25277145730729,46.9750847427812,0.0
68.21462552034666,66.92471313476562,67.7749120168645,67.6380835573256,80.3124555573239,4.0
61.33634662908992,60.66645050048828,60.984656336910746,60.995817822162984,61.5746921464859,3.0
71.51307458522483,72.31730651855469,76.15593637435968,73.32877249271307,70.206796045146,4.0
73.6508776446546,72.65550231933594,71.69498073778999,72.66712023392684,74.4616232078759,4.0
55.98933849959531,55.97844314575195,56.2188153940079,56.06219901311838,45.6186643094126,0.0
68.73934081095018,67.6244888305664,66.18251869769149,67.51544944640268,75.8655622595408,4.0
55.358758382582664,53.816837310791016,53.46816681156828,54.214587501647316,60.6068549182199,3.0
54.68694650620821,54.805702209472656,55.20197563972998,54.89820811847028,54.717922704182,1.0
71.07189642169902,71.33680725097656,69.56556759988261,70.65809042418607,76.0514769045643,4.0
69.21066290937584,69.9108657836914,69.70534066991216,69.60895645432647,67.7844855014793,4.0
50.93532012592642,53.850616455078125,52.36279186718684,52.38290948273046,51.9422019188553,1.0
54.211135295070804,55.280845642089844,55.493385922546224,54.99512228656895,46.1113192723801,0.0
59.78966417712443,55.74452590942383,55.509465672953425,57.0145519198339,62.0038098529731,3.0
51.548728833731346,47.94471740722656,47.106034420536886,48.866493553831596,42.4515103387729,0.0
56.131000309299466,55.47878646850586,57.47642554629361,56.362070774699646,51.8002786899469,1.0
54.79147333458347,56.852378845214844,57.122334647482354,56.25539560909356,59.6283232468813,2.0
64.45975030517604,64.2948989868164,65.56201457794782,64.7722212899801,72.5080857952591,4.0
47.2898437021381,48.073768615722656,48.74076232575056,48.03479154787044,43.2877696177723,0.0
57.51671658108861,58.81735610961914,57.353681705617426,57.895918132108385,65.6011201169622,3.0
50.73337249114963,50.85784149169922,51.26050811370045,50.95057403218309,63.4466632575061,3.0
63.24939512532919,60.83702850341797,60.454849194727494,61.51375760782488,62.980959559417,3.0
72.19263860514332,69.16294860839844,69.64716558395207,70.33425093249794,73.5462945929601,4.0
69.2948565820985,68.9308853149414,71.19598656114118,69.80724281939371,66.9768769156225,3.0
44.20009340410249,46.24971008300781,46.86345178690361,45.771085091337966,49.5167630250389,0.0
76.127462708271,71.79597473144531,70.77430433958253,72.89924725976628,79.6830800559007,4.0
57.679906093329386,59.6596565246582,59.88141839296177,59.073660336983124,59.6819099031016,2.0
49.43489583260861,51.35104751586914,51.310793282850824,50.69891221044285,52.28558710915,1.0
54.91821645127831,55.72677993774414,55.46619273081404,55.37039637327883,52.4532913222002,1.0
55.03326289652051,54.32552719116211,54.92279961076542,54.760529899482684,57.583359362397,2.0
43.32008337782281,48.117977142333984,48.88819742374624,46.77541931463435,61.804839955548,3.0
56.159895359595964,54.13734436035156,54.420414842625,54.905884854190845,46.2866024615663,0.0
72.50530501354257,68.95429229736328,68.5447701478435,70.00145581958311,64.8134435311976,3.0
72.94818192115221,72.15917205810547,73.01462481681801,72.70732626535856,72.6109796718038,4.0
52.13019209771108,50.928340911865234,51.12199214401578,51.3935083845307,51.161307675143,1.0
54.3279883317938,53.38289260864258,54.08452847654229,53.93180313899288,51.0724580877048,1.0
56.37546112438089,58.83816909790039,57.07701266506275,57.43021429578135,64.0633429084007,3.0
53.49279430905717,55.13221740722656,54.89663587693352,54.507215864405744,55.6299457695418,2.0
53.56443285429196,54.23564529418945,52.36869562826822,53.38959125891654,52.7535846843021,1.0
57.07447718982139,58.07069778442383,58.3260889731433,57.82375464912951,63.2554707807025,3.0
51.9739715672067,53.132484436035156,53.47832082350747,52.861592275583114,59.0048846673739,2.0
70.11046050040667,69.57117462158203,69.43507654207342,69.70557055468737,76.4126633483781,4.0
51.12512122953843,51.93381118774414,52.62905764713994,51.89599668814083,40.8171316322702,0.0
46.526155825080885,50.53931427001953,51.11213483675048,49.39253497728364,44.1577397264266,0.0
53.4620745120839,57.598209381103516,57.493293023543565,56.18452563891032,64.8426764816973,3.0
57.33161953970101,56.92756271362305,57.890163264729104,57.38311517268439,60.3932912043558,2.0
68.22038714490849,68.23304748535156,67.90255212084246,68.1186622503675,71.3988362824324,4.0
50.583753839549004,50.55963134765625,52.36145069628705,51.16827862783077,61.4173835385598,3.0
55.787219110505646,55.62443923950195,55.21558888503819,55.54241574501526,51.5853513229773,1.0
59.073355751553194,56.70978927612305,55.62211623994659,57.135087089207616,51.6626729630502,1.0
60.223757400086335,57.42753982543945,59.342262491987086,58.99785323917096,60.2107534904462,2.0
50.840075796952995,48.74991989135742,49.12514345370729,49.57171304733924,44.5361860849553,0.0
50.03619638497075,52.83528518676758,53.14200893734007,52.004496836359465,53.9380030363244,1.0
70.5829469692085,68.71599578857422,67.62271455792708,68.97388577190328,65.5538541289796,3.0
51.48037694987739,54.09652328491211,55.63187856647207,53.73625960042052,70.3460845962101,4.0
57.24058516661104,57.32746505737305,56.093199209516264,56.88708314450012,53.9667544189906,1.0
47.22411528143064,49.48042297363281,49.42440071404852,48.709646323037326,47.6826099528239,0.0
52.48761627951499,52.76746368408203,52.60386733076892,52.61964909812199,58.886751312238,2.0
68.27463233967863,69.15876007080078,68.57565258255876,68.66968166434606,72.4216764076573,4.0
72.23999372204862,69.19469451904297,72.57633389758153,71.33700737955773,63.8665880758965,3.0
66.52727982793245,66.63471221923828,66.65743227517153,66.60647477411409,64.39930429985,3.0
52.79372249164227,53.668800354003906,53.42221841156982,53.29491375240533,49.0424815508535,0.0
53.2354406519883,51.63669204711914,52.624106617225436,52.49874643877763,55.3311349905361,1.0
50.18457659980021,51.547672271728516,51.26177124218367,50.9980067045708,43.5893101983707,0.0
74.3012431827934,74.76416015625,72.87974852930162,73.98171728944834,69.3374545941263,4.0
56.32390494171633,55.733642578125,56.75378362331567,56.27044371438567,47.2052061827424,0.0
69.92196178698451,72.42402648925781,71.89038833303863,71.41212553642698,67.6952791705913,4.0
54.75031810794051,54.4284553527832,54.783480621351714,54.65408469402514,51.8797157961169,1.0
56.66921029691999,56.51225662231445,55.69731844014694,56.292928453127125,66.3465871461281,3.0
54.01882363316837,55.45130920410156,55.362607825184405,54.94424688748478,62.6460394289745,3.0
51.373630778534086,51.49468994140625,53.02729254340335,51.96520442111456,48.7954222098598,0.0
55.80312400963724,54.333805084228516,54.138570571982946,54.75849988861623,50.8348665968612,1.0
57.158775895763114,56.10313415527344,55.650089042716075,56.30399969791754,61.3534789715172,3.0
58.67076040968543,58.81886672973633,58.058612732963745,58.51607995746184,65.7067113836619,3.0
57.484626404018066,56.35752487182617,56.83048931260967,56.8908801961513,57.4208541552627,2.0
51.91032601628814,51.74452590942383,50.534177461958116,51.39634312922336,67.0632460816363,3.0
73.55939021341538,74.95333862304688,75.29612553356012,74.60295145667412,86.8389699878956,4.0
60.663334382135375,53.458900451660156,58.35567335553061,57.49263606310871,48.8790452974297,0.0
52.48536203887037,54.928314208984375,55.019385541244986,54.14435392969991,51.2504048375033,1.0
59.029995228800736,58.49895095825195,57.839779957728474,58.456242048260386,65.7645734262955,3.0
55.83755474491304,55.24905014038086,55.12077326334864,55.40245938288084,61.7615214384033,3.0
54.539244646295494,54.898963928222656,54.091194413859505,54.50980099612588,47.1322975944432,0.0
56.824725371614875,59.024044036865234,57.906223120804135,57.91833084309474,54.3854517516916,1.0
69.2583187792138,70.58856201171875,69.35695160764257,69.73461079952504,77.4480311873134,4.0
73.01665878382647,75.29534912109375,76.22642584814568,74.84614458435532,82.9041968760845,4.0
69.11971130349181,69.20858764648438,69.99062557421323,69.43964150806313,66.0048744083953,3.0
58.73722707252606,56.87236785888672,58.541059932754706,58.05021828805584,54.3395014919837,1.0
54.1788012341065,55.848114013671875,55.6955312753849,55.240815507721095,51.3013594209509,1.0
52.513802357490725,58.122764587402344,56.99170344944653,55.87609013144654,54.7554279666296,1.0
54.272308565510734,49.99488830566406,50.71701083219701,51.66140256779061,55.2986214224061,1.0
47.95130161231698,46.34912872314453,47.20630515317181,47.16891182954444,44.9921196624136,0.0
53.39696597629757,54.03902816772461,54.35410662062192,53.93003358821471,45.1245613790056,0.0
70.60304621279994,69.65190887451172,70.00460070661373,70.08651859797513,68.1440122889214,4.0
67.63681730270743,66.13127136230469,66.58325189067666,66.78378018522959,66.4792391626658,3.0
68.32542242669788,67.43672943115234,67.94719879356857,67.90311688380626,75.784741575922,4.0
47.729947571287376,49.4465446472168,48.86024204698732,48.67891142183049,47.7999390647212,0.0
59.698727764153205,59.83747863769531,60.17926667449637,59.90515769211496,61.7242240846146,3.0
57.304896997866514,56.52579116821289,56.630385258145274,56.820357808074895,58.7397421839438,2.0
49.82001174579042,50.07175064086914,51.0546025160001,50.31545496755322,55.9302164096997,2.0
48.18885274127826,51.29448699951172,50.84524937201392,50.10952970426796,49.9635826226776,0.0
52.70548389190437,53.058563232421875,53.058742985478744,52.940930036601664,59.9924157901636,2.0
47.89950448929269,50.973419189453125,49.903549485382634,49.59215772137615,42.2842960751233,0.0
56.006251042849144,59.3031120300293,58.181256314800585,57.83020646255968,48.7410978141649,0.0
67.06464267156909,67.72710418701172,66.64706633211216,67.14627106356433,68.3266736253929,4.0
75.18551273106158,75.9833984375,75.90551213218102,75.69147443358086,75.4124646467451,4.0
47.73365757363237,51.796836853027344,52.164790296439975,50.565094907699894,55.2037384753674,1.0
70.84861230380872,67.23505401611328,67.50546130047438,68.52970920679878,70.1648628851628,4.0
52.72988150649377,51.16692352294922,50.90849147364144,51.60176550102815,45.1086095182607,0.0
48.38701173348675,49.585880279541016,50.33993218774966,49.43760806692581,46.4499981664289,0.0
58.887990931991325,57.1691780090332,57.01005924324087,57.689076061421794,50.4205856045727,1.0
51.015321726213706,51.184207916259766,52.29749093499625,51.499006859156566,54.895215930499,1.0
70.72407392442244,68.97151947021484,69.50557565675398,69.73372301713043,63.565368065902,3.0
51.19444019359985,50.38416290283203,50.2880197547693,50.62220761706706,59.5757910333483,2.0
58.195355263206814,59.512237548828125,58.87195487479179,58.85984922894224,70.6005153789905,4.0
65.89071330095467,69.08489990234375,69.3973761973781,68.12432980022551,65.5626129459626,3.0
50.17633955976778,48.71650314331055,49.08269097448961,49.32517789252264,55.7646367592258,2.0
60.23485041789615,60.130592346191406,59.724976631406854,60.03013979849814,63.0424883533147,3.0
52.59230705430659,55.24974060058594,54.199290334560786,54.01377932981777,57.8490527363013,2.0
56.47754574556305,54.655887603759766,54.73074076230734,55.28805803721006,62.0165021308934,3.0
54.395410001894334,52.21249771118164,51.3357369251956,52.647881546090524,52.8096106561388,1.0
69.48408156339507,68.78942108154297,68.54260985593123,68.93870416695643,67.5575126871974,4.0
55.218733020574355,56.30046081542969,55.69170682822903,55.73696688807769,58.8557371534244,2.0
48.658824314353446,51.454105377197266,52.164790296439975,50.75923999599689,44.4810930654514,0.0
73.0263241470248,66.00699615478516,69.7120215072122,69.58178060300737,84.4459882425811,4.0
69.7670722025194,71.72239685058594,70.66987144327629,70.71978016546053,69.0492864448321,4.0
73.1926614969857,71.48025512695312,71.5885867871722,72.08716780370368,74.8400154812666,4.0
47.61601816073797,47.429019927978516,48.740544051451,47.92852738005583,52.0106437889451,1.0
70.37373668286739,71.8455810546875,71.52702988836867,71.24878254197452,63.8160073210867,3.0
69.45779146725738,71.77399444580078,71.16059713228174,70.7974610151133,70.912480229867,4.0
53.67457175878452,54.22500228881836,54.58618602793061,54.16192002517783,59.6964024555801,2.0
68.0982368035056,66.59919738769531,69.339181726348,68.01220530584963,73.9665627809202,4.0
61.516766356932116,57.00644302368164,56.03025741823966,58.18448893295115,67.9227838673208,4.0
52.717451082863235,55.60138702392578,54.985894285883326,54.43491079755744,57.3385712283875,2.0
72.99080049310577,74.37775421142578,71.64267586057687,73.00374352170282,74.3535212272664,4.0
70.46778021762232,73.9474868774414,74.20339040772832,72.87288583426401,76.8707644275965,4.0
54.90051246582375,50.871368408203125,50.48063747317775,52.08417278240154,58.7143983876888,2.0
51.7876345055351,53.970855712890625,54.19735983955596,53.318616685993895,45.6789058234036,0.0
50.09634318447698,49.81781005859375,50.09943234522479,50.00452852943184,42.3156790055228,0.0
48.31020312721912,49.85369873046875,50.356317200043456,49.506739685910446,48.5061636330939,0.0
63.62604308072462,65.03205108642578,64.70748766170843,64.45519394295295,60.7435830458711,3.0
69.24048852314937,68.29527282714844,67.87933499980822,68.47169878336867,63.4402414773957,3.0
50.33884105076175,49.17709732055664,50.33393255193273,49.949956974417034,43.2574012006423,0.0
65.80624163611732,68.81884765625,69.90814196897865,68.177743753782,66.1837917375951,3.0
64.16663750503425,68.73330688476562,67.65459819141955,66.85151419373982,61.7426109058737,3.0
61.36659332060999,62.64090347290039,61.993654140304336,62.00038364460491,69.2378729105188,4.0
64.12639994072566,60.18317413330078,59.88650667484289,61.39869358295645,61.7980826908117,3.0
50.254534220729056,53.50971221923828,53.693293682538425,52.48584670750191,48.576154593757,0.0
52.063274785526744,50.87096405029297,51.23935758310683,51.39119880630884,49.5750220401142,0.0
68.12470751220322,68.16405487060547,69.42621405263752,68.5716588118154,70.0579411279575,4.0
52.69259732891648,53.94759750366211,54.2336348819119,53.62460990483015,53.2907623352735,1.0
43.47794686202214,47.71186065673828,47.76389410876985,46.317900542510095,41.7648211273034,0.0
56.60459291661235,54.299747467041016,54.892625976827524,55.26565545349363,50.6731303545519,1.0
53.18201097581275,51.8133430480957,54.71321486750492,53.236189630471124,65.7620227476423,3.0
56.429836813541876,57.95927810668945,57.4807486500218,57.28995452341771,54.5620306176243,1.0
53.585879385457396,52.548343658447266,51.566268002561785,52.566830348822144,49.6535394521576,0.0
48.4008390992093,50.14767837524414,50.577907611766186,49.708808362073206,48.9347916891108,0.0
70.71392570615708,73.1253433227539,72.25697913362615,72.03208272084571,77.2996636377565,4.0
66.59656758661862,65.222412109375,65.35074521960779,65.7232416385338,78.2826154052082,4.0
52.298153506913074,51.11680603027344,50.645756042015776,51.353571859734096,52.8517360958427,1.0
71.07619213955216,69.87848663330078,71.77229485621777,70.90899120969023,74.8914771472117,4.0
68.31480554761183,69.02837371826172,67.64174130413647,68.32830685667,70.8162663682878,4.0
53.16054598804639,51.478599548339844,52.14375078751492,52.26096544130038,55.7474271357437,2.0
71.49274897238509,67.3341064453125,70.88990038421241,69.90558526730332,79.4873717083323,4.0
71.03093517764437,74.27489471435547,72.85272636537067,72.71951875245684,65.0590175412084,3.0
49.41900061531551,51.32997512817383,51.8732936540661,50.87408979918515,51.7150706005316,1.0
72.344468510231,72.04666137695312,72.89075744086517,72.42729577601644,70.17637814282,4.0
50.9574445715229,50.49667739868164,49.750050349681054,50.4013907732952,58.6041722812293,2.0
71.03171587600352,71.16966247558594,71.25502829399882,71.15213554852943,61.4213686411846,3.0
53.52756287535341,54.15048599243164,54.25943946422548,53.97916277733685,57.3139421144261,2.0
50.97341762701091,52.02036666870117,51.238841018755934,51.41087510482267,42.6304704655054,0.0
70.14738383133084,67.28360748291016,68.13080493981951,68.5205987513535,67.6299275855021,4.0
50.10274977113352,51.25191879272461,51.0165851942339,50.79041791936401,45.1709068057785,0.0
52.265866571964914,52.140995025634766,51.6036258102374,52.00349580261237,46.7950485457298,0.0
46.645261598843,48.58200454711914,47.93244863219263,47.71990492605159,52.3108675755896,1.0
48.75465389876463,51.039520263671875,51.00325004939853,50.26580807061168,45.6438902114936,0.0
53.1445178559638,53.38674545288086,53.066214095543174,53.199159134795934,33.6958374081434,0.0
70.75269965385641,71.12763977050781,71.92524143621682,71.26852695352702,71.1872287624416,4.0
52.7526394644257,53.8642463684082,54.77674140433162,53.79787574572183,47.3108631318803,0.0
55.22573163237826,54.70204544067383,54.716361156007004,54.88137940968637,52.270025139298,1.0
53.742972635179555,54.06450271606445,54.89203973768461,54.23317169630954,56.0271939804929,2.0
54.97663006514151,53.9162483215332,52.66145254973089,53.85144364546853,53.5410780402822,1.0
72.34477040575263,68.65251922607422,69.16005406549034,70.05244789910573,72.8284584575165,4.0
58.85616329827687,56.072200775146484,56.51461031439295,57.147658129272095,58.1765892971053,2.0
51.30080025973715,51.87075424194336,50.47432547568241,51.215293325787634,54.6520518839579,1.0
50.75749225790525,53.30514907836914,53.62199079923824,52.561544045170876,43.9420251278545,0.0
59.2536494950439,60.49663543701172,57.8058384396483,59.18537445723464,63.899161155671,3.0
46.62036688968839,49.44804382324219,51.162802820281904,49.0770711777375,59.1143670437812,2.0
57.3037980213774,57.050052642822266,56.753408273823034,57.03575297934089,60.9156566365296,3.0
54.51966445645458,54.905582427978516,54.31481425818801,54.58002038087369,66.2216636624496,3.0
59.83244227370917,58.62295150756836,60.556792737096714,59.670728839458086,43.2122715731597,0.0
54.55212506688339,51.278038024902344,52.72257108909119,52.850911393625644,47.7822617222369,0.0
54.43373178069272,53.60026931762695,54.063768017686186,54.03258970533528,53.886226634062,1.0
70.20871452129236,70.94064331054688,70.91945239471082,70.68960340885,58.88915440252128,2.0
57.05003534351894,56.71672058105469,55.007872702257956,56.25820954227719,54.2488596409239,1.0
60.16745286404313,60.708160400390625,60.02188799742198,60.29916708728524,50.1019160695579,1.0
56.56230072025907,52.660888671875,53.80932354949654,54.34417098054354,60.2940245614104,2.0
54.14790880159575,52.789283752441406,52.31605270457718,53.08441508620478,60.7937886860576,3.0
73.15866468078254,75.01380920410156,73.89609549185904,74.02285645891438,69.6159011611576,4.0
54.573889754153356,51.7738151550293,51.96322835052541,52.77031108656936,39.9930820939284,0.0
53.752445435030396,53.2518310546875,52.67196417772513,53.225413555814335,56.6817395996771,2.0
53.09251348875901,54.70450210571289,53.929307772187656,53.908774455553186,50.3027519182688,1.0
56.27553623344304,54.33500671386719,53.88964430321185,54.83339575017404,55.158441359544,1.0
56.132730061541636,54.67338562011719,54.8221741860234,55.20942995589407,47.3909064580643,0.0
64.02646069148989,66.16056823730469,66.66077625261866,65.61593506047107,60.898544105027,3.0
52.00653276955102,52.168190002441406,55.46164071868974,53.21212116356073,41.2555493256751,0.0
73.81185944296327,74.55677795410156,75.0294237249026,74.46602037398914,75.0663403181476,4.0
52.86893904969054,56.63019943237305,54.807856594651845,54.768998358905144,42.0466168841371,0.0
67.56415683899885,68.16487121582031,67.77143194262972,67.8334866658163,74.9124479533436,4.0
67.21636644033626,66.6363754272461,66.91479098310853,66.92251095023029,75.1055074904182,4.0
56.86093074630341,54.15910339355469,55.714977291327415,55.578337143728504,54.418062988494,1.0
47.77694839441794,49.38958740234375,47.857302533242674,48.34127944333479,40.0391375049706,0.0
52.80458173667523,52.88125228881836,53.31275205053333,52.99952869200897,54.2358343633576,1.0
74.04358402460835,75.21665954589844,75.80731086123795,75.02251814391491,76.1603154925628,4.0
50.56440161225433,50.58863830566406,49.81698284506835,50.32334092099558,50.1563934662864,1.0
55.08429003090109,55.67354202270508,55.43056218164274,55.39613141174963,53.2066134235381,1.0
53.290511365791914,54.66115188598633,54.9245884059294,54.29208388590255,57.62153413856,2.0
52.605902340442235,52.7435188293457,53.11718154890835,52.8222009062321,53.5400120227939,1.0
69.62457744256034,68.02899932861328,66.92954618959116,68.19437432025494,67.7222800561502,4.0
48.12182150395922,47.058895111083984,45.76614690788757,46.982287840976916,43.3346341691285,0.0
52.096528541486286,53.35023498535156,54.68439208677715,53.377051871205005,43.9306098330657,0.0
73.44059058870378,71.86920166015625,73.06207653946117,72.7906229294404,73.57406865891,4.0
61.26536497589282,60.313621520996094,60.1959482606394,60.591644919176105,58.7886702031716,2.0
66.85059924502512,64.01493835449219,63.6428035454972,64.83611371500483,63.4248028523588,3.0
55.557610481842055,53.708900451660156,53.36761532098108,54.211375418161104,61.6450237239179,3.0
48.09837789691224,50.19578552246094,50.69667972313425,49.6636143808358,49.0879386382248,0.0
59.53487542076183,57.31832504272461,57.826180784797096,58.22646041609451,61.6671830416094,3.0
50.20846152687397,50.173309326171875,50.077207354971684,50.152992736005835,48.6087849162245,0.0
68.20964988562865,69.8308334350586,69.81172474654562,69.2840693557443,69.3355982988056,4.0
49.401970631140536,48.56671905517578,49.51399344294351,49.16089437641994,65.595558872372,3.0
46.425309364200814,45.94124984741211,47.729874582822255,46.698811264811724,49.3258083346232,0.0
56.120663556223285,51.36712646484375,50.898032476578386,52.79527416588181,59.151278735151,2.0
53.921698650712656,55.76826095581055,56.536088943761726,55.408682850094976,54.2394614139605,1.0
73.64884907766636,72.58685302734375,73.47547733710387,73.23705981403799,74.763229428542,4.0
72.81477457002542,73.4609146118164,73.98569524029199,73.4204614740446,79.4152459200778,4.0
74.44260435307898,73.87528991699219,74.0744564361793,74.13078356875016,80.4942224800236,4.0
51.76911736068419,51.745296478271484,51.11998365248407,51.54479916381325,48.9424266793147,0.0
53.57427026954888,53.34486770629883,52.983594694185534,53.300910890011075,61.7569236209823,3.0
63.9894447970441,58.92390060424805,57.67776703668651,60.19703747932622,60.417691130052,2.0
70.62879055553186,70.69686889648438,69.65921694191405,70.32829213131009,65.7802986759914,3.0
59.96357385717356,60.355045318603516,61.09752688521333,60.4720486869968,52.5098931650353,1.0
70.02628236099035,67.09088134765625,66.61293034078332,67.91003134980998,70.5077052852374,4.0
51.86210828739365,54.2718505859375,55.257499023760104,53.79715263236375,58.1546563507211,2.0
68.41989922216904,69.58409118652344,69.35297764171595,69.11898935013613,72.201443980886,4.0
54.396180853139484,54.46224594116211,54.84342629292567,54.56728436240909,49.0960746902453,0.0
55.96099855088921,57.59589385986328,58.16009599592271,57.2389961355584,57.46309486479,2.0
68.72684522092142,67.69209289550781,67.37643341402567,67.93179051015164,64.9059152947954,3.0
75.5145012457631,74.70344543457031,75.07112025376581,75.09635564469973,71.6101851479712,4.0
74.66022367084476,73.5791244506836,74.84107291994658,74.36014034715832,71.7145638683332,4.0
49.61889280355211,49.21028518676758,48.43912970700637,49.089435899108686,57.0453241541324,2.0
64.71215587949555,68.61355590820312,69.23150103578136,67.51907094116001,68.1648738327963,4.0
68.70965883217013,66.05226135253906,68.1754936703613,67.64580461835683,74.0307155291439,4.0
74.94889565088978,73.41889190673828,72.73805314313555,73.70194690025453,81.0961364871283,4.0
47.84967705588387,48.84010314941406,49.94917093701042,48.879650380769455,50.5626190518937,1.0
54.230532197627525,54.49927520751953,54.741651406271416,54.49048627047282,52.4623311852526,1.0
68.45807743775367,68.30284881591797,68.38869919534281,68.38320848300482,67.9886026469478,4.0
57.512248071273525,58.531227111816406,60.06347006843524,58.70231508384172,59.0400790702163,2.0
56.18142355464703,56.70508575439453,55.0171153253934,55.96787487814499,55.1224826452644,1.0
68.35274359401662,69.53409576416016,70.52528756699766,69.47070897505814,67.2610644620778,4.0
72.42703595013084,69.99136352539062,72.11023463315678,71.50954470289275,65.8246836224708,3.0
66.00807691437518,67.28577423095703,66.96340657039605,66.75241923857608,57.4976435475083,2.0
62.305047788706844,62.71177291870117,60.97657917778247,61.99779996173015,64.1916360050304,3.0
58.05678906718635,57.321128845214844,56.34473707880376,57.24088499706833,54.4807233116736,1.0
45.63510861459632,46.14692306518555,46.873373298453295,46.21846832607838,45.9646488119334,0.0
71.12260628969831,71.9239501953125,71.20481775999205,71.41712474833429,69.5469975608015,4.0
57.987660581407326,57.65110778808594,57.185336473955054,57.608034947816115,51.326738267101,1.0
54.13365504437353,55.53380584716797,55.13936139008469,54.93560742720873,60.5162551536042,3.0
56.199920824533585,55.987361907958984,55.77693680501839,55.98807317917032,58.0794017117771,2.0
72.65829601301522,71.71701049804688,74.0198937694654,72.79840009350916,66.9417991319078,3.0
51.1062602868848,50.85764694213867,50.10230264329591,50.68873662410646,40.8119423579225,0.0
68.22044227442197,67.61767578125,67.76794264700523,67.86868690089238,62.9496014379941,3.0
54.896364564031025,55.434417724609375,55.255262656238095,55.195348314959496,55.570683383379,2.0
61.152017869032754,61.30178451538086,59.30574545888554,60.586515947766394,69.742306140275,4.0
66.17259858807367,67.27999114990234,66.98615630029343,66.81291534608982,65.8318383628158,3.0
50.964035966170265,49.343448638916016,49.651410090394776,49.986298231827014,63.0453033736033,3.0
70.10537955803689,69.79510498046875,69.47788081216751,69.79278845022438,70.9373175053656,4.0
53.31492948728728,50.87708282470703,50.15793581076347,51.449982707585924,47.0051606920608,0.0
70.55645143372946,70.6806869506836,70.22497258300616,70.48737032247307,75.3551915729165,4.0
59.72271644766928,58.23061752319336,58.76969061251377,58.907674861125464,64.2761536257281,3.0
50.09629567976024,50.707275390625,50.35847013440638,50.38734706826387,38.8616788979578,0.0
68.60294018909681,70.8172607421875,71.31301339510225,70.24440477546219,62.2985278330572,3.0
50.66534291693627,51.73632049560547,51.914347826453124,51.438670412998285,57.9863620466353,2.0
56.927964573824845,56.49186706542969,55.083018147498755,56.167616595584434,47.0278998009873,0.0
56.88996489339901,55.917945861816406,54.8028185978245,55.87024311767997,53.8747743401931,1.0
77.88695816484402,73.80619049072266,76.15069442267126,75.94794769274598,74.6692883370351,4.0
63.48338143589185,60.87239074707031,59.08280071942092,61.14619096746103,58.2338549533699,2.0
67.15590891247406,65.56733703613281,69.27106338477091,67.33143644445926,72.4677051286366,4.0
50.20773342991161,52.48140335083008,53.04152813077482,51.910221637172164,49.1694851930989,0.0
69.38317776675385,70.15303802490234,70.91456673751769,70.15026084305798,77.5299384991528,4.0
55.68529074363462,54.57551956176758,54.08488958754677,54.781899964316324,50.0826021421381,1.0
49.77726870252732,49.04901885986328,51.51767076131793,50.114652774569514,53.1484251161017,1.0
52.28647885860441,54.84357452392578,54.01536157845102,53.71513832032707,46.250348858321,0.0
52.07302950377813,48.85279083251953,50.04214401832089,50.32265478487286,42.1010875038584,0.0
50.779952625495646,51.31635665893555,50.722786602743554,50.93969862905825,52.7323116329218,1.0
76.51412652480522,74.42925262451172,74.36086276721252,75.10141397217649,72.4926595091518,4.0
67.16118160833221,67.44303131103516,67.08696945701895,67.2303941254621,69.3569165233857,4.0
52.97590455660928,52.83409118652344,52.673837823845695,52.82794452232614,55.0267183755103,1.0
56.65399676825319,60.632747650146484,60.26550598967604,59.184083469358576,66.0594404289475,3.0
60.645926110787535,59.938716888427734,60.635979756807835,60.406874252007704,59.9032233695865,2.0
67.66827680027453,67.47462463378906,66.97362813828069,67.37217652411476,64.8125252200192,3.0
56.71623848950262,52.863037109375,53.60287312274088,54.39404957387283,45.9554507552387,0.0
66.72406752834634,68.23538970947266,69.93335404491782,68.29760376091227,66.1837917375951,3.0
71.66896898441699,69.58257293701172,70.05154801191195,70.43436331111356,82.052833934129,4.0
70.7548578882609,69.4189682006836,69.83664276796951,70.00348961897134,73.8775139453431,4.0
75.45238875377512,71.48939514160156,71.89854525729343,72.94677638422337,77.4896448191968,4.0
51.25646629913927,49.13231658935547,49.96218484102569,50.11698924317347,46.4051399423369,0.0
55.4622498619741,56.30533981323242,57.418218152231276,56.3952692758126,53.5341772524456,1.0
57.27372535718985,54.76362609863281,54.094300674964934,55.3772173769292,57.5691943842796,2.0
58.99017154230495,59.14188766479492,58.03031606314758,58.72079175674915,56.867729502843,2.0
71.39755095575711,71.06376647949219,69.69903439542536,70.72011727689154,74.5112695743027,4.0
59.6677843721453,58.71268844604492,58.56800075218788,58.982824523459364,65.5333809982419,3.0
55.605620778962354,56.734683990478516,56.014077395612354,56.11812738835107,63.4915596859351,3.0
74.75813819099946,72.3205337524414,72.18435824387014,73.08767672910368,72.100556914593,4.0
59.36623266844838,55.93439483642578,56.768009797790505,57.35621243422156,44.4955875070008,0.0
70.24145119177375,71.77436828613281,72.02701760282697,71.34761236024451,75.7360135055134,4.0
53.32550668824773,54.61799621582031,53.34220406422105,53.761902322763035,54.4280412433131,1.0
52.708644097974755,54.8707275390625,55.43377863513465,54.33771675739064,41.8410739233787,0.0
56.7673102944749,54.56524658203125,54.84809093266315,55.3935492697231,57.0084782397089,2.0
49.53775659774801,50.093631744384766,51.48366467507937,50.371684339070704,48.624179539277,0.0
51.72358552864462,51.88499069213867,52.307709023456056,51.97209508141312,43.4950247324063,0.0
52.09941776116464,52.85367965698242,52.48106582097846,52.47805441304183,46.6594486225052,0.0
47.3409458415417,47.874298095703125,48.97495130870069,48.06339841531517,45.0664994867985,0.0
72.941488017915,74.47074127197266,74.73540017111245,74.04920982033336,72.0448561492634,4.0
49.128601576314786,49.83820724487305,49.17508882015612,49.38063254711465,62.3832617398707,3.0
66.95735069854473,67.43939208984375,69.04842461092389,67.8150557997708,61.5821392611531,3.0
56.02020498035763,58.213993072509766,58.15258226228437,57.462260105050596,51.6022830212896,1.0
50.863709756085235,52.128089904785156,52.59141897207853,51.86107287764963,52.7217240148237,1.0
72.7162443607002,75.46684265136719,75.34737457274277,74.51015386160338,78.3672753284501,4.0
57.46337080087495,56.30100631713867,57.12609744642676,56.96349152148013,63.0748834269637,3.0
54.698457156004366,49.635128021240234,50.24208732612545,51.525224167790014,51.887880010273,1.0
54.70480311268362,54.9644660949707,55.18222778904821,54.95049899890085,54.3121706791798,1.0
55.33263773438179,53.99339294433594,54.45429955118729,54.59344340996834,62.0165021308934,3.0
54.70243078221027,56.398136138916016,57.27918327471373,56.12658339861334,67.3633428956516,4.0
51.107264495130856,50.70849609375,51.61526317831327,51.14367458906471,46.519031231258,0.0
53.953007211000255,54.202735900878906,54.93801043850951,54.36458451679622,52.8032491075447,1.0
55.66531398902548,54.27349853515625,55.56342703713563,55.16741318710579,58.1829115685174,2.0
47.48821715450696,49.69282913208008,49.607761047713325,48.92960244476679,62.0409507969471,3.0
71.80904644858204,69.39309692382812,69.53188494515696,70.2446761058557,68.7350942102781,4.0
61.16522514106855,60.624691009521484,60.928207319826164,60.9060411568054,50.4391930666774,1.0
59.093209643577936,57.631099700927734,59.336941411127086,58.68708358521092,70.1396874179638,4.0
68.14735559303438,72.3384017944336,70.767016078025,70.41759115516432,67.0718207116205,3.0
70.64373394562264,72.95637512207031,71.66974625682795,71.75661844150697,71.7161253022193,4.0
58.87823207239251,57.802162170410156,57.12542413686647,57.93527279322304,55.9871103409951,2.0
54.19777199533629,54.67131042480469,54.28411450240836,54.384398974183114,49.3153130021581,0.0
44.46881644325851,45.28657150268555,45.97716599387581,45.24418464660662,37.7761286711942,0.0
71.7202420510866,69.82586669921875,69.24155413881964,70.262554296375,70.4506548673226,4.0
60.17510221494961,58.04521560668945,56.335816850354774,58.18537822399794,47.1273647494907,0.0
49.97146968637269,52.090553283691406,50.498312910574235,50.853445293546116,40.1564439461566,0.0
49.32753305184061,48.98574447631836,50.01292503274753,49.44206752030217,56.6755301549063,2.0
70.05193436372653,67.80302429199219,68.50768470087678,68.78754778553183,73.6067719850221,4.0
52.30881834603455,51.976715087890625,51.556000049918445,51.947177827947876,55.2280748947843,1.0
53.54792005723655,53.78853988647461,53.43928066508935,53.59191353626684,52.4621890670666,1.0
67.95671968024172,70.76620483398438,70.63683107607339,69.7865851967665,62.2671128221096,3.0
48.97824270437782,49.975975036621094,51.7371298119581,50.23044918431901,65.5118760568997,3.0
68.04913008134889,68.71359252929688,69.00526126395198,68.58932795819925,75.3119335027026,4.0
50.62948920585857,52.68251419067383,53.11164792873177,52.14121710842139,47.5775413825766,0.0
53.23572935280278,54.98004913330078,55.11287753715262,54.4428853410854,41.7787741690813,0.0
56.3945806869358,53.06388854980469,53.677371113604465,54.37861345011498,56.2500756999253,2.0
51.479894612993746,52.463138580322266,51.097199834799724,51.68007767603857,49.8567356283113,0.0
52.885083501868635,54.17857360839844,53.165032494805665,53.40956320169091,61.7071306740305,3.0
66.39116130304984,68.12482452392578,68.78251513825887,67.7661669884115,69.742146033893,4.0
55.183161627801624,52.95924758911133,53.88445166070911,54.00895362587402,58.4982032022087,2.0
71.5979989088033,71.51619720458984,70.38955847024529,71.16791819454615,79.0867020197602,4.0
60.211033604964264,61.56839370727539,60.65655846580372,60.81199525934779,50.8974402804127,1.0
74.17669826345418,75.42741394042969,76.14138202480332,75.24849807622905,78.1259618760364,4.0
47.59248569871294,50.24151611328125,50.0296797791251,49.28789386370644,48.9636757958992,0.0
55.1103390112245,55.534645080566406,54.82214518360021,55.15570975846371,57.1917954201042,2.0
51.07777739456689,50.20048522949219,50.14204201899235,50.47343488101714,50.951588199859,1.0
57.735333275417275,55.84091567993164,54.55793752203791,56.0447288257956,63.4915596859351,3.0
71.96492988357164,72.40747833251953,72.16696372629319,72.17979064746146,75.414362000698,4.0
47.63908285515089,48.52657699584961,47.893629365940924,48.0197630723138,43.5926624248134,0.0
51.525402969157064,53.48581314086914,52.89580489739402,52.63567366914007,50.5217339517515,1.0
71.26748973487501,70.74713897705078,70.7908288897235,70.93515253388311,71.0988871576382,4.0
71.77381149899624,72.39131164550781,71.42922180422248,71.8647816495755,74.4142577358198,4.0
51.85252226847041,54.14826965332031,54.19705873231893,53.399283551369884,49.2097848328016,0.0
68.15710388760264,68.56597137451172,68.93131210488178,68.55146245566539,66.0028486488311,3.0
56.21810374468748,53.27773666381836,55.44164014424036,54.979160184248734,60.2940245614104,2.0
48.27284207549968,47.44124984741211,47.15791726355425,47.624003062155346,45.1776994398146,0.0
62.19373022834676,60.12018966674805,57.86231960534192,60.05874650014558,52.4668932236772,1.0
56.74135106723239,53.62491226196289,54.37032318723336,54.91219550547621,53.1664017385713,1.0
67.31889432357013,65.84022521972656,65.30038321634004,66.15316758654558,59.4229760063524,2.0
69.54885375145885,69.44070434570312,69.83766855124436,69.60907554946878,74.8306903918731,4.0
62.059445232647256,59.18467330932617,59.24485286225277,60.1629904680754,59.6512520111532,2.0
57.1397803316343,57.965538024902344,56.83263872146634,57.31265235933432,54.0305108310975,1.0
53.9909259910928,53.3055534362793,53.734193147413805,53.67689085826197,59.4378311821174,2.0
59.49414591060824,60.850032806396484,60.62084702038092,60.32167524579521,58.9494450900821,2.0
73.02261433390466,73.7176284790039,72.20785744700072,72.98270008663643,73.4631271496855,4.0
58.03638779441807,57.38672637939453,60.38736655667962,58.603493576830736,52.2671576311035,1.0
53.486106805877675,54.758827209472656,56.336913048074024,54.86061568780812,55.7744474223898,2.0
58.40224940649623,56.90302276611328,56.116582700197576,57.14061829093569,52.5175057007072,1.0
61.199725792576366,61.919761657714844,61.27776492816406,61.46575079281842,55.5119317494197,1.0
59.13197567177456,59.525634765625,60.15125217498813,59.60295420412922,50.605461242575,1.0
66.88047267654925,68.22296142578125,70.27965300701794,68.46102903644947,63.5763521726019,3.0
71.57496442781454,73.57206726074219,73.1541776325773,72.76706977371133,66.2192436569669,3.0
71.15065002610072,72.12753295898438,73.41049232003436,72.22955843503982,69.7166367872873,4.0
58.28345704911818,54.23527145385742,55.648608080258754,56.05577886107812,64.3172422767699,3.0
46.69329911754221,46.24503707885742,47.49281869705425,46.810384964484626,42.8508634569404,0.0
64.48914032350632,66.69904327392578,67.3344425252198,66.17420870755063,63.6979501882532,3.0
58.37278306317721,55.32057571411133,54.84809093266315,56.18048323665056,53.2262980935459,1.0
60.24459028388314,61.21287155151367,59.50282184540925,60.32009456026868,68.4892817351132,4.0
72.90988048969926,72.8392333984375,72.74282521506028,72.83064636773236,66.5044054562535,3.0
73.44716948946184,75.1489486694336,72.05442456703734,73.55018090864426,86.802832399336,4.0
71.57937906583153,69.54244232177734,69.90118934074235,70.34100357611707,64.7750543132456,3.0
69.13753509354649,68.89037322998047,69.27265910552649,69.10018914301781,72.0476172746347,4.0
56.77862957166144,55.563419342041016,55.51811834475729,55.953389086153244,59.4840446685478,2.0
68.50494290119295,70.19731903076172,69.86308860310831,69.52178351168766,67.6377117784847,4.0
66.3846550314513,71.37187957763672,70.61928874905423,69.45860778604742,76.30892844574,4.0
50.88613421170507,49.9218635559082,50.944392738666444,50.584130168759906,44.548841173897,0.0
54.66985647031379,50.117431640625,50.08105740489609,51.62278183861162,51.4542633750786,1.0
55.42426501156386,56.256202697753906,56.34844771688509,56.009638475400955,56.0367926210957,2.0
60.76448902770924,57.869667053222656,56.99503399772779,58.54306335955323,61.2679176811144,3.0
57.20426851655673,55.67357635498047,56.095808994987166,56.32455128884146,56.6077231727684,2.0
56.38908584676936,58.98854064941406,57.46232714223372,57.61331787947238,57.1088072022612,2.0
49.56571196598059,55.37192916870117,55.35361839287041,53.4304198425174,48.9215348722263,0.0
50.955034270585436,52.85703659057617,52.52776614673277,52.113279002631465,51.9422019188553,1.0
52.08992810365468,51.348514556884766,51.53074354427902,51.656395401606154,54.0866923258173,1.0
69.55056820207398,70.09857177734375,68.24103840802093,69.29672612914622,70.8720241499053,4.0
55.14368914711552,54.55572509765625,53.97385518218159,54.557756475651125,60.669132848945,3.0
48.78204481886692,50.80632400512695,52.42212848847374,50.670165770822535,43.7549312554958,0.0
76.50437039890319,75.76138305664062,75.11560755956044,75.79378700503474,75.4306216471334,4.0
52.73873440346054,55.11514663696289,54.719525232029994,54.19113542415115,43.5294667109386,0.0
55.673315715763614,54.94795227050781,53.550127844742335,54.723798610337916,56.3994010220085,2.0
56.958478853992204,55.40221405029297,56.15329528454102,56.171329396275404,50.2860972939874,1.0
57.03097752525626,55.31226348876953,55.281396228828996,55.874879080951594,56.1703827451836,2.0
52.75273945088069,51.095584869384766,51.23935758310683,51.69589396779076,55.8134459937021,2.0
48.122898592884184,48.94403839111328,49.91003131480013,48.992322766265865,49.1029111098639,0.0
54.012721332167914,55.365631103515625,55.68224006801031,55.02019750123128,53.4659922295438,1.0
53.77798045171309,55.4665412902832,56.187211091278115,55.143910944424796,50.3005017014512,1.0
54.35073606426036,54.35838317871094,54.420632259033404,54.37658383400157,58.4386825271573,2.0
72.97603540429483,73.8254165649414,74.30342642620995,73.70162613181542,74.4059462535933,4.0
57.639350555494325,56.159297943115234,55.77913190377454,56.52592680079471,52.9645104964337,1.0
50.843637681670494,49.119300842285156,48.77864924935234,49.58052925776932,54.3427584239683,1.0
55.08922873236286,51.70277786254883,50.50852269306378,52.433509762658495,51.7143797204332,1.0
46.96273873625749,49.32258605957031,48.964117182330874,48.416480659386224,53.1008535277277,1.0
65.91032696782388,65.927490234375,67.20299233801938,66.34693651340609,59.2320843643327,2.0
66.21559516837918,66.86481475830078,66.27621315817859,66.45220769495286,73.5093357235644,4.0
59.377434153829284,55.88459777832031,55.509465672953425,56.923832535034336,55.3291683796716,1.0
71.35758435398063,72.03682708740234,71.3724713687976,71.58896093672685,68.1201229921888,4.0
50.28288208829906,51.86033630371094,51.995522439579325,51.379580277196446,53.1410815090346,1.0
51.77875337866557,51.46371078491211,51.418184023339045,51.5535493956389,68.32442002804,4.0
56.294799637063974,54.81040573120117,54.982866367523,55.36269057859605,46.7527569047113,0.0
51.20836192381769,53.125160217285156,51.68892157474875,52.007481238617196,54.2726694278998,1.0
57.9399190012791,59.47219467163086,58.82551253462894,58.74587540251296,51.3262392866358,1.0
53.46921704839906,51.85420608520508,50.95290258339808,52.09210857233407,50.1563934662864,1.0
49.27481107285749,50.574851989746094,50.05017647147025,49.96661317802461,43.2305887121349,0.0
53.50731555535005,55.37977600097656,55.58875711324229,54.825282889856304,53.4022098925013,1.0
60.57519850329143,56.76005554199219,56.43853473481364,57.92459626003242,48.9086663569962,0.0
72.43274729144898,70.30670166015625,71.20707134871569,71.31550676677362,70.0844977220943,4.0
48.348081158420506,50.28972625732422,49.76589398962761,49.46790046845745,40.500159841296,0.0
59.16664345299357,59.71991729736328,59.16350258973846,59.3500211133651,58.0397201568981,2.0
64.69783754928277,67.70043182373047,66.044619259627,66.14762954421342,66.7633975700254,3.0
53.408968086800485,55.832115173339844,55.706511501041724,54.982531587060684,48.6916068243205,0.0
63.06199090817912,65.70087432861328,65.01697162262629,64.59327895313957,67.4135393568893,4.0
69.36915394225076,73.72430419921875,73.64790438675584,72.24712084274178,84.0849453572853,4.0
50.56477089944691,48.69705581665039,49.09256614565596,49.45146428725109,55.624318886098,2.0
54.01629141020703,55.165672302246094,54.636873343336944,54.606279018596695,56.5033766153786,2.0
55.64117893031865,53.17053985595703,53.10635146224084,53.97269008283883,48.5246094970672,0.0
58.76288069712053,55.925228118896484,56.83246981814182,57.173526211386275,66.6518098289009,3.0
49.64561617100187,51.441932678222656,51.192704146978045,50.76008433206753,46.2027367417281,0.0
72.198127501626,73.43305969238281,73.53460359911585,73.05526359770822,70.2422923041796,4.0
63.02503168155112,62.274513244628906,60.882764750330296,62.06076989217011,60.5336854310934,3.0
54.265417408119454,56.06855392456055,55.46116902863661,55.26504678710554,60.7140128397191,3.0
59.72070499952871,60.13018035888672,59.845545068236305,59.898810142217236,56.1400425074911,2.0
56.537868907620236,58.073631286621094,58.653154390558896,57.75488486160007,62.2223652556307,3.0
50.38743849399113,54.210628509521484,53.89063546145102,52.82956748832121,45.4020438396772,0.0
53.78467612851023,52.79669189453125,52.48110091265519,53.020822978565555,60.774587669513,3.0
49.754746519249615,50.086830139160156,48.96231176252857,49.601296140312776,57.0453241541324,2.0
75.29933531200479,72.42072296142578,71.64726424621348,73.12244083988135,74.9989148357661,4.0
69.85499802751848,67.92801666259766,69.03105828522878,68.93802432511497,62.0806013059744,3.0
70.8414625348311,73.26962280273438,72.48620614491196,72.19909716082581,58.88915440252128,2.0
61.0107678883961,59.83818435668945,58.403280875958515,59.75074437368136,66.4940954966111,3.0
74.35836861003078,71.75193786621094,71.40687888368164,72.50572845330778,83.1117627708237,4.0
53.88996263736368,53.358707427978516,54.04669765227755,53.765122572539916,56.2606622244536,2.0
72.04280120603445,72.79705047607422,72.18794873170701,72.34260013793856,70.4869154417237,4.0
51.04815610894516,51.21714401245117,52.87921388192089,51.71483800110574,40.867050342707,0.0
59.48002264278572,58.0221061706543,56.21012205662352,57.904083623354516,56.6589971111569,2.0
70.2549069572179,71.07763671875,70.69307519767449,70.67520629121412,66.4049955811569,3.0
56.10816583506444,56.053245544433594,55.29835500486226,55.819922128120105,51.9223670308632,1.0
57.68461600110587,56.46147155761719,56.53206289142451,56.89271681671587,50.6966775200553,1.0
53.58567983570485,54.59920883178711,54.675080569176465,54.28665641222281,57.0948893744443,2.0
60.5894883378664,60.784725189208984,61.29474264440755,60.88965205716098,60.542092152546,3.0
52.9651776662449,54.41207504272461,55.52006667794877,54.29910646230609,48.3738505813306,0.0
55.87197492756309,59.07993698120117,58.32062029846903,57.75751073574443,52.6620744371259,1.0
71.96005018500819,68.85054779052734,69.61031417343273,70.14030404965608,71.9629502184809,4.0
69.75905686485028,69.63568878173828,69.0972049562189,69.49731686760248,76.4126633483781,4.0
55.54921372998773,55.03773498535156,55.477921013784396,55.35495657637455,55.0966909792103,1.0
50.35434856643491,49.80337905883789,49.58099752181623,49.912908382363014,47.706441041771,0.0
71.07697252767748,70.15693664550781,67.67908801433252,69.63766572917261,64.299695370543,3.0
56.30721505433566,56.68495178222656,57.831085159569234,56.94108399871049,65.2689162304421,3.0
50.58107425531616,51.367305755615234,50.92937395568812,50.95925132220651,51.034932867622,1.0
74.69869529931152,76.28997802734375,74.42665391744188,75.13844241469904,79.7593086090092,4.0
50.404240075636906,53.10610580444336,53.082622395733615,52.197656091937965,54.5913703817031,1.0
72.25191808409163,68.61067199707031,68.94744668840804,69.93667892319,73.0765161083076,4.0
51.239107974706414,52.556251525878906,52.11956026311429,51.97163992123321,51.3309953813847,1.0
56.522245040632136,54.82819366455078,55.755522460710026,55.70198705529765,51.1833181305974,1.0
68.31042152225692,70.7067642211914,70.70337076506692,69.90685216950507,58.729276155198,2.0
72.91640685427585,73.57743835449219,70.61047774738229,72.36810765205011,79.0599233651086,4.0
55.33965774836761,52.54650115966797,52.46892225945661,53.451693722497396,52.6022458527028,1.0
56.352749774619724,52.833736419677734,52.721021418150514,53.969169204149324,57.311676754224,2.0
56.74187763452728,55.81411361694336,55.95166610899911,56.16921912015658,57.1225926418109,2.0
67.45357463798761,69.24036407470703,67.793592880412,68.16251053103555,62.0088447956354,3.0
51.497194814835126,51.54916763305664,52.37058235010298,51.80564826599825,59.0017086452981,2.0
55.36881820379239,55.87944030761719,55.535851147598514,55.594703219669356,45.1082254766629,0.0
55.46545332788263,52.604736328125,52.493000692072975,53.521063449360206,54.6999794028383,1.0
50.94266789821027,51.9777946472168,52.061409661139834,51.66062406885563,56.8457916338087,2.0
52.74815329166523,53.582763671875,54.63199802369544,53.65430499574523,62.1754573682236,3.0
53.61985000515916,53.57585525512695,53.04945368469569,53.4150529816606,54.4090440214311,1.0
52.73315769623947,51.808067321777344,50.63803568448171,51.72642023416618,60.5187789170783,3.0
58.24514205262676,56.8016242980957,56.33587106628059,57.12754580566769,57.5249633265712,2.0
57.31177169153916,58.79438018798828,59.00148154453328,58.36921114135357,56.9058170087221,2.0
68.5291065999885,65.33258819580078,67.35703279617842,67.07290919732257,79.4966234949381,4.0
66.34969863106244,67.15570068359375,67.36775617296568,66.95771849587396,63.2428229752031,3.0
52.747768596077044,52.221004486083984,52.15700042334519,52.37525783516873,52.5081846396507,1.0
55.754532365146396,54.658809661865234,55.23255792960411,55.21529998553857,65.0965202859951,3.0
55.640127427818335,53.542091369628906,55.81167745801779,54.99796541848834,44.614654487808,0.0
56.16068526008158,55.78323745727539,56.02997246599543,55.9912983944508,56.9630614614761,2.0
56.6742423170915,57.3658447265625,57.17439735609639,57.0714947999168,57.6553964741614,2.0
56.014280510623,59.019996643066406,60.12164092967801,58.385306027789134,63.782948562027,3.0
49.335242087694645,50.85114288330078,50.5890650047792,50.258483325258204,65.8011977532213,3.0
68.28303876621538,65.87413024902344,68.21730474260399,67.45815791928094,59.7629975370658,2.0
52.68270967349957,54.8475227355957,54.76204967143596,54.09742736017708,56.605919848618,2.0
53.27764379617009,52.62836456298828,52.69674414439468,52.867584167851014,53.8282100959137,1.0
52.43536488756182,52.023712158203125,52.34668636678041,52.268587804181784,56.6986913102511,2.0
62.21934168546423,60.287784576416016,60.43667346352726,60.981266575135834,60.1874287185703,2.0
58.64697852282803,58.92863082885742,57.659073848348264,58.411561066677905,51.1747329590119,1.0
51.871852678438195,51.249977111816406,51.14919822919256,51.42367600648239,56.2189824458273,2.0
68.61686908890303,68.94515228271484,67.5784554597121,68.38015894377665,66.3092588499653,3.0
56.30507841668527,52.06880187988281,53.78439698276494,54.05275909311101,44.8766227683126,0.0
75.92065373949784,72.125732421875,73.18930599273499,73.74523071803594,81.9584000830089,4.0
46.521500693219885,49.94997024536133,50.250955062132135,48.907475333571114,43.1735957963974,0.0
55.65550162476125,55.43993377685547,55.9150963614399,55.67017725435221,54.7234715512781,1.0
54.04318564324542,58.45257568359375,57.39525002915624,56.63033711866513,53.5253963103237,1.0
52.05298147730925,54.398277282714844,54.84103814427102,53.764098968098374,60.9782365939515,3.0
58.48017821798671,58.69758987426758,58.737969357504696,58.63857914991966,65.6499747171742,3.0
61.549878708536504,60.79898452758789,59.75145655944975,60.70010659852471,65.5374087709356,3.0
62.037646701203265,61.82392120361328,60.61708058841344,61.49288283107666,59.8534907576035,2.0
67.12458724070642,67.24607849121094,69.84210217656876,68.07092263616204,61.9840344491349,3.0
57.74860754236512,60.50790786743164,59.06751142657676,59.10800894545785,66.0744808486326,3.0
66.79211849879229,66.08976745605469,65.27759624541187,66.05316073341962,64.5129635408153,3.0
51.75426169788657,51.8486442565918,51.98530775282948,51.862737902435946,55.5126249785106,2.0
54.75031810794051,54.4284553527832,54.783480621351714,54.65408469402514,51.8797157961169,1.0
69.1554276260263,69.130859375,68.87102829797794,69.05243843300143,70.8985760042407,4.0
54.12920053965303,54.214725494384766,55.16059510097165,54.501507045003144,53.3082675685551,1.0
46.57713355436758,48.758201599121094,49.67856861224057,48.33796792190975,45.8231994606855,0.0
55.4892689820055,53.748443603515625,53.62723549984668,54.28831602845594,49.983488198584,0.0
51.58054681747357,50.608482360839844,54.049287486941104,52.07943888841817,43.5906865205067,0.0
56.20109027969537,57.510616302490234,57.89168662417276,57.20113106878612,52.5013073039433,1.0
56.21252377169861,51.013458251953125,54.88541833930645,54.037133454319395,50.3447680647183,1.0
68.12145394158037,66.28953552246094,65.87310420049408,66.76136455484514,65.321372344314,3.0
47.60210377808227,49.30498123168945,49.72062194322339,48.875902317665044,51.5821261911574,1.0
