RandomForest,XGBoost,LightGBM,Ensemble,true_BA_KDM_log,fold
66.80032314826909,66.4860610961914,66.7719033109099,66.68609585179013,56.42632887942388,2.0
70.77032306476615,68.67262268066406,68.91946018634918,69.45413531059313,61.69469493010509,3.0
70.42970419359912,71.14762878417969,71.38017628121906,70.98583641966596,68.89655614154462,4.0
52.13067049197217,50.3852424621582,51.42737753182947,51.314430161986614,54.822792502806585,1.0
67.41146377309339,68.2166976928711,68.66965788326007,68.09927311640818,72.58697028672597,4.0
48.38605225384768,47.34035873413086,48.09756342449772,47.94132480415876,36.72619378859097,0.0
65.06330074742935,64.5494155883789,64.51625287376758,64.70965640319196,75.66115725831038,4.0
55.25156564107641,57.002037048339844,56.2633799707333,56.172327553383184,57.65269000538853,2.0
48.199314987187186,46.84505844116211,48.492179782436544,47.84551773692862,43.16927444679355,0.0
63.924271224619915,64.95848083496094,64.51053679513943,64.4644296182401,72.5890935891212,4.0
55.06042717667688,55.57526397705078,55.51196599887058,55.382552384199414,48.06351961669381,0.0
49.969484370874326,51.451107025146484,52.12497687154913,51.18185608918998,47.75550361120419,0.0
50.515176139470384,50.05039978027344,49.97783695998678,50.18113762657686,57.2340496786671,2.0
57.10908922502096,56.830623626708984,56.39992106985,56.77987797385998,50.60218266106609,1.0
62.29198323925364,64.01184844970703,63.78137741502251,63.36173636799439,57.95405866644607,2.0
49.302160047588885,47.75742721557617,47.40173815440833,48.15377513919113,52.28703389693906,1.0
66.7386322966996,64.77755737304688,69.60388596512584,67.0400252116241,64.14659750550379,3.0
60.976472298922246,60.61045837402344,60.06392173066412,60.550284134536604,59.83039363473432,2.0
49.29279939966707,47.586822509765625,48.0837819988388,48.321134636090505,51.70551723607704,1.0
56.01720562164087,55.8907470703125,56.27481779220036,56.06092349471791,47.34391605525163,0.0
49.68766309798315,50.07304000854492,50.08179859512782,49.94750056721863,38.93700961204849,0.0
52.441201056528605,52.31594467163086,52.5561870306744,52.43777758627795,66.60741349977663,3.0
,,,,,
51.748235732713695,52.41460418701172,53.452116591277196,52.53831883700087,47.882750262689314,0.0
49.130446724440056,50.121620178222656,50.67891536381524,49.97699408882599,54.396362256099245,1.0
62.86217025614374,61.33183670043945,59.03246563411714,61.07549086356678,59.22736986189088,2.0
63.24899687489617,62.27251434326172,63.78615035324901,63.102553857135625,60.22348857460341,2.0
59.504171471979596,57.38712692260742,59.00863914064909,58.633312511745366,63.46006969603996,3.0
67.27890872563837,65.82704162597656,68.39474417250089,67.16689817470528,65.77718718199483,3.0
70.25298921856792,71.39959716796875,72.5004796007397,71.38435532909212,63.735886151699525,3.0
67.98372427720973,68.05555725097656,68.7771749844158,68.27215217086736,67.973611989181,4.0
64.13177460132924,64.06826782226562,64.01705048726346,64.07236430361945,57.32133219144836,2.0
46.15900283192862,48.14628601074219,45.951279587074026,46.75218947658161,37.82265430837069,0.0
61.54375033311147,58.653099060058594,59.276562575432706,59.82447065620092,51.88656802309306,1.0
55.1900652895147,57.0155143737793,55.8145447774009,56.0067081468983,51.28962046811773,1.0
51.65447731372515,55.34556579589844,55.29393575116283,54.09799295359547,73.23232209664458,4.0
,,,,,
57.45571702744475,59.80292892456055,56.10934612339848,57.78933069180126,50.284864226415166,1.0
68.81747528422311,68.74650573730469,71.339046996673,69.63434267273361,75.72610276333066,4.0
72.93565986062775,71.66121673583984,69.5661963065336,71.38769096766707,85.55602159357605,4.0
65.98834333729816,65.83521270751953,66.41846084314177,66.08067229598647,80.16226167362852,4.0
57.10273912934157,58.18702697753906,57.83239778477444,57.707387963885026,49.19381751323212,0.0
62.23130599882514,59.22035217285156,58.98570984040108,60.14578933735927,62.69592985261352,3.0
61.924152348972456,62.93113327026367,61.344975019808,62.066753546348046,70.44985849309623,4.0
,,,,,
72.20349960217246,69.81407165527344,70.17194008916778,70.72983711553789,59.17254336032673,2.0
54.52431153020545,56.15528869628906,56.51628765810347,55.731962628199334,61.69544922525318,3.0
64.85641896290126,65.7706298828125,67.34818517903489,65.99174467491622,64.9795047340057,3.0
61.305915202091214,60.24333572387695,60.69411348944381,60.74778813847066,58.8830211525062,2.0
49.164816433385084,49.135868072509766,48.64489210476445,48.981858870219774,39.61784017781606,0.0
68.09266453824631,69.31118774414062,70.64962018205455,69.35115748814717,65.31859067786492,3.0
,,,,,
52.27498316340269,52.38924026489258,52.457186891282745,52.37380343985933,49.43807617237611,1.0
69.19475807706294,69.57298278808594,68.18520792908559,68.98431626474483,57.53494656176227,2.0
71.69723660124524,72.48751831054688,74.2057248684543,72.79682659341547,71.24290356287345,4.0
52.3997904494574,57.99113082885742,50.15712389381693,53.51601505737725,60.43762074736599,2.0
54.8366096074328,52.855438232421875,52.5772016020336,53.42308314729609,59.3661126092917,2.0
51.917578244212855,51.93575668334961,53.12143047391461,52.324921800492355,74.42798509653613,4.0
71.15101977981992,69.6005859375,68.65270637658992,69.80143736463661,72.85126825614904,4.0
52.79907625213171,52.16626739501953,51.64995803159405,52.20510055958177,53.369519021565,1.0
52.90918216490805,51.81867218017578,51.75804131385243,52.161965219645424,57.0339292397242,2.0
,,,,,
55.27513922386629,55.281227111816406,54.0301758208841,54.8621807188556,57.451535764214285,2.0
,,,,,
67.5063498346696,63.4697380065918,64.70008487951345,65.22539090692494,63.41461068279974,3.0
47.758365200617284,49.2925910949707,47.33675238259372,48.12923622606056,53.73555551987238,1.0
54.007974922578526,53.53872299194336,53.262409509364225,53.60303580796204,69.71908642032936,4.0
69.63486250326685,70.07093811035156,70.03134927398638,69.91238329586827,65.83568595040866,3.0
48.51274685282081,52.88314437866211,50.70749238857336,50.701127873352085,55.63361972085011,2.0
41.16151584121461,47.97739791870117,47.96767828194522,45.702197347287004,34.9265446952272,0.0
61.96266844129699,72.9940185546875,64.05156555107139,66.33608418235197,58.52248083626471,2.0
52.84756093551067,52.495635986328125,49.75806308537548,51.70042000240476,53.55730732269724,1.0
,,,,,
78.87777536019506,79.07759094238281,76.72161610680273,78.22566080312687,57.81244986008456,2.0
53.796797840680405,52.374305725097656,52.37540829839652,52.8488372880582,52.42844359206597,1.0
51.377274591818754,51.91130065917969,51.774855436786694,51.68781022926171,37.00649815692584,0.0
54.298046638416054,52.40950393676758,52.696050168994006,53.13453358139255,48.349447000397504,0.0
46.1684743217418,41.86592102050781,48.627021676108804,45.55380567278613,40.19706438148187,0.0
59.56777442175787,61.00031661987305,58.81535607871844,59.794482373449775,67.80655278359322,4.0
70.17897865273751,69.05207824707031,68.7368909878881,69.32264929589864,69.3407094260322,4.0
,,,,,
72.71069492265342,73.25619506835938,77.42244429423715,74.46311142841665,70.54085404630183,4.0
,,,,,
55.7976732574656,57.63014221191406,55.333922369133774,56.253912612837816,50.29437000941984,1.0
,,,,,
,,,,,
54.146863826709925,51.636905670166016,51.92527688020365,52.5696821256932,59.52896233058233,2.0
57.9452730306446,55.9442024230957,55.7792904620417,56.55625530526066,54.79134023470493,1.0
70.51131627716518,70.63510131835938,68.65049703138055,69.93230487563504,60.36553015073199,2.0
,,,,,
64.55156086435693,66.74568176269531,66.81297504993388,66.03673922566203,57.19567192523329,2.0
60.55939564477292,59.70948028564453,61.52020006035517,60.59635866359088,66.14237123055595,3.0
52.74731557273379,53.878604888916016,55.76709432639701,54.13100492934893,57.1098466084339,2.0
49.510759759744055,48.63050842285156,48.10152625725063,48.747598146615424,47.86894630928393,0.0
54.869584071341315,51.702064514160156,52.35158491122534,52.974411165575596,57.48271038013136,2.0
54.21807301744755,52.85142135620117,52.64483949740093,53.238111290349885,55.12906452577557,1.0
65.0730826090505,61.270530700683594,63.96391470456419,63.43584267143276,62.32207568275014,3.0
53.893204603486666,57.250064849853516,57.31202469480218,56.15176471604746,53.69781436415044,1.0
48.19944491240841,51.92067337036133,52.72446290965169,50.94819373080714,59.48991852573205,2.0
52.336667058673214,53.678287506103516,56.762065637749984,54.25900673417558,56.74820976138306,2.0
56.839183918597605,56.069664001464844,57.96831752480269,56.95905514828838,48.97050835294178,0.0
61.88349847823738,60.50644302368164,58.87446937269576,60.42147029153826,55.76217613561951,2.0
47.355247039087324,46.229373931884766,48.17560205952465,47.25340767683224,53.7528258053964,1.0
57.57935066432361,56.88759231567383,57.85178995197992,57.43957764399246,59.44034225586,2.0
57.43950879507873,55.49822235107422,55.112427526644204,56.01671955759905,49.063222471317125,0.0
61.9752292185057,64.94424438476562,64.08723585923951,63.66890315417029,59.84188394493373,2.0
74.59634535408202,74.70632934570312,75.27062707591965,74.85776725856827,64.78483402670399,3.0
67.4861786946635,69.16018676757812,67.8220643378164,68.156143266686,74.2451567092408,4.0
52.79507378614062,55.38226318359375,54.26833878342133,54.14855858438523,73.39179834175125,4.0
47.50165284809663,47.68265151977539,49.327793667812514,48.17069934522817,48.71322182560293,0.0
65.26833358867721,64.65181732177734,62.96931415180095,64.29648835408516,60.66097636075427,3.0
68.98401582562015,70.76647186279297,67.83580619054965,69.1954312929876,75.77156524835016,4.0
,,,,,
,,,,,
70.05720542077006,68.21551513671875,68.11697688106622,68.79656581285168,58.14856911490574,2.0
57.38434753014303,56.30060958862305,56.921662914708044,56.86887334449137,64.15302293034648,3.0
69.22948651099138,68.22909545898438,68.3951509126495,68.61791096087508,84.81462569090672,4.0
58.25024736572908,58.22813034057617,58.05192168512136,58.17676646380887,63.592332960010864,3.0
56.00955269549078,54.61835861206055,56.0444852512244,55.55746551959191,56.30014592232445,2.0
54.36511265143802,54.72825241088867,55.53362773691133,54.875664266412684,57.84586482210461,2.0
69.17025109632951,68.60350036621094,68.56086201376158,68.77820449210068,71.67195254176596,4.0
64.83986954797045,64.99987030029297,65.48303248130016,65.10759077652119,66.49650268536234,3.0
65.4248781350997,62.208980560302734,63.11996829088313,63.58460899542852,76.80933738573555,4.0
56.53394330029928,57.89438247680664,59.40132457717751,57.94321678476115,52.71183216993265,1.0
50.759895840412916,51.33890151977539,51.37680424339954,51.158533867862616,57.97849584427683,2.0
51.67444628272124,50.69148254394531,52.11891651762083,51.49494844809579,41.31806266805677,0.0
55.77797462219535,57.40873336791992,59.467174576847015,57.55129418898742,52.889244799376925,1.0
57.51774745885078,58.19614791870117,57.42334608605127,57.712413821201075,67.27481459113163,3.0
55.81622919681232,54.531700134277344,56.062097762475986,55.470009031188546,65.12945994379385,3.0
,,,,,
71.48095806157484,70.08753204345703,69.85476220008927,70.47441743504038,58.09005767135029,2.0
63.377793098662245,63.02693557739258,62.4757048059199,62.96014449399157,61.6150610810985,3.0
52.24396716708129,49.48280334472656,50.09390400596194,50.606891505923265,50.2505402908248,1.0
52.50902108021511,53.96306610107422,55.12065862061586,53.86424860063507,59.93252502154277,2.0
61.443441694336364,61.66978454589844,60.34595195108657,61.15305939710712,64.17703746012822,3.0
46.5889905848551,50.10915756225586,50.29412729484726,48.997425147319404,52.96593515293623,1.0
,,,,,
44.09421889435152,48.379608154296875,48.10184095836739,46.858556002338595,40.25672583597158,0.0
55.83109199644498,55.172847747802734,55.82178279161004,55.60857417861925,65.18224720398032,3.0
52.22023696306992,52.21271514892578,53.92122460259694,52.784725571530885,36.20144235702204,0.0
54.97032655115122,56.68330764770508,57.75247817373727,56.46870412419785,52.78991071680582,1.0
56.62872466122419,56.222572326660156,56.33342620176319,56.394907729882505,60.9516845741609,3.0
,,,,,
,,,,,
49.541821853240606,50.96424865722656,52.294325692993674,50.93346540115362,45.63566273321819,0.0
57.76504963456733,50.641178131103516,50.66361257126995,53.02328011231359,53.45436916364449,1.0
54.84590915784003,52.971614837646484,51.11721541513412,52.97824647020688,56.95663601242397,2.0
67.9678795165641,68.74922180175781,68.55709098504703,68.42473076778964,75.42642862291837,4.0
61.52435625586375,69.0218734741211,67.49511663402775,66.01378212133751,63.330195909428674,3.0
65.43116682702322,65.8399887084961,66.14075221029344,65.80396924860425,65.58492272607796,3.0
57.5876231810346,58.585304260253906,56.75225558834675,57.64172767654509,62.05070875761201,3.0
50.74498762841343,48.78562927246094,50.178314370322084,49.90297709039882,58.25620953109506,2.0
73.45816091966617,70.8985366821289,77.53573946357824,73.96414568845778,66.63978757706482,3.0
51.46336269521527,47.62083435058594,47.88934268595967,48.99117991058696,45.47822721284032,0.0
,,,,,
69.65309572723655,73.40567016601562,73.47179878368568,72.17685489231262,85.38472648169588,4.0
69.22823828627675,68.43101501464844,67.53030728910859,68.39652019667791,72.21024188055402,4.0
57.43326123913322,56.25825500488281,56.631719629083705,56.77441195769992,57.36206050558061,2.0
57.550387749731634,56.47655487060547,56.44466632433813,56.82386964822508,62.0744964815386,3.0
,,,,,
73.91194158244534,72.62482452392578,72.90357779660113,73.14678130099074,69.05604321324822,4.0
49.26383541600629,52.41542053222656,51.917176080074334,51.1988106761024,57.23208697939068,2.0
56.00826656629992,56.71641159057617,56.21469278173149,56.313123646202534,53.53265336812535,1.0
53.74611046489746,50.46765899658203,50.36075116007423,51.52484020718458,36.44214852392414,0.0
,,,,,
52.25603001295131,54.06415557861328,54.81938105890855,53.713188883491036,48.869886264468406,0.0
,,,,,
51.94245709232996,53.352439880371094,54.759774081783405,53.351557018161486,72.48658617365005,4.0
58.919613314952024,59.11252975463867,59.31569876245652,59.11594727734908,54.07163437549151,1.0
53.122593506910945,53.79474639892578,53.295479159478234,53.40427302177165,51.66886101855234,1.0
,,,,,
46.61998921994609,49.09071731567383,48.90844998048272,48.20638550536754,42.421184185831024,0.0
50.82621582211767,54.07389831542969,53.05025324779898,52.65012246178211,50.01571133139388,1.0
63.998435191305546,65.141357421875,65.76276310604861,64.96751857307639,62.53537374861708,3.0
66.3932584611723,66.77037048339844,66.37006979947984,66.51123291468353,60.19347161138492,2.0
57.130535102307164,60.25174331665039,57.501762036974625,58.29468015197739,67.4615429775137,3.0
71.51272323584209,68.9060287475586,70.27836925449087,70.23237374596386,71.81214530183208,4.0
52.940383125106955,58.66758728027344,55.444605329308956,55.68419191156312,48.04444620618143,0.0
,,,,,
54.75482937507127,53.011444091796875,52.10490921436938,53.29039422707917,68.88238747714962,4.0
71.6592823745434,72.30400085449219,71.88668740732899,71.94999021212153,61.61310544064517,3.0
55.41444781589528,55.23249816894531,53.403943559108725,54.683629847983106,47.33742548371649,0.0
73.15101046363803,73.31085968017578,72.94008538869468,73.13398517750284,77.71274919239163,4.0
51.69442696846185,53.88736343383789,53.941083720169196,53.17429137415632,52.011615715773694,1.0
,,,,,
55.61531462510842,56.26387023925781,58.29385996310906,56.72434827582509,57.34582503239464,2.0
63.80329716914835,63.55416488647461,63.25376387089967,63.53707530884088,64.52331460410433,3.0
58.26591908837251,57.22649002075195,55.92378621172722,57.138731773617224,64.5793018640296,3.0
50.53442450841631,51.72346496582031,52.515106526545075,51.59099866692724,62.80012302625671,3.0
56.75747897488133,51.703895568847656,51.54327499211912,53.33488317861603,55.61160697773925,2.0
54.058058350516895,55.87178421020508,56.29230644760756,55.4073830027765,67.09531660292505,3.0
62.08103370361296,59.629188537597656,58.54949508363692,60.08657244161585,50.34937791574222,1.0
72.05907024948789,68.54013061523438,68.13158528859391,69.57692871777205,71.30581375475391,4.0
71.18890936854636,68.4979019165039,68.0682133608667,69.25167488197233,81.37719087260304,4.0
56.641339473253794,54.979854583740234,55.03836579767041,55.553186618221474,58.257036333712406,2.0
60.032848956248976,59.548561096191406,59.85542576032314,59.812278604254516,61.78796636466503,3.0
54.27833648321694,52.41716766357422,52.25803684456108,52.98451366378408,56.69480591037215,2.0
60.11404917281364,57.24630355834961,56.39416444733994,57.9181723928344,60.64376116936391,3.0
70.51143075367504,68.32992553710938,68.96512652620555,69.26882760566332,61.002392312479095,3.0
64.89221203239035,65.28388214111328,65.27688887445825,65.15099434932061,61.34575837325119,3.0
68.74905810209974,68.34970092773438,69.10224733206915,68.7336687873011,57.33368825286382,2.0
51.39856404288331,48.865821838378906,50.08141350818012,50.11526646314744,45.2421099935656,0.0
54.07858997175222,53.988365173339844,54.48745554142652,54.18480356217287,57.907307645824446,2.0
66.26855185368977,64.12106323242188,63.74012853991683,64.70991454200949,76.44045750167552,4.0
62.795871197233076,61.19123458862305,60.3365595377017,61.44122177451928,83.50117141620451,4.0
65.91999923726904,68.47332000732422,67.55897973053791,67.31743299171039,72.74417890021891,4.0
69.58259539526559,64.48505401611328,68.13392680466843,67.40052540534909,61.6136917196999,3.0
56.96234940368957,58.21757507324219,60.237750062402064,58.47255817977794,47.31732735666255,0.0
61.24403844049216,63.42749786376953,60.78807889116554,61.81987173180908,52.61737606940719,1.0
70.42978193205236,70.77884674072266,71.02947206600255,70.74603357959252,65.16445204872416,3.0
47.96566962851283,49.90577697753906,49.69349698492787,49.18831453032658,53.98751615618664,1.0
64.37498929446974,63.85585021972656,63.14100087774117,63.790613463979156,64.7010796168411,3.0
70.743237130837,72.04447174072266,72.60717128062325,71.79829338406095,67.77411755322788,4.0
52.70258881802004,50.085819244384766,49.21762467402197,50.66867757880893,55.485521924682,2.0
46.806464897915184,48.171146392822266,47.754256328181356,47.57728920630627,44.83278703433133,0.0
50.28642039842529,49.046836853027344,48.96894800839474,49.43406841994912,39.639685627309255,0.0
70.10035307675894,68.93212890625,68.64098322840063,69.22448840380319,72.48208112573606,4.0
60.05593468250972,60.12630844116211,59.23052003820611,59.804254387292644,70.71727563458619,4.0
62.757522363239744,60.52561950683594,60.42116224250719,61.23476803752762,58.62759823212415,2.0
54.063637307448396,53.82567596435547,54.91301971457577,54.267444328793204,42.675458082433,0.0
,,,,,
63.31562291382131,63.611610412597656,63.63234788573885,63.5198604040526,52.7484510494733,1.0
73.21695139398943,72.23798370361328,73.52609683734067,72.9936773116478,83.05731196408482,4.0
65.27822120029165,65.7610092163086,65.6391581264919,65.55946284769739,71.42782743297771,4.0
49.57103117946165,50.4290657043457,50.38707752813014,50.12905813731249,53.91461576178398,1.0
66.4675649833938,64.34488677978516,66.41731722775366,65.74325633031087,42.993489939946194,0.0
47.83591989491658,48.93327713012695,48.96952269728608,48.57957324077654,53.03178484897926,1.0
66.29213000450969,64.81715393066406,65.6097057891169,65.57299657476355,57.62005739746684,2.0
42.03591424933932,43.65921401977539,43.48352108116024,43.05954978342498,42.002366935017605,0.0
66.9468269790686,66.21985626220703,64.70248789067554,65.95639037731705,76.7436270612898,4.0
63.347942914096265,63.912784576416016,67.18444518350795,64.81505755800674,63.88219652446977,3.0
71.98158007496862,72.07875061035156,70.68860375208783,71.58297814580267,75.13896248346431,4.0
76.4411254215221,75.02754974365234,75.75932074533037,75.7426653035016,77.54444402973695,4.0
70.16459618183781,68.28768157958984,68.33751627957618,68.92993134700127,56.56610244908126,2.0
62.092643354769315,56.45100784301758,56.60484301745187,58.38283140507959,53.36990764386921,1.0
66.03640852968032,67.63345336914062,67.5047851502442,67.05821568302171,68.36122798664744,4.0
53.7319863932116,55.30073165893555,56.741455194834614,55.25805774899391,55.08135421432004,1.0
72.2798568579703,70.62320709228516,72.27341249038211,71.7254921468792,65.88633114234295,3.0
48.13833126523516,49.575992584228516,49.13356728288475,48.94929704411614,49.50849036727424,1.0
,,,,,
59.200191251771514,59.034271240234375,60.559225051215805,59.59789584774057,66.62518513943137,3.0
56.58194367951313,58.762733459472656,58.34331148721281,57.89599620873287,67.66704020068258,3.0
58.790801154013195,59.700801849365234,60.15880732438777,59.55013677592206,51.59078309042116,1.0
70.15294632854219,68.97877502441406,67.3486766044292,68.82679931912848,54.22017355187422,1.0
67.00424698791576,68.63516998291016,66.91572117198432,67.51837938093674,67.65052886956539,3.0
56.41565834608482,52.88839340209961,52.90336759265867,54.069139780281034,46.26954384903839,0.0
55.61051645521619,54.798038482666016,55.510380817468935,55.306311918450376,48.16374171982171,0.0
50.68771054325145,54.72914123535156,54.34886131758858,53.25523769873053,37.75193658976787,0.0
52.80111619246362,53.14431381225586,53.33871662678052,53.09471554383333,46.35960807307431,0.0
65.73291330198671,64.9774169921875,65.38501870682887,65.3651163336677,79.3974767593089,4.0
42.1562547032985,48.28977966308594,48.59035496610578,46.345463110830075,59.07801515278423,2.0
50.483173045842854,50.934085845947266,53.38131791467921,51.59952560215644,56.2633177380122,2.0
55.91749934448066,55.44552993774414,54.7134857653239,55.358838349182896,51.706917429167845,1.0
71.3817738351257,71.22074890136719,73.54225748053717,72.04826007234335,70.47563508179991,4.0
56.7015746080576,56.572654724121094,55.12856374071829,56.13426435763231,68.78236783550014,4.0
60.064971849183976,56.531639099121094,58.61519186169642,58.40393427000049,53.45920844195571,1.0
46.093736296869636,44.305503845214844,45.84744068843144,45.41556027683864,38.718254961558536,0.0
62.92426459518924,66.38804626464844,66.3453911999734,65.21923401993702,56.7961886713015,2.0
59.48860051294963,56.62575912475586,55.87005123856474,57.32813695875675,48.40657317659086,0.0
51.48047803273395,53.10221481323242,49.517303943781414,51.3666655965826,43.04651117627099,0.0
54.5372949135854,58.084228515625,57.187389942002305,56.60297112373757,55.261567941543,1.0
57.037843495960985,58.27973937988281,58.204456686939594,57.84067985426113,57.89054717515154,2.0
65.81470237858134,60.34715270996094,65.90350866574843,64.0217879180969,56.75861603638265,2.0
49.23112766237215,49.715919494628906,49.8914524830294,49.61283321334349,49.745004095634215,1.0
68.66947783273719,70.23649597167969,67.96436735476901,68.9567803863953,69.74669519559014,4.0
69.36809492380385,69.56169891357422,67.73101258989115,68.8869354757564,65.17461577206059,3.0
56.02433151704043,55.15761947631836,55.84442062917006,55.67545720750962,54.45799120635585,1.0
46.909338705177944,49.816871643066406,51.7969361823674,49.50771551020392,40.27265986052075,0.0
68.36938988251342,67.34738159179688,67.43010692410004,67.71562613280345,65.73215883282347,3.0
,,,,,
58.58832156954738,58.18421173095703,59.26993975663741,58.680824352380604,50.9084670520427,1.0
60.93092438579006,61.10527420043945,61.18732238212496,61.07450698945149,58.45288737433791,2.0
,,,,,
,,,,,
56.850673468179316,55.691532135009766,54.95372827922347,55.83197796080418,61.60176197743715,3.0
59.59312311048275,56.87440872192383,57.01182400994472,57.82645194745044,65.02594759317002,3.0
60.25506297223794,61.62838363647461,58.99023685315655,60.29122782062303,64.67703985387679,3.0
59.88267119680555,60.07421875,62.07231909064488,60.67640301248347,49.83944831640061,1.0
,,,,,
60.57683306544002,58.60711669921875,59.96670153533947,59.71688376666608,65.92253932069742,3.0
70.55301591666914,81.57523345947266,76.45194131863794,76.1933968982599,80.66107814436542,4.0
58.39192449666015,59.03272247314453,57.96310450239806,58.462583824067586,56.2069664615003,2.0
57.295418317658225,56.53455352783203,57.398042735519724,57.07600486033666,49.84395715591304,1.0
52.036905544070194,51.02742385864258,51.50953429350843,51.52462123207374,51.80220483510523,1.0
63.37412724888418,59.84386444091797,60.83057834386662,61.34952334455627,65.67827139364859,3.0
56.44908924894511,55.07848358154297,56.766622871561786,56.098065234016616,71.17136112338572,4.0
62.443507284055705,59.69856643676758,59.0928358588292,60.411636526550836,73.91119042627875,4.0
53.86722458868551,54.124794006347656,56.884052735740724,54.95869044359129,50.7058030113323,1.0
49.97064388144717,50.1958122253418,49.438736416175274,49.86839750765474,52.94362160851746,1.0
47.2188255972658,48.307830810546875,48.47778734224093,48.00148125001787,35.63749906901015,0.0
44.67987102946842,46.61294174194336,48.89484344143451,46.72921873761543,33.37861629417019,0.0
64.19845810229586,64.79056549072266,66.29387575691817,65.09429978331222,62.69136187469449,3.0
67.18266357237964,66.09782409667969,67.50892539629311,66.92980435511747,75.70753919053976,4.0
54.876026480919656,58.35486602783203,59.31815358504291,57.51634869793153,54.063603133563845,1.0
48.76760871045617,50.04965591430664,50.85677510892545,49.891346577896094,50.179140274816966,1.0
59.66768480195173,59.58495330810547,58.872852600941144,59.37516357033278,62.2063437988372,3.0
51.29922124381585,50.37407684326172,51.58582336569935,51.08637381759231,54.55712243628473,1.0
55.63933409260817,56.626102447509766,56.63272894331551,56.29938849447782,49.35995108870277,0.0
69.26968462001605,67.97755432128906,67.86156837748851,68.36960243959787,67.27960889824298,3.0
45.42476014859877,48.36819839477539,48.6402526975703,47.477737080314824,51.51602099474445,1.0
67.83119487396435,68.8240966796875,68.18260016642361,68.27929724002516,66.64573408724469,3.0
48.67562840816233,47.88590621948242,48.08909946316679,48.216878030270514,54.48033122217417,1.0
63.662840957697625,63.99065017700195,63.30889063459917,63.65412725643292,53.54356147030605,1.0
71.89876600938075,69.12480926513672,67.50051268900745,69.50802932117497,63.86127963966683,3.0
50.736833536727204,51.83943176269531,51.8038101021386,51.4600251338537,49.07920607450826,0.0
62.64081776568026,60.515052795410156,61.45644766706858,61.53743940938633,57.60535158434005,2.0
56.52078223598238,55.45218276977539,54.95909378866035,55.64401959813937,53.90527456874305,1.0
56.3569732666722,56.84252166748047,55.26597889434233,56.155157942831664,54.23303873941,1.0
,,,,,
56.00826656629992,56.71641159057617,56.21469278173149,56.313123646202534,60.27159872076136,2.0
58.17462802755995,57.17566680908203,56.137272367225314,57.162522401289095,59.58199665916003,2.0
53.31962669859818,53.60642623901367,52.10954097168724,53.011864636433025,47.35819525072087,0.0
62.68689636779774,63.41809844970703,61.87719726722922,62.66073069491133,75.16690591825218,4.0
61.87281705686535,61.70508575439453,62.10997814419545,61.895960318485116,57.13676710773777,2.0
56.40797910935544,55.47187042236328,57.20491488120931,56.361588137642684,56.81178120286107,2.0
67.64307303014566,67.792236328125,67.93720453760662,67.79083796529243,65.3722101464453,3.0
52.10316190178645,52.2373046875,52.9342112676382,52.42489261897489,56.26867278283408,2.0
,,,,,
57.55589694107814,56.65925216674805,56.59691321718284,56.93735410833634,63.124723517157726,3.0
62.46493698053934,67.0860595703125,64.56776087318933,64.7062524746804,59.97688705729249,2.0
,,,,,
,,,,,
66.66174892116027,67.25872039794922,67.98880330528144,67.30309087479698,79.50184817605279,4.0
45.42832564169826,48.36819839477539,48.6402526975703,47.478925578014646,36.44070836787179,0.0
66.90118370503659,68.57648468017578,65.93237857245354,67.13668231922196,67.7962134209263,4.0
55.59970618144356,56.385498046875,54.3641290937907,55.44977777403642,48.967227641683344,0.0
58.25295940127043,55.435089111328125,54.38730796124713,56.02511882461524,47.630458917515455,0.0
55.36947530494457,57.19560241699219,58.48537855893379,57.016818760290185,56.50630521987311,2.0
51.76249812808473,50.37092590332031,50.382557227561534,50.838660419655525,47.626601582459465,0.0
53.728412835636455,51.74209976196289,51.46670428142987,52.31240562634307,40.78285145573541,0.0
56.08682816299952,52.87173843383789,50.669890740359264,53.20948577906555,49.88456841256968,1.0
56.190555029567854,55.26834487915039,55.51738044108699,55.65876011660175,65.50812402098236,3.0
54.62061691749374,54.97977066040039,55.98223575616338,55.19420777801918,49.5077147200366,1.0
54.2658684809029,54.72314453125,54.55863715491527,54.51588338902272,48.76599001060019,0.0
73.8833683428363,74.34900665283203,72.79436595093156,73.67558031553331,69.80930608585057,4.0
58.9596548908532,58.94200134277344,56.26073903730726,58.05413175697796,61.7852144348511,3.0
49.192252810279726,49.04435729980469,48.677035342672625,48.971215150919015,33.66746067454937,0.0
74.90009698248481,72.01759338378906,71.83000792514252,72.91589943047212,64.40803849468217,3.0
70.32604202719041,68.74494171142578,67.76826434628428,68.94641602830016,78.08474947257108,4.0
58.2415493409739,58.27289962768555,57.352340518335836,57.9555964956651,73.44273405065422,4.0
55.89571966353169,57.118675231933594,56.56918327849912,56.52785939132146,53.25470587499105,1.0
53.88999521604714,53.72114562988281,54.93803444659765,54.18305843084253,49.42442408537442,0.0
64.04761419898244,63.924766540527344,66.60431653219457,64.85889909056812,63.15204329477995,3.0
,,,,,
62.13983117346259,66.36431121826172,64.84077682679973,64.44830640617468,77.28473252826073,4.0
55.08440552057224,54.961734771728516,57.27884722703588,55.774995839778875,54.797796649514254,1.0
67.77330425745222,68.35021209716797,69.13168334663736,68.41839990041917,68.31387311583792,4.0
53.44656605238885,55.1208381652832,54.12398503078628,54.23046308281945,53.271431524985466,1.0
53.859329931999206,56.11194610595703,56.48152325316181,55.484266430372685,47.85987947433451,0.0
68.62191525443588,65.1707992553711,66.3323263398433,66.70834694988343,66.77727289504952,3.0
54.56480508715072,57.13624572753906,58.422396886682506,56.70781590045743,61.256567287679374,3.0
,,,,,
51.053484294026056,50.84117889404297,51.81329945210127,51.23598754672343,64.42449623544461,3.0
,,,,,
63.76203266751699,66.06696319580078,69.01401596412306,66.28100394248027,74.1084697515209,4.0
64.40107182412804,62.72991943359375,62.15199195680888,63.0943277381769,66.71826781028092,3.0
54.35385802514691,53.73946762084961,53.79298590234999,53.962103849448845,45.172009421059656,0.0
57.10193276715503,58.50649642944336,60.5763520906676,58.728260429088664,69.40592816781006,4.0
57.31253826740894,56.75148010253906,55.870692113279475,56.64490349440916,68.2734623483019,4.0
54.112928414882035,54.58506774902344,53.87396315347596,54.190653105793814,59.500874731248,2.0
47.617349402090504,49.14921188354492,48.28615612012036,48.35090580191859,47.06897787587679,0.0
60.8122162888796,58.712181091308594,61.86886976531067,60.46442238183295,58.21808967611097,2.0
69.64933219858578,67.16222381591797,66.8827761428711,67.89811071912494,67.23800574568816,3.0
57.234301423472765,55.99250411987305,57.37264094996296,56.86648216443626,56.85192314943031,2.0
55.91621206988594,59.68939971923828,58.94867399731479,58.184761928813,58.75640017012898,2.0
69.00454324073853,71.23472595214844,70.11037828876444,70.11654916055046,71.13364769941923,4.0
47.28228055336322,45.28073501586914,44.97774238928578,45.84691931950605,58.29692076615248,2.0
69.80512170322046,70.34820556640625,69.36060355160748,69.8379769404114,53.1085365862464,1.0
60.19599866434041,57.02517318725586,60.046430233049726,59.089200694882,47.41075967345156,0.0
52.78352246872315,56.319000244140625,55.24953585976584,54.784019524209874,55.61177501182773,2.0
,,,,,
67.16007418946832,63.87735366821289,63.87916123767758,64.9721963651196,76.13753035728058,4.0
73.15404458296808,69.18013000488281,67.13337154452665,69.82251537745918,74.58851110767247,4.0
67.49216495421598,66.5890884399414,67.4615080678234,67.18092048732693,75.67753634018749,4.0
65.45265942426722,66.24734497070312,65.19071253263104,65.63023897586713,71.742670711471,4.0
48.26608152231411,50.06734085083008,47.9754173077203,48.76961322695484,59.99740168964817,2.0
48.6902375241699,49.95087814331055,49.90269965303806,49.514605106839504,46.813572345847554,0.0
52.171792713859574,51.847015380859375,50.19880537757431,51.405871157431086,49.81096339880837,1.0
54.09047609165198,54.16526412963867,55.517373175551214,54.591037798947276,45.96298757797478,0.0
,,,,,
43.98155979646569,48.3970947265625,48.46103513271357,46.946563218580586,35.03996209271808,0.0
67.97047878180085,71.20881652832031,70.77630046369461,69.98519859127192,79.78361259929198,4.0
49.610029941650424,51.81973648071289,51.076184022357396,50.83531681490691,53.894991015848376,1.0
73.20137027052762,74.03730773925781,72.06690797976914,73.1018619965182,71.43370479320416,4.0
45.93043245017297,49.914634704589844,50.17938021299922,48.67481578925401,57.13785886739679,2.0
70.41295279895515,71.26129150390625,70.81333289532856,70.82919239939665,74.67309642285696,4.0
43.53676067028464,45.00074768066406,44.59617742767587,44.377895259541525,43.84175958138211,0.0
55.98589814386956,55.6111946105957,55.866108218565415,55.82106699101022,51.52571489294573,1.0
51.84847633894331,51.902042388916016,51.22048703906299,51.65700192230744,51.422756491092144,1.0
63.28591287654905,57.02805709838867,60.68394996359388,60.33263997951053,75.03554613357007,4.0
,,,,,
70.33136372437934,68.7235336303711,67.19486764658971,68.74992166711338,67.36866567374592,3.0
66.78733873044334,66.28807067871094,66.35650910741838,66.47730617219088,70.72471895768234,4.0
52.32763573013051,52.450584411621094,49.92015920243345,51.56612644806169,60.15071079465439,2.0
57.39223414149495,57.2500114440918,56.70633749558461,57.11619436039046,50.6877821281415,1.0
62.128380165806774,62.85670471191406,63.14137538626053,62.708820087993786,55.72511620853522,2.0
66.64267842851824,64.92718505859375,64.45282261872302,65.34089536861167,72.27228377271966,4.0
64.80385985637486,63.17940902709961,63.75506205861377,63.91277698069609,56.43816578516279,2.0
,,,,,
60.72120302198104,58.544639587402344,57.49492917710714,58.92025726216351,63.68793067168623,3.0
48.5300952613656,51.18936538696289,51.11244840011762,50.2773030161487,46.39057278413287,0.0
59.614063324688686,56.81192398071289,56.745161234704234,57.72371618003527,52.51261224801023,1.0
50.550080217640414,51.29840087890625,50.85064060625716,50.89970723426794,44.718701199948086,0.0
47.107495941800906,48.80607223510742,49.234549908983595,48.38270602863064,38.43580975634082,0.0
48.50117324002608,50.07733917236328,47.50910984802425,48.69587408680454,62.654370299782336,3.0
,,,,,
57.95089787337893,55.31777572631836,54.2538326423631,55.84083541402013,56.8526323466026,2.0
72.83700127367604,72.21538543701172,72.25903868111534,72.4371417972677,78.21874825675562,4.0
75.94436366870173,75.88458251953125,76.69578607955312,76.1749107559287,67.48028703937281,3.0
57.855356524082694,56.92976760864258,56.11821488072028,56.96777967114852,54.28673809918911,1.0
55.52974670975519,54.81287384033203,55.17067834349769,55.17109963119497,70.51023891305447,4.0
51.56337259507708,50.92914962768555,52.75412767534634,51.74888329936965,53.82792445938759,1.0
63.017308695572524,61.945823669433594,63.26451358364474,62.74254864955029,64.384028116207,3.0
66.07070626046786,67.8268051147461,66.89353393211371,66.9303484357759,69.19521075074492,4.0
70.37915014650571,71.23072814941406,70.64183648238699,70.75057159276892,74.62882182926236,4.0
62.092643354769315,56.45100784301758,56.60484301745187,58.38283140507959,64.79116600565271,3.0
,,,,,
61.382752495035895,58.69094467163086,57.692511368755326,59.2554028451407,51.76695891304532,1.0
54.82905264089023,56.14939880371094,56.18411265262338,55.720854699074856,52.47921983567801,1.0
74.86961746422574,75.49835968017578,74.53204255967108,74.96667323469087,67.6401486238118,3.0
68.61502795709102,68.24641418457031,68.63744396446818,68.49962870204315,76.20637655300993,4.0
75.01951159314443,75.88340759277344,75.63275538710059,75.51189152433949,74.4886942075499,4.0
54.436667993705385,53.3326416015625,52.67183125094008,53.48038028206932,44.41109476077799,0.0
49.69541705780761,49.842750549316406,49.919912773807425,49.81936012697715,56.56892568452877,2.0
58.877517271045036,59.009212493896484,58.138522020309,58.675083928416846,60.49401683523234,2.0
,,,,,
47.76496758917279,46.012115478515625,45.935671807846376,46.570918291844926,36.01378026693646,0.0
47.040236249316074,48.52861785888672,49.71957381246458,48.42947597355578,59.40833456055025,2.0
70.58277306537147,71.18827819824219,71.32740983467116,71.03282036609494,83.56657810971471,4.0
44.86579344511363,45.49573516845703,45.41151210191501,45.257680238495226,36.52084635798366,0.0
63.17502561698157,56.24711990356445,56.58893169928977,58.6703590732786,55.97176312252203,2.0
62.793794326582535,65.41387176513672,62.43047695325443,63.54604768165789,46.445457268582,0.0
55.91370162926989,55.78548812866211,54.67002558253785,55.45640511348995,58.21368363360988,2.0
56.286206408478066,56.92676544189453,59.71058928920725,57.641187046526625,61.837096402094026,3.0
54.87267946408534,58.87443542480469,57.610304261387334,57.11913971675912,36.78259849109697,0.0
57.70885248646889,56.66093444824219,56.59254710343009,56.98744467938039,61.82150207081338,3.0
60.13856959428756,58.02394104003906,60.48904801556346,59.55051954996336,62.38381877118991,3.0
50.08572840305882,54.07087326049805,51.386564222944905,51.84772196216726,45.47439083606632,0.0
49.53084692659303,50.576839447021484,49.56049266461554,49.88939301274335,43.67074738197943,0.0
53.64061007896237,55.888118743896484,55.55065137554667,55.02646006613517,53.6878661708054,1.0
51.62207820003664,54.72151184082031,54.131397185013775,53.491662408623576,52.757275790348416,1.0
55.054964738323555,51.64668655395508,50.7426267352483,52.48142600917564,55.36189308508263,2.0
59.81613099722046,59.14558410644531,59.23591067084548,59.39920859150376,54.37915808824869,1.0
53.52271036815708,55.990882873535156,56.09374366363649,55.20244563510958,53.649378997973066,1.0
63.69758091704785,64.48048400878906,64.8159039831093,64.33132296964874,62.07360307148572,3.0
55.811741796331006,54.48970031738281,55.13496021276465,55.145467442159486,63.55681543828338,3.0
77.69332986179121,77.24613189697266,75.37654575469584,76.77200250448657,78.3895016010727,4.0
,,,,,
,,,,,
53.705131879264094,57.876808166503906,58.22162817105197,56.601189405606654,61.0585888328422,3.0
64.23359828954385,68.20980072021484,66.04710527308323,66.16350142761398,54.22699195121179,1.0
,,,,,
,,,,,
66.14799244815529,66.16047668457031,65.90231754666885,66.07026222646483,61.07843049908961,3.0
59.21800960177393,56.90513610839844,55.691801914621145,57.271649208264506,56.54000718980471,2.0
57.79307725113568,58.79640579223633,55.703934052000456,57.43113903179082,74.32381348111392,4.0
54.7539896119801,55.73285675048828,54.78126330627353,55.08936988958064,46.5101401674269,0.0
58.400297277409614,59.1795654296875,56.59805577398588,58.059306160361,55.21893534688958,1.0
48.58149246067461,47.84344482421875,48.726199376911836,48.38371222060173,57.97845424387084,2.0
64.23720135941184,65.18141174316406,64.6913650875267,64.70332606336753,59.79053365945742,2.0
68.2156378269594,65.35713195800781,68.92493692453246,67.49923556983323,50.43884837074767,1.0
,,,,,
57.96181520999097,58.501590728759766,58.77655331996615,58.41331975290563,45.01060969054932,0.0
,,,,,
69.59279742624368,69.29875946044922,66.19041021624575,68.36065570097956,74.9181725689359,4.0
54.27372867660652,53.9135856628418,54.469077577015604,54.218797305487975,44.55452973186592,0.0
,,,,,
47.60052982959879,48.552574157714844,48.93395127323302,48.362351753515554,42.064130237999045,0.0
,,,,,
67.88809834606322,67.32795715332031,69.44309488439305,68.21971679459219,74.38057623201207,4.0
53.20515423284971,51.319976806640625,51.02338613158836,51.84950572369289,57.34427376946446,2.0
51.13122124968037,50.96073913574219,50.02713504538805,50.706365143603534,46.91921413503338,0.0
45.99532975115695,49.50130081176758,49.509176915136,48.33526915935351,57.44127824362029,2.0
61.368371784736034,59.599979400634766,59.21095751571212,60.059769567027644,60.34216494047075,2.0
49.73929467440939,49.86166000366211,50.503836244934014,50.03493030766851,56.01679173156915,2.0
59.48590411265427,57.82708740234375,56.46250573394819,57.925165749648734,66.47867234535407,3.0
65.14406194080067,68.17185974121094,68.14644456489387,67.15412208230183,58.82299667525657,2.0
,,,,,
51.55875771843005,49.134735107421875,51.50949967512453,50.73433083365882,58.29205694823649,2.0
47.01857404984647,44.1954345703125,44.30022841323632,45.1714123444651,41.58246307239956,0.0
58.535793238058055,60.51790237426758,61.82939706697018,60.294364226431945,56.02622086346505,2.0
49.603923011983476,49.47996520996094,48.15570280780703,49.07986367658382,44.65900835704069,0.0
48.61475367136826,49.14768981933594,50.38647828350971,49.382973924737975,49.20298956619701,0.0
61.64307926180759,60.63115310668945,60.32044102988094,60.86489113279267,51.16626234927824,1.0
58.451426944376145,55.739994049072266,56.684095901356166,56.958505631601525,55.6533338874235,2.0
52.559831362180184,48.410980224609375,48.87218447655541,49.947665354448326,56.56921777519374,2.0
68.04414758244314,68.39920043945312,67.82265646713786,68.08866816301138,67.31816459328999,3.0
50.52675897224144,48.93084716796875,48.13250129900853,49.19670247973957,52.99935663091078,1.0
69.27700409596163,68.86517333984375,69.55483911726759,69.23233885102432,74.46489978463154,4.0
54.92805820752925,51.193946838378906,49.98007998434809,52.034028343418754,65.6395270256283,3.0
54.3895052363145,53.41578674316406,53.1865171897431,53.66393638974055,46.18692730564204,0.0
57.129883599235,54.587947845458984,56.920467824513096,56.212766423069034,51.1053645295524,1.0
57.536226325181865,56.74672317504883,56.464049795747414,56.91566643199271,77.45841551059182,4.0
49.007343020640974,50.153846740722656,50.36642085427248,49.8425368718787,49.3689714476688,0.0
67.71683810961872,67.09317016601562,66.24798934811949,67.01933254125127,57.57214809412158,2.0
54.786424073889236,54.22412109375,55.159111359460184,54.723218842366485,58.89361837026393,2.0
67.53067739389337,71.14093017578125,70.76206455529781,69.81122404165747,62.06538223631368,3.0
48.3879808701621,49.91820526123047,50.53491676928834,49.61370096689364,43.11056248605402,0.0
,,,,,
55.47660589707963,56.77835464477539,56.230725636663905,56.16189539283963,51.06017937662541,1.0
54.58358591654506,56.43815231323242,57.33602607293105,56.119254767569515,66.31941015920904,3.0
54.497322775501104,54.1048469543457,54.699712172809114,54.43396063421864,59.397209673398265,2.0
54.578991627052,55.311119079589844,55.72590506522064,55.20533859062083,49.53982049977683,1.0
69.46142746265352,69.15308380126953,68.40989809684274,69.0081364535886,67.3235519580069,3.0
,,,,,
78.76505972803444,76.77912902832031,78.51205660890795,78.01874845508759,70.12184163297555,4.0
67.56478764304654,66.06941223144531,67.3473380259725,66.99384596682145,62.71816447444133,3.0
61.805143800247464,60.52408218383789,61.58455932934785,61.304595104477734,67.06451767924914,3.0
54.61990517323325,53.90427017211914,53.187164083578075,53.90377980964348,45.00350857891741,0.0
,,,,,
51.16024118102818,49.62737274169922,50.07579525771122,50.28780306014621,43.10130438353861,0.0
47.443880475683976,49.53466033935547,50.395008423302116,49.124516412780515,46.87476497168712,0.0
,,,,,
51.37490433666992,51.76310729980469,51.158901002508955,51.43230421299452,52.7370652721664,1.0
52.43348245687569,52.534000396728516,52.681449147700675,52.54964400043496,60.09009392888413,2.0
,,,,,
,,,,,
54.70161061326674,55.052154541015625,57.39642160198231,55.7167289187549,61.31228313497047,3.0
50.70229236807789,51.55498504638672,52.234969506381546,51.49741564028205,56.73529458812459,2.0
,,,,,
66.89430509973322,65.98178100585938,67.06258556283032,66.64622388947431,52.25210957115227,1.0
,,,,,
45.88990362656681,47.327110290527344,48.10154241672572,47.10618544460663,38.86758421120727,0.0
59.71238302216129,60.678348541259766,60.542072593901295,60.31093471910746,60.51206688271356,2.0
50.18167870390045,54.862117767333984,51.18258978730651,52.075462086180316,41.318402119905386,0.0
57.76002006246122,54.958805084228516,53.789094735638926,55.50263996077623,61.26007013032429,3.0
,,,,,
69.62958894892252,72.55940246582031,70.42988682769274,70.8729594141452,77.05880380812991,4.0
53.85414950635085,55.7703857421875,53.826272162752325,54.48360247043022,53.71777734203359,1.0
56.359677021501206,57.7477912902832,56.880194231609316,56.99588751446458,55.73498018213435,2.0
64.47844220345868,67.54299926757812,65.52845684654152,65.84996610585944,73.44044312780133,4.0
54.90536341489718,53.181785583496094,55.22013907606358,54.43576269148562,76.47416812284509,4.0
54.637702469067065,53.11732482910156,51.75266696511019,53.169231421092945,53.68392780767867,1.0
57.28970508372651,55.68452453613281,55.08679605167266,56.02034189051066,51.551324911001934,1.0
58.38724337664766,58.490718841552734,58.275872644175735,58.38461162079204,60.90019098828992,3.0
57.509459014224326,59.304901123046875,59.52556546252598,58.77997519993239,55.29203138498053,1.0
65.1479740158206,63.27615737915039,65.02036493495736,64.48149877664277,64.28968384721705,3.0
48.66093273794839,50.47632598876953,51.0952299787862,50.07749623516804,55.47486040981561,2.0
61.9833174275348,61.4502067565918,59.52824566112268,60.98725661508309,65.15027371219539,3.0
56.94563875492529,55.06985855102539,55.595161441475774,55.87021958247549,51.31191040865557,1.0
,,,,,
56.84188805724886,56.84440231323242,56.93415599839841,56.87348212295989,62.522541407107205,3.0
49.82070095594159,48.711978912353516,48.753215770601585,49.0952985462989,63.49927785553836,3.0
48.06258564875265,48.71791458129883,48.92626977192454,48.56892333399201,68.84685827477139,4.0
59.782817759209735,57.99101638793945,60.71792546605286,59.497253204400685,55.35135731499795,2.0
57.50284654985509,54.73642349243164,54.978746357615044,55.739338799967264,62.57168844979485,3.0
53.62033410908784,53.0319709777832,54.99844186943223,53.883582318767765,45.79392414452632,0.0
,,,,,
73.5743905491186,75.39755249023438,73.17434468455181,74.04876257463494,75.52929250361247,4.0
52.38905974903104,52.76909637451172,52.41020114476364,52.52278575610214,45.97106252485781,0.0
,,,,,
53.1531966967663,54.11601638793945,53.50891257657133,53.59270855375903,47.82274354160241,0.0
49.543412400585,49.715919494628906,49.8914524830294,49.71692812608111,44.36891778625016,0.0
66.3821828730429,64.5241928100586,63.771432532678894,64.89260273859345,62.48577666297187,3.0
61.87386039314561,62.79747772216797,61.418756861567196,62.03003165896026,65.90539568397972,3.0
57.1126706955132,60.84199142456055,57.71750987117234,58.5573906637487,62.898925069540894,3.0
69.03293134142264,68.0309829711914,71.94296226153814,69.66895885805071,53.7838756942829,1.0
58.33238707449258,59.33960723876953,59.13616631284768,58.936053542036596,56.38538803987273,2.0
,,,,,
,,,,,
62.79752401620265,62.32270812988281,56.760661926434956,60.62696469084014,48.42350996398054,0.0
48.32161402801451,48.98496627807617,47.91809807475581,48.408226126948826,48.4126907588539,0.0
58.69641369381923,58.21175765991211,57.712930690060865,58.207034014597404,59.00344326837886,2.0
65.96928986250806,65.7027587890625,66.91722117768846,66.19642327641968,79.28866987263609,4.0
53.58842154083916,55.85554504394531,56.43917774626823,55.29438144368424,59.22951494857939,2.0
55.3783429831113,55.75054168701172,54.05947652763107,55.06278706591803,56.97196999099273,2.0
55.45273389183255,58.337486267089844,56.25058648659732,56.68026888183991,51.48887850734284,1.0
52.52486467604774,55.574501037597656,55.81283960151236,54.637401771719254,50.09607533484948,1.0
55.50463218601721,53.726993560791016,52.9625346622379,54.064720136348704,49.16802429438725,0.0
52.54358006054409,54.35235595703125,54.98249423401142,53.95947675052892,46.773541255427695,0.0
65.35297924676884,66.60259246826172,66.53304193418536,66.16287121640529,83.0743149398095,4.0
54.35950623586251,58.96210479736328,58.56033460131204,57.293981878179274,62.82236092150264,3.0
49.47980934018781,50.90175247192383,52.25557275629591,50.879044856135856,57.80583156514059,2.0
56.6224331256582,56.334266662597656,57.23557762435675,56.73075913753754,57.10893441864686,2.0
,,,,,
71.31234481757208,69.17929077148438,69.03359825336874,69.84174461414175,64.46658316395576,3.0
67.85057753433883,68.63487243652344,67.83400277127728,68.10648424737984,78.41122254152988,4.0
68.74335797952506,70.15633392333984,69.01742525264453,69.30570571850315,70.9520044440617,4.0
61.092681701549836,61.21210861206055,60.4410464332789,60.915278915629756,54.7951005763159,1.0
59.24635664317382,59.161861419677734,59.45955354400911,59.2892572022869,45.62836806393957,0.0
69.49737369345182,67.92530059814453,67.22670934753353,68.2164612130433,68.61244421256252,4.0
50.60022952597983,50.23991775512695,49.5471363497552,50.12909454362066,62.316124974570485,3.0
64.8098358320723,63.53346633911133,62.359008965717805,63.56743704563382,73.28802666034667,4.0
55.94246276905665,52.39659881591797,52.126484291817306,53.48851529226397,49.07136906001214,0.0
76.87395704062264,76.89035034179688,76.47344674216993,76.74591804152982,69.90662314265487,4.0
57.93229169557885,56.251102447509766,55.940948922029385,56.708114355039335,48.43216266857085,0.0
54.709017234025595,51.87451171875,51.8215683498734,52.80169910088299,54.21710599309422,1.0
75.27134474278552,76.4621810913086,74.96512972063748,75.56621851824387,79.54801423070197,4.0
59.14881190204378,60.91648483276367,61.574512830931255,60.54660318857956,60.476293901787926,2.0
55.656571235132276,57.36785888671875,56.32338775240934,56.449272624753455,51.0937731863564,1.0
56.70189965855666,54.00455856323242,50.9355439030327,53.8806673749406,50.22313448251232,1.0
52.36724841200705,55.62486267089844,54.131397185013775,54.04116942263976,49.35186624335413,0.0
55.69278191877982,54.45844650268555,55.78531146076105,55.312179960742135,51.859736323569805,1.0
51.9963127805775,53.484046936035156,52.888097705348166,52.78948580732027,40.79282248241259,0.0
56.28595669008002,57.5064582824707,57.24017037813008,57.010861783560266,62.58342000460191,3.0
,,,,,
54.23223019544796,50.12223434448242,49.67669516927338,51.34371990306792,50.3067598957471,1.0
58.138992138700246,56.166236877441406,56.25905382095827,56.85476094569998,58.23192538877706,2.0
,,,,,
68.61147840417667,68.24641418457031,68.63744396446818,68.49844551773839,63.55028122396117,3.0
56.047297595593726,59.296958923339844,59.70801549097576,58.35075733663644,55.63691993249687,2.0
51.08642047634008,51.14485549926758,50.779300376555575,51.00352545072108,46.630904713273,0.0
62.52831905610425,60.45616912841797,59.45020735067663,60.811565178399626,67.84062817280793,4.0
59.77342937117598,56.46925354003906,56.356021638695516,57.532901516636855,47.96726613410396,0.0
61.709218453508065,61.1828727722168,62.96257389011715,61.951555038614,58.64866574084644,2.0
58.15927835694254,61.087032318115234,59.21247285210136,59.4862611757197,56.52044660983135,2.0
68.50378294897746,68.42730712890625,66.98887596963182,67.9733220158385,67.7651465260157,3.0
56.74314117698141,57.71641159057617,57.9701781745744,57.47657698071066,67.12754504351206,3.0
49.000648131594495,49.431983947753906,49.72035269143174,49.38432825692672,39.29182871975415,0.0
,,,,,
44.729087822478945,42.79985046386719,42.233550123853725,43.25416280339994,39.802505708503546,0.0
,,,,,
,,,,,
49.449461879050496,49.14882278442383,47.60205015902911,48.73344494083448,58.24705009607902,2.0
65.72180711499084,63.838680267333984,66.20940711836855,65.25663150023112,57.78892814420911,2.0
51.71368404555827,52.509517669677734,54.190205378747585,52.80446903132786,57.67913562685359,2.0
47.18833821341705,49.719688415527344,48.68184781923703,48.52995814939381,40.440999841400135,0.0
72.61673349870553,70.85134887695312,69.66850790918689,71.0455300949485,60.51890380016141,2.0
47.06070789149042,49.38233184814453,50.49428562231813,48.97910845398436,51.24411636401116,1.0
52.31872736285622,53.46907424926758,53.933336624101656,53.24037941207515,50.467291225846246,1.0
70.0658420683777,72.94522857666016,72.33356773904656,71.78154612802813,67.5665481841692,3.0
58.903114520338654,56.29001998901367,56.39831677059943,57.19715042665058,55.90292756097561,2.0
,,,,,
51.76947857019499,49.50585174560547,49.21767358256331,50.16433463278793,54.54699727002441,1.0
49.03095034119631,53.172969818115234,49.062654712946824,50.42219162408612,41.90419200320401,0.0
,,,,,
52.77520544894614,52.842132568359375,54.25429576405234,53.290544593785945,67.2182707582513,3.0
72.94942358033359,78.77557373046875,75.95103939480745,75.89201223520327,80.00879825686569,4.0
59.28822174306133,57.406864166259766,58.29158549899583,58.32889046943897,44.71919659509494,0.0
50.87713106758204,51.88105392456055,52.003796651398325,51.587327214513635,41.9508427586927,0.0
53.01874552515645,56.56843566894531,57.309591985208286,55.632257726436684,63.68874376830709,3.0
,,,,,
48.55917205140069,48.11228942871094,48.15920157508798,48.27688768506653,61.09209897200156,3.0
62.09208579802904,61.39337921142578,58.1878216725664,60.55776222734041,72.38637634475998,4.0
64.30250041147522,64.2144546508789,66.25436698686228,64.92377401640546,50.787894769234086,1.0
55.69723582194756,56.88005065917969,57.961496392924055,56.8462609580171,73.11931216939088,4.0
,,,,,
54.91857327591435,51.807640075683594,52.980566416690365,53.2355932560961,56.45541709591847,2.0
48.620836058365406,50.451988220214844,50.562295980949166,49.878373419843136,51.16601247006388,1.0
,,,,,
56.735949363265064,53.30976486206055,54.31926693568548,54.788327053670365,60.1988667666797,2.0
53.77364212817315,52.938507080078125,52.75070105184734,53.15428342003287,55.92684548965566,2.0
65.72880683329521,67.32511138916016,69.14743163052765,67.40044995099434,60.37402876345613,2.0
47.56540535953756,51.12059783935547,49.78174370968478,49.48924896952593,51.51117388716927,1.0
65.06857799962123,65.69456481933594,65.87760557475303,65.54691613123673,54.87330870399538,1.0
54.25407072293863,56.0467529296875,55.71600232942556,55.338941994017226,51.72758952297857,1.0
,,,,,
61.0849729865018,66.7103500366211,59.44776347701694,62.41436216671328,69.74988443845818,4.0
66.30773060015794,64.98896789550781,63.62051223541942,64.97240357702839,64.99796619570442,3.0
54.565692310335,55.30437088012695,54.76585788391093,54.8786403581243,56.561974995906105,2.0
,,,,,
69.76294796591534,68.0990982055664,65.1500633651578,67.67070317887986,71.05657463825774,4.0
,,,,,
54.35905504541171,54.10554122924805,54.18449602316635,54.216364099275374,49.64401579971295,1.0
65.57105283620803,66.48776245117188,66.57361564978508,66.21081031238833,57.039091641769886,2.0
66.67580047533654,65.53980255126953,67.10653054353735,66.44071119004781,60.496701344177886,2.0
58.78912381721127,57.525753021240234,59.32038183636337,58.545086224938295,61.04258600953551,3.0
,,,,,
,,,,,
,,,,,
,,,,,
52.15203595254164,51.48318862915039,53.761766082655924,52.46566355478265,44.61372946375099,0.0
57.78220751336356,55.943359375,56.90488456719505,56.87681715185287,51.33894638565404,1.0
66.85747233610903,65.32311248779297,65.17554890353368,65.78537790914523,74.0785554872306,4.0
77.92879477749948,77.38067626953125,80.15087366346376,78.48678157016484,72.55361717152607,4.0
56.69001057862236,55.42620086669922,55.53120293492695,55.88247146008285,51.606314983276384,1.0
51.62518051542927,52.738155364990234,52.89409297408389,52.41914295150113,70.4031045295686,4.0
53.132378379089886,56.258304595947266,55.08820876115968,54.82629724539894,63.491594647760266,3.0
58.469597804553004,56.64499282836914,56.95429380406107,57.35629481232774,49.54149847437055,1.0
51.15449279463632,49.849456787109375,52.25381979317964,51.08592312497512,58.51167599630632,2.0
,,,,,
,,,,,
54.217699105812194,55.48059844970703,56.02015369313533,55.23948374955152,49.17909364783564,0.0
56.53189687911806,55.88856506347656,56.04815471189061,56.15620555149508,48.55332343124532,0.0
49.561957484544315,50.848060607910156,48.9436246628547,49.78454758510306,50.67134533120012,1.0
66.88873802239844,65.60537719726562,65.79676765124225,66.09696095696877,57.908695113020144,2.0
49.2390635300223,46.950321197509766,50.123876165972106,48.771086964501386,66.28689336829656,3.0
48.57279607430344,49.896026611328125,50.91752392020122,49.795448868610926,33.86181286016924,0.0
58.464066990731794,58.7735595703125,57.79577417863239,58.344466913225574,63.51859629950078,3.0
46.76890161150747,48.48638153076172,48.016688965414346,47.757324035894506,48.89170462712123,0.0
50.370386133597606,51.030975341796875,50.99875139215563,50.800037622516705,56.37577975040037,2.0
53.94449601799075,53.39482498168945,56.43735664925684,54.592225882979015,70.75163739887199,4.0
53.279267081763216,50.34665298461914,52.005711789367204,51.877210618583184,50.76422763211023,1.0
52.61474836755908,54.013465881347656,53.570544725805036,53.39958632490393,49.853731733024375,1.0
52.55122022410474,54.54737854003906,55.273458381562534,54.124019048568776,46.8640041918531,0.0
53.212239338894115,54.605445861816406,54.62958742278492,54.149090874498484,51.01032112968735,1.0
62.82343532348757,61.7166748046875,62.25198230155877,62.264030809911276,51.00110516656292,1.0
,,,,,
62.04478594573334,65.10391235351562,65.63879014771392,64.26249614898762,80.03460481447983,4.0
,,,,,
55.69723582194756,56.88005065917969,57.961496392924055,56.8462609580171,76.6207804511941,4.0
58.99062972607907,59.696556091308594,59.19457958216954,59.2939217998524,60.32509893957972,2.0
52.33166846174054,52.05498123168945,51.511245786223554,51.96596515988452,54.96342481311806,1.0
,,,,,
,,,,,
,,,,,
55.4346899360439,59.139427185058594,58.016327035850686,57.530148052317735,52.89535513344168,1.0
77.90168172522718,81.473876953125,77.40281540804862,78.92612469546692,88.17815459590157,4.0
53.69932468703919,58.12417221069336,57.542835059593685,56.45544398577541,36.39305309777431,0.0
56.88713934952461,52.477622985839844,51.75008343775598,53.70494859104014,63.356559913670814,3.0
,,,,,
51.86400192772714,48.84389114379883,48.66540772980777,49.791100267111254,54.3460651930378,1.0
57.356402707631716,57.917179107666016,59.07253083191183,58.11537088240319,69.02216443031664,4.0
55.138623871193474,56.163639068603516,56.85453690395455,56.05226661458385,48.826376187666106,0.0
51.32508891302997,50.156654357910156,50.245417461412906,50.57572024411768,68.01575333056404,4.0
61.928145904351574,60.98410415649414,60.75523595731709,61.2224953393876,65.36213215636414,3.0
63.0278411975823,65.49504089355469,65.68366369268877,64.73551526127524,59.48540001816758,2.0
48.408957205996074,51.037689208984375,52.086813642244444,50.51115335240829,60.24401599060351,2.0
48.19702322464464,51.0355110168457,51.33815013397921,50.190228125156516,74.73980719204074,4.0
54.004155597432174,50.71628189086914,52.049882794027695,52.256773427443,38.34030061248905,0.0
58.75807112140273,58.582366943359375,57.59220435562537,58.31088080679583,54.99410994417263,1.0
47.27314997798031,46.46129608154297,47.2986516795885,47.01103257970393,48.47289910694498,0.0
,,,,,
63.72646414896261,64.693359375,66.78044994863168,65.06675782419809,58.39434061779499,2.0
57.08765195308444,56.34496307373047,57.406738906801486,56.946451311205465,56.68597922259339,2.0
56.42454678319608,55.67186737060547,55.49723580733642,55.86454998704599,65.52934833402828,3.0
53.55672702192042,51.326148986816406,50.90001915506277,51.92763172126654,56.25726274849091,2.0
66.36164332963311,65.513427734375,65.71203581874686,65.86236896091833,60.171039459795146,2.0
,,,,,
64.22588971221234,60.7618408203125,62.05832275428419,62.34868442893634,60.7045232729451,3.0
65.93896851786634,62.144432067871094,62.509512804243556,63.53097112999367,60.93545759857481,3.0
70.27106145560924,68.30885314941406,69.16388739742754,69.24793400081695,74.62900620085723,4.0
49.501958265032535,52.097232818603516,53.3223874434002,51.64052617567876,49.60627607922984,1.0
64.84475350110876,67.86883544921875,66.77623205051148,66.49660700027967,76.10736593987382,4.0
57.52627332405973,55.06322479248047,55.39841837996592,55.99597216550203,56.000896644514405,2.0
65.96892006671689,60.88608169555664,62.95903972206618,63.27134716144658,61.58459094031949,3.0
51.92683591804749,52.97314453125,54.70824007675328,53.20274017535025,60.90916380003689,3.0
67.74169614295435,67.39986419677734,65.6085307412498,66.91669702699384,84.31707338165937,4.0
,,,,,
,,,,,
49.409248742209314,50.5808219909668,52.493733958257586,50.827934897144566,50.7977046207954,1.0
68.48722855091312,70.38925170898438,72.28239639552966,70.38629221847572,74.36751293556357,4.0
50.38427882322455,49.70377731323242,48.7864411888513,49.62483244176942,54.09675987010285,1.0
68.72294616280519,69.43307495117188,68.19493728320428,68.78365279906045,70.03985462071599,4.0
72.8133156071416,73.48466491699219,71.66584577184717,72.65460876532698,73.42308379435644,4.0
43.229170573852294,46.61174011230469,48.80527654223024,46.21539574279574,38.88341768062848,0.0
72.87552535804775,71.35005187988281,70.58582849324661,71.60380191039239,80.84408436842428,4.0
48.32340242362313,47.88590621948242,48.08909946316679,48.09946936875745,53.48140923200742,1.0
46.371143004492154,48.683170318603516,48.577235334813984,47.87718288596988,37.231749650883735,0.0
,,,,,
,,,,,
56.01814025964338,53.44932174682617,54.191810998338745,54.55309100160277,46.89312566749005,0.0
67.21537836363714,64.85467529296875,65.540677815678,65.87024382409463,76.96783509964966,4.0
48.00079757897951,50.04393005371094,49.64005153454667,49.22825972241238,47.57915084909922,0.0
,,,,,
61.690212313389615,61.972957611083984,60.18282031504376,61.28199674650579,58.546976699398,2.0
55.70055439686032,54.23965072631836,54.539479232099694,54.82656145175946,68.1007590727636,4.0
52.197544568411296,52.364654541015625,53.16033881758228,52.574179309003064,58.92374592545828,2.0
74.6009417775852,71.918701171875,72.89029081408464,73.13664458784827,80.82579947572036,4.0
50.29652471356656,51.29628372192383,49.677691712714186,50.423500049401525,54.830830353955605,1.0
55.033729531445886,54.105384826660156,53.444300035943996,54.194471464683346,51.37974512107583,1.0
54.88340930643213,56.17756652832031,56.96279672913467,56.00792418796237,56.58949249909093,2.0
70.58651115488583,67.6449203491211,67.62247363004573,68.61796837801755,78.34401592442838,4.0
,,,,,
54.41312050207512,54.727317810058594,54.916967179230014,54.68580183045458,53.47876829224824,1.0
,,,,,
52.353818210235566,55.74641036987305,55.995055396348235,54.69842799215229,45.30215861293028,0.0
69.5794709765044,69.49090576171875,70.07611117083421,69.71549596968579,57.68792411306077,2.0
57.598266209960784,52.919002532958984,55.8714454635708,55.462904735496856,52.99497376185612,1.0
56.6342209844339,58.661643981933594,59.61381770948461,58.30322755861737,63.90048396962719,3.0
58.30131004883872,58.260581970214844,58.10435436128957,58.22208212678105,55.8689606073939,2.0
64.69066581322593,68.45541381835938,70.22948317366394,67.79185426841643,70.25604448145701,4.0
49.888090244895714,48.32261276245117,48.00961379881835,48.74010560205508,45.47645569195684,0.0
48.23320845502603,49.24227523803711,49.85363535795209,49.109706350338406,44.53411044128459,0.0
60.326645091635804,59.59922790527344,57.19315198099025,59.03967499263317,68.25694428223647,4.0
68.13547616756095,66.5755615234375,65.44097379793074,66.71733716297639,70.66100729219164,4.0
58.20046119604043,56.17692565917969,55.616406397867685,56.66459775102927,66.63458134848167,3.0
44.22434782767163,47.553226470947266,48.27824042266452,46.685271573761135,42.412215737479,0.0
47.488175615386716,48.452457427978516,50.02573940771356,48.655457483692935,48.258266087487165,0.0
66.77726914508901,64.503662109375,64.40688106948978,65.22927077465125,73.66711561372944,4.0
53.09833359209775,54.1429443359375,54.521347646009914,53.92087519134839,51.05810250883624,1.0
66.21548466930632,67.19029998779297,68.84424645285038,67.41667703664989,57.30285380497273,2.0
55.027225141141,54.374080657958984,56.16708872830656,55.189464842468844,54.26191848647952,1.0
54.6040478669125,55.45440673828125,56.24148688537572,55.433313830189825,58.34468663290877,2.0
,,,,,
74.18556383828404,71.59339141845703,70.83461401659874,72.20452309111327,72.34845609486563,4.0
47.54400097741781,48.093727111816406,48.016688965414346,47.88480568488285,47.72201954078705,0.0
54.25891001820711,56.641517639160156,55.0864856896436,55.3289711156703,56.08929070839796,2.0
61.12477613970331,57.8711051940918,57.66572421135319,58.887201848382766,53.38363702279306,1.0
54.342738987896716,55.33543014526367,55.36933618712234,55.01583510676091,53.631944807841656,1.0
51.03666110397135,50.53377914428711,50.13913843364108,50.569859560633176,50.550273700848,1.0
,,,,,
,,,,,
52.76305905160019,55.1536865234375,55.25508780807567,54.39061112770445,50.382247719853886,1.0
50.36622273271717,52.05012512207031,52.48217222882255,51.63284002787001,53.342453901522816,1.0
,,,,,
56.320693213862505,55.44597244262695,54.61302881076877,55.45989815575274,61.9089966066756,3.0
60.60973474026815,60.18941116333008,59.467484954761844,60.0888769527867,72.65875600035214,4.0
50.12169235928853,49.89780807495117,50.16629231725449,50.06193091716474,49.89374111061988,1.0
69.7127985743799,75.0414810180664,71.85274590030754,72.20234183091794,74.78366519727845,4.0
57.846837866944355,55.06322479248047,55.415854356890165,56.10863900543833,60.24083702859474,2.0
64.04761419898244,63.924766540527344,66.60431653219457,64.85889909056812,57.09098798027878,2.0
68.78674541536924,66.87242889404297,67.65537959540609,67.77151796827276,70.15102953508716,4.0
,,,,,
55.909723326781105,52.302005767822266,52.07330956768684,53.42834622076341,58.05430947620806,2.0
50.3125335595122,54.280120849609375,54.4905485727703,53.02773432729729,45.20486761044083,0.0
53.68958570510687,51.427696228027344,51.56747802329661,52.22825331881028,49.19458974636687,0.0
49.29352097433633,49.02949523925781,49.51971143861809,49.28090921740408,60.64751954495558,3.0
66.48842643360565,62.999053955078125,64.13793133209589,64.54180390692655,67.21589093130486,3.0
57.527025830584634,55.423828125,55.03236651265178,55.994406822745475,52.58605787115169,1.0
,,,,,
65.93368714485479,66.64317321777344,65.77456930760596,66.11714322341139,88.69251142513279,4.0
47.912807833933165,50.510650634765625,50.7618819638524,49.72844681085039,49.32601987944205,0.0
66.90966550490442,67.72700500488281,67.17831816162143,67.27166289046956,64.5431446569763,3.0
57.3912663959486,57.453922271728516,58.19888907989298,57.681359249190024,46.40850056378414,0.0
,,,,,
56.33753575076214,55.538753509521484,55.56770836443861,55.81466587490741,55.54906775072691,2.0
57.17952539897611,56.95529556274414,57.18595844208792,57.10692646793606,64.14861445674596,3.0
55.67738416821834,56.04860305786133,56.159296828817986,55.96176135163255,70.89400463562232,4.0
59.25930353516428,57.39101791381836,58.545334109938544,58.398551852973725,58.143251786706415,2.0
54.34460121774958,55.35426712036133,55.384160652252966,55.027676330121295,59.50836788478716,2.0
50.8550623351981,51.719295501708984,51.135825837042134,51.2367278913164,52.3304242013917,1.0
53.05611472015981,53.59831237792969,51.04432567079931,52.56625092296293,65.01944602611562,3.0
45.17000880911183,47.03782653808594,46.52433635191676,46.24405723303818,38.98116114766373,0.0
65.13423609863523,64.61512756347656,65.09031136982979,64.94655834398053,54.68597342391591,1.0
62.061893133079586,63.990421295166016,63.64297340975985,63.23176261266849,55.54714248802929,2.0
60.18909947502311,58.3443489074707,57.33365084581322,58.62236640943568,72.80993827279995,4.0
51.93464750553504,54.69999313354492,54.58134420857526,53.73866161588507,69.17852847033015,4.0
43.329971839052845,47.00929641723633,46.8841597500167,45.741142668768624,32.86415235994395,0.0
,,,,,
49.74377593053899,51.51124954223633,51.34169061644041,50.86557202973858,66.22019307982096,3.0
57.477417095734246,61.6652717590332,61.709533097770446,60.28407398417931,58.12175701042159,2.0
48.707031442332195,47.519901275634766,47.80955212921666,48.01216161572788,46.11822897444592,0.0
70.6074620052955,69.29965209960938,68.54781324144206,69.48497578211563,68.6631579438997,4.0
70.81455048219776,69.08292388916016,69.53150699628623,69.80966045588139,82.67324238799306,4.0
,,,,,
54.90871487448179,52.993865966796875,55.77229867392005,54.558293171732906,40.07555590243748,0.0
71.10423164083409,70.59175109863281,71.53845330272141,71.07814534739612,77.52035091576815,4.0
61.04640335430898,57.313716888427734,57.12140359314308,58.4938412786266,65.34546584963165,3.0
64.54636348594966,66.03502655029297,65.17267890447125,65.25135631357129,65.89597844970032,3.0
52.93232059747622,53.469947814941406,53.86433300332434,53.42220047191399,56.5961707951919,2.0
46.99667678351375,45.34271240234375,44.64938696525884,45.66292538370544,47.84128545275956,0.0
55.24437359317469,54.781288146972656,54.65089220602278,54.89218464872337,57.48158565492541,2.0
68.54875611401893,67.5648193359375,66.73718300340938,67.61691948445527,77.96030945870166,4.0
,,,,,
53.16216279319664,50.4406623840332,52.127256790606914,51.91002732261225,45.50538391451909,0.0
47.997905176607745,47.20858383178711,46.38909285940082,47.19852728926523,43.111286323152456,0.0
49.69844410589834,48.04938888549805,47.53749731763126,48.42844343634255,56.4966190410138,2.0
48.32824744682148,51.144615173339844,50.29078692990748,49.921216516689604,58.13343513387478,2.0
71.32126033306548,69.00115966796875,69.23465012843965,69.85235670982463,73.29099900559407,4.0
54.63788075223161,56.82987594604492,56.3850501550885,55.95093561778834,52.85030581430138,1.0
57.83268360693888,56.72692108154297,56.42410560376286,56.9945700974149,66.94267260144707,3.0
61.08033783883839,57.34929275512695,54.6347799546529,57.68813684953941,54.37474459258161,1.0
48.27470398817665,48.90085983276367,49.5443456400592,48.906636486999844,45.69866600293492,0.0
53.50953698035957,52.891170501708984,52.498766120770085,52.966491200946216,55.3885611496023,2.0
50.00590209135813,50.888038635253906,51.711727089761084,50.86855593879104,40.82886904318664,0.0
54.38396596762831,54.21785354614258,52.753023534658155,53.78494768280968,57.18040519502899,2.0
60.78220618703863,57.95203399658203,58.17146471620457,58.968568299941744,55.01707568583392,1.0
54.47663420174106,56.42144012451172,58.51359370229286,56.470556009515214,55.72934141540287,2.0
66.21794732095643,66.4290542602539,65.23387766350164,65.96029308157067,54.46022090576092,1.0
52.037470617206914,51.81820297241211,51.53303763364268,51.79623707442058,43.23935167376067,0.0
66.0824012256404,65.96326446533203,66.03242425935032,66.02602998344092,60.227928327157095,2.0
57.3117281646911,58.27952575683594,57.302832521646764,57.631362147724595,59.180307530367685,2.0
,,,,,
54.21363255169085,53.4453125,54.01135917417765,53.890101408622826,51.47042841892952,1.0
45.86708018405672,49.33844757080078,49.39312434630719,48.19955070038822,53.92159970906414,1.0
,,,,,
54.76699083658303,56.588565826416016,55.838171589777154,55.7312427509254,48.71274373447063,0.0
44.36705298581153,46.1683464050293,46.73675784941332,45.75738574675139,35.63701986985999,0.0
75.33152693096157,76.28486633300781,74.69259731814367,75.43633019403768,80.23624187853002,4.0
59.51822530995288,57.18386459350586,59.0460871597076,58.58272568772211,62.65665389113448,3.0
57.0614411605867,57.83824920654297,57.89985742959721,57.599849265575635,61.831493319637424,3.0
53.81712164901853,53.65615463256836,52.82757447234899,53.43361691797863,54.26497495574197,1.0
,,,,,
50.92916722150945,50.97727966308594,50.704419194415635,50.87028869300368,36.317234620512245,0.0
78.21615075823098,74.22339630126953,72.04517967504506,74.82824224484852,82.02366252493701,4.0
50.84429990184616,50.108150482177734,48.81152329475312,49.92132455959234,66.04571999451049,3.0
,,,,,
63.38341527427606,65.65435791015625,65.80990264559398,64.94922527667542,63.43003426852013,3.0
67.79021876817953,66.31681060791016,66.22979169682202,66.77894035763724,67.93217377465676,4.0
,,,,,
62.71675731604035,61.789676666259766,58.443581553633074,60.98333851197773,87.74411344237592,4.0
64.08263629099355,63.94572067260742,62.63070743357455,63.55302146572517,67.07985134944508,3.0
,,,,,
51.98530950856099,55.32714080810547,55.37438896977583,54.22894642881409,53.604896724647695,1.0
62.093819777669836,61.354820251464844,61.57484358061303,61.674494536582564,63.10438277101275,3.0
52.56156068795522,52.4739990234375,51.22627863278678,52.08727944805983,50.64616460407189,1.0
60.13527820059712,57.81767654418945,56.74941211652906,58.23412228710521,76.93908215334419,4.0
46.85103929217542,49.07532501220703,47.21353036836278,47.71329822424841,60.281623210460886,2.0
49.21319085476659,50.008365631103516,49.74559124944045,49.65571591177019,51.77597152640357,1.0
61.226285461735145,66.02584075927734,60.17233928943355,62.47482183681535,65.69510968626552,3.0
50.85065709949613,48.366539001464844,48.066859257547314,49.09468511950276,50.72855732487306,1.0
58.130725741659894,61.45304870605469,60.342517974119936,59.97543080727818,75.84496866649829,4.0
53.091464571470766,53.28281021118164,51.50902837492473,52.62776771919238,66.62959482554838,3.0
52.98894192261321,51.68353271484375,51.58348210750062,52.08531891498586,48.50131115088687,0.0
63.5505882925965,60.935176849365234,63.02091170748819,62.50222561648331,80.11429004370203,4.0
67.31833207436975,66.61580657958984,68.04166951478304,67.32526938958087,85.84346050242651,4.0
61.054594855458234,62.36992263793945,61.467890642367905,61.630802711921866,64.93114117453565,3.0
54.05893968817085,55.42179489135742,55.80722509971803,55.09598655974877,44.14475237374899,0.0
51.61150472910738,48.89823532104492,49.63481795346655,50.04818600120628,40.30164443240931,0.0
54.49093281321702,54.90644454956055,55.18677835461171,54.86138523912976,56.047451719037205,2.0
57.70446969361663,56.6527214050293,58.45891143903988,57.60536751256194,54.500644854755485,1.0
,,,,,
74.79337718719314,73.61869049072266,75.75234087703942,74.7214695183184,74.19927946394101,4.0
68.80449135520794,65.08544921875,64.64742660125553,66.17912239173783,58.58693788237599,2.0
,,,,,
44.65561713573129,48.685546875,48.276240586325734,47.205801532352346,56.17322628798364,2.0
60.36820720365978,60.059654235839844,62.360584239980206,60.92948189315994,75.71051405407165,4.0
75.48165356987468,75.52198028564453,73.76522139483491,74.92295175011805,63.368394302681565,3.0
43.23569029889012,43.599632263183594,44.623483548964174,43.819602037012636,37.15402891089764,0.0
70.50473525794158,66.61163330078125,66.81549931629253,67.9772892916718,70.45750263588046,4.0
58.271277019073814,58.66545486450195,57.827246001515064,58.25465929503027,58.67359468461778,2.0
55.550588310627404,53.293418884277344,52.362654992296115,53.73555406240029,53.63877544597116,1.0
61.70042319084103,61.57108688354492,60.69411348944381,61.321874521276584,62.30554818708302,3.0
47.69781821717439,49.0108642578125,48.742628820749104,48.483770431912,36.56033605012587,0.0
54.20357596738773,54.37986755371094,55.26424594560434,54.615896488901,51.69376555804367,1.0
50.0536775702029,51.95770263671875,50.073203732796316,50.69486131323932,54.42928110361249,1.0
63.362006460959066,60.00053024291992,59.39237509401306,60.91830393263069,45.09588085475889,0.0
65.61288878928681,64.72064208984375,66.90508792536752,65.74620626816603,59.19863802265736,2.0
70.31701488310401,68.69322967529297,68.27077542834625,69.0936733289144,68.74260498168712,4.0
54.234261610882925,57.94184112548828,58.136891193801404,56.77099797672421,53.739012700072735,1.0
54.50244348763701,55.4389533996582,55.900213167069346,55.28053668478819,47.85204297143993,0.0
52.104323785586566,54.6346549987793,54.692430586977885,53.81046979044791,47.52438758077158,0.0
,,,,,
47.36383563312998,48.6484260559082,49.2717282130023,48.42799663401349,38.66418448071694,0.0
51.64926401907186,51.4766960144043,51.06851482074584,51.39815828474067,56.3921028414485,2.0
54.69209287518615,52.937503814697266,52.675940389319635,53.43517902640101,60.3074977194622,2.0
50.262033905660296,51.20164108276367,50.697834926467536,50.720503304963835,55.37358986132847,2.0
70.99383667281155,73.24424743652344,73.03572107713603,72.42460172882367,70.87970959533999,4.0
72.40064599001019,70.79344940185547,72.17341872296744,71.78917137161103,55.94670880566056,2.0
68.1953165160077,65.57732391357422,66.3400962264527,66.70424555201156,64.66272412487906,3.0
58.84460158577376,60.82558059692383,61.32859336459269,60.332925182430095,64.95991486172902,3.0
67.93200715927695,67.9422378540039,67.3905013649887,67.75491545942319,48.97134917087544,0.0
48.77224424789581,48.18837356567383,48.50088963486134,48.48716914947698,54.975267654136495,1.0
66.49419254082557,64.80628204345703,64.41969300755846,65.24005586394702,61.84451007955231,3.0
63.4202983044514,63.05318832397461,64.37746134213367,63.616982656853224,59.877352741678,2.0
69.08689182330188,69.74372863769531,69.52343649674668,69.45135231924796,49.29116597769346,0.0
49.40601020192598,47.86228942871094,47.216264005555146,48.161521212064024,42.88515069974963,0.0
53.22479610121609,55.334983825683594,55.3477422626697,54.635840729856454,46.98230318532336,0.0
60.57176632622376,61.785865783691406,60.69418880270595,61.01727363754037,58.79283540631608,2.0
71.11991951895862,69.41057586669922,67.9416575842437,69.49071765663385,63.96743822480799,3.0
,,,,,
57.12763621454281,59.75580978393555,58.36320195898075,58.41554931915304,60.09486656850324,2.0
49.01670583926549,50.354557037353516,50.38984186953855,49.92036824871918,47.466251504622576,0.0
70.80580408606718,70.55680084228516,69.5249831575335,70.29586269529528,60.480045194978565,2.0
63.461868578655256,61.4734992980957,64.76161811574728,63.23232866416608,60.4051567115989,2.0
,,,,,
62.82157688925841,60.78923416137695,61.476305005072234,61.695705351902525,73.80855106516933,4.0
67.67981481349807,66.4765396118164,65.99039238219729,66.71558226917058,53.51029589804573,1.0
52.46399653759881,52.1589469909668,52.46173352020431,52.36155901625664,44.947563142966544,0.0
53.508060586069405,52.16629409790039,50.9960108948692,52.223455192946325,46.40315618621796,0.0
65.69959342331661,65.3017349243164,66.88434618052975,65.9618915093876,55.69139454459626,2.0
56.18318343482595,56.10776138305664,55.05734893982738,55.78276458590332,59.77108256006419,2.0
58.8440946085769,55.150306701660156,55.220734721665046,56.40504534396737,45.40408907841848,0.0
,,,,,
,,,,,
66.45990160547116,62.9813117980957,64.0343251593267,64.49184618763118,71.86405402601233,4.0
60.915057276778896,57.3372802734375,57.444566263073256,58.565634604429896,71.70105522312693,4.0
53.785598041409,54.10732650756836,52.022042488426784,53.30498901246805,56.55255040890971,2.0
72.77121291691815,73.50416564941406,72.4531891074867,72.90952255793962,72.45247267643846,4.0
46.83609466952287,50.026973724365234,50.47195224550175,49.11167354646329,47.77214780465261,0.0
57.18217589749437,58.75278091430664,57.89985742959721,57.94493808046607,41.00185104061811,0.0
61.944808628174435,59.61636734008789,59.30036692461904,60.28718096429379,61.322320222323526,3.0
67.59739785492631,66.22138977050781,67.15654185006525,66.99177649183312,74.6606015611512,4.0
61.07884508982503,60.16826248168945,62.461936950444496,61.23634817398632,62.24651323550384,3.0
66.20165600678177,66.59739685058594,66.2649181227742,66.35465699338066,64.21537487956684,3.0
56.027970629442216,57.26847457885742,57.58820748978581,56.96155089936181,59.10646864445091,2.0
56.17361650181613,56.07773971557617,55.786588212035205,56.012648143142506,65.51845376967394,3.0
65.89951333986656,68.17955017089844,69.61900319915304,67.89935556997268,64.22256216368818,3.0
69.96728503827853,68.6908187866211,68.67670943967813,69.11160442152591,60.95655232188759,3.0
67.45801497769226,66.78799438476562,68.27800393248617,67.50800443164802,58.64298444092484,2.0
49.623985686569185,50.53377914428711,50.13913843364108,50.09896775483245,42.42976157372598,0.0
57.88042207534295,57.210548400878906,56.51474100939474,57.20190382853887,54.06763913015015,1.0
53.521536191842614,55.40708923339844,57.7044325011878,55.54435264214295,55.61694508190423,2.0
51.43949965550684,51.218536376953125,49.30078639829971,50.65294081025322,49.36181773653984,0.0
69.90498167999819,70.17842102050781,72.72877434318792,70.93739234789797,63.30333893216828,3.0
48.425150416177296,51.19889831542969,50.361237860874695,49.99509553082722,43.55350024416777,0.0
68.22333198460339,64.99243927001953,66.83380589378636,66.6831923828031,63.24507192366675,3.0
61.24257377965023,59.32679748535156,63.9068403523465,61.4920705391161,65.42038120194286,3.0
,,,,,
53.66367433377472,52.525508880615234,51.334549937893996,52.507911050761315,59.43014729808069,2.0
55.74759376152689,56.030242919921875,55.265817102649876,55.68121792803288,44.53857988587416,0.0
48.6199525182694,49.17949295043945,49.25034244940552,49.016595972704785,56.427101956517255,2.0
73.2272737986258,72.83495330810547,72.86161857576127,72.97461522749752,83.7248109945008,4.0
53.83167211377277,54.6765251159668,54.12410648762346,54.21076790578767,51.71350066685136,1.0
,,,,,
55.847363086685604,55.61332321166992,55.65035377199735,55.703680023450964,54.794300283201885,1.0
64.87706589006656,64.84186553955078,66.12455980494917,65.2811637448555,62.27068015467662,3.0
43.53605022711466,47.101444244384766,47.995493458832755,46.21099597677739,59.7077228440025,2.0
55.847366826383855,56.9391975402832,56.32353141116434,56.3700319259438,52.96919769648909,1.0
70.17013943405534,71.0184326171875,70.22395955596775,70.4708438690702,69.36067871273573,4.0
58.96079761044578,59.93439483642578,60.02004271713293,59.638411721334826,58.298984505118206,2.0
51.91450695494961,52.07978820800781,50.876991789487164,51.62376231748153,57.27311652018257,2.0
,,,,,
58.77651092876629,57.5018424987793,56.837714891286375,57.70535610627732,60.01631653263205,2.0
62.99160419235958,61.11029815673828,61.08301043088731,61.72830425999505,59.98829598162738,2.0
56.53006328407593,56.32871627807617,56.09614130877864,56.31830695697692,53.2226229503373,1.0
51.82749495869475,53.28303527832031,54.476266149489604,53.19559879550155,46.48185574653456,0.0
52.68669733284243,52.84576416015625,51.26841465056432,52.266958714520996,56.8608024845433,2.0
55.36596946345133,52.26527786254883,52.07432766777958,53.23519166459324,55.982348327435055,2.0
72.6157837540748,71.73028564453125,70.63016977634054,71.65874639164885,81.79470845452032,4.0
53.806131655357675,55.50725555419922,55.83824334239443,55.05054351731712,63.808804404140645,3.0
57.80426756212033,58.2160758972168,58.87619651108731,58.29884665680814,51.82885718286434,1.0
59.51702675952039,59.93096923828125,59.78784208479554,59.74527936086573,64.836087788644,3.0
55.57442802694072,56.29487609863281,55.574241139424856,55.8145150883328,45.51930039226658,0.0
49.05043157877203,50.484596252441406,51.826224727649326,50.45375085295425,49.50755902361468,1.0
50.51201655528953,51.53714370727539,51.7963630448785,51.28184110248114,49.67936683074905,1.0
52.3126361148714,54.588294982910156,56.743995751989715,54.54830894992375,50.12374848479352,1.0
53.452376153851276,54.58163833618164,55.821662327706456,54.61855893924646,45.859222460284485,0.0
,,,,,
,,,,,
51.67530469907063,55.677005767822266,55.64493304261968,54.33241450317086,45.66633462571647,0.0
,,,,,
,,,,,
,,,,,
51.352288875293404,49.4580192565918,49.71823752930866,50.176181887064615,47.833857488418666,0.0
52.741077500774104,55.181278228759766,56.10142215113591,54.67459262688993,50.6186115956068,1.0
61.37576905130161,62.9979362487793,62.119042031780275,62.1642491106204,61.69159988744857,3.0
46.81514678466162,45.70387268066406,46.01637271890394,46.178464061409876,41.07391986344189,0.0
54.735276540617065,56.80978775024414,56.19557007244406,55.91354478776842,72.0490435889968,4.0
61.23610561209442,62.55299758911133,65.89326631123484,63.22745650414688,51.845450309315865,1.0
56.28491251470386,55.31121063232422,55.76734367743551,55.787822274821195,51.04751420051998,1.0
47.385662057682794,50.16521453857422,51.17979457350108,49.57689038991936,37.54023766698801,0.0
59.266072364844625,59.937007904052734,59.131391126229616,59.44482379837566,54.58965657185308,1.0
58.24197632366117,55.86555099487305,55.364073634784525,56.49053365110624,58.27607332764575,2.0
54.75824964976877,48.995216369628906,49.27548230340779,51.009649440935156,52.82551291295515,1.0
60.859504224923015,61.39096450805664,60.504274364364015,60.918247699114566,49.13485058576144,0.0
,,,,,
54.93595927753326,54.26045608520508,53.452022537312935,54.21614596668376,55.5684558119696,2.0
50.81144045783169,48.519351959228516,48.30561248168336,49.21213496624785,54.196653600028405,1.0
56.83950106680804,56.776485443115234,57.56763749575611,57.06120800189313,51.23141096263383,1.0
66.48569490971879,66.1932373046875,65.4575614801491,66.04549789818513,73.26721332496511,4.0
59.53993982332954,58.46183776855469,59.61109008801184,59.20428922663203,54.98362271518722,1.0
,,,,,
66.51063490991608,64.94425964355469,64.41969300755846,65.29152918700974,63.3243249350422,3.0
54.47846876633401,53.114749908447266,54.25454782709938,53.94925550062689,47.056837216901066,0.0
,,,,,
66.02009048969215,66.744384765625,66.91186805350664,66.55878110294127,73.49602541115343,4.0
66.33990374525756,66.12896728515625,65.5944804258066,66.02111715207347,68.49593891341327,4.0
52.080457333907006,50.18785858154297,50.299627856231034,50.855981257227,51.391338452044245,1.0
56.404586456345484,55.91246795654297,56.23060174917845,56.1825520540223,51.2977237476512,1.0
64.69526405738266,64.0050277709961,62.263612575305075,63.654634801227935,65.8758299175878,3.0
51.48023769815301,51.64344787597656,52.1812116389752,51.768299071034924,43.551597492568106,0.0
56.03320343428958,53.946388244628906,53.01374489825756,54.331112192392006,44.40388633496447,0.0
51.9399860855924,52.34796142578125,53.32958698881201,52.53917816672856,50.01382374033059,1.0
73.06527214189144,70.8743667602539,69.06190688638085,71.00051526284207,63.30565683221496,3.0
49.164816433385084,49.135868072509766,48.64489210476445,48.981858870219774,51.5732648057043,1.0
61.069923450579154,60.88315200805664,61.24240772757721,61.065161062071006,56.76658005320022,2.0
49.9029544388521,51.451107025146484,52.12497687154913,51.15967944518257,54.33178958211538,1.0
69.34669215329157,71.05872344970703,72.92403899723108,71.10981820007657,59.06617327460496,2.0
65.96772638405427,63.432212829589844,63.10781773810769,64.16925231725061,62.13417389612333,3.0
61.184975313764554,58.86579132080078,57.37023171217778,59.140332782247704,74.18108796393089,4.0
71.52708492692213,71.87565612792969,69.57831060402577,70.99368388629254,64.01590000197506,3.0
63.872205606950956,61.46528244018555,59.848185913867894,61.728557987001466,53.24303097124388,1.0
54.668412476105566,54.54872131347656,54.33725989747684,54.51813122901965,53.52673962800997,1.0
49.85088754196645,52.20694351196289,52.154425978803005,51.40408567757745,54.18069058388529,1.0
50.049704697259,47.58989334106445,48.90748471141354,48.849027583245665,50.62667747204167,1.0
53.719063042022796,48.97901153564453,53.20173516075374,51.96660324614035,53.85285284992934,1.0
,,,,,
55.46000669700348,54.97030258178711,55.63940953473265,55.35657293784109,55.44511144324655,2.0
45.83940691689791,48.61875534057617,48.55391397211535,47.670692076529804,44.51993484174626,0.0
66.06872687883089,67.62200164794922,70.10046629516081,67.9303982739803,71.24072689332075,4.0
68.62380513594479,66.36949920654297,65.71388254641344,66.90239562963374,70.6168361166769,4.0
65.6942587094736,65.18974304199219,64.42997695157077,65.10465956767887,61.95681363651685,3.0
51.27192314880978,50.84211349487305,51.107394887610575,51.07381051043114,41.44854416875134,0.0
52.27701898343582,55.068519592285156,55.64506724890617,54.330201941542384,47.24731283762203,0.0
65.70787882260872,66.74592590332031,67.30155835590888,66.5851210272793,61.06412418863631,3.0
58.7026032957991,57.28485870361328,56.04962360401361,57.34569520114201,52.885207061674265,1.0
52.88185798207808,57.27000045776367,52.915297969534706,54.35571880312549,54.56390283310038,1.0
73.53883729732543,73.78486633300781,74.79084571722464,74.03818311585262,53.35779886658269,1.0
60.86969426142876,60.86122131347656,60.423193510608,60.71803636183777,54.71567012431005,1.0
71.17461646487729,67.56690216064453,66.0436861644281,68.26173492998332,72.2148641991137,4.0
53.54454250105934,55.056060791015625,55.65739665361097,54.75266664856198,59.90354475164544,2.0
50.97829474260456,49.42191696166992,50.56916697737411,50.3231262272162,51.171753995230944,1.0
69.5174137398471,69.82189178466797,70.40607039852372,69.91512530767959,64.30179194160885,3.0
56.47905135090881,57.118614196777344,59.223235248883675,57.60696693218994,53.533763794452646,1.0
70.77878117065,68.5103759765625,68.04412582170819,69.11109432297356,75.28132800399285,4.0
55.77475696116229,51.3261604309082,50.996736089245054,52.69921782710518,49.75784739019602,1.0
53.79413077969798,53.18546676635742,52.62899583179985,53.20286445928508,52.29999237197077,1.0
68.10591755350218,67.31449127197266,67.2895994915996,67.57000277235815,73.78918476035514,4.0
69.44522208909254,70.15327453613281,70.8176279889655,70.13870820473028,60.67414931906711,3.0
57.41131436509803,57.19071960449219,56.921475529846056,57.17450316647876,58.96011358373635,2.0
54.75624272679869,56.03134536743164,55.931952374402876,55.573180156211066,61.31342178678143,3.0
68.03541947583544,68.19406127929688,67.892644533534,68.04070842955544,68.24728270606965,4.0
68.8675181737939,68.12298583984375,67.80008588366917,68.26352996576894,62.234181841003966,3.0
59.23480673560322,62.885807037353516,62.02589489953298,61.38216955749656,74.3082757340895,4.0
,,,,,
58.34370622244121,56.168540954589844,56.37857526016534,56.963607479065466,51.77547127619604,1.0
53.184270518646684,54.948699951171875,55.62377491546941,54.58558179509598,52.77672738089569,1.0
,,,,,
51.78696085855534,53.62234878540039,53.3333069489438,52.91420553096651,54.3162579400843,1.0
,,,,,
51.14145857736536,49.28996276855469,50.254926186260484,50.22878251072685,60.577679757411126,2.0
,,,,,
57.158999173594104,57.077510833740234,56.59610868381201,56.944206230382115,50.55847527857976,1.0
49.78626492090906,54.84466552734375,55.62567630531025,53.418868917854354,57.73675086005739,2.0
66.89063428365814,63.80448532104492,64.58916410763153,65.09476123744486,62.319971121472,3.0
60.187807393887425,62.61366653442383,62.505648043446165,61.769040657252475,58.71048485823954,2.0
71.42359044401395,70.67138671875,68.35710739981027,70.15069485419141,73.69334765276682,4.0
59.887917385236115,57.94833755493164,56.690685069257086,58.17564666980829,69.13378118484833,4.0
61.52046823266953,61.77146911621094,62.47681393006038,61.92291709298029,55.34436997471524,2.0
50.14977160380702,50.621036529541016,50.520492241526085,50.43043345829137,34.21283345139953,0.0
53.28626352202999,53.26875686645508,51.90325181763354,52.819424068706205,53.99432791142993,1.0
49.67891314452469,48.96275329589844,50.16974341939127,49.6038032866048,38.56516695838931,0.0
52.52317288957282,52.1589469909668,52.46173352020431,52.38128446691464,58.001675942700544,2.0
,,,,,
,,,,,
,,,,,
58.437175637786964,59.5345458984375,58.9823399166943,58.984687150972924,61.31720896780821,3.0
,,,,,
64.42243460689158,64.64797973632812,63.90521980155234,64.32521138159068,79.77167875474532,4.0
68.41264082380137,65.62498474121094,66.9373188164689,66.99164812716039,64.94223285825099,3.0
56.169331020732415,56.96220016479492,57.061707408130005,56.73107953121911,50.37451982622807,1.0
70.15932926121239,69.9791259765625,69.85602277711365,69.99815933829618,62.81870794196403,3.0
66.8572202223946,65.20571899414062,68.3751654672889,66.81270156127471,72.32424095009523,4.0
53.6231780288583,52.75205993652344,52.75513010037897,53.043456021920235,46.36241686869188,0.0
68.4625738823744,69.66506958007812,68.94201250700205,69.02321865648486,58.38903538305783,2.0
56.705868723304484,52.569679260253906,55.41813687881875,54.89789495412572,54.58892031281744,1.0
57.73891721419024,58.329769134521484,57.778909057717236,57.94919846880965,66.29848302077411,3.0
56.6165966028664,53.774024963378906,53.842203785246994,54.7442751171641,62.46524764328274,3.0
49.23858125506428,50.71147918701172,50.849600909251414,50.266553783775805,44.060684048746914,0.0
51.27417158395182,49.01808166503906,50.104179009532146,50.13214408617434,47.93070575470114,0.0
58.0845075129231,58.73027038574219,58.46309692364417,58.42595827410315,56.73132468025397,2.0
55.45807314567621,54.36930465698242,54.853339322583366,54.89357237508066,50.38598454458286,1.0
49.25133113875881,50.60874557495117,52.58110168946171,50.81372613439057,38.30152555711757,0.0
54.12995784959239,57.11188888549805,56.86113215417865,56.034326296423025,45.267466319660045,0.0
57.35468420788994,56.418968200683594,57.63375674411767,57.13580305089707,63.5770251565786,3.0
71.58061203327247,67.81858825683594,66.77205175312834,68.72375068107891,86.72744755927471,4.0
,,,,,
61.90456462113019,60.77910614013672,63.63428936684237,62.105986709369766,63.21384550428919,3.0
59.77889039595573,56.1175537109375,58.901787603294515,58.266077236729245,57.56483509481213,2.0
,,,,,
52.829193982578204,53.524356842041016,53.09631422688287,53.149955017167365,58.65990476517144,2.0
65.16242156656102,63.1644172668457,67.49294908574583,65.27326263971752,63.16011456961733,3.0
56.69268046067119,55.68795394897461,56.25571449039513,56.21211630001364,71.41310281251006,4.0
,,,,,
52.70133245300118,53.7256965637207,54.20659341937126,53.54454081203105,44.00001172061636,0.0
68.11791024109013,68.0462646484375,67.47352315151963,67.87923268034908,73.6005304401398,4.0
60.38329819204485,59.50336456298828,60.03292747265888,59.97319674256399,63.43832818240191,3.0
69.1791230433927,78.05754089355469,72.87154450158742,73.36940281284494,85.90463704658102,4.0
52.47516058160331,50.415706634521484,50.5353859346194,51.14208438358139,59.75504496598676,2.0
54.380919623408204,58.0771598815918,57.15144473664697,56.53650808054899,47.402021428068814,0.0
61.94497021709569,64.42867279052734,64.51322837521674,63.62895712761326,70.3853923722051,4.0
52.5866202422579,52.22893142700195,54.22652987514532,53.014027181468386,52.25096804224855,1.0
,,,,,
57.91516703181939,50.759517669677734,50.66361257126995,53.112765757589024,52.09066187133118,1.0
58.06751694418875,59.59462356567383,59.152289440197464,58.938143316686684,55.3592852177887,2.0
49.75770462654545,48.89799499511719,51.741364644128176,50.132354755263606,53.2405248751566,1.0
52.95556323430094,54.255126953125,56.5964894773853,54.60239322160374,65.05953529180474,3.0
51.57652344200735,53.47123718261719,54.03388972033848,53.02721678165434,34.126193898318995,0.0
54.38848190045889,51.7861442565918,51.89013685939285,52.68825433881451,59.20180092409834,2.0
61.86993164920661,61.227264404296875,58.49693892923149,60.53137832757833,62.62660810317097,3.0
63.43683139120916,65.10387420654297,64.8402353122016,64.46031363665124,79.04210497659797,4.0
41.973946151679016,43.01199722290039,46.142006016423,43.70931646366747,48.0963569797382,0.0
,,,,,
55.3089734805123,55.355838775634766,55.108817448711825,55.2578765682863,55.15941498848683,1.0
,,,,,
67.35758921953659,69.1714096069336,68.21732977724031,68.24877620123682,69.15188442799443,4.0
50.06786241044966,53.35572052001953,54.50846980386144,52.64401757811021,48.556632686249046,0.0
68.76312855319551,69.51789855957031,69.42614980048184,69.23572563774921,62.017116784551256,3.0
61.63387587970559,61.3245964050293,62.46582169526447,61.808097993333114,56.251056155214044,2.0
51.41136932772927,50.28665542602539,50.51410161008191,50.73737545461219,38.07674748159142,0.0
66.21970883311735,64.76412963867188,65.25471697678302,65.41285181619075,64.49091293809059,3.0
48.40624208649541,51.155967712402344,51.627470174198336,50.39655999103203,86.08820633314652,4.0
73.85902838131847,70.63349151611328,71.77696153205937,72.0898271431637,63.53458378178048,3.0
,,,,,
58.871363016243,57.228885650634766,56.57800305523465,57.559417240704136,57.04366855097809,2.0
49.22000706056009,49.16674041748047,49.91532057630937,49.434022684783315,52.099634573505845,1.0
,,,,,
60.046504885667105,61.954429626464844,63.17518309817772,61.72537253676989,53.5236853684888,1.0
,,,,,
,,,,,
54.24540930616134,56.67578125,55.96145533613896,55.62754863076677,43.27123011284489,0.0
41.634069613634175,47.10427474975586,46.73021623736184,45.156186866917295,59.2723122932414,2.0
50.93718485196715,49.29739761352539,50.28883368485079,50.174472050114446,39.028811887936,0.0
57.76253798301953,56.28243637084961,57.17697249470776,57.073982282858964,70.45721226370873,4.0
,,,,,
52.16258649978629,51.93801498413086,49.59984135124982,51.23348094505567,55.65586838673661,2.0
59.8061378322453,60.93318176269531,60.36110040633826,60.36680666709296,45.54217961305411,0.0
78.94056789001401,84.31767272949219,80.63100982573722,81.29641681508114,80.74251799863575,4.0
,,,,,
55.076212940555756,64.97599792480469,60.14396751168176,60.0653927923474,52.58989945911088,1.0
56.095813895052416,51.430442810058594,50.76797363818156,52.76474344776418,54.50134152531098,1.0
67.797736792904,69.975341796875,70.75638123976812,69.50981994318238,76.34920028594458,4.0
54.16475972227244,55.60702133178711,55.8077753082766,55.19318545411205,45.253319939509794,0.0
,,,,,
47.1446304496833,50.10561752319336,50.64805634511575,49.299434772664135,47.70171542887226,0.0
69.28586086863841,69.68293762207031,70.40669025803057,69.79182958291311,59.80330635417883,2.0
58.09350111189374,57.33969497680664,58.18027160065841,57.87115589645293,64.32759908544928,3.0
59.54746187359216,56.316532135009766,57.1131191573909,57.659037721997606,63.210998510413006,3.0
64.34908229728029,66.34259033203125,65.81323827331389,65.50163696754181,77.74699283706197,4.0
65.78595241311244,64.149658203125,65.91366995899914,65.28309352507885,70.3000225167272,4.0
72.87513775167544,71.75579833984375,71.32741430561805,71.98611679904575,73.60958047514181,4.0
64.00732123797326,63.45308303833008,64.0574057782114,63.83927001817158,52.993862213571184,1.0
57.59436461205467,57.75247573852539,57.41216609220253,57.586335480927524,64.02651164420683,3.0
,,,,,
49.81086442352562,52.193092346191406,52.53482637907797,51.512927716265004,49.26892750311646,0.0
57.24580307992121,56.08268737792969,57.249162680104135,56.859217712651684,50.301080666687575,1.0
69.23307349443564,68.23008728027344,66.8521096608036,68.10509014517089,60.28783657627896,2.0
54.85500315241912,53.8095703125,54.004468313926644,54.22301392628193,62.75902169307636,3.0
47.73484238864451,48.87397384643555,48.21401640299392,48.274277546024656,42.34241457931199,0.0
59.59605085654909,60.2298583984375,60.308310486488416,60.044739913825,59.8238005921482,2.0
64.08975718983638,68.94136047363281,65.0909541800119,66.04069061449371,55.65346754258495,2.0
66.17383724731965,65.80469512939453,67.17499758179325,66.38450998616916,82.17963485062495,4.0
,,,,,
67.20591842905922,68.14729309082031,67.26028790256669,67.53783314081541,60.69524102805981,3.0
54.76837029427673,55.17551040649414,55.81983550608993,55.2545720689536,62.32887929601519,3.0
60.151842493608456,59.38245391845703,57.92188520624084,59.15206053943544,44.91637737061009,0.0
73.79979370947324,72.93267822265625,73.79992371399003,73.51079854870652,67.72297479078043,3.0
58.797161050831434,59.478790283203125,59.97256973247775,59.41617368883743,54.94821752264405,1.0
53.8741244743286,55.43478012084961,55.03313360838189,54.780679401186696,59.62826030161186,2.0
63.81579915477474,64.08020782470703,66.99226887863502,64.96275861937227,65.17648127849692,3.0
64.54459726910329,66.4274673461914,68.47824818137217,66.48343759888895,67.60897618536919,3.0
57.20636274842976,51.40909194946289,50.3454104876625,52.98695506185172,59.57393538572629,2.0
46.069325691489865,50.51952362060547,51.225229894371765,49.271359735489035,52.683036167104696,1.0
50.32813974315166,50.5068244934082,50.66137208970246,50.49877877542078,42.98078710632003,0.0
57.68415676966762,53.517425537109375,50.539608154489194,53.9137301537554,63.52921339730143,3.0
53.77634379989597,53.17873764038086,54.35039561729534,53.76849235252405,65.32055849354657,3.0
52.22769540052955,51.02259826660156,48.80993155321347,50.68674174011486,59.421147631381736,2.0
62.70085527112847,66.62921905517578,65.49079536833574,64.94028989821332,60.666170641376375,3.0
57.331899344612296,56.32021713256836,55.226099050871255,56.292738509350635,50.90347252704908,1.0
51.571635055719014,51.729434967041016,53.36458206771255,52.221884030157526,40.54920146444475,0.0
72.93937508266454,69.38123321533203,70.68333915267863,71.00131581689173,74.28027061612785,4.0
49.99028508406183,48.090919494628906,50.01743520337809,49.36621326068961,36.21254578345295,0.0
49.63181766604945,50.81564712524414,50.38191607053333,50.27646028727565,40.822081370350894,0.0
51.23268528041629,49.63736343383789,49.9638032157369,50.277950643330364,54.52110356997239,1.0
68.75917103325588,69.58576965332031,70.70850884446473,69.68448317701365,63.69496611669654,3.0
56.56245780899869,56.69858932495117,56.83728954868496,56.699445560878274,48.22110443462496,0.0
78.92691672061305,76.1382064819336,74.83586697873903,76.63366339376189,67.79699269634264,4.0
,,,,,
67.66105306965846,65.10257720947266,67.27185593417676,66.67849540443596,71.73762019898352,4.0
70.18434836201435,74.90437316894531,72.88607790154654,72.65826647750207,70.59305123774286,4.0
74.9545247402129,74.30794525146484,75.59287911262246,74.95178303476673,79.43726212294523,4.0
67.5482675566243,65.23799133300781,63.174896045927554,65.32038497851988,63.75998470453354,3.0
54.4992621961574,55.897193908691406,56.00941251483215,55.46862287322699,61.23816370976414,3.0
54.66393885808975,54.40031814575195,55.91249847189309,54.99225182524493,47.47147316456467,0.0
55.07666109816922,56.278072357177734,55.57043960671402,55.64172435402032,49.53373103163066,1.0
49.45673856774007,48.98009490966797,48.42227276722377,48.95303541487727,42.229544990950224,0.0
,,,,,
68.56606246359246,66.7770004272461,66.16516148199621,67.16940812427826,71.80451602534835,4.0
63.148465276435104,65.07038879394531,66.04968491729244,64.75617966255761,54.95704993966769,1.0
71.74064287983605,73.16291046142578,71.39527362009184,72.09960898711789,79.99436709935834,4.0
57.701542929929744,61.03480911254883,61.73823242320514,60.15819482189457,46.66640889432981,0.0
62.91396021858519,63.28815460205078,62.27694241332001,62.82635241131865,70.14589162727907,4.0
70.15189729585633,69.11082458496094,69.17055045859182,69.4777574464697,70.49948479983536,4.0
,,,,,
57.735926967689025,55.34589385986328,53.95796131767015,55.67992738174081,44.81482397528779,0.0
47.91585961504806,47.799407958984375,48.34218780857173,48.019151794201385,46.46932780208618,0.0
,,,,,
56.55086004985417,50.96262741088867,49.75029460936037,52.42126069003441,64.20323016549182,3.0
,,,,,
56.33400148781972,56.97004318237305,56.19616382918118,56.500069499791316,65.4264777695245,3.0
76.833527092019,72.9711685180664,72.43704668437803,74.08058076482114,74.28515767891825,4.0
66.69139690316061,65.92874145507812,66.39029544888926,66.33681126904266,66.24241451082709,3.0
51.44281858458137,54.51290512084961,54.40450261225316,53.45340877256138,50.92496164816919,1.0
,,,,,
66.6787753816665,65.57215881347656,65.34674045552558,65.86589155022287,67.26525152965988,3.0
76.06563532707376,76.65818786621094,75.12534937243527,75.94972418857333,71.10643506188913,4.0
44.95904671725498,45.9404411315918,48.83508476237642,46.57819087040773,47.29941402434081,0.0
57.921791868652996,52.174869537353516,53.73538384092468,54.61068174897705,75.9385790481206,4.0
,,,,,
55.64868259199815,55.503318786621094,55.904484105096145,55.685495161238464,57.687715333049454,2.0
53.06868339462465,52.06439208984375,50.85461697385691,51.99589748610844,60.27592519210633,2.0
58.081531454573124,59.32343673706055,57.02050809609876,58.14182542924414,61.53508527911925,3.0
53.32742629350334,49.8530387878418,51.86763671997716,51.68270060044077,50.46932137839365,1.0
54.56618488470796,54.91050720214844,55.98816396620052,55.15495201768564,63.09640618757724,3.0
62.82343532348757,61.7166748046875,62.25198230155877,62.264030809911276,53.27875043044425,1.0
,,,,,
57.48143629221738,56.57522201538086,56.36995927216129,56.808872526586505,38.13936816184408,0.0
56.27282668740304,56.61994552612305,57.8419639367772,56.911578716767764,56.81460834260605,2.0
47.37269678411305,49.45206832885742,49.890580202758336,48.90511510524294,32.31896090918759,0.0
,,,,,
59.191074999117504,62.93618392944336,57.281139170373145,59.80279936631134,57.95354809286883,2.0
48.159050833760055,47.407142639160156,46.449821165353384,47.3386715460912,51.6730619926447,1.0
62.95853845491818,62.418975830078125,62.12725935291093,62.50159121263574,66.15859561482168,3.0
42.69084315607165,46.10609817504883,47.16509839246575,45.32067990786208,47.61074593679322,0.0
51.18525379808794,53.49933624267578,52.09924939695797,52.26127981257391,42.46357100823849,0.0
,,,,,
53.58990399158406,53.161651611328125,54.695820842895074,53.81579214860242,57.562298914515,2.0
,,,,,
46.947977480418736,49.45206832885742,49.890580202758336,48.7635420040115,39.01839181372903,0.0
52.65950838813423,52.28957748413086,52.60014563444936,52.51641050223815,64.68367904594501,3.0
63.09061106086962,67.55513000488281,66.36034886452853,65.66869664342698,63.51069676976724,3.0
75.33152693096157,76.28486633300781,74.69259731814367,75.43633019403768,78.18458771442222,4.0
66.85988412906747,68.73811340332031,69.50074728866458,68.36624827368412,68.98544038037139,4.0
66.68803727349832,65.29888916015625,65.01922886410914,65.66871843258791,79.53586532110998,4.0
50.268137292862455,52.18353271484375,52.61132547771563,51.687665161807274,49.92878247719297,1.0
52.867839570691565,50.76066207885742,51.256482763194064,51.628328137581015,54.208140035780026,1.0
55.58736584370837,56.654502868652344,56.9772188088682,56.4063625070763,60.2602969202152,2.0
60.56287730965076,64.79010772705078,62.69369052596279,62.68222518755477,55.02968348377348,1.0
58.922099965860056,59.01418685913086,59.95199993379752,59.29609558626282,66.94164503665779,3.0
59.60588986559423,57.064239501953125,57.4071191203835,58.02574949597695,71.51819839515726,4.0
63.91997013838455,60.17753982543945,60.11287504354399,61.40346166912267,69.20394033449449,4.0
44.16184255434732,46.50056076049805,47.6800655671868,46.11415629401072,39.63064276532701,0.0
63.645469203616415,59.66522979736328,62.15288703185285,61.821195344277506,60.79781493704687,3.0
72.48877378059615,71.2330093383789,69.19850077500361,70.97342796465955,74.56836357877903,4.0
,,,,,
66.75831465082453,65.5556869506836,65.56321759663747,65.95907306604853,53.8661722881833,1.0
55.02909280245746,56.58086395263672,56.6848551239225,56.09827062633889,54.95618003711521,1.0
66.6073143901698,70.54010772705078,68.64311246050696,68.59684485924252,53.927424393961736,1.0
55.62816183736197,52.90095138549805,51.123578557127736,53.21756392666259,53.50554118294562,1.0
63.5334695101652,65.17823791503906,64.21884560210454,64.31018434243627,54.95987458961363,1.0
56.78256938227969,55.4539909362793,55.26192711682303,55.832829145127334,58.00292144020981,2.0
51.920953907511766,54.46357345581055,55.73778031923536,54.04076922751923,61.09606206284042,3.0
48.44216957076705,47.34536361694336,48.99735982235866,48.261631003356364,49.88041463306543,1.0
51.500299983901215,53.732688903808594,54.41725455731991,53.21674781500991,55.491586752615525,2.0
66.72599863496893,66.87372589111328,65.3656582597703,66.32179426195084,75.89272131666308,4.0
,,,,,
55.12461175883116,54.03598403930664,52.865202087466066,54.008599295201286,72.35765061110423,4.0
63.292417937014264,65.9220199584961,63.75150010671367,64.32197933407467,59.65361704478545,2.0
80.09167828384861,80.90133666992188,79.01342918909822,80.0021480476229,82.94162702376259,4.0
50.759895840412916,51.33890151977539,51.37680424339954,51.158533867862616,62.55627154671054,3.0
,,,,,
52.1354791438724,52.81779479980469,52.435370054162426,52.462881332613186,54.17536051006774,1.0
57.38810809534449,55.2995719909668,55.6076201649064,56.09843341707256,51.24650088327546,1.0
67.58328858087133,71.30879974365234,71.76580283656396,70.21929705369588,62.25219924945527,3.0
60.67749147467063,57.595237731933594,58.24038295137527,58.83770405265983,69.44811535775675,4.0
56.152547566993796,56.72633743286133,54.66340911550427,55.84743137178646,44.95334699119116,0.0
56.9766094418743,58.17351150512695,59.574059608684664,58.24139351856197,65.35293398439546,3.0
60.93515804838387,60.86122131347656,60.423193510608,60.73985762415615,62.308092411235066,3.0
74.55582751097401,70.75731658935547,72.69912457304562,72.67075622445837,73.6575412387278,4.0
51.90830501437848,52.740760803222656,51.15967998594099,51.9362486011807,50.21340028551591,1.0
58.718950680939855,57.656288146972656,56.919142545360195,57.7647937910909,57.32836062999586,2.0
58.629358126169656,56.478580474853516,57.06420512018993,57.390714573737704,61.43009920180436,3.0
58.67190050293165,57.67605972290039,57.1055382758981,57.817832833910046,58.21823023725555,2.0
71.5610810185219,68.92301940917969,68.88059303729062,69.7882311549974,77.01221550317919,4.0
65.82148094395221,65.29784393310547,68.26518600390514,66.46150362698761,84.15805882639798,4.0
59.71445868843886,57.82545471191406,58.91864670993407,58.819520036762334,63.3632676023266,3.0
58.41781427440585,60.15342330932617,59.16819236296413,59.24647664889872,71.04989361787098,4.0
,,,,,
77.2727374956004,75.1727523803711,74.99449689491678,75.81332892362941,58.60169933860565,2.0
54.8496219472415,59.02931213378906,58.34740753511896,57.408780538716506,55.209409049458685,1.0
52.29327844945218,54.11864471435547,54.49063552412372,53.634186229310465,41.40524259880775,0.0
70.07970597726583,72.91034698486328,71.71274604396721,71.56759966869879,70.38779666874652,4.0
,,,,,
60.71059080934031,57.66181945800781,58.62994100420057,59.000783757182894,77.81854980425803,4.0
,,,,,
76.68944806773744,75.73493957519531,74.39935671109119,75.60791478467463,88.96933160618882,4.0
52.540297991895244,55.872459411621094,57.029494672058355,55.1474173585249,47.16420144238289,0.0
61.902104930808925,62.63740921020508,62.47107155663161,62.3368618992152,60.02056673725286,2.0
46.470330104336036,49.6434326171875,49.14745452269882,48.42040574807411,43.18108874559023,0.0
56.733385511137115,55.52153396606445,54.16581053685922,55.473576671353605,61.297530508827286,3.0
56.73514310429269,56.97597885131836,56.33247630600525,56.68119942053877,54.15306372706872,1.0
66.21010508094837,63.11611557006836,66.52383710477585,65.2833525852642,76.25709210323382,4.0
60.19092514495849,61.692466735839844,59.41274386738351,60.432045249393944,51.71516570702643,1.0
51.00416206137786,51.22773742675781,52.48492189225175,51.57227379346247,45.3439669018346,0.0
49.21110258681543,48.68695831298828,48.66434801262974,48.85413630414448,55.56641316587584,2.0
,,,,,
46.155718711415545,49.14543151855469,49.787586720402416,48.36291231679089,39.54425535463039,0.0
74.56249735191547,74.16536712646484,74.1531300705767,74.29366484965233,62.97172814096989,3.0
61.55273086662174,58.06087112426758,58.217630612941655,59.27707753461033,51.52332909085753,1.0
48.435605897183144,49.928157806396484,44.729166177044284,47.69764329354131,38.99962717579288,0.0
48.04506344253834,48.999969482421875,48.76488706970561,48.60330666488861,49.289719497753794,0.0
67.90887278336545,70.21675872802734,69.61687567659595,69.24750239599625,67.53869280364792,3.0
64.37785532978891,62.91249465942383,62.430975495839306,63.240441828350676,67.68660003815205,3.0
50.70606417864048,50.537200927734375,51.83003094286601,51.024432016413634,44.3049971358938,0.0
58.346619373519665,54.75251007080078,55.736684559440675,56.278604667920376,58.84144566874599,2.0
,,,,,
60.84647728430863,57.58834457397461,57.74156974375694,58.725463867346726,65.97180402470588,3.0
54.93559075920231,53.15053176879883,53.18722567321537,53.75778273373884,51.44342204053783,1.0
66.81656985893017,65.66712951660156,66.12529655161171,66.20299864238115,58.96993808672608,2.0
54.87244932638328,54.8619270324707,53.8858782604634,54.5400848731058,37.32418076880851,0.0
58.19134540612957,57.587467193603516,57.1469692886875,57.6419272961402,57.14687236304026,2.0
,,,,,
60.79890987065548,58.8730354309082,59.4452354355151,59.7057269123596,54.33933919670247,1.0
54.73838734282549,54.398582458496094,54.46112080990171,54.53269687040776,60.77096742764283,3.0
56.70189965855666,54.00455856323242,50.9355439030327,53.8806673749406,57.75464231932897,2.0
69.62850058848186,68.46073150634766,66.63753591415279,68.24225600299411,69.96354867155101,4.0
46.47761094132207,48.85674285888672,48.781558416762216,48.038637405657,46.89983274135666,0.0
74.52818163374656,79.11310577392578,78.95824025659687,77.53317588808973,66.04954272816973,3.0
,,,,,
52.296958562982596,52.524715423583984,53.099605344822244,52.64042644379628,61.32163600927785,3.0
47.94838501918446,47.90500259399414,48.17951258676716,48.01096673331525,50.80156861316684,1.0
57.79790377231032,58.40762710571289,59.26644044285622,58.490657106959816,80.47918859780225,4.0
48.49728971232456,50.66288375854492,49.06404334428927,49.40807227171958,47.232087587662406,0.0
51.780002219194095,50.644344329833984,53.03925190789935,51.821199485642474,49.45146249089125,1.0
54.76886647363002,51.448360443115234,51.66860448190365,52.62861046621631,66.4209961395609,3.0
56.64731938090713,58.64400863647461,59.16509095132621,58.15213965623599,55.89865920069132,2.0
54.33124920841662,49.30495834350586,47.32817546172334,50.3214610045486,54.50169193229227,1.0
52.92834230870318,51.61186599731445,50.58323062395421,51.70781297665727,59.752837243554445,2.0
57.479751058197444,56.58789825439453,55.48840367677216,56.518684329788044,73.24567474234988,4.0
55.38608561021784,51.20020294189453,52.10295968702763,52.89641607971333,49.65976843753217,1.0
55.903697582842916,54.96010208129883,55.66203567742746,55.50861178052307,46.00971692384288,0.0
69.83511224388607,70.88391876220703,72.03246821722972,70.91716640777427,59.81814687177387,2.0
,,,,,
49.49763505936852,46.885963439941406,46.65054481239216,47.67804777056736,54.10262403643932,1.0
59.5379246687994,59.739662170410156,59.32803955393344,59.535208797714326,53.16178226158607,1.0
57.70456709735318,60.43315505981445,59.478181118490475,59.205301091886035,49.31281743701637,0.0
59.891838922942526,57.56662368774414,57.42687505583612,58.29511255550759,58.586853477493634,2.0
67.88701395433426,63.03752899169922,63.080401280078796,64.66831474203742,54.241341616491006,1.0
,,,,,
71.88805265207615,71.15352630615234,69.46304525796519,70.83487473873123,70.05591394913202,4.0
64.04596999640134,62.270694732666016,64.36451344888438,63.56039272598391,63.55632284576123,3.0
57.68014278542293,57.07991027832031,57.67198283066822,57.47734529813715,57.84195901939516,2.0
67.06900589063999,66.04236602783203,65.27765372309163,66.12967521385455,65.18282426124597,3.0
51.71401535105296,50.3385009765625,50.07341170882753,50.70864267881433,48.95317800412353,0.0
65.2752257234456,65.73509216308594,64.90603970620195,65.30545253091117,56.03953212018476,2.0
49.306670594322355,48.35411834716797,49.98505152087315,49.21528015412116,49.67234674175511,1.0
54.502668540394474,54.06262969970703,58.88362986507604,55.81630936839252,73.99848549445683,4.0
64.05985209300626,69.23685455322266,70.26258977636257,67.8530988075305,69.85455102916903,4.0
63.55522043173036,60.78205490112305,61.29220834663529,61.876494559829574,56.8605496423337,2.0
66.64787837595298,67.71887969970703,66.96070099097878,67.10915302221294,65.14175743910367,3.0
57.94940047230814,56.068321228027344,56.334016882510994,56.78391286094882,69.56864473546437,4.0
57.46530994068772,56.582706451416016,56.393588609435064,56.813868333846266,58.498095080243246,2.0
73.6963658289892,73.61734771728516,71.28614974310722,72.86662109646052,82.62107629605065,4.0
52.102824839799126,51.24030303955078,53.56163294960665,52.30158694298552,45.69315644272316,0.0
,,,,,
71.73485225671129,74.4546127319336,73.57049840096043,73.25332112986844,75.09872572470427,4.0
77.799530039823,74.62596893310547,73.8992838272816,75.44159426673669,85.43482513673804,4.0
49.348929233641016,50.571189880371094,49.61516349496008,49.84509420299073,49.8243461990594,1.0
48.16330120222624,46.906490325927734,47.19320844264707,47.42099999026701,55.78804139845889,2.0
64.85241988931661,65.54308319091797,62.34093614118187,64.24547974047215,70.13431007470388,4.0
,,,,,
51.231287865707934,52.90309524536133,52.32273275881232,52.1523719566272,54.25743290818095,1.0
53.630537521814674,53.12371063232422,53.84765778158926,53.533968645242716,49.07490104838722,0.0
49.41374077493956,51.22542190551758,52.42463568782649,51.02126612276121,61.74423275015266,3.0
44.14600534548755,46.29828643798828,48.229922069098585,46.224737950858135,35.248066939473134,0.0
,,,,,
63.07312305106043,60.37113952636719,64.14998691398291,62.53141649713683,62.643879332230085,3.0
69.51608085149427,66.13262939453125,70.24403038252761,68.63091354285105,60.55580059448486,2.0
,,,,,
59.35412186154801,60.10491180419922,58.933515991891994,59.464183219213076,64.7168031133436,3.0
69.18371571611507,68.16041564941406,68.2231549130779,68.52242875953569,71.32338470087063,4.0
64.01580726588715,64.63322448730469,64.6780395531881,64.44235710212665,70.33204432446225,4.0
,,,,,
54.38646490727059,55.721282958984375,56.15641738642349,55.421388417559484,58.39004876924659,2.0
,,,,,
52.054517439883476,50.51324462890625,52.248733522308676,51.605498530366134,44.6842469746613,0.0
,,,,,
,,,,,
,,,,,
,,,,,
73.6855489290647,71.56753540039062,72.83330271673461,72.69546234872998,60.27034941164147,2.0
76.64081775190327,74.96073150634766,75.8869190111111,75.82948942312068,75.46380082520909,4.0
69.38313663271165,68.3344955444336,67.72658762237964,68.48140659984163,74.34454475079471,4.0
,,,,,
58.47562658202483,56.58692932128906,56.59462402905169,57.219059977455196,60.45180331744502,2.0
67.120725262034,70.42548370361328,71.89790119237544,69.81470338600758,62.67191190399934,3.0
61.6074600703395,63.3913459777832,63.37302858201675,62.79061154337981,63.144640707949904,3.0
,,,,,
,,,,,
53.352984599046934,53.588375091552734,55.019986314600544,53.98711533506673,54.04958392550388,1.0
,,,,,
,,,,,
53.35895388106653,52.212623596191406,50.6956374900361,52.08907165576468,48.21663716121139,0.0
59.73103119911008,58.86552810668945,57.304937921937494,58.63383240924568,67.4872567794362,3.0
63.50227650101717,61.938873291015625,60.650018752191045,62.03038951474128,76.06171435204493,4.0
66.90411164506256,66.42125701904297,65.88255259244578,66.40264041885042,79.03690987675952,4.0
57.819971195554984,55.57563400268555,56.76249783773647,56.719367678659005,46.68195208810452,0.0
56.013286202506464,57.23847579956055,54.43054998059162,55.89410399421954,61.00481221218496,3.0
57.71132386206248,59.40134811401367,57.62783004237253,58.246834006149555,96.82785235242748,4.0
53.81692004496399,48.84858703613281,48.89301127848483,50.519506119860544,57.85957796681432,2.0
58.81837132677543,58.501869201660156,59.17923291673342,58.83315781505633,66.32412212183478,3.0
73.38374202429304,68.0760726928711,69.2221893912445,70.22733470280286,63.161535031999165,3.0
52.67495353632697,53.633453369140625,52.1874104667089,52.83193912405883,47.96461531834443,0.0
55.594639904156345,54.197776794433594,55.71954106871859,55.17065258910285,63.2381283702723,3.0
60.859000753790156,57.83973693847656,56.70459377692969,58.4677771563988,44.46633535521214,0.0
,,,,,
58.67190050293165,57.67605972290039,57.1055382758981,57.817832833910046,57.52566238354707,2.0
69.7614531990257,67.3761978149414,66.02126825994003,67.71963975796905,64.53370644012293,3.0
57.3342617370554,55.7984733581543,57.17375435633773,56.76882981718248,54.82402182764308,1.0
60.97951405684328,56.90412139892578,58.178930569351664,58.687522008373584,57.62289499308984,2.0
67.53054274637302,68.29017639160156,67.4204717362543,67.74706362474296,71.51215597296307,4.0
52.42676769039778,50.014442443847656,50.777313645937014,51.07284126006082,40.14651527361668,0.0
,,,,,
,,,,,
,,,,,
55.861336543090644,52.75022888183594,52.64019634712816,53.75058725735158,48.131583799250016,0.0
53.216026906162995,51.05142593383789,49.38888644786501,51.21877976262197,29.933737836467397,0.0
,,,,,
49.6789160452148,50.007774353027344,49.72693541788169,49.80454193870795,53.48186719067653,1.0
49.25624107744529,50.49221420288086,49.99895522244773,49.915803500924625,52.51840131810585,1.0
,,,,,
75.49829899586476,75.27267456054688,75.30875129420814,75.35990828353992,74.96565196475295,4.0
66.88656469803662,67.81150817871094,69.09009569392953,67.92938952355904,62.736094683288535,3.0
58.609954347160034,58.0712890625,56.83521470056095,57.83881937007366,72.1401060972189,4.0
72.56112773118309,75.00080871582031,71.44769376526975,73.00321007075772,73.8901211074034,4.0
52.03710571875118,52.86246871948242,51.36518704437782,52.08825382753713,54.06911417176802,1.0
,,,,,
,,,,,
60.55871994824841,62.687992095947266,62.079327676317824,61.7753465735045,49.236150349025706,0.0
70.34922514204307,72.66077423095703,72.44434540641716,71.8181149264724,78.71264589824288,4.0
59.36849745131418,55.95500564575195,57.45377999886404,57.592427698643384,66.0456284619494,3.0
54.098874628633006,52.8293571472168,53.13015634691714,53.35279604092232,47.87654550684332,0.0
60.26080380678065,56.98411178588867,56.44281383765265,57.895909810107334,55.44162823647785,2.0
48.931884946662066,49.965328216552734,50.16258123973226,49.686598134315695,49.1814410168997,0.0
57.546090581731356,55.56550979614258,56.066341900930915,56.39264742626829,57.37078771456492,2.0
48.37209436082204,53.263614654541016,51.10655185719172,50.91408695751826,54.57692221212909,1.0
55.25273129681354,57.071380615234375,57.25383266643165,56.52598152615985,59.33126289441296,2.0
58.19932168974415,59.32737350463867,58.884555589556776,58.803750261313205,66.20883610938172,3.0
64.65758406674249,64.62139129638672,64.5273094167141,64.60209492661443,61.267270547751934,3.0
68.74161221119576,69.51590728759766,68.32471354964267,68.8607443494787,72.19509350637475,4.0
54.90740065114072,50.23381042480469,50.49697773653707,51.87939627082749,56.70196176846059,2.0
50.726029714199235,50.91677474975586,51.370687632786996,51.0044973655807,45.07514258644933,0.0
53.03804113061194,51.795589447021484,50.008331065413344,51.613987214348924,58.08191197095984,2.0
66.15618122267449,67.12114715576172,67.73600511404436,67.00444449749352,67.23967630892139,3.0
56.586206810658226,56.3740348815918,56.451073988226774,56.47043856015893,48.67599250667116,0.0
73.358970033532,73.1093521118164,71.58982779237897,72.68604997924245,85.29744809498106,4.0
47.355247039087324,46.229373931884766,48.17560205952465,47.25340767683224,49.58096808069296,1.0
56.968701968470654,51.20170974731445,55.54830585018928,54.57290585532479,70.94628551343585,4.0
,,,,,
,,,,,
57.38434753014303,56.30060958862305,56.921662914708044,56.86887334449137,61.62060421950572,3.0
58.235471456780274,65.14037322998047,63.928012109557514,62.43461893210608,68.92879604540555,4.0
56.321158977082014,56.35213851928711,55.59747277711847,56.0902567578292,56.4392830261758,2.0
65.67185539124243,64.68679809570312,66.0994318896279,65.4860284588578,63.25543031725397,3.0
66.99162658718426,65.39744567871094,69.22567111582377,67.20491446057298,59.2426090449634,2.0
,,,,,
71.20094115340157,72.13971710205078,72.40251913485174,71.9143924634347,67.00765520323385,3.0
63.46574989040981,62.08729553222656,62.50029455265221,62.68444665842952,60.21167633988348,2.0
69.1548379447281,68.79312133789062,70.51425858961638,69.4874059574117,51.5467583719874,1.0
53.98554833804624,54.73820495605469,55.60663486693799,54.77679605367964,57.182063175555975,2.0
63.28066573860412,65.34001922607422,63.92337248095259,64.18135248187697,59.77503870711022,2.0
55.3098881947376,52.48719024658203,51.88410998037382,53.22706280723114,56.547807044892544,2.0
56.67750523306832,57.64690399169922,58.221577030194496,57.51532875165401,57.53339114788785,2.0
63.962528916382595,67.2560806274414,67.72415306923547,66.31425420435313,64.18964074916984,3.0
68.87800602650519,70.71294403076172,71.23363649285952,70.27486218337548,63.18328100745512,3.0
61.016637896818814,61.00302505493164,59.23700756630119,60.41889017268388,87.5486043225871,4.0
78.97078893187184,77.57321166992188,77.51131906360574,78.01843988846649,86.99922313220338,4.0
51.29549654720216,51.75218200683594,52.06549503928553,51.70439119777455,55.84554017194499,2.0
,,,,,
67.63604061717463,64.16895294189453,64.03175062373252,65.27891472760057,66.03692644918732,3.0
57.50068192314734,58.771034240722656,59.976700424059935,58.749472195976644,86.40545221558732,4.0
54.592082745006245,55.990882873535156,56.001370815380724,55.528112144640694,58.33482737925002,2.0
,,,,,
68.95530047470844,70.15624237060547,69.56716842660892,69.55957042397428,61.0623535109633,3.0
48.840286316609735,49.50007629394531,48.87947268095616,49.073278430503734,46.18754797243946,0.0
61.44815222357491,64.30464172363281,63.03987529683663,62.93088974801477,46.592871165430665,0.0
51.14655500127377,52.548667907714844,52.30248822547009,51.99923704481957,38.58840849546856,0.0
69.92619553721707,70.41841888427734,71.87575906462425,70.74012449537288,68.34896870049808,4.0
72.48626317202067,77.24935150146484,74.61195918631311,74.78252461993287,62.16213564808773,3.0
55.07675210418422,56.46030807495117,56.54396869154333,56.02700962355957,57.95721299799967,2.0
52.526975386464386,51.91871643066406,52.32422776664674,52.2566398612584,43.86484023111738,0.0
53.28556908607719,54.35207748413086,53.62319605123554,53.75361420714787,53.58310649565315,1.0
48.777849153038815,46.957191467285156,47.304330465909906,47.67979036207796,54.5229431635242,1.0
,,,,,
53.197469785783454,55.824974060058594,54.97942493916924,54.66728959500376,54.52334280205727,1.0
48.571413713280805,50.026145935058594,49.56370014654038,49.38708659829326,65.56993701255854,3.0
57.97606594061074,57.87308120727539,58.43393455407236,58.09436056731949,67.29090276845106,3.0
74.52207125937672,79.2518539428711,75.25378668450286,76.3425706289169,79.59941071992304,4.0
55.49114588791634,54.9650993347168,55.6492481921921,55.36849780494174,57.72359254203021,2.0
65.94624299706794,66.74365234375,66.28296845964405,66.32428793348733,83.05930561133755,4.0
,,,,,
69.42086801160744,70.38643646240234,68.2216450954076,69.34298318980579,73.89033036473475,4.0
57.94940047230814,56.068321228027344,56.334016882510994,56.78391286094882,69.8521673419982,4.0
61.34065995184004,57.47373962402344,56.45675235266734,58.423717309510266,55.622208287806856,2.0
70.26934279059323,68.11968231201172,67.79025433308043,68.72642647856179,68.28959565792766,4.0
53.71546037343408,55.87971878051758,56.42417902515453,55.33978605970206,41.18880531440333,0.0
65.46537748058526,64.27854919433594,63.89268100374683,64.54553589288935,59.42310891771418,2.0
69.12257138624284,60.416446685791016,64.8744098192335,64.80447596375579,69.60700373452389,4.0
67.78689494878245,66.54138946533203,67.31177403123344,67.21335281511597,62.7172044318248,3.0
74.60851488867092,71.59715270996094,69.24811499785234,71.81792753216139,70.2953991108823,4.0
,,,,,
47.47649200087575,48.40404510498047,50.759947247785625,48.88016145121395,46.74300767947825,0.0
56.095813895052416,51.430442810058594,50.76797363818156,52.76474344776418,56.213815573874136,2.0
49.14495977530328,47.121700286865234,46.561758448058086,47.60947283674219,35.12796533607577,0.0
51.44075186699726,51.404781341552734,49.87045613893671,50.90532978249556,66.59970829069394,3.0
55.359858995406306,55.50273895263672,55.89278796737615,55.58512863847306,47.944520703666335,0.0
68.55780185099577,71.0029525756836,71.24840022807393,70.2697182182511,81.0373029814266,4.0
51.3887359127165,52.60762405395508,51.60766812238269,51.868009363018096,44.534982669236506,0.0
53.723503607373,52.67815017700195,53.718176195875806,53.37327666008358,54.89178689528035,1.0
58.81104789921682,58.52585220336914,60.91431693909007,59.41707234722535,54.31198171771256,1.0
69.996446511783,67.17009735107422,69.1553921847515,68.77397868253625,61.89009852281593,3.0
,,,,,
55.030281050066044,52.52265548706055,53.9922987037831,53.848411746969894,61.92875442763349,3.0
51.884561815362915,52.3397102355957,52.284682601214364,52.169651550724325,45.52258728008098,0.0
75.03154898093184,78.0377426147461,77.04011863074088,76.70313674213959,59.15868823798626,2.0
55.5408659254567,56.030242919921875,55.265817102649876,55.61230864934282,50.83534561070313,1.0
58.08684116796794,56.23078155517578,56.16839381412775,56.82867217909048,67.75872854694552,3.0
60.433073670080724,58.5545768737793,58.91864670993407,59.302099084598034,61.999435538014026,3.0
50.87713106758204,53.616703033447266,52.73718665179029,52.41034025093987,63.34576202390248,3.0
,,,,,
56.55848068973746,59.02061462402344,58.79226339037778,58.12378623471289,63.38143047019801,3.0
55.71428555179277,55.47026443481445,55.88224317904396,55.68893105521706,49.64384327407085,1.0
67.77721215544851,68.99272155761719,69.41498694729438,68.7283068867867,81.59919628033138,4.0
59.920504282247116,58.43821716308594,58.655657856206695,59.00479310051325,61.73789855492184,3.0
46.78209482408379,47.03705596923828,46.830078133580585,46.88307630896755,52.25067915405695,1.0
60.84054072235444,58.438480377197266,57.19115242965449,58.82339117640206,71.6549645400032,4.0
47.849715273549506,46.36952590942383,48.03468982879194,47.417977003921756,50.44624335584608,1.0
72.85241182797998,72.9140853881836,72.44253660514681,72.73634460710346,60.24766852967986,2.0
,,,,,
67.16788242246288,68.13819122314453,68.72691291878878,68.0109955214654,70.31466262505631,4.0
62.43754910618747,65.05854797363281,65.04268221627379,64.17959309869802,76.23671406749062,4.0
74.63609490740886,72.13652801513672,74.06015873357512,73.61092721870689,67.78577294981785,4.0
53.75289130161039,51.00881576538086,51.18762418644255,51.98311041781127,59.778505651392805,2.0
75.47751931555138,73.64250183105469,73.3842228136239,74.16808132007665,83.69899743515818,4.0
50.630120987616024,49.404781341552734,50.00985922570682,50.01492051829185,50.53276544169016,1.0
,,,,,
53.87184216844076,52.87847137451172,51.90125813781564,52.88385722692271,64.65426442930402,3.0
57.62861955053978,55.30021667480469,55.90306574907291,56.27730065813913,66.43942228713922,3.0
53.52271036815708,55.990882873535156,56.09374366363649,55.20244563510958,50.00354709642892,1.0
53.26971817068878,52.97662353515625,53.25060201941428,53.16564790841977,49.6905653551968,1.0
60.88972006990993,60.93513488769531,58.079252452470996,59.96803580335875,57.12712236265732,2.0
,,,,,
68.3679904051629,65.69603729248047,66.05829193151804,66.70743987638713,70.14707557644469,4.0
59.98077206324803,58.167388916015625,59.44867889623593,59.198946625166535,54.94742097211086,1.0
59.71820685191859,60.50630569458008,59.8541811662891,60.02623123759593,55.73168310868243,2.0
68.75017123883948,72.30924987792969,69.60119567618526,70.22020559765147,71.49644394136288,4.0
58.462916026309706,56.654964447021484,56.46761684392697,57.19516577241939,49.33616165108583,0.0
56.591663369190414,49.80128479003906,49.13860313184744,51.84385043035898,66.95434160081174,3.0
,,,,,
58.521954218167146,54.46725845336914,55.28478943347626,56.091334035004174,70.59882165340636,4.0
71.35062071265136,75.09781646728516,73.8421555768941,73.4301975856102,70.86416051030331,4.0
57.76330433861457,57.78667068481445,55.35769443170134,56.96922315171012,66.10510653924938,3.0
72.07926569355519,70.89057159423828,71.26022614751666,71.41002114510337,62.82978846020825,3.0
60.2800239050151,58.12812423706055,58.509796527172135,58.972648223082594,51.79276429123752,1.0
64.47522032514019,64.97472381591797,65.17113441696313,64.87369285267376,64.30525367576729,3.0
62.13123996602734,63.88502883911133,64.30461404586387,63.44029428366752,62.19166547859176,3.0
,,,,,
,,,,,
44.805130452551026,46.69793701171875,47.835083704659034,46.44605038964294,43.97735445294729,0.0
54.36361960309855,49.98638916015625,48.72938889573546,51.02646588633008,55.534036840186914,2.0
,,,,,
53.76874134645791,52.456356048583984,52.00162983025495,52.74224240843228,66.25967374959127,3.0
,,,,,
59.594841643236975,57.209381103515625,57.621954614501,58.14205912041786,64.4245534718514,3.0
69.57851937301521,71.98950958251953,71.09021122342432,70.88608005965303,66.94548427417524,3.0
,,,,,
75.09363023989027,76.50698852539062,74.61350007716811,75.40470628081634,72.7298948892423,4.0
,,,,,
,,,,,
49.78128085514361,49.577613830566406,48.981996906848494,49.44696386418618,64.7849771576936,3.0
45.99802104712358,46.6419792175293,46.96819315208191,46.53606447224493,47.83429080495561,0.0
63.44662257119996,64.48341369628906,62.06976380514287,63.3332666908773,64.83824287216932,3.0
56.21245988008918,56.97893142700195,57.34490595318232,56.84543242009115,57.93369794886778,2.0
57.4041241091241,50.62775421142578,50.539608154489194,52.85716215834636,57.574246698173845,2.0
52.528882893141,51.16244125366211,51.56078231224284,51.75070215301532,49.15419063369166,0.0
,,,,,
48.22570870989156,46.5290412902832,48.66029296396689,47.805014321380554,49.856024543258094,1.0
46.20698487848497,44.55226135253906,47.5304721542845,46.096572795102844,42.78620031131208,0.0
49.21319085476659,50.008365631103516,49.74559124944045,49.65571591177019,48.18472655358179,0.0
59.679985270196255,57.79354476928711,57.227150515192825,58.23356018489206,52.16315304262019,1.0
53.22862194614082,50.27134704589844,49.610378111752134,51.03678236793046,54.739270781198194,1.0
,,,,,
68.64340681103704,70.07598876953125,69.64141245390773,69.45360267815867,72.4462261893318,4.0
65.42106106361086,64.26764678955078,63.753166844107106,64.48062489908959,61.550870250952,3.0
52.4840660872696,51.31977844238281,52.1748457918496,51.992896773834,51.756399996859216,1.0
68.23198561279935,68.12609100341797,68.14859565620479,68.16889075747405,54.32458162211352,1.0
59.677619256958494,60.871421813964844,58.981260548176024,59.84343387303312,72.66540644399419,4.0
50.51361292821608,48.96272659301758,47.53562250801852,49.003987343084056,43.41043597165344,0.0
54.79774209537061,55.277931213378906,55.44800995084326,55.17456108653092,57.494515716067866,2.0
71.60588470408224,72.77045440673828,71.94227882127616,72.10620597736556,77.59424265067048,4.0
,,,,,
54.35623596940982,56.57352066040039,56.91556137404545,55.94843933461855,58.74737207963119,2.0
78.25873441117926,82.13230895996094,77.43052510960857,79.2738561602496,78.31166603931068,4.0
59.79952723410211,61.482810974121094,61.62614295615049,60.9694937214579,69.47100707732476,4.0
56.1208023519182,57.6972541809082,57.02107888352584,56.94637847211741,56.297308605624735,2.0
58.585127809913565,58.10897445678711,57.453213899926205,58.049105388875624,45.21446741540539,0.0
64.7851809760728,60.89731979370117,60.64586916059503,62.10945664345633,61.39193326673983,3.0
47.50588577740634,49.17305374145508,48.28615612012036,48.32169854632726,43.99515273132835,0.0
65.49111314433232,66.79339599609375,68.50151860534814,66.92867591525807,61.17901762697497,3.0
65.93881810880248,64.27486419677734,64.72798075515173,64.98055435357719,64.85454901509739,3.0
50.001663386694176,50.59735107421875,50.884409416367966,50.4944746257603,55.97380536471029,2.0
56.564010932887044,55.90163040161133,56.090097336600614,56.18524622369966,54.99994073085393,1.0
66.33454423961753,65.1276626586914,65.34176301951219,65.60132330594037,75.98738047915187,4.0
63.62449054152866,64.48007202148438,62.764462977543154,63.62300851351872,71.72268319811373,4.0
69.26306982665707,74.80453491210938,73.13180939468205,72.3998047111495,73.3839592591132,4.0
66.85254871449858,64.48665618896484,63.16086425519978,64.83335638622107,63.93260705368772,3.0
53.99424663319914,55.968746185302734,56.31029398673984,55.42442893508058,46.33370957457331,0.0
,,,,,
46.79277600648536,45.31736373901367,45.857784448235705,45.989308064578246,60.37174758667519,2.0
50.18273618565249,51.561832427978516,51.29464136701416,51.013069993548385,51.24503124476851,1.0
50.0566929033801,51.14071273803711,50.805236659164315,50.667547433527176,41.3566984887334,0.0
53.52700828627082,49.239234924316406,49.654127039381535,50.806790083322916,55.740123291672425,2.0
58.31841054093529,55.95451354980469,57.148955047438896,57.140626379392955,54.58242767078868,1.0
57.2851525310799,60.9819450378418,61.47928673216735,59.91546143369635,60.59047343925437,2.0
54.605089815105806,53.777278900146484,53.15065628485529,53.844341666702526,46.15187702577529,0.0
54.33529801453792,54.30564498901367,54.17704081569525,54.272661273082285,61.7879884675828,3.0
69.36767601035548,67.07332611083984,66.36529140283471,67.60209784134334,70.00056350750405,4.0
56.90641486641083,57.36397171020508,56.476228174355214,56.9155382503237,55.55608301416534,2.0
52.83856484260545,53.409454345703125,54.53140283619625,53.593140674834935,56.31034110250771,2.0
67.47587001463737,63.90446090698242,64.40311518405719,65.26114870189232,74.36066100711294,4.0
53.25646375890079,50.04773712158203,50.12579462529825,51.14333183526036,59.57990358034299,2.0
,,,,,
54.79553368564995,58.29061508178711,57.182909091636326,56.756352619691135,59.13731642992315,2.0
52.136891470736245,53.864227294921875,53.90726474460745,53.30279450342186,48.03046950738924,0.0
56.13242428746455,55.99202346801758,54.51431417825296,55.546253977911704,54.254811228185005,1.0
55.5115802454633,52.37759017944336,53.65792895527548,53.849033126727385,49.31146655558092,0.0
,,,,,
71.07547921365989,70.4320068359375,70.00527248614779,70.50425284524839,65.80183234175742,3.0
67.62216196091855,66.64109802246094,68.57351001772244,67.61225666703396,82.38079115690428,4.0
49.55741734542258,49.48843002319336,49.47571207340447,49.507186480673475,35.30789117484983,0.0
59.989254955340826,58.94287872314453,58.27833251474125,59.07015539774221,63.99767933121488,3.0
66.69229924831254,68.00494384765625,66.59962330606538,67.09895546734472,66.60686907556591,3.0
58.71162396281509,56.263301849365234,58.9290301349279,57.96798531570275,54.10982144462087,1.0
62.51154446311984,63.38383865356445,60.7046812857435,62.20002146747593,55.06613735505344,1.0
66.29789090565524,67.19391632080078,66.61230321983301,66.70137014876302,84.71805849483604,4.0
72.21110996112431,76.40155792236328,73.05737420244289,73.89001402864348,76.83403935564911,4.0
69.29516228379464,66.61844635009766,72.32902195286907,69.41421019558713,71.71000799446543,4.0
57.01935090168316,60.08988571166992,61.618024992050024,59.5757538684677,56.30581770829939,2.0
63.78744903298914,66.03759765625,67.05467446457834,65.62657371793917,59.890630989678655,2.0
54.08551441879242,54.160743713378906,56.668085597926186,54.97144791003251,53.42242389168277,1.0
54.930796493036944,53.77792739868164,52.116418829632195,53.60838090711692,64.74362905821322,3.0
62.20137704257869,64.22266387939453,64.19499762481648,63.53967951559656,68.22287752930856,4.0
55.7862763349997,55.230987548828125,54.77411868836291,55.26379419073024,38.28272392031703,0.0
52.09448850861086,52.58006286621094,51.49959709567005,52.058049490163945,55.97580883063062,2.0
73.55243071719383,72.65923309326172,72.48485771202701,72.89884050749419,64.39119461683778,3.0
52.12743745299429,51.16322326660156,51.410252558277115,51.56697109262433,47.42799187526481,0.0
65.43320580634882,64.76660919189453,65.34659935779975,65.18213811868104,70.6913510492698,4.0
70.93257388225493,72.33464813232422,73.36210484105028,72.20977561854313,72.63968694146052,4.0
57.723522727655556,57.15786361694336,56.8707157807795,57.250700708459476,52.57690910992851,1.0
55.089786794510665,55.092979431152344,54.49511121867146,54.892625814778164,51.60607928088965,1.0
72.99616836223574,72.45709991455078,75.55936093491587,73.67087640390079,71.74578355286216,4.0
69.63351082198491,72.82393646240234,70.94287498614929,71.13344075684553,60.21603890384554,2.0
62.646889664839094,63.42684555053711,60.964101510112464,62.34594557516289,69.58129837877502,4.0
66.96048863560394,66.94856262207031,68.24349291233884,67.38418139000436,63.46289676382167,3.0
50.392779422589456,52.09762191772461,51.008075117710725,51.1661588193416,41.55444815479836,0.0
50.8501172048998,48.8653564453125,50.536564992863106,50.08401288102514,40.30960056376224,0.0
61.24577838847992,61.69086837768555,60.43787774340101,61.124841503188826,64.5848421196619,3.0
54.768561300341084,57.602298736572266,58.11782984819926,56.82956329503754,45.84460004196607,0.0
57.99248777277953,62.22084045410156,62.6283642282973,60.9472308183928,59.384516208695445,2.0
65.47136893908859,63.4293098449707,63.94675227926127,64.28247702110684,60.6741485349775,3.0
67.56108975378413,66.18869018554688,64.26210689226929,66.0039622772001,66.84093708477063,3.0
62.43082694296864,64.91211700439453,63.59843796118959,63.64712730285092,69.34642519641307,4.0
56.45287404635348,55.24442672729492,54.199756603610716,55.29901912575304,62.40270971465941,3.0
70.06027077278281,67.85064697265625,67.46943380953246,68.46011718499051,50.977098400583785,1.0
56.96882920874147,54.718101501464844,53.21407702455635,54.96700257825422,69.00332677398477,4.0
46.627723544322116,49.957069396972656,50.943518535837846,49.176103825710875,61.03947666802737,3.0
,,,,,
66.6277165622386,68.35078430175781,67.21596890706333,67.39815659035325,69.73335574643785,4.0
58.10454266536865,62.67585754394531,61.61740946818977,60.79926989250125,62.91237731432941,3.0
51.49208686181787,50.200950622558594,49.212878941540865,50.30197214197244,56.709529269795546,2.0
56.725716031586124,51.46687316894531,50.76797363818156,52.98685427957099,58.84723006730047,2.0
52.36889121453012,55.30434799194336,56.4176899977415,54.69697640140499,57.94781148979814,2.0
63.067010915256276,58.93227005004883,61.16380825364413,61.05436307298307,69.6250312580512,4.0
58.32510791038347,57.2814826965332,62.25326126615581,59.286617291024164,49.10516605630914,0.0
60.07509830395911,60.052703857421875,61.01764033655507,60.38181416597869,65.88299244612286,3.0
67.06509511498459,66.14636993408203,66.67759277546203,66.62968594150954,69.1777680884023,4.0
60.04613242854524,57.23282241821289,56.873536857726066,58.050830568161395,70.6913122300705,4.0
64.05569487045746,67.27578735351562,65.7071145240607,65.6795322493446,62.32707085116894,3.0
51.70402930779712,48.594322204589844,50.32615664804963,50.20816938681221,43.197730680746254,0.0
51.23928571891239,48.68216323852539,49.149062544294935,49.69017050057757,51.8760247731038,1.0
,,,,,
66.30957295179206,65.86767578125,67.04209671410177,66.40644848238128,55.39167086229522,2.0
67.14115214096992,66.47390747070312,66.7057675398986,66.77360905052389,57.67030974527657,2.0
57.06921190550011,54.64654541015625,56.53371757007906,56.08315829524514,58.40734332241899,2.0
66.3702455796035,69.36904907226562,66.30097856634048,67.34675773940319,77.57976276509365,4.0
59.77682369230968,58.20859146118164,61.39770741295969,59.794374188816995,61.47055587618437,3.0
,,,,,
52.141246434100395,53.384918212890625,53.77024900169948,53.0988045495635,47.96015199036005,0.0
67.75887570566883,66.61837768554688,66.14632522885081,66.8411928733555,68.88532000195664,4.0
45.09009257807297,45.28413009643555,45.94079292501619,45.43833853317491,42.01519798189099,0.0
64.09592463594379,64.1463623046875,64.95461846865268,64.39896846976133,48.27519377840212,0.0
,,,,,
,,,,,
45.68410827599026,46.2361946105957,48.276044381540245,46.73211575604207,49.20317824958688,0.0
50.5670735486976,50.55583953857422,50.50049180482281,50.541134964031535,58.53987966976239,2.0
61.91252378482579,59.61840057373047,58.5958243521582,60.04224957023816,57.73634872491244,2.0
65.61351062012953,65.9086685180664,67.92981184304462,66.48399699374686,58.49389365740126,2.0
,,,,,
58.925994451702294,58.84966278076172,60.47200135939376,59.41588619728592,51.34158506185455,1.0
53.44830402186014,51.631412506103516,50.707644424766904,51.92912031757685,43.75502878183977,0.0
58.428952520472244,55.94207763671875,55.406598371975875,56.59254284305562,43.744802859149246,0.0
57.256664535088845,57.63307571411133,57.18430148981007,57.35801391300341,57.37047795160903,2.0
61.47690450156481,62.152339935302734,62.92112147557515,62.183455304147564,57.35231832236459,2.0
69.57745424663625,71.31720733642578,70.89751986764722,70.59739381690308,71.81745493346246,4.0
57.03568414527665,59.0623893737793,58.44742460729914,58.18183270878503,50.01752356531442,1.0
56.69927156988121,53.28744888305664,53.895508285821805,54.62740957958656,62.08109785538894,3.0
61.0914522589093,63.36927795410156,64.02574212452157,62.82882411251081,54.1974850715904,1.0
62.95520445728296,63.48723220825195,66.90935952873158,64.45059873142218,47.61210584596834,0.0
48.68081628963517,49.50359344482422,49.30494244998403,49.16311739481447,49.037611568552826,0.0
69.56514877767657,70.34346008300781,71.95394682219515,70.62085189429318,59.04899504002818,2.0
75.02432016783631,75.52889251708984,74.55001510955611,75.03440926482743,81.12086425032771,4.0
64.78567605701429,64.89311218261719,65.16543009581125,64.9480727784809,57.58333578150326,2.0
52.24265208541703,57.43526077270508,57.88509787795248,55.85433691202487,54.13162087619239,1.0
53.471956423002545,55.635414123535156,56.97417001465392,55.360513520397205,60.761418022040864,3.0
,,,,,
52.443583468115754,54.517608642578125,54.86154957730454,53.94091389599947,45.57888454786276,0.0
69.60903978461147,68.30915832519531,70.12534813966798,69.34784874982492,85.83790364714713,4.0
59.847052180343915,58.6923942565918,57.85662068384455,58.79868904026008,74.28144963514862,4.0
,,,,,
58.47169763687289,56.7996826171875,57.57955554154925,57.61697859853655,47.84346061928739,0.0
72.67438133164889,73.4478759765625,72.79065934396411,72.97097221739183,71.7128981104584,4.0
53.89877755805221,53.28852844238281,53.85329727027737,53.68020109023747,49.154323047162,0.0
51.739345737083134,49.094146728515625,50.53609572767013,50.4565293977563,44.065894651657466,0.0
71.61629097968009,70.92788696289062,73.23113260048348,71.9251035143514,66.3301826646117,3.0
55.19389117769999,53.55109405517578,54.81096117178351,54.51864880155309,44.144471345322536,0.0
58.9820946192702,57.499046325683594,59.06809823042075,58.51641305845819,70.14185514942785,4.0
58.18830761033767,58.6727409362793,58.3275973423939,58.396215296336955,62.81233948009693,3.0
53.15942374707025,54.53057861328125,55.38245242130098,54.35748492721749,48.54375241106998,0.0
54.741366257022854,54.675941467285156,56.23341500780567,55.216907577371224,55.30814522354087,1.0
59.614431694023516,58.788673400878906,57.9514039473154,58.78483634740593,75.10662535896077,4.0
51.38900368642439,51.41078186035156,52.335908880361046,51.71189814237899,71.67309372011766,4.0
54.90432097093896,49.78202819824219,49.733646609579345,51.47333192625351,45.52652493990877,0.0
,,,,,
60.0131197343959,61.54944610595703,62.692706745458864,61.4184241952706,51.33566317563203,1.0
59.31603499052042,57.789794921875,57.90897610610124,58.338268672832214,51.15856590340963,1.0
62.55406699174146,59.65351486206055,61.53358814146533,61.24705666508911,54.00574560751713,1.0
47.08661599339482,49.446414947509766,50.38363312399677,48.97222135496711,61.27361173023169,3.0
,,,,,
60.363268736445434,59.78080749511719,59.67031551337334,59.93813058164532,58.05631199550936,2.0
70.8355675204793,67.14146423339844,68.76352589161169,68.91351921516316,63.05626488898624,3.0
48.173817391131884,48.589515686035156,48.57015093779003,48.44449467165236,49.60860888350676,1.0
69.66322523715594,73.56902313232422,73.63549466058926,72.2892476766898,62.3459349293958,3.0
69.7992310503072,68.03993225097656,68.68984108582404,68.84300146236926,69.73216128717281,4.0
56.641339473253794,54.979854583740234,55.03836579767041,55.553186618221474,57.7795439719657,2.0
52.66591548090617,48.23341751098633,49.39837037371298,50.09923445520182,37.322122922838055,0.0
58.97451293649096,57.668052673339844,56.79742669906512,57.81333076963197,51.4239155598551,1.0
58.53119667378552,56.440311431884766,54.318545547167474,56.43001788427926,50.34178078066023,1.0
,,,,,
53.77889401753157,52.45471954345703,52.5787227080636,52.9374454230174,50.65144378458976,1.0
56.41565834608482,52.88839340209961,52.90336759265867,54.069139780281034,43.16964632046792,0.0
58.1480221162559,59.87546157836914,59.665543854766916,59.22967584979731,58.77472893383246,2.0
56.643440845457725,54.6099967956543,54.15877982689555,55.13740582266919,49.668273807995774,1.0
49.697709458186495,52.05057144165039,49.742875330200064,50.49705207667898,44.56275418639233,0.0
62.27874131901962,63.94101333618164,63.38871779692446,63.20282415070857,67.81776624655042,4.0
47.64506404824552,47.739749908447266,47.73858521964027,47.70779972544435,62.24575634835298,3.0
71.40177828170184,73.09549713134766,70.77080485242615,71.75602675515854,59.6551289599138,2.0
58.83347921903261,57.228885650634766,56.57800305523465,57.546789308300674,61.872846120210816,3.0
57.49605561862319,58.039573669433594,56.73671468320874,57.4241146570885,59.310815484094,2.0
56.01164383763993,58.238685607910156,58.06083350600439,57.437054317184824,55.740011830991584,2.0
49.05858668466243,47.97315216064453,48.56923794108883,48.533658928798594,50.95585094328288,1.0
55.43108824166456,54.482139587402344,54.12488835236578,54.67937206047756,64.71426376750485,3.0
58.904685238570494,60.73863220214844,63.32617433142922,60.98983059071605,61.34966986286175,3.0
59.08837701518096,56.251102447509766,55.940948922029385,57.093476128240034,64.57512546638657,3.0
55.97825089907769,56.33649826049805,57.98306479514047,56.765937984905406,53.78229620633875,1.0
53.37297382701811,54.84303665161133,56.27647084373561,54.830827107455015,57.03360181590458,2.0
63.68919463514537,65.71089172363281,66.7431326260958,65.38107299495799,56.935039300599065,2.0
60.517618590073496,56.942771911621094,57.09016607270685,58.183518858133816,46.456083424449936,0.0
46.50146272308051,50.465606689453125,51.02617555942397,49.3310816573192,50.368375561657615,1.0
61.28010094896387,70.15319061279297,66.11731841577642,65.85020332584442,72.44402569281016,4.0
45.57609306172711,48.223453521728516,47.85100621234348,47.21685093193304,42.49453522371517,0.0
69.0223371869953,70.87683868408203,73.27070995152124,71.05662860753286,70.21008976957883,4.0
55.31510255069252,54.34621047973633,54.581979706169605,54.747764245532814,69.63792434949532,4.0
72.60982510153198,70.10003662109375,72.15860351363312,71.62282174541961,60.10454750916518,2.0
54.78815413988887,58.34907150268555,58.97925158664137,57.37215907640526,63.23241326070977,3.0
54.1871626559472,50.4732551574707,51.256482763194064,51.97230019220399,56.081763761130304,2.0
60.78225003314542,58.50334167480469,58.602775843753044,59.29612251723438,71.16680407231355,4.0
71.62162323608688,71.56839752197266,72.16193547864614,71.78398541223522,94.73111821457694,4.0
,,,,,
48.28797178473114,47.43939208984375,47.69123283468933,47.806198903088074,46.5181281818174,0.0
47.65564180432403,49.113460540771484,49.04190587680488,48.60366940730014,41.06308252425653,0.0
58.177546073690564,55.74599075317383,56.12695754691565,56.68349812459335,63.51377325635787,3.0
58.37525850053349,58.87515640258789,58.42671759372149,58.559044165614296,56.7690335149208,2.0
54.15995411380814,57.4122428894043,57.080095537515206,56.21743084690922,66.51276629158558,3.0
48.27723799146288,46.590824127197266,47.44914782278968,47.439069980483275,49.2026543546004,0.0
60.718623113793065,59.194278717041016,58.7205539029463,59.54448524459346,58.83024952846158,2.0
55.777840497105174,58.02939987182617,58.00604499248751,57.27109512047296,83.58853369142511,4.0
,,,,,
51.11008080338628,50.33241271972656,53.22916902042574,51.55722084784619,51.06259927234351,1.0
60.3014900332281,60.1569709777832,58.806888443150235,59.75511648472051,67.51012723462698,3.0
55.0249360988497,54.477638244628906,52.8889702529184,54.13051486546567,44.70989098032484,0.0
54.274503913430756,55.7773551940918,56.82571692027065,55.62585867593106,59.1210664115467,2.0
48.826759854787305,47.16768264770508,47.88480750831176,47.95975000360138,40.633426345744375,0.0
,,,,,
49.87473075765842,50.705963134765625,50.873083571703724,50.48459248804259,55.25563143868041,1.0
55.66426094425654,57.4387092590332,56.85728438772038,56.65341819700338,47.814813481826725,0.0
,,,,,
73.3318641868735,71.94636535644531,72.5858489037582,72.621359482359,60.62032890090982,3.0
57.72190220504849,57.2463264465332,55.550559304458446,56.839595985346705,53.24517591744219,1.0
55.57797144785731,59.564754486083984,60.39969719146208,58.51414104180113,60.81643723913491,3.0
54.17367096774394,54.123069763183594,50.24214527350405,52.84629533481052,68.75443704509084,4.0
51.14313056867907,50.17649459838867,49.49281152880424,50.27081223195733,56.7841346518788,2.0
51.13122124968037,50.96073913574219,50.02713504538805,50.706365143603534,64.03845949289453,3.0
,,,,,
55.418020980315596,51.11546325683594,51.93225397532943,52.821912737493655,44.45053111204412,0.0
73.2579597125547,77.34033966064453,76.29897166684113,75.63242368001345,81.50013651272074,4.0
50.1617409761078,50.32840347290039,50.79349862225765,50.427881023755276,48.35823149426508,0.0
49.46976949212752,50.48483657836914,50.70145834715438,50.218688139217015,49.21631316156836,0.0
54.199053788585786,54.671539306640625,54.545863171885024,54.472152089037145,61.75193029355931,3.0
,,,,,
69.1937642821028,69.01783752441406,68.4301017576714,68.88056785472942,79.81013381882379,4.0
42.0277647336502,43.08449172973633,44.36952973909174,43.16059540082609,48.92469177976821,0.0
,,,,,
69.98100418088097,68.32760620117188,67.36771992490748,68.55877676898677,71.12189232839957,4.0
53.48024977879538,53.977508544921875,53.22792395938391,53.561894094367055,63.12630268992344,3.0
55.97009743757601,56.22279357910156,55.738755314839835,55.977215443839135,49.75440670568954,1.0
73.88680352178575,68.09821319580078,71.00393189080394,70.99631620279682,78.20993158444318,4.0
50.044822801092096,51.72765350341797,51.23479241322838,51.002422905912816,49.49600740950108,1.0
62.61046737884209,65.67527770996094,65.03375783884428,64.43983430921577,54.8589006723414,1.0
74.80413420876722,74.24247741699219,75.89303317278392,74.97988159951444,84.67588940876101,4.0
70.1469346228772,69.87811279296875,68.29764691793788,69.44089811126128,71.22590233097637,4.0
54.56012390541634,56.282379150390625,54.73220364669323,55.191568900833396,54.19986472710044,1.0
47.475687099715266,50.93721008300781,51.46365517301139,49.95885078524483,54.32059433343655,1.0
,,,,,
67.22723674180993,71.62226867675781,71.38234457582341,70.07728333146372,58.00382339701576,2.0
,,,,,
50.43994770798042,51.1216926574707,50.728925190808035,50.76352185208639,50.9555937533495,1.0
56.89034868664478,53.621055603027344,52.07073829703036,54.194047528900825,56.25138497824246,2.0
77.54955033677844,82.76904296875,79.93550731058194,80.08470020537011,74.67951661124923,4.0
68.38342066794078,67.05408477783203,66.94118935913872,67.45956493497052,60.31387353838057,2.0
50.17766641991357,52.32124328613281,50.73897697723163,51.07929556109267,54.01637972075385,1.0
,,,,,
60.90086469221432,62.96123123168945,64.04129032877482,62.63446208422621,60.75567501862403,3.0
62.28274558688072,61.558387756347656,62.75822152605206,62.19978495642681,58.05365737513565,2.0
63.09420340299754,61.79847717285156,60.23661857285625,61.70976638290178,63.58502849770107,3.0
60.06145125988132,62.244850158691406,62.214949947351904,61.507083788641545,64.59908036706582,3.0
50.997105546874224,52.05124282836914,52.1522501357948,51.73353283701272,57.664866782749726,2.0
57.566209972708734,55.07196044921875,56.09974892552039,56.24597311581596,65.27937397077062,3.0
,,,,,
63.85193847095618,66.37694549560547,65.24131282197104,65.15673226284423,55.37721594956288,2.0
,,,,,
55.23530338314094,55.63985061645508,55.89970447496761,55.591619491521215,55.67313741934274,2.0
48.0184452122991,46.73307418823242,46.48692059572632,47.07947999875262,36.416683587498646,0.0
59.479280894571794,56.748046875,56.48402879639749,57.570452188656425,59.11397041306838,2.0
51.26798589359671,51.103153228759766,51.2081407066943,51.193093276350254,40.34606232365446,0.0
,,,,,
52.84146600682241,51.3298454284668,51.823909362719895,51.998406932669695,49.69987121674806,1.0
56.27101742765827,57.605010986328125,56.89660835173782,56.9242122552414,67.6721685961098,3.0
48.00504217687424,48.118751525878906,48.44467068172746,48.1894881281602,45.9769068442273,0.0
48.867651845801085,47.594879150390625,47.87806395678221,48.1135316509913,50.72628870952186,1.0
58.47933748790135,57.973297119140625,56.37081627174321,57.60781695959506,44.291564452396415,0.0
67.93746013288194,67.00546264648438,67.889319452546,67.61074741063744,72.4619291846893,4.0
51.753520575354436,51.88127517700195,53.21291002761958,52.28256859332532,44.38236905896965,0.0
76.81270195395952,78.63870239257812,78.38878027996707,77.9467282088349,80.70748749720723,4.0
61.87515931318204,58.30644607543945,58.82190610849,59.66783716570384,57.20521701726928,2.0
51.07675557674385,49.94224166870117,51.188928489702576,50.7359752450492,33.86807029406613,0.0
49.24764290975027,50.56401443481445,49.40482404386209,49.7388271294756,51.49577860241929,1.0
52.90820864425896,54.18905258178711,50.72723579020193,52.60816567208267,70.55776616042515,4.0
70.3028053586199,68.32025146484375,68.88512042225156,69.1693924152384,58.25714081465591,2.0
52.05869301465978,50.089359283447266,50.56232065729228,50.903457651799776,59.21162579121874,2.0
74.22402960470012,78.03567504882812,74.51367119082377,75.59112528145069,75.58054831099335,4.0
53.38888480130188,58.010528564453125,57.944610982737444,56.44800811616415,56.42564390669063,2.0
59.05332990242416,61.75556945800781,61.77581245237445,60.86157060426881,65.57241032636597,3.0
51.26743220824653,53.39152145385742,52.150487547700415,52.269813736601456,49.306315617525634,0.0
51.455504834488934,51.284645080566406,48.87099576770034,50.53704856091857,54.17155795738133,1.0
71.11655223780289,72.4139633178711,72.30637753885354,71.94563103150917,73.69967041555786,4.0
57.01173235927255,56.32871627807617,56.47139999007442,56.603949542474375,59.0555178594464,2.0
53.73060424392306,56.305152893066406,55.753077700437004,55.26294494580882,54.68275120755814,1.0
69.789639672629,72.53247833251953,71.97899932450001,71.43370577654952,71.43841520508529,4.0
55.79231517930331,58.3731689453125,57.55213644379353,57.23920685613644,58.3440388362374,2.0
55.567462415676864,60.01772689819336,59.001113217902926,58.19543417725771,62.770461627799634,3.0
,,,,,
61.55273086662174,58.06087112426758,58.217630612941655,59.27707753461033,48.26304489389284,0.0
62.50689401317503,61.398590087890625,60.0665711663305,61.32401842246539,68.20521777286112,4.0
48.484633023575306,50.58454132080078,49.92314868417642,49.664107676184166,50.999963783290845,1.0
75.94436366870173,75.88458251953125,76.69578607955312,76.1749107559287,71.18221099080351,4.0
,,,,,
75.05434971446337,77.25231170654297,74.57824020666568,75.62830054255733,87.5961818459795,4.0
46.074478506572554,47.172237396240234,46.76621039807084,46.67097543362788,53.74235195791975,1.0
44.165660034103794,41.725624084472656,43.21299711066615,43.03476040974754,45.73646380144801,0.0
57.25087225130678,61.50847244262695,62.07580334380925,60.27838267924766,60.36237467438982,2.0
,,,,,
54.88539465187136,53.95333480834961,55.36999188183227,54.73624044735107,45.85275779964947,0.0
63.32962528064726,61.575843811035156,59.340714995636155,61.415394695772854,67.61091950873549,3.0
51.4368107206858,49.92749786376953,49.75551880167628,50.373275795377204,38.78893604054569,0.0
65.4113839531341,69.56997680664062,69.04737675093854,68.00957917023776,66.11028379859724,3.0
42.976078904098316,46.96902847290039,45.70712054102339,45.21740930600736,55.1564297593421,1.0
52.883577945405015,54.78731918334961,55.36933618712234,54.346744438625656,63.2944544046935,3.0
66.12412373287391,65.97445678710938,65.76276310604861,65.9537812086773,67.30171406141808,3.0
65.13720094636065,62.40511703491211,62.00828773678887,63.18353523935388,58.43689254115984,2.0
,,,,,
52.630350707794456,54.42766189575195,52.814698561471054,53.29090372167249,58.224227084508414,2.0
51.17844624916122,51.6959228515625,51.23858746354482,51.370985521422845,57.19822315503957,2.0
63.525980565907595,66.72906494140625,67.01458571215409,65.75654373982265,70.49882368218401,4.0
,,,,,
61.891669926954755,60.14411544799805,60.54150713551119,60.859097503487995,66.18902762167471,3.0
54.60937561704232,51.28962326049805,53.02750244288482,52.97550044014173,43.72399315067936,0.0
80.58172134143012,82.40703582763672,80.65984327785584,81.21620014897422,79.41233511019308,4.0
,,,,,
63.328247321143365,63.50001907348633,63.867323924676754,63.565196773102144,68.86710855281912,4.0
56.21120150823635,54.588294982910156,53.61211416102719,54.80387021739123,57.81142763574228,2.0
53.49184009864581,49.60067367553711,49.6450038630352,50.912505879072704,56.11830547504877,2.0
54.53055164820423,55.76765441894531,56.37565672791674,55.5579542650221,58.59924566451211,2.0
49.20833912026608,50.72767639160156,50.27058687235898,50.06886746140888,47.33376908918275,0.0
73.5297382325658,75.95809936523438,76.94500592263769,75.47761450681263,84.62586215848889,4.0
,,,,,
65.52605179279087,65.31253051757812,69.03435133616038,66.62431121550979,58.98005653569725,2.0
52.26893937418177,51.46474075317383,51.48868358784448,51.74078790506669,49.15081466177002,0.0
,,,,,
52.7602224663499,53.640201568603516,50.72368902122952,52.37470435206098,42.446329142779966,0.0
51.96731802090705,52.87931823730469,52.61385238522153,52.486829547811084,56.695012255609086,2.0
58.365825352413474,55.731815338134766,56.43395811683823,56.843866269128824,50.376324861764246,1.0
55.17738101514727,55.88975524902344,57.38505380980901,56.150730024659914,52.55694698260298,1.0
70.02241327421024,69.12663269042969,68.86660875638748,69.3385515736758,77.697467311743,4.0
62.580652227329324,61.99199295043945,62.67651369359303,62.416386290453936,72.73366781163642,4.0
69.78133153555454,69.09957122802734,69.3157866660883,69.39889647655673,66.78925732030437,3.0
,,,,,
53.648253070268325,48.962127685546875,48.68841489658671,50.43293188413397,52.20867648616382,1.0
56.37832011822469,57.968116760253906,57.76594105724064,57.37079264523974,57.00540743434601,2.0
,,,,,
53.234525507682434,55.69667053222656,55.82719635667908,54.919464132196026,50.85246124677447,1.0
,,,,,
57.991030293400485,61.55750274658203,61.920547872619764,60.489693637534096,57.24485219901626,2.0
50.834346329807026,48.58455276489258,51.422867237522254,50.280588777407296,41.01068731170551,0.0
,,,,,
54.42312679268064,51.123451232910156,49.15096610409815,51.56584804322966,56.99149021342714,2.0
68.58217349565132,66.50818634033203,66.65543237462451,67.24859740353594,57.41647286899301,2.0
51.17000975261471,53.57695388793945,55.381362296676535,53.376108645743564,59.83994972321294,2.0
61.01098128144377,63.48382568359375,62.342620071838276,62.27914234562527,64.25078133924342,3.0
53.49908718772708,55.08380889892578,54.86154957730454,54.4814818879858,59.61244217718748,2.0
56.097471227685624,52.50160598754883,53.003796708238326,53.86762464115759,59.72895845536697,2.0
65.78521112285068,66.12277221679688,66.79580838627194,66.23459724197316,63.207625139020166,3.0
60.03950379595124,60.116905212402344,58.930917920377226,59.69577564291027,47.727979496084494,0.0
49.61854502897207,47.68501663208008,50.10680896184704,49.136790207633055,45.70021494828514,0.0
56.40918561821324,55.64608383178711,56.32866591402128,56.12797845467389,58.316247000225886,2.0
60.20764987638559,57.19347381591797,59.14244174214774,58.847855144817096,52.6545478657999,1.0
62.16597483385842,63.41032028198242,63.00969370727419,62.86199627437167,58.03378775813359,2.0
42.191253093706315,46.00943374633789,46.886532038576505,45.02907295954024,53.89526240075694,1.0
48.57245373177923,51.10063934326172,49.51069902576044,49.72793070026713,37.17212028107068,0.0
55.181247920841486,56.34354019165039,57.25187048430912,56.25888619893366,60.95027181975772,3.0
73.53012814309994,76.33573913574219,74.72278748795925,74.86288492226713,69.06457978357798,4.0
57.40821225545305,58.574302673339844,56.95402696055417,57.64551396311568,73.17658793238176,4.0
52.91441128234274,51.15765380859375,52.05677098845548,52.04294535979733,57.06850274074228,2.0
,,,,,
52.34573953929114,52.01371765136719,51.374897939363024,51.91145171000712,55.12935049191894,1.0
48.199314987187186,46.84505844116211,48.492179782436544,47.84551773692862,46.43204335134849,0.0
56.8976312813119,58.71220016479492,58.06033389752505,57.89005511454395,50.44124497720336,1.0
54.11993755435176,53.21263122558594,53.03384165190134,53.45547014394634,58.96443467829209,2.0
64.15658177810857,65.27062225341797,65.47547724057891,64.96756042403514,72.70770053965836,4.0
52.95532432821278,50.35041427612305,49.783416546829336,51.02971838372172,61.53488685879549,3.0
55.32107035688107,52.82015609741211,51.72773033932235,53.28965226453851,51.4863538516645,1.0
55.78241303518448,56.185577392578125,57.78245575855878,56.583482062107144,56.01813188178752,2.0
51.02460593038402,52.15851593017578,53.90716961249362,52.3634304910178,63.68049181806467,3.0
58.14042629487366,56.975868225097656,58.0481443072216,57.72147960906431,62.1541878918812,3.0
,,,,,
56.9926648748271,54.418216705322266,55.13254274402971,55.51447477472636,53.27541614194399,1.0
59.72727219376728,61.2744255065918,61.31239303357862,60.77136357797923,57.596348015407614,2.0
47.37561181867386,46.48991775512695,47.675736116316884,47.1804218967059,38.620447953890185,0.0
63.31706809042468,62.31943893432617,60.07555544560422,61.904020823451695,66.92649998015142,3.0
54.33412101435479,48.01071548461914,49.99568725641578,50.780174585129906,49.17238054475155,0.0
60.50348907114147,60.424781799316406,58.77046999360916,59.89958028802235,63.03165476614178,3.0
65.03873836969812,65.11542510986328,64.47758929743584,64.87725092566575,57.28578585062138,2.0
54.293488730586695,50.48468780517578,49.499046986830535,51.42574117419767,65.48740553125279,3.0
,,,,,
50.929045161562826,49.31974411010742,50.24249750951872,50.16376226039633,44.20389154141668,0.0
53.60957798274382,55.28058624267578,57.61082173718417,55.50032865420125,74.97218831456011,4.0
46.799945526018284,45.588844299316406,46.65893859134504,46.34924280555992,42.1740904879383,0.0
55.77757533320121,54.28358840942383,54.06664246002325,54.709268734216096,64.68795556626701,3.0
,,,,,
68.88581939647396,65.8123550415039,65.15464199160601,66.61760547652797,67.21112143763925,3.0
59.72876600908347,60.659183502197266,58.15946577265457,59.51580509464511,62.14542540286784,3.0
78.7310070722542,79.93002319335938,78.09869052458383,78.9199069300658,87.94621414397892,4.0
56.958262859192,58.74982833862305,58.321234798299805,58.00977533203828,72.85657452381146,4.0
58.879859192577705,58.23137664794922,57.8499564031416,58.320397414556176,47.229945022743486,0.0
75.91073371893026,74.67569732666016,76.38743816827227,75.65795640462089,80.81713470988785,4.0
52.460269333746034,51.686668395996094,50.93212270571355,51.6930201451519,43.48649782776882,0.0
63.23573839099881,61.28314208984375,63.27389492731616,62.59759180271957,44.83428391163196,0.0
52.9691320877251,53.26875686645508,51.90325181763354,52.71371359060458,57.406168391962815,2.0
67.41017444504476,68.80838012695312,68.9472590347577,68.38860453558519,71.60752654707339,4.0
70.07810414302223,67.4054183959961,68.89525613449163,68.79292622450332,65.61158717230838,3.0
57.620537833240014,56.0263557434082,56.429979299644764,56.692290958764325,56.035469953770935,2.0
57.95629501398364,58.211219787597656,57.98377331625751,58.05042937261294,56.55335285469672,2.0
54.38099900889651,52.191741943359375,51.79835201033182,52.79036432086257,46.928758328927486,0.0
53.501913053987906,55.54301071166992,55.00002421150256,54.68164932572014,50.8801757103334,1.0
49.43816293137696,51.1337776184082,50.495941471155916,50.35596067364702,53.69210526892272,1.0
52.77267354994811,52.48692321777344,51.7430891811215,52.334228649614346,52.451655970311904,1.0
50.9360470669287,52.49482345581055,51.8119625500206,51.747611024253295,58.15621361125154,2.0
59.36819100438839,57.762115478515625,58.26782786810944,58.46604478367115,69.03484757783261,4.0
44.87963394055137,48.14846420288086,48.8635979033093,47.297232015580505,44.90034915479969,0.0
53.97796895955306,55.411537170410156,57.25815078195338,55.54921897063887,49.74098545411752,1.0
,,,,,
63.637595025519516,65.3888168334961,66.66033981239592,65.22891722380383,59.96632509462977,2.0
60.709873854735754,57.15658950805664,56.101723308351026,57.98939555704781,57.83090972169253,2.0
49.09712032307611,51.49370193481445,51.266743272481776,50.619188510124104,39.17760983125751,0.0
46.76091210088233,46.515708923339844,46.467914519897676,46.58151184803995,40.26036737581466,0.0
55.39538138516457,51.05126190185547,51.24560941569268,52.564084234237576,53.31909777442793,1.0
69.75287172496327,72.03097534179688,72.8600083239869,71.54795179691568,72.84908605114433,4.0
56.25661875247514,54.62490463256836,54.78983191321405,55.22378509941919,54.665331879000505,1.0
64.5796368815782,65.78919219970703,69.39976316892343,66.58953075006956,77.91213331976701,4.0
67.23807060023043,67.7314682006836,68.15876526044704,67.70943468712035,73.89806623951715,4.0
58.77515302015957,59.010284423828125,59.81939052198363,59.20160932199044,60.49486202077319,2.0
,,,,,
50.04911665342126,49.96209716796875,50.274040921799205,50.09508491439641,45.02885270685208,0.0
68.45634325825985,68.27965545654297,67.85325212403141,68.19641694627808,74.79051331563436,4.0
52.20401318267663,51.231666564941406,49.49747271796605,50.977717488528036,47.28759212088407,0.0
58.34755791894236,58.833885192871094,58.58243952968757,58.58796088050033,51.21847461499588,1.0
57.66131398957063,55.53453826904297,56.062097762475986,56.41931667369653,52.78051228299118,1.0
68.4314591021606,68.66130828857422,67.73879580267354,68.27718773113612,63.30569703187437,3.0
66.77563578217305,67.40287017822266,66.53818735493614,66.90556443844396,64.06746953138736,3.0
61.16427835909827,60.018951416015625,59.18231845042591,60.12184940851326,54.41135583591209,1.0
,,,,,
73.48910765576207,74.80764770507812,70.78421290712375,73.02698942265464,87.87438025842442,4.0
55.76211310584753,55.39051055908203,52.8965375225201,54.68305372914989,57.17738073529442,2.0
55.81290439884284,55.72764205932617,55.57418930210759,55.704911920092194,58.63984736857744,2.0
71.33142207045086,66.99079895019531,69.12361872536015,69.14861324866877,82.88994195671617,4.0
64.0629027118785,65.87430572509766,63.55015789543796,64.49578877747138,63.35674023462031,3.0
55.004424568953276,54.88371276855469,55.243791195877215,55.04397617779506,51.001649380199005,1.0
63.06406462522414,62.08650588989258,60.541545363532045,61.89737195954959,72.15785918821915,4.0
49.031741493036485,50.47264099121094,49.11302638272425,49.53913628899056,47.81008313464837,0.0
63.261047970262034,62.69307327270508,60.76533766508699,62.239819636018034,58.3801002493449,2.0
,,,,,
68.01453411459013,68.08209991455078,69.88036888444967,68.65900097119687,67.43057420952805,3.0
54.74388004728063,56.02808380126953,55.59079418043618,55.454252676328785,61.39216943551832,3.0
64.99376276888998,64.60523986816406,64.0700788785527,64.55636050520225,71.21661689043749,4.0
56.8940752134917,57.596500396728516,59.38209218917454,57.957555933131594,45.10390845140603,0.0
,,,,,
,,,,,
64.84493867034416,65.20947265625,66.22229186417539,65.42556773025652,74.54762338485888,4.0
54.508604797955336,55.75407028198242,55.36225832070112,55.208311133546296,57.318236750727465,2.0
63.33961035537041,63.89024353027344,63.79565413544312,63.675169340362324,56.15480490063074,2.0
57.011235546492074,56.23874282836914,56.42062869608013,56.55686902364712,56.04266710069733,2.0
59.657839980831,60.25294494628906,59.061310146964715,59.65736502469493,63.89725326200394,3.0
66.7400937747078,65.63360595703125,67.36229802034198,66.57866591736035,81.58355252438422,4.0
54.245042993115455,60.544673919677734,57.85294755482441,57.54755482253919,60.59191704288919,2.0
48.14091652647697,47.65310287475586,47.733290260361656,47.84243655386482,52.99769501008653,1.0
,,,,,
70.75334800860776,67.60350799560547,68.61358342582828,68.9901464766805,77.28897454975528,4.0
72.08168604900372,70.623046875,70.51154512648382,71.07209268349585,73.89935777278914,4.0
64.66904679498025,67.17091369628906,65.26181400025551,65.70059149717495,57.24726857352964,2.0
57.57848345317438,60.1473503112793,59.98781906540353,59.23788427661906,57.6472618533714,2.0
68.43143573973425,62.19593811035156,68.07172725605463,66.23303370204681,56.38733349456032,2.0
71.86063740414649,72.44900512695312,72.69913906676123,72.33626053262029,71.83404804943069,4.0
50.586415489314696,48.995418548583984,48.703456108037024,49.42843004864523,43.56643423798168,0.0
49.023885209034916,49.194664001464844,48.59621680028911,48.93825533692962,51.87601868946788,1.0
68.85152371773711,67.5034408569336,66.48703852046896,67.61400103171322,65.5168761431885,3.0
66.43765795419948,65.80396270751953,67.62938119042558,66.62366728404821,77.77729879163272,4.0
71.72950297575528,70.44249725341797,69.31637418957285,70.4961248062487,73.38641060950891,4.0
53.589804306854475,56.538143157958984,55.20413383585251,55.11069376688866,53.26607288058106,1.0
69.07604179734197,69.28357696533203,68.73672162628883,69.03211346298762,70.14554324652869,4.0
68.99616774260664,68.84761810302734,71.56526121448431,69.8030156867061,67.852058647506,4.0
54.50098791928616,56.55262756347656,56.357527002081916,55.803714161614884,47.914627026338806,0.0
66.30351081701593,64.52356719970703,65.54599630926187,65.45769144199494,60.59069257323304,2.0
52.80449606216621,51.6767463684082,50.49924979002122,51.66016407353188,55.67715109491392,2.0
,,,,,
65.34405762689371,60.95988845825195,62.17324344095817,62.82572984203461,63.367283568023296,3.0
72.9111375430437,71.60917663574219,70.58707253417126,71.70246223765237,65.65984216463865,3.0
63.347942914096265,63.912784576416016,67.18444518350795,64.81505755800674,65.77565698701353,3.0
58.58064725254517,54.6781005859375,55.178054428259536,56.14560075558074,57.0769846217586,2.0
56.31282542397182,55.68210220336914,54.660724603137155,55.551884076826035,65.30215950874724,3.0
73.19711409836866,72.37969207763672,73.0781251593081,72.88497711177116,70.09645168265868,4.0
61.42067923825261,61.00370788574219,62.39722694267499,61.60720468888993,62.69641554132678,3.0
58.779720059012455,56.28218460083008,55.89278796737615,56.98489754240624,61.189595181231866,3.0
56.27149615658229,55.56732177734375,59.316291698557066,57.051703210827704,47.72625748696347,0.0
57.633765565481326,57.02459716796875,56.67358468174586,57.11064913839865,60.17378712219672,2.0
58.10938160265808,64.90984344482422,62.32483233055448,61.781352459345584,55.82864383676845,2.0
,,,,,
46.060119795701205,44.312191009521484,45.33440913139756,45.235573312206746,51.61066076639699,1.0
66.61472303738455,63.538143157958984,60.59948876055189,63.584118318631795,75.09016505464578,4.0
54.99806803755317,58.734275817871094,56.62384248616685,56.78539544719704,54.72368372735472,1.0
68.5043081141552,68.78569793701172,70.32503950389221,69.2050151850197,73.24394198409836,4.0
62.082116386131,62.262088775634766,61.07578310012973,61.80666275396516,50.96546286955272,1.0
70.82929449780595,69.23587036132812,70.65327739760896,70.23948075224767,60.881924261884826,3.0
47.08548147751003,50.1983757019043,50.84165363243455,49.37517027061629,50.10950393258105,1.0
53.71627542938807,52.99470138549805,53.112039897093084,53.274338903993076,58.33548737646053,2.0
46.71417355012848,50.93380355834961,50.36246202274035,49.33681304373948,49.40629763839733,0.0
,,,,,
54.7143499158476,55.200653076171875,55.787458964740196,55.234153985586545,59.24618484339741,2.0
,,,,,
50.06280306436384,49.10411834716797,48.2918901218328,49.1529371777882,50.15667776920254,1.0
59.64630126791485,56.86091613769531,57.314137299040006,57.94045156821672,49.640353898957045,1.0
49.755909865774264,51.28340148925781,50.73997655780681,50.5930959709463,43.13534790733527,0.0
,,,,,
61.121872779267555,61.212257385253906,62.55315236670845,61.62909417707664,66.28357995732637,3.0
64.8761693372645,67.36956024169922,67.76566994862722,66.67046650919698,77.22645469747295,4.0
56.11627728553255,55.204830169677734,55.03836579767041,55.45315775096024,46.84567457972577,0.0
62.82839072035696,63.96495819091797,65.55676448282215,64.11670446469903,92.64915074681998,4.0
65.7662903916166,65.18558502197266,65.60819949609026,65.52002496989317,62.73976772146051,3.0
,,,,,
50.49894906005355,50.214176177978516,51.86608906205695,50.859738100029666,56.95396341912092,2.0
52.939271189497816,50.6360969543457,52.736790035612245,52.10405272648526,60.98242251724263,3.0
71.21678448292538,68.36760711669922,67.4465148250809,69.0103021415685,62.98061791378072,3.0
65.2250875177949,63.589378356933594,63.0467855212776,63.95375046533536,62.40821648083181,3.0
,,,,,
60.14546101193727,63.78449249267578,63.191873017996954,62.373942174203336,68.38679810182741,4.0
66.64797618891025,65.57809448242188,69.42400639098635,67.21669235410614,60.41475393175264,2.0
67.1859841483999,68.13571166992188,66.97964408492716,67.43377996774963,70.6754034900485,4.0
,,,,,
69.41787637920208,70.29524230957031,69.7044175599856,69.80584541625267,82.50620331181113,4.0
46.02567216922764,48.37983703613281,47.847101036496504,47.41753674728565,58.82489820404607,2.0
65.02020523189069,64.19292449951172,64.56049524727254,64.59120832622497,61.757688756152206,3.0
68.12646881063922,69.07695770263672,67.90122318459207,68.368216565956,62.42416633363836,3.0
58.13041821974697,55.78314208984375,55.34426665558334,56.41927565505802,67.60499530953032,3.0
62.14772983776323,61.133514404296875,59.31927851397013,60.866840918676736,69.86000950761176,4.0
54.4607047687881,52.21659469604492,53.401912009408626,53.35973715808055,45.49381840537094,0.0
,,,,,
46.45189525521257,47.7086296081543,48.539177618117286,47.56656749382805,41.03803602814425,0.0
68.0425421724383,69.0653076171875,69.33597465412818,68.81460814791798,74.81292725528891,4.0
76.40316176358064,79.24256896972656,77.75645650183871,77.80072907838196,78.45693179134449,4.0
70.12055257712235,71.69458770751953,73.27616835116332,71.69710287860174,58.046537114943135,2.0
,,,,,
51.15202545475968,50.16621398925781,50.461684694499276,50.59330804617226,50.22785611392271,1.0
58.291061607853635,57.06515884399414,59.9561189785543,58.43744647680069,62.18489031981034,3.0
,,,,,
69.0073179000061,66.4146499633789,68.10480136304737,67.8422564088108,54.23221658804105,1.0
65.2982668612179,64.21774291992188,65.52563544900647,65.01388174338207,74.3951490926347,4.0
,,,,,
,,,,,
50.19475088330183,53.791465759277344,54.863912975863954,52.95004320614771,58.5543055802323,2.0
,,,,,
65.34126827184193,66.2928237915039,67.54361040355835,66.39256748896806,65.4453643981047,3.0
,,,,,
53.957832670801615,55.385032653808594,56.15245676347294,55.165107362694386,48.26367072385603,0.0
60.153900693561226,57.87685775756836,57.80627232617092,58.6123435924335,68.66978190733963,4.0
49.51405532806925,49.18183135986328,50.097729417339714,49.597872035090745,48.81634403058561,0.0
60.88263758633814,60.07270431518555,59.40567797306348,60.12033995819573,56.875863106965085,2.0
56.64360987407809,57.49024963378906,57.43216451835668,57.188674675407945,47.50877992151132,0.0
58.54306914079317,57.13007354736328,58.327215074462025,58.00011925420616,58.03194941346603,2.0
70.76504865759567,74.33428955078125,74.59371688807207,73.231018365483,71.09518419357788,4.0
52.62332551073093,51.39999771118164,50.3734955662364,51.465606262716314,54.57349294087992,1.0
60.651468054458284,62.29547119140625,62.977941602918406,61.97496028292765,66.24549812618409,3.0
61.9833174275348,61.4502067565918,59.52824566112268,60.98725661508309,62.12955729655101,3.0
52.28775672974335,52.0002555847168,53.72638726504089,52.671466526500346,39.28683182435277,0.0
73.71393912230812,69.36798858642578,71.28743025833427,71.45645265568939,75.634309482373,4.0
56.91924999660864,55.75584030151367,55.76782168024605,56.14763732612278,58.86812920712257,2.0
68.96527569452088,68.87232971191406,70.53343507101393,69.45701349248294,67.04860655616629,3.0
57.94441484608632,56.43596267700195,56.880043943195496,57.08680715542793,58.433178402555576,2.0
45.449822703372796,48.69819641113281,48.46698547379565,47.538334862767094,69.27938349505108,4.0
54.686322394696596,54.97977066040039,55.96883915715637,55.21164407075111,58.539000909045015,2.0
48.73415881325336,51.067264556884766,51.510792624596704,50.43740533157827,40.788978941527546,0.0
50.547148096556796,54.45146942138672,55.09594662205878,53.3648547133341,51.72775822765466,1.0
63.611571270148744,64.20016479492188,63.518266292946,63.77666745267221,72.19957495503718,4.0
58.17591728874696,62.98733901977539,59.43674913346393,60.20000181399542,62.94493327853412,3.0
53.934742205296885,56.124717712402344,55.86156495248605,55.30700829006175,47.15349595938263,0.0
67.3354600795517,71.69800567626953,71.26206717037218,70.0985109753978,70.37265949762961,4.0
44.56862584164535,47.98273849487305,47.807492415567616,46.78628558402867,49.88418149468397,1.0
63.50016425396674,62.8021354675293,62.557085246110915,62.953128322535655,64.11186760941446,3.0
55.10426913947183,57.06679153442383,53.909405200346434,55.36015529141403,48.466114043542426,0.0
53.04602623429764,50.37473678588867,49.9915000596677,51.13742102661801,68.51258471073767,4.0
66.74543121150364,64.9327163696289,64.89985930092352,65.52600229401868,72.09319819899684,4.0
69.65826417248978,70.86550903320312,68.45126447238161,69.65834589269151,72.6591922103025,4.0
,,,,,
,,,,,
52.56647755289869,55.52861404418945,56.244620816570006,54.77990413788606,47.38619027452633,0.0
60.0090751903285,56.94658279418945,57.111200726706706,58.02228623707489,48.74567566417784,0.0
62.72216874608711,62.08863830566406,61.29209626925185,62.034301107001,57.65225124286002,2.0
59.928911894826406,61.247196197509766,60.17090143018237,60.449003174172844,54.1435591373941,1.0
47.06460384283012,49.488182067871094,49.43436170966219,48.662382540121136,34.63501665454543,0.0
55.37545538169628,55.57284927368164,55.679768622168176,55.54269109251536,46.97453700977418,0.0
58.837619313108114,64.21916961669922,63.55813558289162,62.20497483756632,61.31381877995659,3.0
64.73039096594736,62.185874938964844,63.02087005015046,63.312378651687546,60.69428600256194,3.0
,,,,,
,,,,,
,,,,,
57.63675480550036,55.83314514160156,55.665148250308114,56.37834939913668,62.194854256487616,3.0
58.71635801271887,58.263553619384766,58.077597394006794,58.35250300870348,74.93488967283147,4.0
50.376016428677325,52.38568115234375,52.099067177221286,51.62025491941412,54.22352608520506,1.0
56.011323910584615,53.886898040771484,52.987367710274455,54.29519655387685,39.12925162193482,0.0
75.98922544886753,74.29693603515625,75.99488448455578,75.42701532285986,77.9374420674476,4.0
50.84891976837378,50.5068244934082,50.66137208970246,50.67237211716148,55.62804126582181,2.0
58.64976196513999,58.20879364013672,58.28941947551535,58.38265836026401,60.43653318098166,2.0
67.24003371136263,64.12001037597656,64.45616364364034,65.27206924365984,68.18321907679966,4.0
67.29296266137555,68.6002197265625,67.63528151039064,67.8428212994429,63.90423637504348,3.0
53.40492185230005,54.52806854248047,54.78109741606614,54.23802927028222,41.77878914402082,0.0
,,,,,
42.60752150414486,45.708152770996094,48.80527654223024,45.70698360579039,42.85044595500896,0.0
57.58871292491831,55.10523223876953,55.07257542201969,55.922173528569175,49.70816021191816,1.0
54.29254864828383,54.914642333984375,55.56606630173814,54.92441909466877,53.03157778112901,1.0
51.38994399577041,51.45329666137695,53.843706274800326,52.22898231064923,50.032981175284085,1.0
49.166002118969615,50.88804244995117,48.71251224982891,49.58885227291656,51.330749329184655,1.0
,,,,,
62.9857043942463,61.12138748168945,60.57213164340933,61.55974117311502,57.27877841760638,2.0
57.82916225145385,55.50199508666992,56.80098496540888,56.71071410117755,48.851705073103,0.0
52.093455382933094,54.39433288574219,54.75800634875654,53.748598205810616,56.94108188102078,2.0
62.88210488242507,64.6038589477539,66.76541302281417,64.75045895099773,55.71686394412527,2.0
65.47357209027956,68.62419128417969,70.97772761076247,68.3584969950739,63.99317658371319,3.0
68.89178757772521,66.22430419921875,67.69428249531141,67.6034580907518,64.30671761533797,3.0
58.60254505079929,59.2200813293457,59.66981987932926,59.16414875315809,49.026521191604886,0.0
72.56569240624752,68.71112823486328,71.11902117901762,70.79861394004281,75.82589821795277,4.0
72.78483594167788,73.38713836669922,71.68769519993967,72.6198898361056,69.44638421416289,4.0
52.751991356344774,54.78064727783203,55.70196457108492,54.411534401753904,69.73696130929447,4.0
54.31883873319075,55.43735122680664,54.35064697515727,54.702278978384896,53.06706251472835,1.0
55.24592036258709,56.597320556640625,57.86407219403512,56.56910437108761,56.78891809762288,2.0
58.039659036652736,58.21229553222656,58.34081843010193,58.19759099966041,59.16413059434522,2.0
46.94429802748608,47.38629913330078,50.290651451074076,48.20708287062032,52.46748218309592,1.0
60.71404419734181,60.10213851928711,59.84594615129856,60.22070962264249,59.65215703689579,2.0
57.6553512265166,59.517311096191406,57.995958681959536,58.389540334889176,62.82344548327849,3.0
50.777044174841,49.024600982666016,48.902534015145235,49.56805972421741,45.69141291411435,0.0
57.757778246310664,56.469268798828125,56.643414536074374,56.95682052707105,47.25602958428795,0.0
69.72203865044958,71.45623016357422,71.9170170590705,71.0317619576981,65.23489851513445,3.0
58.94430305856742,61.10712814331055,61.34040734136991,60.46394618108263,62.973387311542986,3.0
,,,,,
46.48403000830852,50.465606689453125,51.02617555942397,49.325270752395205,56.152537530152905,2.0
62.66423238169648,61.26066970825195,63.0333771450036,62.31942641165068,49.72742719054406,1.0
49.49128510703152,50.893497467041016,50.46260492125023,50.28246249844093,44.26533355389682,0.0
57.18942633658871,56.22670364379883,56.258173840604364,56.558101273663965,49.20447407302574,0.0
68.2846835634894,69.95463562011719,70.17332208711085,69.47088042357248,75.52463909240915,4.0
48.66093273794839,50.47632598876953,51.0952299787862,50.07749623516804,54.82618963934193,1.0
70.6156008904567,68.99947357177734,70.19519793076864,69.93675746433424,61.82367161460642,3.0
57.33523095459962,57.01320266723633,56.726662210236356,57.0250319440241,64.53815361497657,3.0
,,,,,
,,,,,
74.13651469545721,72.86782836914062,71.17498772895479,72.72644359785087,81.24656445533512,4.0
51.70668772218726,51.32179260253906,50.987861707701214,51.338780677475846,49.663708275715855,1.0
53.41965420939698,54.869346618652344,55.59297975275134,54.62732686026689,55.01055847513226,1.0
57.25491322054939,58.637393951416016,56.709649007857955,57.533985393274456,51.70315225260147,1.0
67.4904888984811,67.92475891113281,69.20883548105515,68.20802776355634,73.78853309657535,4.0
64.21585053494559,67.2113265991211,67.36857156793789,66.26524956733486,55.87606195177948,2.0
48.54433543610798,49.34849166870117,49.3698728326524,49.087566645820516,40.48454884896314,0.0
52.382656276823255,54.2618293762207,53.84842605310861,53.4976372353842,64.43486755461582,3.0
46.69357912935833,43.785892486572266,45.00934815643613,45.16293992412225,47.25798119811408,0.0
60.10392654379524,59.64449691772461,59.13449101532014,59.62763815894666,43.444533490190416,0.0
,,,,,
68.49272956455974,67.71744537353516,67.37570724749177,67.8619607285289,62.77674280926765,3.0
54.88314116278705,55.17180633544922,56.896320977856924,55.650422825364394,59.64607188847701,2.0
,,,,,
77.71591871858072,75.8196792602539,75.81224337379649,76.44928045087703,70.83108903097354,4.0
68.42299803143592,64.79098510742188,66.21755189045473,66.47717834310419,53.429106645887884,1.0
55.792456407766124,56.11691665649414,56.09384587172505,56.00107297866177,59.405974153045285,2.0
50.50905673613266,49.45486068725586,51.129917945732615,50.36461178970705,46.70377031010772,0.0
53.49536164779578,48.914302825927734,48.88130726745746,50.430323913726994,57.71096126634549,2.0
56.154372154448126,56.19426727294922,55.52440341442848,55.95768094727527,59.49150598430175,2.0
54.39176373912772,54.04325866699219,55.32174541113812,54.58558927241935,61.89746637543176,3.0
63.48435193770399,64.80772399902344,64.20094935541591,64.16434176404778,50.253594700837695,1.0
51.51545472167127,53.69987487792969,54.96650622195804,53.393945273853,51.104684700075616,1.0
,,,,,
51.1058988194197,50.89305877685547,50.93196399936075,50.97697386521198,51.94590076783747,1.0
72.16136528918952,68.61970520019531,68.04337375713801,69.6081480821743,70.39872419495997,4.0
70.1062055154003,69.59105682373047,69.04410361058952,69.58045531657342,80.98603036525701,4.0
58.676475905993456,53.307594299316406,52.464361274385254,54.81614382656503,41.54388182975895,0.0
64.09209993524709,65.6839599609375,67.28165146936442,65.68590378851634,65.57062816080536,3.0
46.72869571173096,50.64229965209961,51.89787920271377,49.75629152218144,39.55065876055443,0.0
,,,,,
61.983041723171944,60.04319763183594,60.53618990780729,60.85414308760505,61.94171537457171,3.0
50.824738677013016,50.05851745605469,48.429490452150525,49.77091552840608,50.07848190150518,1.0
56.04434662918633,53.068904876708984,51.39936303816428,53.50420484801987,47.384097630046845,0.0
67.39372504082915,68.16935729980469,68.22665611144417,67.92991281735935,65.59534679338536,3.0
55.19175075459008,54.57426452636719,54.297276764469,54.68776401514208,58.848836733362255,2.0
65.86444949247199,64.56549072265625,65.40074176187889,65.2768939923357,78.12599289362895,4.0
56.09410839760517,54.89259338378906,57.865978200271584,56.28422666055527,49.84241456194636,1.0
64.98752873738314,63.48566818237305,62.838031105323864,63.77040934169335,58.79176188627999,2.0
60.04398478166861,63.410701751708984,63.38644645074684,62.280377661374814,59.0321567691872,2.0
62.51465407377264,62.416114807128906,61.00034498037776,61.97703795375977,70.93590063776688,4.0
68.63703420079374,67.64681243896484,68.62915166345525,68.30433276773793,75.73758601369077,4.0
47.41839655768305,47.93612289428711,47.59093232835829,47.64848392677615,46.18158724072102,0.0
52.346869500952195,51.55125427246094,50.89124514181345,51.59645630507553,49.0204078811888,0.0
77.19570389804535,73.39651489257812,72.63787038602676,74.41002972555007,73.86740933090456,4.0
57.49662168090084,56.49333190917969,55.592659657759235,56.52753774927992,65.50118407899589,3.0
55.78036926028212,55.033782958984375,56.1727973160274,55.66231651176463,61.7658134790693,3.0
65.9943284730082,67.64859008789062,68.8899508101479,67.51095645701557,72.35228534959907,4.0
74.49900965581968,74.73240661621094,73.95048120389632,74.39396582530898,78.2446789012998,4.0
45.517023900177385,48.76877975463867,49.40531702507264,47.89704022662957,39.90257499901956,0.0
51.88486220417579,48.4501953125,48.61567446045317,49.65024399237632,51.07325286541324,1.0
,,,,,
64.48019497811802,64.0942153930664,64.6032634212192,64.3925579308012,65.1812497605298,3.0
74.80641864581293,76.2949447631836,76.91502150877749,76.005461639258,73.62140181800903,4.0
60.430982916181904,55.895870208740234,56.84175818545352,57.72287043679189,52.59021815634528,1.0
44.49348522126916,43.02985382080078,42.75269744546092,43.42534549584362,43.07567562054963,0.0
48.12735256804259,47.86479568481445,48.733748528894445,48.241965593917165,55.379895508738194,2.0
,,,,,
54.82791586003046,51.446189880371094,56.28027389433746,54.18479321157967,59.506064019611024,2.0
59.227605936756,63.25313186645508,61.39827126001207,61.293003021074384,54.03589145695455,1.0
66.2679490271486,68.37982177734375,66.47886170595935,67.04221083681722,67.9519850726075,4.0
67.35943004576922,67.27689361572266,67.95062128411068,67.52898164853418,58.71817901961213,2.0
,,,,,
58.887304852961826,56.70733642578125,57.53755677924775,57.71073268599695,65.41895665352119,3.0
57.53776514594437,51.77239990234375,52.197437163859085,53.83586740404906,57.959349869687145,2.0
57.391587402171645,55.96700668334961,58.848504436127584,57.402366173882946,56.53065187304841,2.0
59.48005464508326,60.74259948730469,58.093903747424264,59.43885262660407,67.0579742633487,3.0
53.87222387447384,53.3226318359375,52.88441859525102,53.35975810188745,52.727126333879696,1.0
62.02176833898567,63.392818450927734,65.20482702109739,63.53980460367027,77.46751533027904,4.0
59.32293353938666,57.866180419921875,58.00761890803832,58.39891095578229,46.0206961519534,0.0
76.19475824139901,74.49442291259766,74.22391325029052,74.97103146809575,68.7275460974208,4.0
,,,,,
59.70131546438256,56.95255661010742,56.745161234704234,57.7996777697314,56.04513295406835,2.0
56.46622446450727,55.63985061645508,55.89970447496761,56.00192651864332,48.98892256084617,0.0
58.669952812789596,56.19158935546875,59.0640141390336,57.97518543576399,59.70802156790067,2.0
,,,,,
57.89299713473928,59.30521011352539,60.99675287821791,59.39832004216086,50.61761654871434,1.0
56.01430704171443,56.46699142456055,56.367023380330714,56.28277394886856,60.95652991671879,3.0
61.67239511978907,63.8398551940918,64.49897064767866,63.33707365385317,67.16603205424722,3.0
50.65036087096965,53.83017349243164,54.238273572490876,52.90626931196405,57.70247350372704,2.0
55.33025562757876,54.077720642089844,53.51003728400272,54.30600451789044,50.83174670228129,1.0
42.91972038040278,44.512664794921875,45.69572366737774,44.3760362809008,31.69015826865688,0.0
57.83378897974566,56.19773864746094,56.71597204222059,56.91583322314239,58.459860459751496,2.0
62.64985973421567,62.91286849975586,61.39228605207156,62.31833809534769,60.7394556236834,3.0
59.52770643162879,61.15629577636719,63.05775821273843,61.247253473578134,53.17572137487236,1.0
53.995987791166186,51.93781661987305,51.469264577919134,52.46768966298612,57.86260302653544,2.0
60.63777935886206,59.6299934387207,59.74194832647209,60.00324037468496,64.71183602088273,3.0
52.28084927403345,50.289642333984375,49.762914995786986,50.777802201268265,53.24127758362217,1.0
59.24803211082456,60.69563293457031,61.98754573693425,60.64373692744304,50.522158717470056,1.0
64.58843818889096,64.77545166015625,65.21458313879089,64.85949099594603,71.9283678983424,4.0
64.63194522117392,66.66056060791016,66.9535547332431,66.08202018744238,88.41153200496868,4.0
,,,,,
61.237548706984974,60.82111740112305,60.277169949423524,60.77861201917718,54.48888979045379,1.0
47.177306379042,49.031288146972656,48.12231273576228,48.11030242059231,56.939570654477926,2.0
54.883407938978,54.551361083984375,55.475629979400196,54.970133000787534,52.92237055801167,1.0
49.63976119600521,52.694610595703125,52.84038778896083,51.72491986022306,51.59484108679979,1.0
46.97025014612657,49.38233184814453,50.49428562231813,48.948955872196414,51.19926795913685,1.0
61.81504918539961,61.597869873046875,62.60859480834341,62.00717128892996,57.68882179020378,2.0
54.11921212582582,57.19821548461914,57.48493473865508,56.26745411636668,50.68098380289422,1.0
,,,,,
65.62045088474865,63.83367156982422,63.47262043688427,64.30891429715238,59.56360559002165,2.0
65.18361944773365,64.76545715332031,63.94542058194137,64.63149906099844,84.52659918330242,4.0
64.88304570473534,64.99437713623047,64.09026099758626,64.65589461285067,73.80504012558951,4.0
74.40713315792462,71.57404327392578,70.26587687915692,72.08235110366911,81.0468457931505,4.0
57.03032749506434,57.048057556152344,58.61978483933847,57.56605663018505,51.867340627860976,1.0
57.21496135051545,55.31874084472656,55.712318911401,56.08200703554767,61.938369470951656,3.0
61.150346555689396,62.67281723022461,62.261172499711705,62.02811209520857,59.8507570410195,2.0
45.58851151299302,49.299903869628906,49.39312434630719,48.09384657630971,56.61373236465745,2.0
68.38583175258067,69.20513916015625,72.18162489898981,69.92419860390892,73.10797478561446,4.0
65.77311368679484,69.96094512939453,66.6348074895056,67.456288768565,88.66723002901081,4.0
68.62749579017064,67.46670532226562,67.43187107771419,67.84202406338349,49.31788314921056,0.0
68.60521584787217,70.67338562011719,71.17089724750828,70.14983290516587,80.24594383479129,4.0
46.78594739732842,47.224708557128906,49.37631591808113,47.79565729084615,52.79201831068169,1.0
67.28003643050684,68.41604614257812,68.62513355128176,68.10707204145557,73.01168153325614,4.0
54.284007323006094,54.046470642089844,54.84649775120764,54.39232523876786,54.45318016007459,1.0
50.76853064756417,51.9261360168457,52.515106526545075,51.73659106365165,54.06128075055455,1.0
43.61646752823156,49.02466583251953,49.024954542989946,47.22202930124701,33.41712617547536,0.0
,,,,,
57.05192066737582,57.550811767578125,57.508451785097776,57.37039474001724,70.30355315511147,4.0
75.4766102557384,74.59154510498047,73.44373593911452,74.50396376661114,68.06293717778348,4.0
48.97193919121184,50.11815643310547,49.72307838402671,49.60439133611467,57.11276182735325,2.0
56.622553330927644,59.190582275390625,59.72973074420722,58.5142887835085,54.97804702747334,1.0
60.59846024945858,59.06760025024414,58.96005980353635,59.54204010107969,60.01484509490145,2.0
,,,,,
55.42008151972203,53.535037994384766,53.14686262644667,54.033994046851156,60.96475976395651,3.0
55.839041323831125,55.464778900146484,56.47226055711388,55.925360260363824,50.404949208966336,1.0
77.15942892237453,72.80661010742188,72.54870944292156,74.17158282423934,83.33681923290744,4.0
68.14969284005363,65.66020202636719,64.88195481493524,66.230616560452,64.23108867095584,3.0
57.75594970574914,55.320560455322266,57.21089875802093,56.76246963969745,49.49021462944364,1.0
54.07606383932187,57.024024963378906,57.359249121623314,56.15311264144137,58.28022474592773,2.0
75.06390414689113,73.87841796875,74.29378185343269,74.41203465635795,73.21589693659978,4.0
51.62748847164034,53.287879943847656,52.905043178575916,52.60680386468797,51.31878023367688,1.0
51.83165522133676,52.89734649658203,54.58336083732588,53.10412085174823,49.427749774402585,0.0
60.67234318994176,61.252750396728516,62.00009143715814,61.308395007942806,56.34686975999247,2.0
61.116262569714785,60.89352798461914,59.79444322403223,60.60141125945538,61.98967680660284,3.0
53.367203005001414,54.262855529785156,53.88844011261637,53.83949954913431,58.74095235568715,2.0
65.13415364246805,63.89422607421875,63.96524063610684,64.33120678426455,62.98534469873759,3.0
,,,,,
,,,,,
51.46914495574388,54.69191360473633,52.99086097984418,53.05063984677479,48.52573648980008,0.0
48.728427500224754,49.42608642578125,48.4401678903738,48.864893938793266,47.64440638029779,0.0
49.6469148322437,49.14882278442383,48.51500738287085,49.10358166651279,51.5029580813138,1.0
52.60775695911111,54.80570983886719,54.64522655326701,54.01956445041511,44.46876634042359,0.0
62.920820101270095,64.18323516845703,63.099801688749444,63.40128565282552,60.3889157435567,2.0
57.228591113353616,59.184486389160156,57.6922522372011,58.035109913238294,55.19891777959352,1.0
45.9982206257483,50.181304931640625,49.20784402354909,48.46245652697934,37.80765885569504,0.0
69.64685338430165,68.7194595336914,69.04507992824439,69.13713094874582,62.703341652940296,3.0
52.399343168705904,52.049259185791016,54.16943565527302,52.872679336589975,53.99455165500843,1.0
60.314992460730345,56.18326187133789,57.41538628998203,57.971213540683415,53.482393079442986,1.0
57.89469644721834,55.128746032714844,56.011298342148436,56.344913607360546,59.38160245424109,2.0
52.096276061653064,54.29329299926758,54.8040667973079,53.731211952742854,53.54573533888715,1.0
,,,,,
57.094997838644886,59.802642822265625,60.62846636738091,59.175369009430476,53.50325312488802,1.0
58.97811498962195,64.13821411132812,62.17975491265503,61.76536133786836,63.95978978587913,3.0
50.4926655264767,49.177757263183594,48.617647748695795,49.42935684611869,50.693342104977226,1.0
79.63261576451102,82.72834014892578,78.43940950948371,80.26678847430684,84.0320684978703,4.0
45.118198887904256,48.753910064697266,48.73402805100611,47.53537900120255,48.64169793111318,0.0
48.351970085727295,49.665321350097656,50.51233235191917,49.50987459591471,41.45410875702502,0.0
51.64240760670644,54.059898376464844,56.422482532594785,54.041596171922016,49.86826698743015,1.0
65.76392852249731,63.689697265625,64.01719954466012,64.49027511092747,75.99163126873758,4.0
57.46135433866475,56.07305908203125,55.96004211582633,56.498151845507444,53.43317726976486,1.0
54.13594292861455,55.31269836425781,55.35797639322387,54.93553922869875,47.90946740214027,0.0
57.965259591601026,60.28896713256836,59.124123446454476,59.126116723541294,65.14467825243298,3.0
53.52600826737075,53.217430114746094,51.80285139920344,52.8487632604401,41.43772193542159,0.0
53.8684709385497,51.08060836791992,51.26067084394158,52.06991671680373,59.32601879491227,2.0
55.16346948015787,53.92313766479492,55.50823780007263,54.86494831500847,59.8953651680606,2.0
59.019000402605904,61.6648063659668,61.57932708788153,60.7543779521514,60.82937942177404,3.0
51.17269178780594,55.10499572753906,53.01654106683671,53.098076194060575,57.76937210661807,2.0
52.180016574073456,48.44537353515625,48.04736344885116,49.55758451936028,67.80663887764761,4.0
56.4912543077125,54.0711555480957,57.4101687288569,55.9908595282217,64.91187684125782,3.0
,,,,,
53.64128065241798,51.42413330078125,51.15177419042907,52.072396047876104,62.27149474986622,3.0
60.12668331936859,57.897987365722656,57.26009538637926,58.428255357156836,51.75181985225039,1.0
56.174921915782605,58.814754486083984,59.636405518445436,58.20869397343734,65.70591939291985,3.0
,,,,,
45.14429184375433,48.261165618896484,47.60205015902911,47.00250254055998,53.22288387808936,1.0
64.57543329373252,61.435699462890625,62.67193045513776,62.89435440392031,67.0487424586021,3.0
,,,,,
55.99701795815085,57.15203094482422,53.83033272626924,55.65979387641477,75.33455303095387,4.0
63.39963053169495,62.11309051513672,62.02385332575578,62.51219145752915,58.5631348472427,2.0
49.20508891354726,48.082550048828125,48.42403631645522,48.57055842627687,44.78864133586019,0.0
55.05787743850138,51.67829132080078,50.224178883952966,52.32011588108505,37.08421045998945,0.0
49.03491259302049,50.70643615722656,48.979186505506966,49.573511751918005,40.59027483179961,0.0
54.63718907112218,51.79485321044922,53.04034064160925,53.15746097439355,49.46527467784492,1.0
61.21512458659597,60.42543029785156,60.99944656322231,60.8800004825566,39.09955025318728,0.0
59.08369332235639,56.86606216430664,56.62515566195338,57.52497038287214,60.71231231781569,3.0
55.92359485181594,55.6826286315918,55.82719635667908,55.81113994669561,54.928566591995335,1.0
61.03433688126301,60.190677642822266,61.971663239415655,61.06555925450031,71.27954201315109,4.0
48.25271312645371,43.1741943359375,45.09192979236399,45.50627908491841,54.2234159051135,1.0
56.32813148267394,56.49077224731445,57.78245575855878,56.86711982951572,65.07320206744905,3.0
62.34665360287365,61.572017669677734,62.52619002772994,62.148287100093775,75.90024234840749,4.0
65.93368714485479,66.64317321777344,65.77456930760596,66.11714322341139,70.38357208216466,4.0
73.3353705677685,69.68058013916016,69.92491266091123,70.98028778927996,78.26588424355536,4.0
51.44774811261426,50.28162384033203,50.50376934119776,50.74438043138135,59.55277407487002,2.0
64.80876298089677,65.65696716308594,67.24566709136701,65.9037990784499,67.30169003478082,3.0
64.56724580958273,65.10633850097656,65.14809340728134,64.9405592392802,62.93033229065065,3.0
52.699366553801184,48.03647232055664,50.14331854141374,50.29305247192386,54.068871963043065,1.0
52.726805393372615,54.66261672973633,54.26175282000015,53.88372498103636,56.19901272061543,2.0
53.823573967784036,51.448360443115234,51.92381104924584,52.39858182004838,51.74679762326132,1.0
,,,,,
68.85249258781452,70.15327453613281,70.8176279889655,69.94113170430428,67.42929137204762,3.0
48.5512756838444,50.40935516357422,50.37148148109903,49.77737077617255,50.69916767577459,1.0
,,,,,
50.427397542963725,51.46326446533203,51.909499350431275,51.266720452909006,42.3840023221112,0.0
62.62025556232944,59.28565216064453,59.4380123713221,60.447973364765346,63.85202318696281,3.0
77.41402560582846,78.16293334960938,76.73701518477131,77.4379913800697,88.61861714625289,4.0
43.400553332365185,46.29555892944336,47.33860610536402,45.67823945572419,35.41125323997623,0.0
60.01698390178432,57.095008850097656,56.978282328946854,58.03009169360961,56.00105996888948,2.0
55.90152046848654,58.55075454711914,58.239327719858125,57.56386757848794,50.97533635281194,1.0
58.796399589269434,60.14239501953125,58.65646417347382,59.19841959409151,55.687938863190446,2.0
68.7498816560461,70.1890640258789,68.71354424203476,69.21749664131993,72.73514377377602,4.0
53.5176156298867,54.57801055908203,54.787641335481425,54.294422508150056,63.33335471695165,3.0
48.67241803807064,49.50359344482422,49.30494244998403,49.1603179776263,51.650445884997005,1.0
,,,,,
57.46941101110824,59.18085479736328,59.03426534928685,58.561510385919455,65.52648954014843,3.0
66.0893368282772,63.35186004638672,65.86657690538654,65.10259126001681,57.88818228875743,2.0
54.383057927487634,56.8967170715332,57.43183727624647,56.23720409175578,46.78478492919367,0.0
,,,,,
53.03849047753203,54.66883087158203,54.23140593523284,53.97957576144896,51.87943097606612,1.0
67.73516480600532,69.4337387084961,67.75344780849943,68.30745044100027,70.1399774002577,4.0
55.32322317344613,53.694862365722656,53.85077377882419,54.28961977266432,54.81435946503876,1.0
48.08088261425012,52.17694854736328,51.065494791695016,50.44110865110281,43.27449642069442,0.0
58.159548922691414,57.1171875,57.519780320101766,57.5988389142644,49.14334651385307,0.0
57.57761185080259,57.92512130737305,56.84413461884495,57.44895592567352,51.41274133172863,1.0
54.74947289244917,56.27425765991211,55.211327785849974,55.411686112737094,55.16691810818262,1.0
53.071261237198705,53.06673812866211,54.432169959841296,53.523389775234044,39.48098773790768,0.0
51.92269622382289,55.84174728393555,55.396204645893704,54.38688271788405,57.73691972946328,2.0
50.77954483321094,52.63749313354492,52.81164091083632,52.07622629253073,58.543832241008346,2.0
,,,,,
61.509099564232216,63.26911544799805,62.83416326004373,62.53745942409132,54.57805428814855,1.0
68.09641588555944,69.4261474609375,70.86294290153543,69.46183541601079,63.4699758271462,3.0
,,,,,
,,,,,
,,,,,
,,,,,
65.3219791981057,64.67413330078125,66.55039288392707,65.51550179427134,79.81774648364592,4.0
49.34989179671134,52.02735137939453,51.22902625342561,50.8687564765105,54.42416419113287,1.0
65.42116811317644,67.65020751953125,65.92404575128592,66.33180712799786,74.81843505835023,4.0
,,,,,
64.04715798986098,65.08528137207031,60.99675287821791,63.37639741338307,52.907745706598114,1.0
72.53131968087851,72.31898498535156,71.96293739430759,72.27108068684589,81.11566730005606,4.0
53.513603614807856,55.663360595703125,55.97167924656231,55.04954781902443,45.18000454851571,0.0
56.304901719583064,59.55403518676758,59.0209275578077,58.29328815471945,55.18949001818639,1.0
51.44621279820913,51.39241027832031,50.452192609048296,51.09693856185925,51.783806157073904,1.0
69.66909856271728,70.64090728759766,74.23402811005093,71.51467798678863,64.20452036363223,3.0
53.83745017781465,53.83656311035156,53.871620764695706,53.84854468428731,58.300752792748526,2.0
60.217254385197606,56.59769821166992,54.86154957730454,57.22550072472402,68.22751452705114,4.0
65.53195997647973,70.10536193847656,68.70065538982072,68.11265910159234,68.69561762484925,4.0
56.49703324457916,51.919525146484375,51.96313167526161,53.459896688775046,48.551690645065925,0.0
54.949713147228415,53.73938751220703,52.76935005160458,53.81948357034668,44.0953382508358,0.0
75.49246212052041,78.22698974609375,78.34028532152419,77.35324572937945,68.39757722338487,4.0
55.52922450471316,54.09220886230469,53.48439900236884,54.368610789795554,59.25484722123917,2.0
52.74807123963448,55.494964599609375,55.00084260287126,54.4146261473717,48.06403436053392,0.0
56.20819128049696,59.03191375732422,59.12978582849398,58.12329695543838,58.333232731843125,2.0
64.32102363918715,65.13671112060547,64.73568449135402,64.73113975038221,53.345823818377525,1.0
54.77151140482148,55.656761169433594,56.75288623325109,55.72705293583539,56.35706355230294,2.0
50.336842958457346,49.61572265625,52.57372418962282,50.842096601443394,49.1696948582736,0.0
70.2327631191712,69.98357391357422,70.77696152998838,70.33109952091127,65.39587055883993,3.0
69.41398432100037,63.215389251708984,68.78686130372004,67.13874495880981,69.30933694209997,4.0
58.888653291024,57.246925354003906,56.133081676062815,57.422886773696916,45.7218672440151,0.0
44.60614922688161,48.74879455566406,47.32842580918359,46.89445653057641,46.9376843931001,0.0
64.7296038164339,67.02718353271484,67.81562821255427,66.52413852056766,52.84230184436263,1.0
60.2708506164546,62.79182815551758,61.99298506300016,61.685221278324114,57.840158316595016,2.0
64.42303981268341,67.86511993408203,69.88528261102596,67.39114745259714,86.2209918635407,4.0
51.920953907511766,54.46357345581055,55.73778031923536,54.04076922751923,57.44334960271495,2.0
55.21968299007721,55.657806396484375,55.310981564756425,55.39615698377267,53.39280673484299,1.0
56.9532533132103,57.176979064941406,57.82308366862882,57.317772015593505,58.95810702794216,2.0
75.09377566254885,73.00782775878906,71.81451381499414,73.30537241211069,70.62337692711883,4.0
,,,,,
53.21089186648489,51.49061584472656,52.79681105827626,52.499439589829244,65.29579139413109,3.0
66.0824012256404,65.96326446533203,66.03242425935032,66.02602998344092,62.063114783717815,3.0
61.78851912037729,56.448638916015625,56.9593084226485,58.3988221530138,65.4747356108755,3.0
58.72238073255914,56.85285949707031,57.29608402930637,57.62377475297861,62.88633753015287,3.0
54.96953719983884,57.77716827392578,59.76471294656147,57.5038061401087,52.56291153346187,1.0
59.40389549494989,57.88661193847656,56.458830734394596,57.916446055940355,54.15421896758796,1.0
61.859324294492474,60.00084686279297,58.56109421237011,60.14042178988518,54.36947155214833,1.0
65.14127892476716,62.46372604370117,62.97213955426487,63.525714840911064,68.75431166830738,4.0
57.04519823631848,59.59513854980469,58.72212276305024,58.4541531830578,53.400727607200935,1.0
61.46276652833664,60.546600341796875,60.51996112536277,60.84310933183209,51.77122111225111,1.0
51.72175516079537,51.32179260253906,50.987861707701214,51.343803157011884,44.017428056046185,0.0
57.45571702744475,59.80292892456055,56.10934612339848,57.78933069180126,54.474521239398456,1.0
,,,,,
67.10803705552095,68.00910949707031,68.30881318809469,67.8086532468953,61.02610206978124,3.0
51.97320323393564,52.18584060668945,52.34325826014953,52.16743403359154,54.33577636266969,1.0
50.81991147943083,52.008689880371094,51.03853202286079,51.28904446088757,51.05985090861461,1.0
68.16601077084576,65.9290542602539,64.45460029488558,66.18322177532842,55.42543498342678,2.0
55.804719295893534,54.17660140991211,54.11875256724668,54.70002442435077,40.220086175463535,0.0
53.75447078127152,56.79243469238281,54.9759500733559,55.174285182336746,45.89513517389955,0.0
56.4318417306711,57.33513259887695,54.59834037034709,56.121771566631715,54.60585906398235,1.0
64.31082260976596,63.67634582519531,64.58937579707393,64.1921814106784,63.45053231449919,3.0
50.80306535525661,53.28560256958008,53.48867901477408,52.52578231320359,54.80062197877579,1.0
66.97307930111953,69.55476379394531,68.36008727387225,68.29597678964569,55.63508052834356,2.0
54.41977349286113,55.62486267089844,55.629567070157044,55.22473441130554,58.30482943921335,2.0
,,,,,
62.52395803311311,61.340118408203125,62.685166874254584,62.18308110519027,58.506719965675245,2.0
53.70541622531309,56.410667419433594,56.51474100939474,55.54360821804713,52.822125839410326,1.0
,,,,,
63.20341198148018,65.9922866821289,62.19303336902884,63.79624401087932,60.50854459579233,2.0
61.511976507910475,51.40011978149414,61.61089587036929,58.174330719924626,53.74823805390905,1.0
71.60109244373882,68.27047729492188,71.35137256086952,70.40764743317672,63.24043803528612,3.0
,,,,,
66.88116769153383,66.95439147949219,67.79580599225298,67.21045505442633,72.49177862367549,4.0
48.7814283755435,50.329986572265625,49.044702006084805,49.385372317964645,48.76600595144399,0.0
58.190751459404986,56.48743438720703,56.00840368845584,56.89552984502262,64.67828116510076,3.0
51.00354154579257,49.9854850769043,50.02713504538805,50.338720556028306,56.651713834154194,2.0
,,,,,
61.30351596777006,58.68761444091797,56.41055314810059,58.8005611855962,64.68437299279427,3.0
60.35409770576081,57.20979690551758,55.92520370048032,57.82969943725289,56.38888114460416,2.0
55.57668345632856,56.40913391113281,56.17751829716505,56.05444522154213,56.29000133499503,2.0
,,,,,
73.69978960045086,75.95773315429688,73.84210092010183,74.49987455828318,85.3616225418495,4.0
65.41164131003461,66.9576644897461,66.13720558218301,66.16883712732124,68.90878265745387,4.0
70.07810414302223,67.4054183959961,68.89525613449163,68.79292622450332,65.41530782507792,3.0
,,,,,
53.3050258888946,51.08956527709961,50.443664984665304,51.61275205021985,39.545520770102414,0.0
53.098582780005046,49.18560791015625,51.34039522969012,51.20819530661714,40.12458413667908,0.0
50.041829054889526,53.791465759277344,54.903468767925474,52.91225452736412,56.98335845991042,2.0
64.67502749420048,57.687435150146484,63.585264038481164,61.982575560942706,78.56368832288226,4.0
54.304275559964424,54.2020378112793,55.52627919153177,54.6775308542585,59.39721866593322,2.0
59.32293353938666,57.866180419921875,58.00761890803832,58.39891095578229,50.707116091961055,1.0
52.513633375408716,49.714805603027344,49.80121185969883,50.6765502793783,42.66833645197756,0.0
49.21710379766196,48.31420135498047,49.17461274496061,48.90197263253435,53.40956850666031,1.0
,,,,,
68.73213271219988,67.13317108154297,67.69283832195768,67.85271403856684,71.03212383103318,4.0
68.09222603456472,69.66845703125,69.60109477670713,69.12059261417396,70.42081262774383,4.0
54.020808209500025,58.302635192871094,58.27932658457896,56.86758999565003,55.32045575861149,1.0
51.78404106065749,51.91465759277344,52.18940057876825,51.96269974406639,50.33943452524319,1.0
54.87997643545439,54.866966247558594,53.51377267808581,54.4202384536996,40.5125484650951,0.0
51.16452018694921,50.28599166870117,50.594974923451254,50.68182892636721,53.90998086628394,1.0
59.02658471230008,58.63117599487305,59.091488641929715,58.916416449700954,57.59451743440916,2.0
73.62584531241639,76.24888610839844,75.43516262080978,75.10329801387486,66.0441111028777,3.0
55.36267028694397,59.29276657104492,59.83613306107441,58.163856639687765,56.21946400142186,2.0
60.818854969058535,59.3190803527832,58.75508817864939,59.631007833497044,55.98700179582536,2.0
51.406997606760044,49.311893463134766,49.68349639523381,50.13412915504288,63.33175861069565,3.0
65.79397413819221,65.4621353149414,65.24673321696439,65.50094755669933,74.54918235278971,4.0
58.90665864667428,62.028141021728516,61.59037256669316,60.841724078365324,56.19545144224789,2.0
56.29547729789757,52.37168502807617,51.1570044496591,53.27472225854428,60.03933151362591,2.0
56.5742998113819,56.40913391113281,56.17751829716505,56.38698400655992,54.896049729524144,1.0
64.795044427301,63.236061096191406,62.993383532643676,63.67482968537869,55.91846713934661,2.0
55.767031537823364,51.46589279174805,51.25300527725625,52.828643202275885,43.646605033506525,0.0
51.24480925644148,52.30598449707031,48.763660434056334,50.771484729189375,41.72635219578378,0.0
54.282401253145714,56.0467529296875,55.71600232942556,55.34838550408626,65.29202886102438,3.0
57.94493743090358,51.85360336303711,51.60335693661155,53.800632576850745,60.02348132632834,2.0
,,,,,
53.02326987283636,54.89468002319336,55.131886159109435,54.349945351713046,57.36998566382961,2.0
52.846453473363574,54.29975891113281,55.1677173990386,54.10464326117833,68.45206010037839,4.0
64.8761693372645,67.36956024169922,67.76566994862722,66.67046650919698,77.58512240032289,4.0
65.78200104386765,61.21369552612305,63.10246471868875,63.36605376289316,68.19447319100927,4.0
51.61300907427181,52.28062057495117,52.51562511457992,52.13641825460096,51.73218622581312,1.0
51.38107558792529,49.00838088989258,49.607600416951755,49.99901896492321,51.51831826396088,1.0
54.905119283416546,56.07161331176758,54.886822034123206,55.28785154310245,62.6764640308886,3.0
51.35332645971403,54.073490142822266,55.27143297928139,53.56608319393923,53.08384564014073,1.0
53.83881993220961,50.59140396118164,52.662226375164884,52.364150089518716,48.10613267603154,0.0
63.99653916293199,67.36933898925781,65.55363478232057,65.63983764483679,65.94186144325238,3.0
,,,,,
65.1826571892681,65.79219818115234,64.80927066401328,65.26137534481124,71.81078607808765,4.0
63.47312714700883,65.8893814086914,66.74286693209376,65.36845849593134,62.89539915417589,3.0
,,,,,
,,,,,
58.68584792267777,59.22383499145508,60.475922382161556,59.46186843209813,66.01374503792289,3.0
69.5305877842413,69.52055358886719,67.25448470094946,68.768542024686,58.232638170327306,2.0
58.660643293931386,57.075782775878906,58.22736382793088,57.98792996591373,56.73062529069872,2.0
62.281463565400784,60.547630310058594,61.27264828519839,61.36724738688593,43.53513834117353,0.0
54.513397863623034,52.52579116821289,49.90153744623679,52.313575492690894,50.025679660362286,1.0
45.20992364064852,46.36713409423828,45.280475928667265,45.61917788785136,52.20459249538272,1.0
72.81521941431971,74.956298828125,73.70167132785147,73.82439652343206,65.38090948723304,3.0
,,,,,
53.29308145875886,54.81230926513672,53.229723973896846,53.778371565930804,48.29246604911596,0.0
53.033837945438975,50.60005187988281,50.777613401009035,51.470501075443615,44.0888010231331,0.0
71.114449547166,71.80147552490234,72.39314744975606,71.76969084060813,61.22896026457708,3.0
54.467099628890075,55.523651123046875,57.24592768831724,55.74555948008473,60.81563473619964,3.0
64.3569354781396,64.12799835205078,65.60727188627986,64.69740190549008,63.60110346288347,3.0
,,,,,
45.20992364064852,46.36713409423828,45.280475928667265,45.61917788785136,47.565366011192445,0.0
46.88834249381115,48.021766662597656,48.57895928798668,47.82968948146515,44.99815608591502,0.0
59.35815118749608,58.16668701171875,59.08819786949196,58.871012022902256,61.92565303459006,3.0
51.50586643460458,49.33242416381836,48.596026679160005,49.81143909252764,42.562097484611485,0.0
67.24477707381128,72.17161560058594,71.3668721275124,70.26108826730321,74.30306738456775,4.0
53.50730753575719,52.1379508972168,53.17436024584956,52.93987289294119,38.35337839079051,0.0
58.78085720514511,57.714324951171875,58.333628397002144,58.27627018443972,57.108570183921735,2.0
67.48070532310277,69.12702178955078,67.50554261118566,68.03775657461307,70.93709278553204,4.0
,,,,,
64.85709136894205,65.91119384765625,66.15129539113116,65.63986020257649,69.29740984496983,4.0
52.22659655594443,49.57966613769531,48.917529758898965,50.241264150846234,38.04106756958171,0.0
,,,,,
57.482088909145375,57.34151077270508,56.60420535714973,57.14260167966673,54.62619517290015,1.0
54.18205705807294,53.4453125,54.05957527232344,53.895648276798795,68.25594405998875,4.0
53.28718468300384,51.276634216308594,51.10641028963402,51.890076396315486,56.5629686244081,2.0
65.58957988222345,67.37702178955078,66.28884499491933,66.41848222223119,68.06639638915513,4.0
66.30601777634553,62.85859298706055,63.07657506397186,64.08039527579264,69.49332547338321,4.0
65.18361944773365,64.76545715332031,63.94542058194137,64.63149906099844,83.4175491918563,4.0
54.20028345253671,54.52067565917969,54.74115519820883,54.487371436641745,56.42731400142624,2.0
52.82355432333199,49.83018493652344,50.056045996503784,50.90326175211974,67.76218166613573,3.0
59.30854973332134,59.154502868652344,60.844951319533976,59.76933464050256,63.162984739413325,3.0
,,,,,
50.450720525638516,50.62644958496094,50.382557227561534,50.486575779387,53.60558345917343,1.0
67.34659030766021,64.69790649414062,65.37733030619808,65.8072757026663,67.90856064945002,4.0
62.91059102359576,63.158016204833984,63.191497876446874,63.086701701625536,68.69094696581575,4.0
57.20826198654588,55.71482849121094,55.25422466686985,56.05910504820889,56.68158178374042,2.0
58.05684607256628,55.61347198486328,55.83366808610355,56.50132871451104,62.96654747729998,3.0
45.80848695309576,51.35685729980469,51.82965267721088,49.66499897670377,50.65142817194359,1.0
56.43030336330697,56.01801300048828,57.5440691395842,56.66412850112648,54.46477537452434,1.0
,,,,,
55.505978859547746,52.835323333740234,54.56454808468407,54.30195009265736,52.09020029796808,1.0
58.189804020491074,49.90209197998047,50.93295524423881,53.008283748236785,37.24763554040111,0.0
50.14977160380702,50.621036529541016,50.520492241526085,50.43043345829137,39.30857328335223,0.0
57.90120651189445,58.70669937133789,59.642390333532816,58.750098738921714,54.59369471243762,1.0
56.5346886742491,57.63779830932617,56.22340003898124,56.798629007518834,48.43719794903512,0.0
62.24458881675762,65.29473876953125,67.8048681594789,65.11473191525592,70.72451897606818,4.0
56.43939515013347,59.10884094238281,57.41405891207413,57.65409833486348,66.3886408379857,3.0
55.97825089907769,56.33649826049805,57.98306479514047,56.765937984905406,60.03410461985872,2.0
52.900862774488935,54.711395263671875,54.73585650506745,54.116038181076085,60.24294976669371,2.0
63.50910299572208,60.78205490112305,60.329097205320004,61.540085034055046,56.69498368321539,2.0
,,,,,
,,,,,
59.36725017403991,54.374080657958984,56.16708872830656,56.63613985343516,50.30702183053109,1.0
74.5083733502572,70.36905670166016,69.62304616913431,71.50015874035056,73.89069209347632,4.0
57.958623717405025,58.28580856323242,56.765191872095826,57.66987471757775,66.10527298522884,3.0
46.639295875935574,49.04841232299805,49.40571452381159,48.364474240915065,24.964741695150565,0.0
69.37752145405531,68.8744888305664,68.16585983025179,68.80595670495784,70.64546134087577,4.0
66.68255332040226,66.23099517822266,69.13152593231577,67.34835814364688,61.578720477798505,3.0
54.278690340583864,50.09983444213867,51.861391616557924,52.079972133093484,57.87792294229422,2.0
,,,,,
,,,,,
,,,,,
55.687823032134126,54.322662353515625,53.13667959334563,54.3823883263318,57.32468834287177,2.0
47.42467214789062,48.15359878540039,49.04413211508884,48.207467682793286,39.76457543314866,0.0
45.407318146236165,44.56015396118164,44.70590956465292,44.89112722402357,44.137785693672605,0.0
,,,,,
64.45279287593713,63.036739349365234,63.410048178364,63.63319346788879,70.75200640408586,4.0
,,,,,
57.0932063164963,58.76295852661133,56.841394529172504,57.56585312409339,54.97424705749044,1.0
60.61488673192091,57.85076904296875,57.311750096080075,58.59246862365658,50.61678424852335,1.0
70.64577575794401,69.72969818115234,69.98581521285186,70.12042971731607,60.15528936314573,2.0
56.96303804863756,58.315670013427734,57.504672993354916,57.59446035180673,57.82359265839592,2.0
49.079575985105336,50.41279983520508,49.601130125326,49.69783531521213,54.5263357762032,1.0
48.09707683963641,48.16062927246094,47.85583222776312,48.037846113286825,46.33601149795636,0.0
55.38566718354274,52.60398864746094,51.38504375626752,53.12489986242374,60.3660234175933,2.0
55.73586149433789,56.416866302490234,56.280505220280304,56.144411005702814,60.85962430488098,3.0
51.10779506530917,53.86238479614258,52.859654006723524,52.60994462272509,49.79421700838376,1.0
64.53623622837169,61.6351203918457,62.593341524501604,62.92156604823967,69.82637949622165,4.0
58.76682241122342,55.34419250488281,57.01245688542532,57.04115726717718,51.09272381087899,1.0
46.4690205329079,49.07494354248047,49.23653353586239,48.26016587041693,55.68375652750158,2.0
61.22126935713951,59.67148971557617,60.180660015528446,60.35780636274804,79.08105794451235,4.0
66.28650532097464,63.32807922363281,66.06584701282225,65.22681051914323,59.06423453912993,2.0
66.23014334804397,63.87856674194336,65.07174672535218,65.06015227177983,58.92752323611007,2.0
68.53860027996478,66.86396026611328,67.09449125395241,67.49901726667683,84.34255135139531,4.0
51.26618134671608,42.40510177612305,46.6648782525968,46.77872045847864,43.93155510099923,0.0
,,,,,
56.18762278979912,52.39659881591797,52.126484291817306,53.57023529917814,54.85579340997308,1.0
75.98031717151456,74.65592193603516,73.88611179573338,74.8407836344277,77.89881515695687,4.0
57.9926434092737,57.14156723022461,56.27033425663775,57.13484829871202,55.30184555890286,1.0
,,,,,
47.905394698348765,47.46714782714844,50.470628594973746,48.61439037349032,42.591818439564335,0.0
60.79506132320513,62.489166259765625,58.81541322352199,60.699880268830924,54.10210635693188,1.0
54.741366257022854,54.675941467285156,56.23341500780567,55.216907577371224,59.539514064823365,2.0
49.50525947623254,49.559574127197266,48.92736036379226,49.33073132240736,56.19545586605323,2.0
70.79895930802354,73.22603607177734,71.46000730972723,71.82833422984271,70.14431334790807,4.0
58.407067164961624,58.5634651184082,55.50339234350487,57.49130820895823,55.60223868274309,2.0
75.35392219505258,70.91157531738281,75.74950977299574,74.00500242847704,69.15909398615217,4.0
68.24120699023787,68.31575012207031,69.1188982200394,68.55861844411585,50.02167359270901,1.0
58.614191719286964,56.35030746459961,57.00616310282635,57.32355409557098,61.41775016232853,3.0
,,,,,
58.05684607256628,55.61347198486328,55.83366808610355,56.50132871451104,61.27929333305802,3.0
,,,,,
70.65096363960367,66.68956756591797,67.08916809854686,68.14323310135616,51.05379712819691,1.0
53.17024530947592,52.247440338134766,52.66602876148876,52.69457146969982,53.81784088534174,1.0
52.669984504553106,53.9537467956543,54.33460909774536,53.65278013265092,59.020188409587405,2.0
,,,,,
55.479257915288144,52.083988189697266,54.99327798114216,54.185508028709194,58.1843353681617,2.0
49.56333403229035,46.400508880615234,48.56923794108883,48.17769361799814,56.29336391281769,2.0
55.1144669193103,53.283023834228516,52.2890435086185,53.562178087385774,48.54356634272434,0.0
69.87350995158019,69.8666763305664,68.93087948553915,69.55702192256192,65.44619257901601,3.0
59.14419208187215,59.335960388183594,59.388730833973774,59.28962776800984,57.174926210381216,2.0
47.36987922149979,49.44561004638672,50.7511086963312,49.188865988072564,43.19569554459068,0.0
54.06940412262936,55.856773376464844,58.13788656769174,56.021354688928646,52.797807853226,1.0
60.332502087431976,61.766239166259766,62.41036969316557,61.50303698228577,62.09294158137878,3.0
56.58598304369375,55.34846878051758,55.64901650303275,55.86115610908136,44.51557320574418,0.0
68.1953165160077,65.57732391357422,66.3400962264527,66.70424555201156,75.90783977323392,4.0
,,,,,
54.623423717715525,51.808189392089844,50.287679163159495,52.239764090988295,54.863019943949205,1.0
52.42999655933989,51.92740249633789,51.30167837635382,51.886359144010534,56.319661941955815,2.0
,,,,,
73.6211691922079,75.94003295898438,76.65084916736421,75.40401710618549,74.50943013221573,4.0
56.446231256971394,54.76470184326172,55.33171136175922,55.51421482066411,57.549186429075725,2.0
45.21957577554195,47.459083557128906,48.209702622037845,46.96278731823623,52.6885063390163,1.0
70.72030351256196,67.93230438232422,69.15614655768734,69.2695848175245,76.5979029518626,4.0
50.48821370099715,50.60350799560547,47.75471919886659,49.615480298489736,65.8504924101266,3.0
50.99937690674546,53.16084289550781,55.47522623093252,53.21181534439526,46.425973930339445,0.0
56.39789663346608,51.67939376831055,51.298357300632745,53.12521590080312,54.04651715319312,1.0
57.35916460399722,55.29664993286133,55.85386553004991,56.169893355636155,58.19870054136254,2.0
60.32422919046288,65.27105712890625,60.9778089820731,62.191031767147415,68.73759716136604,4.0
58.85346697837357,57.167903900146484,54.735144959414605,56.91883861264489,59.05344729595422,2.0
50.959016079502184,53.32633590698242,53.83824188082613,52.70786462243691,49.13811288072829,0.0
63.51336540881355,59.1030158996582,60.957652059909655,61.19134445612715,69.62887454784624,4.0
,,,,,
63.860686366771404,66.0364990234375,64.95554677664336,64.95091072228409,58.332653014901,2.0
49.4810228459398,49.20032501220703,48.80583173346816,49.162393197205,46.62802328239823,0.0
58.290278834477675,59.765689849853516,59.66562630447257,59.240531662934586,68.44222798361898,4.0
53.29308145875886,54.81230926513672,53.229723973896846,53.778371565930804,55.853174004591786,2.0
52.2922686426137,52.75751495361328,53.531029241447534,52.8602709458915,54.26540494762929,1.0
66.79827887543549,64.75318908691406,64.98427280815731,65.51191359016894,79.31905006214369,4.0
52.464980295822464,52.1414680480957,52.36031134683555,52.32225323025124,49.37483292773458,0.0
53.70533421798371,56.61665344238281,55.834903582482866,55.38563041428313,60.48725559241127,2.0
,,,,,
44.735790642070135,46.94905090332031,46.43717424988186,46.04067193175744,44.414608673321965,0.0
69.152730221887,67.42669677734375,67.77740298423025,68.11894332782033,71.94664449224759,4.0
60.52885836605207,63.06214904785156,64.3490931349754,62.646700182959684,54.60446121239325,1.0
53.55803976343009,50.85979080200195,49.919912773807425,51.445914446413155,57.015474540610256,2.0
57.70456709735318,60.43315505981445,59.478181118490475,59.205301091886035,51.666464590813526,1.0
62.977625993021505,62.3714485168457,60.78199243888731,62.04368898291818,57.01010998523657,2.0
53.275942379154856,50.1400032043457,49.62205112449269,51.012665569331084,53.42844676328998,1.0
,,,,,
49.42500035821976,51.47090148925781,50.94360272638965,50.61316819128908,46.76586662293262,0.0
52.35554347894687,52.31594467163086,52.5561870306744,52.40922506041738,47.6757093781256,0.0
,,,,,
57.065151467591626,56.56956100463867,56.96978973774078,56.868167403323696,52.57258184663194,1.0
69.18640635701716,69.34121704101562,69.2710853610378,69.26623625302354,66.89934513155214,3.0
56.14726946441444,47.17555236816406,50.707417196582554,51.34341300972036,47.713027780766886,0.0
58.05927659589987,59.90287780761719,59.72860015639381,59.230251519970295,47.32707739227013,0.0
,,,,,
,,,,,
54.24497365431037,55.182395935058594,54.05615599753971,54.49450852896956,48.05944276713438,0.0
50.95144837470242,49.295166015625,49.321732576661105,49.85611565566285,48.43727877152356,0.0
68.48202162000662,69.3377914428711,66.89169922561571,68.23717076283113,79.15259609462636,4.0
45.87673292017749,46.13880920410156,46.6830865418619,46.23287622204699,46.68057648651932,0.0
57.989850045723884,56.5215950012207,60.273454161289635,58.26163306941141,43.60493237487073,0.0
63.571913743763474,60.24436950683594,59.750309476060615,61.188864242220006,57.386508239976045,2.0
,,,,,
59.17854247749319,61.49043655395508,62.01324108264378,60.894073371364016,60.506248094351626,2.0
47.15558723428918,49.02263259887695,48.46959602391656,48.21593861902756,49.32332809391922,0.0
56.84683003910786,56.78866195678711,57.65950087351212,57.09833095646903,45.26111338394577,0.0
53.4552574812184,49.7006950378418,49.78992854899818,50.981960356019464,50.22880576564633,1.0
67.86831206074302,63.64161682128906,64.60801139987598,65.37264676063602,58.75775782371438,2.0
59.93650348047481,57.6042366027832,57.354596092900756,58.29844539205293,52.92443042554781,1.0
49.65992116779396,48.629150390625,50.1037467884529,49.464272782290614,47.58540703984063,0.0
66.85747233610903,65.32311248779297,65.17554890353368,65.78537790914523,72.93077291195277,4.0
65.58530914518235,65.89684295654297,65.77294335273966,65.75169848482166,85.08581350488747,4.0
64.31539188954913,63.30388259887695,63.19536811143901,63.6048808666217,75.40176641911748,4.0
59.98433150137378,59.260005950927734,60.86647088184345,60.03693611138164,65.61004600504195,3.0
,,,,,
59.42050091957898,63.05497741699219,62.405851000879935,61.62710977915037,61.70028874445951,3.0
59.09568132696646,56.66389846801758,56.961975248609946,57.57385168119799,62.248489649062336,3.0
58.40382420737576,58.351173400878906,56.26718639591527,57.67406133472331,73.16074864264282,4.0
51.80465813426254,52.04677963256836,50.61834232053788,51.48992669578959,47.4135861422288,0.0
68.31262843186192,67.1111068725586,67.7124434257214,67.71205957671397,66.74381903629829,3.0
62.58183675104324,65.85303497314453,66.40492492041567,64.94659888153448,72.4576371237774,4.0
65.88241580159547,66.37724304199219,67.21003627880513,66.48989837413093,72.36698591459583,4.0
60.367008182172064,56.04127502441406,58.06729376106582,58.15852565588398,63.88751733637012,3.0
73.78090566740246,67.5985107421875,71.2586640422687,70.87936015061956,67.58998153778411,3.0
64.96715197017569,63.146480560302734,65.19250680984588,64.43537978010811,87.90077492615296,4.0
46.52741085552682,48.991111755371094,49.31808937590817,48.2788706622687,31.609708902609253,0.0
55.323216694764184,53.84953308105469,52.622008749864676,53.93158617522786,46.30201835937093,0.0
45.63688180340289,47.8764762878418,46.753652923564985,46.75567033826989,44.67608451150659,0.0
68.55131338161075,67.19050598144531,67.31022762406755,67.68401566237453,61.612221877921804,3.0
59.832865330992426,61.9487419128418,65.79541296618315,62.525673403339134,68.00405326766501,4.0
50.89205811084787,52.42587661743164,52.84912416502401,52.05568629776784,57.68841479921227,2.0
64.80130804848527,67.12737274169922,66.60184822846277,66.17684300621575,62.30131918083397,3.0
,,,,,
,,,,,
65.94112317287832,62.618343353271484,64.68909139323476,64.41618597312818,66.74908936342322,3.0
,,,,,
58.06676531536249,56.30002975463867,56.60816220043465,56.991652423478605,50.81017436347416,1.0
66.43559327953513,68.19356536865234,68.39019387442698,67.67311750753815,64.65326531446016,3.0
52.01600639181889,51.349727630615234,51.647904487471415,51.671212836635185,45.5188982972189,0.0
59.45750887912656,57.180397033691406,57.51489690744091,58.05093427341962,47.98398666205497,0.0
64.97094435424339,66.87127685546875,64.42393713402427,65.42205278124547,63.78918929620248,3.0
63.65903508047594,63.23674774169922,62.52168799382186,63.13915693866568,72.61179572127041,4.0
,,,,,
55.07097444462936,56.710411071777344,55.178989232897834,55.653458249768185,55.44954309089092,2.0
53.275190283598135,53.11647033691406,54.58323294927463,53.65829785659562,40.87923296460699,0.0
,,,,,
56.85390941728891,55.57624435424805,56.67530147741241,56.36848508298312,58.86394293747886,2.0
59.944758115103625,60.755619049072266,60.96105192285756,60.55380969567781,58.77373063461614,2.0
60.28562967077155,63.16244125366211,59.214983110888696,60.88768467844079,62.06185833714718,3.0
52.260372011109396,52.304779052734375,51.65144215349391,52.07219773911256,54.25489577967347,1.0
56.12565984593178,55.01280212402344,55.0366249977216,55.39169565589227,43.95575145394452,0.0
65.31072457455565,64.5815658569336,65.05120030901814,64.98116358016914,75.74474831958707,4.0
66.8572202223946,65.20571899414062,68.3751654672889,66.81270156127471,83.53905503227503,4.0
53.87126033043376,52.80305099487305,51.916252243374196,52.86352118956034,55.15373319229568,1.0
75.39602860749558,75.6882553100586,75.52677700894534,75.53702030883316,69.40701999292135,4.0
48.32336001503822,48.070308685302734,49.03499717479114,48.47622195837736,52.20724682473637,1.0
54.68273322071765,53.26101303100586,55.52841087792456,54.49071904321602,50.72059851332865,1.0
49.07200815025596,48.70732116699219,49.49183344478873,49.09038758734564,48.83482480662082,0.0
67.39230067056187,66.87068939208984,67.39161363997525,67.21820123420899,68.96949864156683,4.0
65.7610957929612,64.90401458740234,65.88237307270782,65.51582781769046,68.57919996157601,4.0
57.511583413624166,53.730308532714844,54.615487846220425,55.28579326418648,56.63641940767002,2.0
,,,,,
49.933134555259606,51.52389144897461,52.19065660808491,51.21589420410638,56.29119444604139,2.0
,,,,,
64.1739399956822,63.80947494506836,62.500786116696425,63.49473368581567,49.2512731591286,0.0
50.258917820220745,50.35041427612305,49.783416546829336,50.13091621439104,56.99230581225655,2.0
66.75131531906794,66.4473876953125,66.89694873654821,66.69855058364288,60.493667463815775,2.0
44.32301698698165,47.503334045410156,48.66528772908794,46.83054625382658,38.32488805045918,0.0
62.26017603085821,63.638267517089844,63.22045017504378,63.03963124099729,63.96324463136148,3.0
52.60130859219064,54.70143127441406,55.38233886701932,54.22835957787467,51.38718862266119,1.0
70.78889503385113,72.24394989013672,75.19058690258977,72.74114394219254,73.56509989596368,4.0
72.50911305360523,72.47282409667969,72.51349173434433,72.49847629487643,80.44113695860742,4.0
60.57683306544002,58.60711669921875,59.96670153533947,59.71688376666608,67.79230174998105,4.0
47.12780437349752,48.405635833740234,48.01406738395314,47.84916919706364,42.749160290139976,0.0
,,,,,
60.51189287492922,57.24630355834961,56.39416444733994,58.050786960206246,62.13931379930564,3.0
49.218266003697295,49.59712600708008,51.22672478443987,50.01403893173907,45.31131958743917,0.0
53.594937962042366,54.640296936035156,54.28925600422651,54.174830300768015,67.85254402361791,4.0
62.49546792540222,62.791019439697266,62.75562070415871,62.68070268975273,66.84799404048394,3.0
66.28355592152279,64.77789306640625,65.98067512068015,65.68070803620306,74.03506488220015,4.0
52.641572682727436,51.067501068115234,51.83501070415976,51.84802815166748,34.62425782087961,0.0
61.43332555312234,62.34877014160156,62.805158091663564,62.195751262129164,61.90475766832505,3.0
61.823653107288045,61.05717468261719,59.600562724881506,60.82713017159558,61.32823842242844,3.0
58.39534776356914,60.97139358520508,61.335960210906165,60.23423385322678,57.45854304777423,2.0
,,,,,
56.04642916566628,52.932167053222656,52.42518302026438,53.80125974638444,42.32735813245563,0.0
63.222702364859835,59.52561569213867,59.005734815169525,60.584684290722684,53.990402284421535,1.0
52.31548463737769,50.28180694580078,49.38417238788408,50.66048799035419,56.33705051529088,2.0
58.885991085150074,58.77476119995117,59.82674038548592,59.1624975568624,63.59217331199508,3.0
53.66078505028987,55.34842300415039,55.433392691597426,54.81420024867922,57.393363632589846,2.0
55.041612982472095,55.48811721801758,55.421215691309456,55.31698196393305,49.83738380044456,1.0
54.362281496282186,53.82725524902344,54.284691241724495,54.158075995676704,48.035204094285454,0.0
55.269361043312756,52.49154281616211,51.902708988268685,53.221204282581176,60.19946840251356,2.0
,,,,,
60.26235971550154,58.59882736206055,59.88595253138969,59.58237986965059,52.74291165151794,1.0
52.273106613286025,55.31206130981445,54.418178099294984,54.00111534079849,59.35525429166316,2.0
54.80128138635396,57.134918212890625,55.7378330874641,55.8913442289029,44.60932275637129,0.0
,,,,,
53.442687283870335,54.5173454284668,52.447579906918214,53.469204206418446,53.80597947437904,1.0
72.68911858004562,72.19249725341797,71.48008446875382,72.1205667674058,78.98447791110597,4.0
70.0349193052044,73.88790893554688,72.05315921900097,71.99199581991742,74.0507782669908,4.0
,,,,,
61.8486453130305,67.80012512207031,67.08464268011235,65.57780437173771,58.97241053177414,2.0
55.13098993856211,54.63935852050781,53.89123263073952,54.55386036326982,59.59260514932101,2.0
66.6595514804102,67.29607391357422,67.34687537995435,67.10083359131292,68.45046335324375,4.0
59.001957222902234,58.43144989013672,59.60235028857515,59.011919133871366,65.24420605243378,3.0
44.390887638941685,44.97273635864258,45.81373782504593,45.0591206075434,49.80886720852072,1.0
,,,,,
54.8527210504863,51.80629348754883,55.39225724705592,54.017090595030346,48.59442156056212,0.0
54.801583716098904,54.97538757324219,55.880380127145614,55.21911713882891,63.4016918768312,3.0
59.30161308932493,58.291500091552734,59.80745224211063,59.13352180766277,68.61845495481619,4.0
56.14867418257375,57.00401306152344,56.67036659564466,56.60768461324728,69.78033400816527,4.0
,,,,,
64.54859756590807,68.26052856445312,69.22983089203292,67.34631900746469,63.62771419388416,3.0
49.05832393162973,52.616111755371094,52.5316841895513,51.40203995885071,45.46075385801881,0.0
61.76415287665,53.24977111816406,56.22243811068343,57.07878736849917,45.240720677633234,0.0
44.92133386712169,47.15769577026367,49.39344883065155,47.15749282267897,52.92878552229826,1.0
68.96085547605341,69.31114959716797,69.13053398486558,69.13417968602899,76.67501051614646,4.0
49.54335307522685,49.4734992980957,49.693925538223844,49.57025930384881,47.588060992431856,0.0
68.20119604941428,65.54688262939453,68.3428301840183,67.36363628760904,58.8310746586262,2.0
51.41031553234014,56.26023483276367,56.20582174324117,54.62545736944833,48.6996919421016,0.0
63.30015815439554,65.14724731445312,65.67262959957226,64.7066783561403,75.84078222355315,4.0
,,,,,
49.89911403747278,50.01802444458008,50.7125040699494,50.20988085066742,43.64379352403376,0.0
51.87163606595771,54.75251007080078,54.47185445797036,53.69866686490962,35.41248384091109,0.0
59.36778367756942,57.15695571899414,60.505790899463534,59.01017676534237,45.80432816353059,0.0
75.9212108676178,72.43595123291016,72.7682937450486,73.70848528185884,67.37932081303698,3.0
58.18976637230775,56.9098014831543,57.11793829589806,57.4058353837867,61.40026386681224,3.0
,,,,,
47.341144801677544,49.006900787353516,47.831885884723704,48.05997715791826,44.90082643318258,0.0
54.624774297701514,55.452537536621094,51.59340374882942,53.89023852771734,48.46670642595061,0.0
52.52564268129638,54.943336486816406,54.87850738539751,54.11582885117011,51.53994356593108,1.0
71.44533357136899,72.77625274658203,70.82794998440558,71.6831787674522,63.74331180471395,3.0
,,,,,
58.07444180331833,56.853275299072266,56.43251849375481,57.12007853204847,66.23703144366371,3.0
52.30906105788608,44.67278289794922,52.230152359754356,49.73733210519655,50.587737563526616,1.0
58.34370622244121,56.168540954589844,56.37857526016534,56.963607479065466,52.73036626661876,1.0
,,,,,
72.102906409533,73.41901397705078,73.59039568993124,73.03743869217168,78.16135096120234,4.0
56.39610228972143,56.45552062988281,55.473701488885496,56.10844146949659,57.9034862631615,2.0
55.68111847099777,51.92170715332031,51.60110736615143,53.06797766348984,42.30464730662982,0.0
75.13133984901121,72.93782806396484,71.87261540191304,73.31392777162971,77.94151614139712,4.0
,,,,,
68.60956616501203,69.20914459228516,68.71556095828724,68.84475723852815,55.920911932816,2.0
50.2075293065142,51.162269592285156,50.34856937184441,50.572789423547924,46.35821035148159,0.0
68.12162726742737,64.68211364746094,64.74191966718635,65.84855352735822,71.26818942397453,4.0
68.4500509445279,69.14679718017578,67.07351472367584,68.22345428279317,68.6371763279444,4.0
59.09719389902559,57.439552307128906,57.720804955043825,58.08585038706611,62.15164064092686,3.0
53.79396386854473,55.61164855957031,54.722325827004184,54.70931275170641,59.84000255449202,2.0
48.22598894337149,49.92809295654297,49.88292077421492,49.345667558043125,47.211482782890016,0.0
67.32467575689708,67.4682388305664,65.39276354510166,66.72855937752172,72.17224396185404,4.0
51.24231020610781,51.91871643066406,52.32422776664674,51.82841813447288,49.23433097376405,0.0
46.77112471517663,48.456111907958984,49.50557378951383,48.24427013754981,50.20151326551189,1.0
71.13081237994909,70.52059173583984,68.49624727857179,70.04921713145357,72.25605448510372,4.0
72.67171870035095,72.52230834960938,70.77630142969095,71.99010949321708,77.53966273631707,4.0
53.43374379731747,50.61337661743164,51.34661295357838,51.79791112277584,51.38260979457564,1.0
49.126420030972284,49.26803970336914,48.92256468956727,49.105674807969564,48.75284681750028,0.0
53.43374379731747,50.61337661743164,51.34661295357838,51.79791112277584,53.99589374768932,1.0
52.85308550656594,56.12156677246094,56.03780952018301,55.00415393306997,59.19639463320154,2.0
46.99224292557076,46.46501541137695,47.024138813194575,46.82713238338076,46.271133091583366,0.0
55.3783429831113,55.75054168701172,54.05947652763107,55.06278706591803,56.01625071490919,2.0
53.71568239657466,54.983642578125,55.23035988208183,54.64322828559383,63.315877114933336,3.0
56.8769649377424,55.691532135009766,54.95372827922347,55.84074178399188,50.55143655469288,1.0
65.03467022969274,65.40142822265625,65.10066058317715,65.1789196785087,63.318172573591255,3.0
,,,,,
52.70040274310427,52.48796081542969,53.15233890700275,52.7802341551789,53.13184765028464,1.0
51.18593492748525,49.04027557373047,48.68428618355123,49.63683222825565,50.0779696370573,1.0
54.388262514995155,54.190006256103516,55.52873216099895,54.702333644032535,53.00526615638689,1.0
60.925931699715186,58.76955032348633,58.86843096876531,59.52130433065562,48.2204870493404,0.0
69.60836702369942,72.51834869384766,71.31574089960338,71.14748553905015,71.78150621600044,4.0
60.65652594461792,62.845829010009766,63.08875373977717,62.19703623146828,65.33690078486988,3.0
55.813871945195785,56.30659866333008,55.56117430198891,55.89388163683825,63.12869965754008,3.0
48.3434766311888,52.26289367675781,49.99954744741228,50.20197258511964,45.27668519790501,0.0
,,,,,
60.75526299221553,60.44772720336914,65.1440501968283,62.11568013080432,50.63085671950184,1.0
,,,,,
58.662194131501586,58.20396041870117,57.59627593065408,58.15414349361894,65.35510205461647,3.0
65.69307343154075,65.4835433959961,65.74918155727215,65.64193279493634,74.21425061651145,4.0
52.56668624438516,52.84846878051758,52.59007444520148,52.66840982336807,46.83913574470645,0.0
69.43786860528611,70.28282928466797,70.74250376918738,70.15440055304715,73.49416776374711,4.0
52.92399372538156,53.03871536254883,51.65700371673599,52.53990426822213,58.85084853409349,2.0
53.72131172429932,52.44084548950195,52.17072706514109,52.777628092980784,60.37033657807935,2.0
50.95080187938638,46.91209030151367,49.840085769755504,49.23432598355185,45.01136306721646,0.0
60.631531300588044,60.66348648071289,59.40218904694313,60.23240227608136,62.538789169515816,3.0
65.7972393656054,67.47663879394531,68.25417009620195,67.17601608525088,77.41169535196309,4.0
76.68983043566158,73.76773834228516,72.91086727016312,74.45614534936995,67.19574116661335,3.0
56.318392936900366,57.05475997924805,54.219984925251055,55.864379280466494,43.95928435307457,0.0
63.17773263427007,63.86936950683594,64.40971103351227,63.81893772487275,65.67113956197005,3.0
56.68860339184874,57.374759674072266,57.26473986768809,57.10936764453637,51.029457238487936,1.0
56.1208023519182,57.6972541809082,57.02107888352584,56.94637847211741,56.10745649044301,2.0
56.68570343855611,58.82574462890625,56.605788705640464,57.372412257700944,48.95395311091854,0.0
64.52704904578488,59.40383529663086,65.07388176290858,63.00158870177478,63.77146133787362,3.0
55.5649585582792,56.139034271240234,56.47226055711388,56.058751128877766,60.67157919450998,3.0
51.66351932348224,52.94235610961914,54.609079726272434,53.07165171979128,55.013536395692405,1.0
50.713134261766804,49.489253997802734,49.812630822746975,50.00500636077217,52.99150012227233,1.0
67.3268224857254,67.76998138427734,66.55136187117328,67.21605524705869,70.3930586966407,4.0
52.51673765313984,54.60511779785156,55.28553328337119,54.135796244787535,56.00442868754855,2.0
54.50621153841984,54.98167419433594,54.19686468939237,54.56158347404939,64.47038545329967,3.0
57.38985824790409,57.01433563232422,59.96468547456323,58.122959784930515,46.07645567271916,0.0
63.38598524068361,62.961814880371094,62.47767682709787,62.94182564938419,70.36009026842578,4.0
,,,,,
,,,,,
66.98047127108462,66.09651184082031,66.78519506682252,66.62072605957583,52.00515606596403,1.0
56.078305755551916,52.550506591796875,51.49981687221577,53.37620973985486,55.80676783167686,2.0
73.3318641868735,71.94636535644531,72.5858489037582,72.621359482359,73.13178714869797,4.0
59.8132613763034,60.349761962890625,59.68547997405458,59.94950110441621,66.16352643604785,3.0
46.82919914605735,49.92737579345703,50.721782826698316,49.159452588737565,45.2238918923213,0.0
46.47940559402796,47.28825378417969,45.82581065357194,46.531156677259865,52.1395470470884,1.0
56.89673281055824,57.06757354736328,57.3099020161661,57.09140279136255,72.98173982822875,4.0
62.09924581582686,61.4942741394043,63.14492217409871,62.2461473764433,56.199157918317056,2.0
,,,,,
56.304901719583064,59.55403518676758,58.135203558459416,57.998046821603346,50.51279224730989,1.0
49.93103963279568,51.807640075683594,51.11374125889535,50.95080698912488,47.10492539064197,0.0
60.56166526686638,64.82916259765625,61.89003851939579,62.426955461306136,63.51367439233613,3.0
74.07592978202149,73.18673706054688,75.45167198347143,74.23811294201327,72.59322154217439,4.0
59.50143663436823,59.77836990356445,58.47001332939767,59.24993995577679,59.73234181297016,2.0
59.39999968758362,55.522518157958984,55.041317728391824,56.654611857978146,70.91884648319186,4.0
69.3171278268309,70.86038208007812,68.50889331604557,69.56213440765153,71.85307054293578,4.0
49.94157602568002,49.477073669433594,51.385439825739645,50.26802984028442,42.31338369038768,0.0
73.5743905491186,75.39755249023438,73.17434468455181,74.04876257463494,79.62030937349756,4.0
57.72295572719963,57.339263916015625,58.50818464287562,57.85680142869696,60.60808779061546,2.0
69.77887457929673,69.10472106933594,69.73260954166014,69.53873506343093,67.70639445842558,3.0
53.727231526042445,53.5792236328125,53.5888272008619,53.63176078657227,60.4716628263903,2.0
65.26887740173997,59.4410400390625,63.694786558415295,62.801567999739255,58.230251354823935,2.0
51.452846773042495,49.7142219543457,49.88647206475099,50.3511802640464,52.71157393203103,1.0
61.30540994875423,63.12586212158203,64.56592281272668,62.999064961020984,62.74514407942087,3.0
59.167202017056454,59.05791091918945,57.228919349148576,58.48467742846483,58.094059649779055,2.0
69.97706075396215,70.51395416259766,72.9385789680709,71.14319796154358,70.032688345122,4.0
50.10367241402563,49.836490631103516,48.93332694861393,49.624496664581024,36.74903360095958,0.0
58.05820557650875,57.787593841552734,57.06807407554665,57.6379578312027,40.02563108180914,0.0
,,,,,
47.42255004177506,47.42127990722656,48.147582133688,47.6638040275632,52.738679994590335,1.0
69.55736397776282,70.28207397460938,69.09174393686267,69.64372729641161,73.10752974446926,4.0
66.9829100370358,67.00325775146484,65.11087845806395,66.36568208218819,64.68334855314451,3.0
53.728853222795195,53.5098876953125,52.858808184016375,53.365849700708026,58.177391196420025,2.0
,,,,,
72.61587377339951,72.6478271484375,70.9957152222779,72.08647204803832,67.24091057993286,3.0
55.6550721574293,56.09910583496094,55.92525819228169,55.893145394890645,51.91266424379432,1.0
53.812280488377986,54.684661865234375,55.345754943379454,54.6142324323306,45.8442021947798,0.0
67.52586382379383,67.29183197021484,68.88477609500251,67.90082396300373,58.31080591083034,2.0
69.4560465489638,66.89701843261719,66.2277882236039,67.52695106839496,63.91732908693884,3.0
55.027225141141,54.374080657958984,56.16708872830656,55.189464842468844,50.4574566142633,1.0
52.722806689816714,54.87959671020508,54.80832606840702,54.1369098228096,47.32247416793032,0.0
53.10285211424243,54.12498092651367,55.00002421150256,54.07595241741956,49.82603760911661,1.0
58.51784024721532,57.66835021972656,56.933713351880996,57.70663460627429,48.136705269948784,0.0
65.15148689293198,64.29228210449219,64.89765173583021,64.78047357775147,60.87901156757502,3.0
53.54064453483695,51.97050857543945,55.042031309374785,53.51772813988374,50.45194483019121,1.0
54.83309832591915,57.72846603393555,55.47781998856379,56.01312811613949,52.08758751515701,1.0
52.44613665866395,51.82674789428711,53.527870046453344,52.6002515331348,65.52001380993285,3.0
53.36180143774007,53.65034866333008,53.69789501275949,53.57001503794322,39.48643549673543,0.0
63.32458625960039,62.5129508972168,64.66407041272018,63.50053585651245,60.53436758197945,2.0
58.253341583077855,53.62859344482422,51.93197447230558,54.60463650006921,52.18736414403389,1.0
,,,,,
48.50117324002608,50.07733917236328,47.50910984802425,48.69587408680454,41.78709949728972,0.0
51.575509088292556,53.13545227050781,50.461324194314045,51.72409518437147,51.537579895998775,1.0
51.38789781767725,49.3698844909668,49.17129939153021,49.97636056672476,47.82131355519691,0.0
56.161859563948106,58.752845764160156,57.701841741740196,57.538849023282815,58.18648692861225,2.0
51.07788728520695,48.27773666381836,48.392683048017325,49.249435665680885,53.63075955941963,1.0
54.72336198849384,53.18442153930664,54.296826010799116,54.06820317953319,51.09967798689764,1.0
50.88550020285107,48.9754753112793,49.475096735377896,49.77869074983608,46.0140623778856,0.0
61.81783113361985,64.20303344726562,63.95849931026727,63.32645463038424,56.6238349639896,2.0
,,,,,
75.60790773192518,73.87287902832031,72.166405125205,73.88239729515016,56.56465614743182,2.0
,,,,,
62.06850025989668,64.35057830810547,64.78409124132357,63.73438993644191,76.93764657672003,4.0
59.75575446739858,60.09467315673828,59.61095190056532,59.82045984156739,61.33779890877153,3.0
69.05314487976948,66.17893981933594,67.35936156981944,67.53048208964162,69.68974396918298,4.0
,,,,,
56.93951122580057,56.32650375366211,56.079039299006766,56.44835142615648,62.94026308956536,3.0
68.67401130780597,68.09443664550781,69.08603428053573,68.6181607446165,48.16520717764995,0.0
,,,,,
,,,,,
53.820752779321644,55.245147705078125,55.80644114973664,54.95744721137881,39.90213510939167,0.0
65.77020185518454,63.688377380371094,63.97990281194437,64.47949401583334,62.325812226472536,3.0
60.20200176831842,60.377044677734375,61.77761230727852,60.7855529177771,54.5838662097584,1.0
50.041829054889526,53.791465759277344,54.903468767925474,52.91225452736412,56.58742331618648,2.0
53.86240547003597,53.288818359375,52.80984163277244,53.32035515406113,49.63174544216114,1.0
,,,,,
68.10883104957321,65.89754486083984,68.44847342809288,67.48494977950197,68.47589032401231,4.0
52.93526596622006,53.720882415771484,51.09626033751751,52.58413623983635,54.696472842293865,1.0
65.61543171446695,65.06558227539062,60.45050289239697,63.71050562741817,72.08345892728889,4.0
57.901322502541355,57.995384216308594,59.53380503341498,58.476837250754976,68.53050416047758,4.0
70.53925955032578,72.5577163696289,69.56353903992773,70.8868383199608,84.4036919834326,4.0
,,,,,
,,,,,
51.66568279878432,48.44294738769531,48.62853372711673,49.579054637865454,41.46329063075174,0.0
,,,,,
,,,,,
60.639920844810085,57.85076904296875,57.311750096080075,58.60081332795297,65.32136151486773,3.0
46.649589096755136,50.83171463012695,50.5230750387576,49.33479292187989,49.25875664027301,0.0
45.611429872463404,47.838409423828125,47.696080087032705,47.048639794441414,50.34332730587048,1.0
,,,,,
,,,,,
58.53717296207912,55.44249725341797,56.880241942362495,56.95330405261986,49.926413227181335,1.0
57.04256144243935,56.4863395690918,55.365205242933115,56.29803541815475,69.08215287433947,4.0
54.28630442984417,58.32156753540039,58.13196545113459,56.91327913879305,58.69097040986392,2.0
65.90775138967248,63.943668365478516,62.53700777165133,64.12947584226744,64.23281212515127,3.0
67.51279104842875,72.22398376464844,68.6819023155881,69.47289237622176,66.4349578967072,3.0
58.16085643151381,57.749324798583984,55.58279719375552,57.16432614128444,68.36468363311403,4.0
69.28261006081478,66.59447479248047,63.98991066125654,66.62233183818392,73.82483338316274,4.0
59.438451670270126,58.3712272644043,57.39529787577616,58.40165893681686,63.59215019610648,3.0
,,,,,
56.58859788183273,54.089088439941406,54.41748139431021,55.031722572028116,55.43240314876502,2.0
,,,,,
56.36039813170057,54.827056884765625,56.83791251897333,56.00845584514651,58.75419359843696,2.0
55.7976732574656,57.63014221191406,55.333922369133774,56.253912612837816,52.34303592340544,1.0
,,,,,
69.12032434768912,70.14154052734375,70.94114683588191,70.06767057030493,69.64713893383502,4.0
62.77322625436956,63.75770950317383,64.99855280587934,63.84316285447424,61.687498146390986,3.0
54.13185690523202,55.605587005615234,55.78670700762342,55.17471697282355,48.663675035099935,0.0
56.097471227685624,52.50160598754883,53.003796708238326,53.86762464115759,59.24965224295768,2.0
68.47238362487037,65.0807876586914,62.33717809388684,65.29678312581622,65.28826569819817,3.0
78.87777536019506,79.07759094238281,76.72161610680273,78.22566080312687,50.805881366520325,1.0
54.367068257194845,59.138343811035156,56.572663822859475,56.69269196369649,68.03813878290953,4.0
53.44276794279324,48.862548828125,50.11311733639195,50.80614470243673,61.859899381716026,3.0
56.429063392010136,58.03451919555664,57.31270217437391,57.258761587313565,54.12830824422681,1.0
57.07518433569119,55.8178825378418,55.00252456748915,55.96519714700738,70.74282743496192,4.0
64.98259558378949,60.064456939697266,56.33710694149587,60.46138648832755,66.27002934475668,3.0
,,,,,
44.88038530317025,42.48394012451172,43.325009056639786,43.56311149477391,44.77317405787236,0.0
69.49273309099506,70.72514343261719,71.03337082653994,70.41708245005073,65.89112249769214,3.0
74.54359600141399,75.2751693725586,74.20716173437303,74.67530903611521,75.23864725856382,4.0
70.0842495403312,69.86019897460938,69.1191751453881,69.6878745534429,73.16717016872651,4.0
58.099497476731486,60.45453643798828,61.48871573510977,60.01424988327651,71.54560083336649,4.0
68.40349475682082,67.71705627441406,68.00749535333459,68.04268212818982,66.69722600984436,3.0
66.52160600916302,65.98389434814453,66.0702916426261,66.19193066664455,59.09632813716372,2.0
56.7365383479496,56.42023849487305,58.46930061125662,57.20869248469308,48.04651856080198,0.0
67.04637238312532,65.30170440673828,64.60909071076894,65.65238916687751,58.79549547209505,2.0
67.27918584752024,68.32756805419922,67.4366488853737,67.68113426236438,67.43801857239717,3.0
55.09947395418545,56.12044906616211,55.73518272794058,55.651701916096044,40.48202892307111,0.0
,,,,,
71.43387286535179,70.11782836914062,71.13929799886446,70.89699974445229,79.5652813220383,4.0
74.6701627267686,72.18954467773438,73.69891363989815,73.5195403481337,61.539645770710656,3.0
61.08773761736087,63.90596008300781,64.16963373614216,63.05444381217027,71.30974494603873,4.0
60.475684423473695,63.198936462402344,64.89811409616557,62.8575783273472,69.68806512833275,4.0
,,,,,
,,,,,
54.116785465083424,54.79308319091797,54.56369096501043,54.491186540337274,57.1340274202572,2.0
56.060838284856,53.477718353271484,51.475010332669434,53.67118899026564,67.83296421697494,4.0
54.040760335749454,52.78078842163086,51.78254931824105,52.86803269187379,64.0576015224672,3.0
71.91665298062216,72.247314453125,76.12377167507934,73.42924636960883,61.86877247571604,3.0
54.07704688412268,55.4317512512207,57.00079647117888,55.50319820217408,52.53528018450342,1.0
62.3726243323568,63.42638397216797,61.57105139166639,62.45668656539706,79.93579791732029,4.0
51.0338462143186,51.150733947753906,49.94929482305238,50.711291661708294,45.77940605092415,0.0
71.56296868635131,69.62906646728516,68.433343218037,69.87512612389116,84.19328960809027,4.0
63.9370190663545,64.1025619506836,64.99956659137708,64.34638253613839,59.51546390875187,2.0
73.59319427169231,74.38831329345703,73.16037850333541,73.71396202282826,76.63408293644383,4.0
67.797736792904,69.975341796875,70.75638123976812,69.50981994318238,58.834363465204085,2.0
,,,,,
42.85526057929701,47.21281051635742,48.17640169101549,46.08149092888997,43.4176875925989,0.0
,,,,,
,,,,,
51.10779506530917,53.86238479614258,52.859654006723524,52.60994462272509,51.22177230756802,1.0
52.88371534561377,54.372764587402344,54.394480511061765,53.88365348135929,48.97119793758783,0.0
48.88691724588338,50.347450256347656,51.45696645238985,50.230444651540296,55.25732954030799,1.0
62.17611713716472,62.85702896118164,64.7681187428664,63.267088280404245,74.13122040518913,4.0
59.36392815734773,55.522518157958984,55.041317728391824,56.64258801456618,53.5491900069738,1.0
70.22801940890214,71.6231918334961,69.9611988516326,70.60413669801028,71.44309795576498,4.0
69.8784103673136,70.21573638916016,68.92510979893801,69.6730855184706,76.38858394170622,4.0
71.50207019109459,72.13838195800781,70.670434254132,71.43696213441147,58.3639196048476,2.0
48.13833126523516,49.575992584228516,49.13356728288475,48.94929704411614,44.94685607571563,0.0
,,,,,
45.24604674232139,44.50855255126953,45.07923580401419,44.94461169920171,41.77094521751796,0.0
51.972055843285695,52.15275192260742,52.26902962491794,52.13127913027035,45.05179259313742,0.0
,,,,,
69.3515157031545,68.29660034179688,68.04787618539157,68.56533074344763,74.67706182468831,4.0
63.760358591052935,59.75838851928711,62.669119478811304,62.06262219638378,68.56777969034414,4.0
72.78536173599807,72.01949310302734,71.88007416911941,72.22830966938162,73.41454114032103,4.0
58.073737637580614,52.75700759887695,52.61675750596976,54.48250091414244,31.55166723179384,0.0
58.10712144520103,56.57522201538086,56.36995927216129,57.01743424424773,57.38917653601213,2.0
51.13977806305279,50.7574462890625,50.003196580102866,50.633473644072716,37.062716416571625,0.0
65.93865960526524,65.7459945678711,65.27021210325499,65.65162209213044,60.0670266895612,2.0
70.71582610431456,69.8797607421875,70.07714097057364,70.22424260569191,73.36929173661811,4.0
66.52087027456058,61.181156158447266,65.11336011314515,64.27179551538433,64.13590445904978,3.0
59.80245289510398,56.92052459716797,56.327442689244705,57.68347339383888,67.71138130262989,3.0
70.42978193205236,70.77884674072266,71.02947206600255,70.74603357959252,65.09761242491453,3.0
49.48405244563978,52.7505989074707,52.24887372740495,51.49450836017181,40.86379504049583,0.0
66.78810932750673,67.7807388305664,69.39752251830022,67.98879022545778,64.81936837043781,3.0
65.01385831714175,69.10706329345703,66.97595549752062,67.03229236937312,87.3591899920493,4.0
52.90273613924532,52.492897033691406,52.0459657650138,52.48053297931684,54.7670926790152,1.0
60.27552349887137,56.733673095703125,57.45503421920351,58.15474360459268,57.63242436891382,2.0
63.065328525394094,64.76107788085938,64.8473294907725,64.22457863234199,81.1865115779058,4.0
61.23610561209442,62.55299758911133,65.89326631123484,63.22745650414688,52.53996733964025,1.0
,,,,,
52.62332551073093,51.39999771118164,50.3734955662364,51.465606262716314,57.60262007208337,2.0
57.25528581696355,55.28926086425781,55.352462354664446,55.96566967862859,42.5947831714729,0.0
,,,,,
64.81168710243162,63.5896110534668,64.09527469020392,64.16552428203411,64.9162524349452,3.0
55.15720156437892,54.144744873046875,50.72235258589986,53.341433007775215,42.17299551648526,0.0
73.91975778849243,78.2003402709961,78.24737294322864,76.78915700090573,74.99186544231593,4.0
51.67955339483052,53.31743621826172,53.597934426997966,52.864974680030066,46.49561589316622,0.0
58.56028930318465,58.97502517700195,58.97327370507794,58.836196061754855,63.820573711304256,3.0
54.158559385476956,54.39910125732422,55.82141059653482,54.79302374644533,57.32064864503513,2.0
45.57609306172711,48.223453521728516,47.85100621234348,47.21685093193304,35.333815025231566,0.0
66.33006238589125,63.40727615356445,62.99963859782973,64.24565904576183,55.11288576568686,1.0
58.5680448732377,56.83864212036133,59.70623958674041,58.37097552677981,56.032614152662205,2.0
54.48323308348112,51.850364685058594,52.293348681082506,52.87564881654074,51.92314311378989,1.0
68.27501730506935,66.58008575439453,65.81017616357865,66.88842640768085,78.87038425917503,4.0
50.157275011400934,51.796043395996094,51.77115137298939,51.241489926795474,42.83220650843146,0.0
,,,,,
54.53422243469326,56.23382568359375,56.101570056393825,55.62320605822695,63.13134511162436,3.0
,,,,,
49.01189071046399,48.74872970581055,48.0837819988388,48.61480080503778,41.066518809095854,0.0
69.66096503619453,69.85558319091797,69.45300771702487,69.6565186480458,70.91866687469138,4.0
53.96163177261392,50.38566589355469,49.8113895480021,51.38622907139023,54.47634362954141,1.0
50.556322749754045,48.88376235961914,49.01451945870207,49.484868189358416,69.70087569911004,4.0
,,,,,
58.19932168974415,59.32737350463867,58.884555589556776,58.803750261313205,70.77792795530702,4.0
51.2692018198805,50.717323303222656,51.374936842367006,51.12048732182338,45.65565394499296,0.0
,,,,,
61.9752292185057,64.94424438476562,64.08723585923951,63.66890315417029,64.12217969833921,3.0
67.60351688508965,67.43946838378906,67.86216757625769,67.6350509483788,54.688269907358425,1.0
63.88499161894339,61.787540435791016,62.717669196467355,62.796733750400584,65.22654154444137,3.0
54.13184871713637,54.54296112060547,54.243833039938856,54.306214292560234,56.57389770287356,2.0
55.287649498598405,52.3564567565918,53.66044450711005,53.76818358743341,56.96073792932005,2.0
48.13705958827251,44.70872497558594,46.52858116474238,46.45812190953361,42.18176692182777,0.0
,,,,,
56.33757048100571,57.478702545166016,56.91888116124675,56.91171806247283,47.79098710169814,0.0
67.97223202272808,64.99259185791016,64.0742465092989,65.67969012997905,64.068996851855,3.0
,,,,,
58.521954218167146,54.46725845336914,55.28478943347626,56.091334035004174,73.65376076204141,4.0
67.91012256609739,70.03154754638672,68.34959112144675,68.76375374464362,89.12877870790659,4.0
59.94603492122311,59.10300827026367,59.29005905908227,59.446367416856354,65.74808015388265,3.0
47.76053645647245,50.09410095214844,50.72723250060726,49.52728996974272,45.76608947381081,0.0
54.054589155261695,55.03166580200195,55.708490346268874,54.93158176784417,54.68849962064072,1.0
53.34200717970308,50.813331604003906,51.2193344941553,51.79155775928743,39.351462515359216,0.0
53.691215227273524,52.155853271484375,52.10142338255218,52.649497293770025,42.90870736247525,0.0
57.64644868470592,58.88518142700195,62.75379872643363,59.76180961271384,61.499163711210805,3.0
74.50476177809175,73.90274810791016,71.94641397387244,73.45130795329145,66.70372286353384,3.0
50.83206538116387,51.76978302001953,49.72044436688982,50.774097589357744,36.5895944797249,0.0
78.7140336694653,76.87187194824219,76.15023691074553,77.24538084281767,78.1505892019669,4.0
55.58388172664871,55.88941192626953,54.07897169669868,55.18408844987231,56.70869312934831,2.0
55.44002856994563,56.84000778198242,56.450854403525874,56.24363025181798,50.4831771471612,1.0
69.58893190725307,66.392822265625,67.1556191344966,67.7124577691249,75.45154273261268,4.0
,,,,,
,,,,,
62.903713906261814,61.890281677246094,62.0889912193775,62.29432893429513,53.54349092856042,1.0
55.32395787673236,54.54624938964844,55.05117797242986,54.97379507960355,62.14041913966823,3.0
,,,,,
61.04583025707611,63.71684265136719,63.44380525811425,62.73549272218585,65.26908277392207,3.0
49.570405425634796,49.87641525268555,50.30082393692457,49.915881538414965,44.89943143709712,0.0
42.2076168902278,47.25682067871094,47.24237119545815,45.56893625479896,30.693460050092035,0.0
60.74914681388998,59.96210861206055,61.40564468837959,60.705633371443376,57.4612625876191,2.0
,,,,,
56.152547566993796,56.72633743286133,54.66340911550427,55.84743137178646,48.83249970515537,0.0
60.92090359491461,60.199005126953125,60.76025476088325,60.62672116091699,66.41954177255074,3.0
68.83388878709476,67.37393951416016,65.52964561122846,67.24582463749447,75.37958301558093,4.0
54.367606038534454,52.679840087890625,51.69421552375686,52.91388721672732,45.71107669582131,0.0
52.89148991788377,53.17417907714844,53.36007250595119,53.141913833661135,49.928285043828375,1.0
68.08256796640451,68.65046691894531,68.2583138250156,68.33044957012181,83.71444428193207,4.0
69.9239407317473,76.41144561767578,72.29971713274647,72.87836782738985,84.86905218897134,4.0
56.48632195472731,58.560768127441406,59.36665798606274,58.137916022743816,47.06125998414177,0.0
64.4443458321371,63.93364334106445,64.7103289975437,64.36277272358176,60.79106037332819,3.0
55.76915402458496,54.63601303100586,55.100261654670454,55.16847623675377,50.80466015336492,1.0
67.48891058529162,68.9876708984375,69.0275397647356,68.50137374948825,75.84914450133793,4.0
56.41632262372036,56.44892883300781,56.20267321502107,56.35597489058308,57.29461572143109,2.0
60.227806845994515,62.69223403930664,63.98868534770894,62.3029087443367,54.37217860726123,1.0
68.03488908597646,68.90999603271484,68.68244494019929,68.54244335296353,68.70296525164676,4.0
60.436792404136725,59.34599304199219,58.806980079910886,59.529921842013266,58.16815469128459,2.0
65.28094287610259,65.0828628540039,65.77152932973435,65.37844501994694,58.45965653854925,2.0
62.72996894174587,61.46195983886719,63.9699264207332,62.72061840044876,68.90046912252542,4.0
66.98211502325849,65.22666931152344,64.71954843306862,65.64277758928351,65.17302735880769,3.0
,,,,,
61.1988499729553,59.930809020996094,61.61222087482126,60.91395995625755,58.471351650811535,2.0
52.93998595891456,51.087974548339844,50.233200071355995,51.42038685953679,60.50009498344518,2.0
48.14093382356096,50.53362274169922,50.42081670040236,49.69845775522085,52.63994403890021,1.0
,,,,,
49.47527138190419,49.01515197753906,49.6124496511335,49.36762433685891,46.27652444629814,0.0
57.69972472394174,54.822750091552734,55.44984856903206,55.99077446150884,58.38508505028777,2.0
63.79045679324947,66.33629608154297,65.43190950494645,65.1862207932463,85.40843289346783,4.0
60.58372616146295,61.15099334716797,63.32955128030424,61.688090262978385,71.93511352562167,4.0
69.96506442470789,73.24327087402344,67.75450517056572,70.320946823099,65.0440629461328,3.0
58.256260707880635,56.57283401489258,56.62594705435068,57.15168059237464,54.56259479518451,1.0
50.72595808836376,53.55622482299805,53.33141104563522,52.53786465233234,46.09717909005781,0.0
55.492247316457345,52.26729965209961,52.929625345831184,53.563057438129384,52.23526105335387,1.0
70.64577575794401,69.72969818115234,69.98581521285186,70.12042971731607,64.4730640612448,3.0
59.66296340187515,57.63922119140625,57.76156603929379,58.35458354419173,53.703784139785895,1.0
59.51088203870898,60.66348648071289,59.95616407076141,60.04351086339443,64.81596201495164,3.0
60.753310350430404,58.90232849121094,58.47321335733353,59.37628406632495,55.011930204480166,1.0
52.9714690280895,55.0271110534668,57.27487278715944,55.09115095623858,47.40871916004639,0.0
43.20301472305581,47.5382080078125,48.183432055678445,46.30821826218226,48.95313634271546,0.0
57.194948535731626,57.16986846923828,55.57340412987693,56.64607371161561,53.20042775916007,1.0
,,,,,
57.701542929929744,61.03480911254883,61.73823242320514,60.15819482189457,49.00658446018444,0.0
69.52830693799815,69.43748474121094,68.70870479957311,69.22483215959407,99.40187538655071,4.0
68.03642920815119,71.27936553955078,72.05477643041407,70.45685705937201,73.78703335591398,4.0
,,,,,
52.21421662412299,50.70977020263672,50.55377902993028,51.15925528556334,45.23661861906606,0.0
57.28800938300217,56.02289962768555,54.12782541196887,55.81291147421886,57.97457402644813,2.0
,,,,,
53.898255128922614,50.93624496459961,52.505799604171706,52.44676656589798,47.10967237688068,0.0
54.68273322071765,53.26101303100586,55.52841087792456,54.49071904321602,56.30308389074191,2.0
66.25272351525764,65.06562805175781,65.3452783488773,65.55454330529757,59.54333304950167,2.0
69.07091864249283,68.86438751220703,67.7570249942109,68.56411038297024,81.27248154044022,4.0
,,,,,
63.23582966654189,64.69963836669922,65.01384470257932,64.31643757860681,74.96040690626742,4.0
51.166633790630655,50.696922302246094,50.35031445895652,50.737956850611084,52.60006152992419,1.0
53.38078843469742,52.34675979614258,52.86984738104362,52.865798537294545,48.95963233883754,0.0
51.423010578863654,50.35110855102539,52.15195219914579,51.30869044301161,45.42600888871337,0.0
64.91119787031647,62.025455474853516,61.94428132321939,62.960311556129795,81.59865747398479,4.0
52.42321278078371,56.05268859863281,56.11264652048849,54.86284929996833,54.95993549731823,1.0
55.675483568781665,53.69588088989258,54.685017537505196,54.685460665393144,57.96556953559907,2.0
63.25089471002695,62.12199783325195,62.26078466367148,62.54455906898346,52.80636287458067,1.0
58.85474989187211,59.23171615600586,60.407307026254784,59.49792435804425,46.9206724398786,0.0
71.00578579794504,77.06951904296875,76.76950223012167,74.94826902367849,73.47122733067174,4.0
52.90145319675616,51.26058578491211,51.247116931216325,51.80305197096154,68.28325079085786,4.0
,,,,,
54.89575955341448,54.571712493896484,54.836471299361214,54.7679811155574,62.59105727488749,3.0
66.6444226078871,66.49120330810547,67.58524030721942,66.90695540773733,64.61195097439234,3.0
52.22137196960568,52.22562026977539,53.22822489400736,52.558405711129474,44.23317327573055,0.0
,,,,,
54.76381559413517,50.33348083496094,50.260465597080064,51.785920675392056,53.20630739129227,1.0
54.670963578529665,52.70806121826172,53.81841503914853,53.73247994531331,64.24790914774208,3.0
75.06300167345809,75.67845916748047,78.79513913788936,76.51219999294266,75.96577848217046,4.0
56.820755883732346,56.556312561035156,58.24488786998095,57.20731877158281,62.4086552210553,3.0
69.03527744691047,68.36040496826172,68.65716807998828,68.68428349838682,73.23142257466095,4.0
52.51165970766544,52.752689361572266,53.54681841101344,52.93705582675039,43.345922978045046,0.0
58.600779137889866,58.4915885925293,58.845559356553515,58.64597569565756,59.93119546974529,2.0
73.8782211020862,75.62503051757812,75.48853902647028,74.99726354871153,78.52966372697315,4.0
57.223543666411764,58.251712799072266,59.552842666588106,58.34269971069071,77.23281786051228,4.0
72.1045447531803,71.98907470703125,72.5009444479845,72.19818796939869,67.52435673693887,3.0
60.222341306756014,63.050079345703125,64.47034006726948,62.580920239909545,72.55243989173833,4.0
,,,,,
58.96434448394313,56.54989242553711,55.846181917891435,57.120139609123896,57.68870237099675,2.0
59.99378208387534,58.652400970458984,58.3190774276241,58.988420160652815,56.47936909334312,2.0
61.3143667067125,58.226078033447266,57.96977437137529,59.17007303717835,55.07430550484424,1.0
48.789136034824544,50.32941436767578,49.901762236323336,49.673437546274556,57.36336185431412,2.0
69.03394494193286,66.83174896240234,66.27320984709411,67.37963458380977,70.16219646391566,4.0
,,,,,
70.15728682507576,71.65984344482422,70.69778553455963,70.83830526815319,70.33770360495151,4.0
58.2449836119726,58.01108932495117,58.45391615293528,58.236663029953014,65.31660234176327,3.0
47.8005482086654,48.09064483642578,48.88052294975647,48.25723866494922,49.48331043008086,1.0
67.69847322445219,69.92108154296875,69.03400499240703,68.88451991994266,65.75695170951944,3.0
56.44413646963437,56.588661193847656,56.17751829716505,56.403438653549024,61.90370083847022,3.0
65.95864669701197,65.45709991455078,64.51787388100864,65.31120683085713,69.35472335881316,4.0
65.88905682662136,69.27519226074219,68.74930628247556,67.97118512327971,72.26162565304224,4.0
47.662128041078425,47.816646575927734,48.0092443572344,47.82933965808019,49.28144372474669,0.0
63.50047770527294,62.37212371826172,62.536526456876594,62.80304262680375,59.47389032769142,2.0
,,,,,
64.41587603137826,64.84378051757812,66.4254911032011,65.22838255071916,64.06765355134496,3.0
57.86943938489197,56.419063568115234,55.616406397867685,56.63496978362496,54.16788702564862,1.0
56.9766094418743,58.17351150512695,59.574059608684664,58.24139351856197,64.17611058417236,3.0
56.23999504646522,56.89379119873047,55.20883090154134,56.11420571557901,56.70680201992136,2.0
51.398279526297095,50.95991897583008,53.06964469986789,51.80928106733169,66.66038422899567,3.0
67.83119487396435,68.8240966796875,68.18260016642361,68.27929724002516,68.93817333499753,4.0
74.26579426177426,76.133056640625,76.45989006605059,75.61958032281662,75.62367946432558,4.0
60.80481315853978,62.869571685791016,65.59431052940937,63.089565124580055,67.33531089296147,3.0
,,,,,
48.22426613409863,50.26498794555664,49.30745977517546,49.265571284943576,58.08469970700627,2.0
53.48094911432672,55.066768646240234,55.720805893736625,54.756174551434526,57.348203683584224,2.0
49.70861189941748,48.13005065917969,48.307262841883826,48.71530846682699,51.58715652602916,1.0
67.5236977110564,66.71715545654297,68.54511259821378,67.59532192193772,56.58337955357408,2.0
51.77180569661839,50.600067138671875,51.07472094620367,51.14886459383131,55.71643842143949,2.0
,,,,,
47.838935212567854,50.33226776123047,49.58776062745694,49.25298786708509,56.768941437666896,2.0
50.08262007478582,50.44618606567383,51.40268152499104,50.643829221816894,50.37395398924808,1.0
57.99797395020318,58.59468078613281,60.23226567204448,58.94164013612683,57.199167198272285,2.0
,,,,,
71.21507767976543,69.94864654541016,70.03971673021817,70.40114698513126,74.9519386118905,4.0
48.21907187459297,50.36366653442383,48.8454983261124,49.1427455783764,49.12774437274863,0.0
62.092643354769315,56.45100784301758,56.60484301745187,58.38283140507959,56.448301787710506,2.0
,,,,,
57.033764849845056,55.061248779296875,56.33746810611875,56.14416057842022,68.87732373590948,4.0
53.32033522641894,55.50257873535156,55.84827067218819,54.89039487798623,59.278400735569846,2.0
57.156264043575675,58.59714126586914,58.51180975530152,58.08840502158211,52.14525002010354,1.0
46.016677768771565,46.42387390136719,46.96819315208191,46.46958160740689,54.15157557004376,1.0
58.16105472957513,55.308494567871094,55.31615933421103,56.261902877219086,57.24129156068041,2.0
55.97128577701846,56.54071044921875,56.322957357246274,56.27831786116116,59.481270467726056,2.0
,,,,,
59.12039049837822,55.967323303222656,56.22622859972354,57.104647467108144,58.16852605432355,2.0
60.04613242854524,57.23282241821289,56.873536857726066,58.050830568161395,56.618202495509806,2.0
57.24655149256695,54.04541015625,55.24915580280876,55.51370581720857,58.858688694631525,2.0
46.50733212315592,50.04899978637695,49.70757495151031,48.75463562034773,52.281100267030126,1.0
62.03665276256093,61.87060546875,62.61141758078289,62.17289193736462,67.55363211678288,3.0
50.22045675429057,52.33953857421875,50.67167900253599,51.0772247770151,43.91072161357689,0.0
53.332411927872606,53.80654525756836,54.92718558206175,54.02204758916758,64.00176808741824,3.0
62.281463565400784,60.547630310058594,61.27264828519839,61.36724738688593,45.60899207751954,0.0
54.7523674937862,57.79586410522461,57.54509069072117,56.69777409657732,48.6063646555436,0.0
,,,,,
56.902699194985544,57.03444290161133,58.209514975211675,57.38221902393618,65.55043113518813,3.0
65.94782807234374,66.91223907470703,66.201303631495,66.35379025951525,59.72650885703576,2.0
58.41049661794138,60.6923828125,60.021823445032645,59.708234291824674,55.87856820636226,2.0
57.98006397189608,57.19173049926758,57.08114435769299,57.41764627628555,57.874419601373965,2.0
53.02329583175567,54.98922348022461,55.251387052758254,54.421302121579515,49.87681943434248,1.0
55.016887282903106,53.35646438598633,54.83167325631015,54.40167497506653,50.93467337176818,1.0
,,,,,
56.035658629418045,62.48770523071289,60.14384200442109,59.55573528818402,59.071291576693895,2.0
48.97526357505418,49.84365463256836,49.66573988483736,49.49488603081997,42.32395344965253,0.0
73.23495190365087,75.84927368164062,75.66306106661838,74.9157622173033,69.72257764379107,4.0
61.22516920051309,58.7027587890625,58.14264360720897,59.35685719892819,57.25780991710848,2.0
52.96515933051619,52.458457946777344,53.355549654380795,52.92638897722477,52.20566519924931,1.0
,,,,,
62.775550015772886,57.81727600097656,59.98162826973654,60.191484762162,60.35613738801985,2.0
54.47333054860018,54.98603439331055,52.90363000010065,54.12099831400379,57.74549445865281,2.0
,,,,,
,,,,,
59.169507260598536,57.7952880859375,59.33467150934351,58.76648895195985,70.74463144704717,4.0
66.05029455037982,65.11383819580078,65.50243615932919,65.55552296850327,55.44782860406282,2.0
65.50220880455103,65.11187744140625,66.02178260375997,65.54528961657242,76.44135588828806,4.0
59.88904343882813,63.49720764160156,64.69329566832567,62.69318224958513,58.83594479442067,2.0
54.694943423713944,56.597320556640625,56.09055199775475,55.7942719927031,51.90036889376873,1.0
55.67176244881391,55.816036224365234,54.058576772270676,55.18212514848327,63.90913117098955,3.0
54.52650444429414,54.37754440307617,55.38047538176481,54.76150807637837,44.02113425342001,0.0
49.164492811275075,49.04435729980469,48.677035342672625,48.96196181791746,41.886068163557205,0.0
46.8001846129857,50.369911193847656,50.79454378106075,49.32154652929804,45.54716267680309,0.0
,,,,,
49.32895270419548,49.5219841003418,49.131620833116294,49.32751921255119,40.25305293806492,0.0
69.97482391663954,70.18245697021484,69.07450981687239,69.74393023457559,63.88144486322848,3.0
,,,,,
44.99434351793976,49.920204162597656,48.68804506815517,47.86753091623086,34.04717511994233,0.0
59.79825325225896,59.58495330810547,59.020616538649904,59.467941033004784,53.97102499425389,1.0
54.44155765355502,52.39859390258789,51.435737926566425,52.758629827569784,55.57222439288741,2.0
,,,,,
56.01167139650976,54.69697952270508,54.763769135645866,55.15747335162024,42.77853139625439,0.0
,,,,,
60.172900380747,57.20353317260742,57.45503421920351,58.27715592418597,63.245082255100726,3.0
53.68093416363022,53.88473892211914,53.0882492276784,53.55130743780925,64.80020028732575,3.0
,,,,,
,,,,,
56.801238314604404,54.06246566772461,53.85549324503072,54.906399075786574,57.1720487305598,2.0
54.82951750764194,54.7886848449707,56.41798386025622,55.345395404289626,58.42254127316996,2.0
67.58901316910479,67.63714599609375,65.21148030792311,66.81254649104055,70.98445562940026,4.0
62.06299168731159,59.98017883300781,61.73060439310799,61.257924971142465,54.73529876093568,1.0
55.34465729264381,56.20066452026367,56.57106889315497,56.03879690202081,56.44890356510665,2.0
65.71391943909103,64.38130950927734,62.39723542949467,64.164154792621,67.6044126941944,3.0
48.8103212456319,49.4127197265625,49.5164318473984,49.246490939864266,52.09536048115129,1.0
60.788148676349614,61.735755920410156,62.183091258948664,61.56899861856948,68.3435382930633,4.0
60.711544196901365,60.56885528564453,58.9188258703355,60.066408450960466,55.92047852581685,2.0
77.37972493103803,77.38384246826172,78.03685019119567,77.6001391968318,76.27235609491498,4.0
51.834021193354126,49.22483825683594,49.15052043257001,50.069793294253365,42.02475143244079,0.0
75.11867622138574,78.0564956665039,74.72859971057011,75.96792386615324,79.5722297860368,4.0
,,,,,
58.35944921120833,56.95869827270508,57.53993454726231,57.61936067705857,62.0753910464578,3.0
59.16165791871198,58.35194396972656,59.123169432547975,58.87892377366217,55.47146522635791,2.0
45.43111064298299,48.337745666503906,47.72639630614975,47.165084205212224,47.38482979442036,0.0
50.22298133940733,51.582767486572266,51.80398918414976,51.20324600337645,46.84636693718876,0.0
60.36558213583236,59.33771514892578,59.62818645443142,59.777161246396524,49.93344342420982,1.0
61.530564856630505,63.5203742980957,62.57562107009687,62.5421867416077,60.47175791279096,2.0
55.58250760619746,57.78875732421875,58.15531717834695,57.17552736958771,53.175844965156905,1.0
71.78676763151485,67.84020233154297,67.87378410168895,69.16691802158225,72.29762938622822,4.0
,,,,,
,,,,,
52.263997096763575,53.43783950805664,55.986770058627854,53.89620222114936,58.86051979819396,2.0
59.48123039206341,57.6779899597168,59.4538295104786,58.87101662075293,53.69308947987821,1.0
70.06550495166171,69.05207824707031,68.7368909878881,69.28482472887337,66.16115092638393,3.0
53.223462858488254,55.543479919433594,56.11990345732,54.96228207841395,45.67663089790312,0.0
,,,,,
58.727467890797406,55.66965866088867,54.19030460860212,56.19581038676273,52.640232513206826,1.0
73.21575845777465,69.79407501220703,71.93971671403192,71.64985006133787,75.94039203405421,4.0
51.506564638725195,52.54819869995117,50.374173603122124,51.47631231393283,58.55136417367939,2.0
58.00947775393056,57.188743591308594,57.50778774644319,57.568669697227456,55.761941442389606,2.0
,,,,,
,,,,,
45.74537556197148,49.50834274291992,51.624367836195994,48.95936204702914,38.09592519378917,0.0
47.33591147771699,50.122169494628906,50.70145834715438,49.3865131065001,38.72666739127035,0.0
,,,,,
52.59280984188701,52.45156478881836,51.79095408065033,52.278442903785226,63.45532979135126,3.0
,,,,,
48.2473210289991,49.942813873291016,51.53643277142802,49.90885589123938,46.34727462435275,0.0
,,,,,
61.80444322613202,62.374000549316406,65.53004325737162,63.23616234427336,54.11132508113999,1.0
51.53267306340217,55.57749938964844,54.34580250245705,53.81865831850255,54.427617423639504,1.0
56.02450562185958,53.003360748291016,52.55370894943059,53.860525106527064,48.88722406307696,0.0
66.50728777679902,66.50627136230469,66.18553280103565,66.39969731337978,67.0635769859854,3.0
,,,,,
66.88325611451873,69.09085845947266,66.82624789301933,67.6001208223369,69.94104241831727,4.0
65.42305912455309,65.23648071289062,62.91481940759944,64.52478641501439,68.60560354054354,4.0
51.74033567162953,51.04703903198242,52.107958296056765,51.63177766655624,43.76078427183913,0.0
55.500516800943224,54.640907287597656,55.468986692833425,55.20347026045811,70.47231610374547,4.0
53.594851661577735,52.84760665893555,52.64302662130528,53.02849498060618,53.94236648856948,1.0
49.29373257029269,49.686344146728516,51.13767175320838,50.03924949007652,53.91514102370741,1.0
52.8815329570279,53.55272674560547,49.4519129925622,51.96205756506519,58.1679404807908,2.0
68.7418003860745,65.69017791748047,65.9664015654698,66.79945995634158,66.48960499973506,3.0
59.68598434972088,57.056034088134766,57.28077919942429,58.00759921242665,49.6679209495267,1.0
67.00198267715922,68.30693817138672,67.78954072593962,67.69948719149518,70.6714618574886,4.0
48.43943976361396,46.81525421142578,47.81942404310002,47.69137267271325,55.064444382343154,1.0
57.76919014622507,56.65773010253906,55.7018014378446,56.709573895536245,49.58187345183747,1.0
74.96712832014977,78.04019927978516,74.42335715542715,75.81022825178735,68.71772329930516,4.0
46.20321871756882,46.439693450927734,47.68877757651403,46.777229915003524,51.55990402829472,1.0
77.01381942074151,76.37263488769531,77.04409091247788,76.81018174030491,78.82979839583678,4.0
47.04960181609455,47.73702621459961,49.21841734641158,48.00168179236857,35.94516027451429,0.0
50.586415489314696,48.995418548583984,48.703456108037024,49.42843004864523,51.1182080142809,1.0
56.489464159216695,59.1492805480957,58.24280992168489,57.96051820966576,62.445906116792784,3.0
67.12906860441853,64.7845687866211,64.31340014579155,65.40901251227706,66.83503092946418,3.0
64.67977685844185,65.12477111816406,63.492689455375874,64.43241247732728,79.48688080632166,4.0
,,,,,
66.36150382177702,67.32774353027344,66.17815575819596,66.62246770341547,80.86230882533917,4.0
54.56480508715072,57.13624572753906,58.422396886682506,56.70781590045743,60.62333705268306,3.0
54.03718113085901,56.1904411315918,55.91980340097051,55.38247522114043,52.63747438825303,1.0
68.55959165723806,65.84365844726562,67.48597585437345,67.29640865295904,84.37721105149373,4.0
67.39842462091049,66.39736938476562,66.98750034653831,66.92776478407147,62.96964280766502,3.0
58.12847425111242,56.551902770996094,59.139314452247795,57.939897158118775,53.92895811820512,1.0
59.091020470952536,59.34599304199219,58.643922190354374,59.02697856776637,62.36512160405113,3.0
71.99197629611197,71.46997833251953,72.46958853515214,71.97718105459455,74.05871280492504,4.0
49.03463911388055,51.65144729614258,50.779290237031894,50.48845888235167,52.0584640384829,1.0
56.083464535954576,54.83901596069336,55.29404973949549,55.405510078714485,63.17171336268312,3.0
61.42039254049514,59.02787399291992,58.72264574782477,59.72363742707995,64.3216052426368,3.0
58.915161563922645,59.94270706176758,59.68099607553719,59.51295490040914,60.75794068945936,3.0
46.45627517902062,48.82704544067383,48.21929112002571,47.83420391324006,44.27305385733617,0.0
,,,,,
64.48724163428204,61.97291564941406,63.13463525266704,63.19826417878772,72.87585455006938,4.0
,,,,,
69.80096126927421,67.9714126586914,69.37523403013799,69.0492026527012,70.13311599866495,4.0
51.277644351043946,53.60160446166992,54.649767897353435,53.17633890335576,48.27859881224007,0.0
52.40242918933239,52.59183883666992,51.256645558739855,52.08363786158072,49.26865800183334,0.0
,,,,,
72.37759072295013,70.33771514892578,68.56454088525167,70.4266155857092,75.93877009157977,4.0
70.2807436144713,73.09442901611328,73.85489455414506,72.41002239490989,59.52559372969901,2.0
,,,,,
55.0212625695505,49.977169036865234,49.53226642338057,51.51023267659877,52.80058383944629,1.0
65.53195997647973,70.10536193847656,68.70065538982072,68.11265910159234,69.09565603769292,4.0
,,,,,
65.61011965948641,67.70242309570312,67.8594286154181,67.05732379020255,71.83148334251638,4.0
45.91122634964761,51.31022644042969,51.563189968857436,49.594880919644915,46.15628907127643,0.0
47.76488445792921,47.26981735229492,46.93127955596907,47.32199378873107,43.18966059706137,0.0
72.88639810150408,74.18865966796875,74.69238097897068,73.9224795828145,89.73003469525466,4.0
55.036111110829296,50.13888168334961,50.16990415146406,51.781632315214324,35.83787261695094,0.0
57.017492730635276,55.2525634765625,54.775520414734224,55.681858873977326,50.12225524537016,1.0
68.94251786750081,69.46479034423828,69.9188594472875,69.4420558863422,71.7403639511016,4.0
54.86641584524417,57.98646926879883,58.10965189678007,56.987512336941016,71.45498655491355,4.0
54.39498390847142,56.29414749145508,56.6248007269365,55.77131070895433,47.57993504211516,0.0
50.10367241402563,49.836490631103516,48.93332694861393,49.624496664581024,43.1157608773562,0.0
73.40233026218037,71.89815521240234,71.35518614826154,72.21855720761475,76.23279500823956,4.0
73.27755096807851,73.25959014892578,71.29666126345218,72.61126746015215,76.08478563745754,4.0
49.71653150639432,48.02719497680664,49.23401345811915,48.99257998044004,48.913438351161886,0.0
46.380916241510356,46.389678955078125,46.61361126768964,46.46140215475938,41.870264630172166,0.0
51.35027363868957,53.472450256347656,50.932329624000765,51.91835117301267,54.65571206567612,1.0
59.08041687533435,55.74615478515625,55.31616862387894,56.714246761456515,60.31857986507365,2.0
44.73225490403492,47.193294525146484,48.02093413281792,46.64882785399977,62.249966714030144,3.0
65.20562954520793,66.74999237060547,68.13720531450946,66.69760907677428,81.08330520413016,4.0
,,,,,
,,,,,
61.150346555689396,62.67281723022461,62.261172499711705,62.02811209520857,56.10220147416092,2.0
51.82561226064002,49.67462921142578,49.21767358256331,50.2393050182097,47.0967425931859,0.0
66.19341594562506,64.33789825439453,64.13571700611688,64.88901040204549,65.85050528986773,3.0
,,,,,
73.85701384871294,66.98741149902344,64.51526086166432,68.4532287364669,75.52063187375079,4.0
54.36374394001511,52.440765380859375,50.768683759783045,52.52439769355251,66.6494966288375,3.0
,,,,,
65.20839205356873,68.76947784423828,65.59368051270626,66.52385013683777,67.605660472616,3.0
67.09030798139462,62.340538024902344,62.607397117680556,64.01274770799252,50.14917648538607,1.0
60.23345011178539,62.73965072631836,63.18309431230161,62.05206505013512,60.03090120722357,2.0
,,,,,
52.09542042075585,50.03030014038086,51.944343674509604,51.356688078548764,53.16366485618223,1.0
49.99492693247226,52.32243347167969,51.273170237811414,51.19684354732112,56.28083250769525,2.0
46.51827837556364,49.92238235473633,49.420662199523,48.62044097660766,51.04876003779325,1.0
49.78985002126035,50.37301254272461,49.94597183343388,50.036278132472944,53.11913014885654,1.0
49.9029544388521,51.451107025146484,52.12497687154913,51.15967944518257,58.03498847320673,2.0
50.83040991651943,52.41988754272461,52.567737193898324,51.93934488438078,37.863655089185855,0.0
50.173112341507405,49.08145523071289,50.63502486576497,49.96319747932842,48.5968417880689,0.0
74.32691540403106,74.563720703125,73.4066452312343,74.09909377946344,81.97059614588689,4.0
58.63958022727511,60.4661750793457,59.70108016843199,59.60227849168427,54.95895711790415,1.0
72.18176621176835,68.59580993652344,67.66520301485873,69.48092638771685,83.52170591902309,4.0
64.46682889998753,64.0085678100586,65.32690431216825,64.6007670074048,74.67517465930139,4.0
63.89475858614724,67.57544708251953,66.20800413250684,65.89273660039122,66.98304689113779,3.0
48.889668124283936,47.2556037902832,46.09182031723008,47.41236407726574,43.77995659844618,0.0
46.4422764513417,47.06080627441406,46.279149564316995,46.59407743002425,59.831730934032,2.0
50.15588822021201,49.08145523071289,50.63502486576497,49.95745610556329,41.960029347105134,0.0
67.61507687102313,69.20145416259766,69.01386604343722,68.61013235901933,51.07455292895141,1.0
50.42085210105222,52.68517303466797,50.974203679013634,51.360076271577945,59.28386244740284,2.0
71.60142522504353,73.5988998413086,72.82414928230678,72.67482478288629,87.43616848273926,4.0
68.93173713928589,69.89922332763672,68.13245770091065,68.98780605594442,67.81492667926699,4.0
66.75198523788353,65.52970886230469,64.88181980999335,65.72117130339386,76.37727711864697,4.0
55.767031537823364,51.46589279174805,51.25300527725625,52.828643202275885,50.660155272663246,1.0
69.60626522825675,69.0063247680664,69.32673463043314,69.31310820891876,69.10205635149073,4.0
,,,,,
,,,,,
,,,,,
57.24189171567125,61.82954406738281,58.78007503374531,59.28383693893312,54.260580716967,1.0
46.906602204169154,47.30544662475586,48.48826194664997,47.566770258525,55.58768836704896,2.0
52.01295423364655,55.881187438964844,55.22212326488743,54.37208831249961,56.31452960244759,2.0
56.5434949904236,57.42240524291992,55.52019036451643,56.49536353261998,47.48160875891956,0.0
55.83018965666685,55.678932189941406,54.394480511061765,55.30120078589001,60.56589949429132,2.0
69.53261539462865,68.87216186523438,68.66937336059163,69.02471687348488,59.91924469647841,2.0
63.79547496517284,62.141273498535156,62.88350437043887,62.94008427804895,69.16612872749339,4.0
56.94703437336341,49.93062210083008,52.0370315577744,52.97156267732263,56.50857583988729,2.0
,,,,,
53.15748693299431,51.57212448120117,48.97088607563269,51.233499163276065,37.12115749938178,0.0
59.25872128332017,60.768123626708984,62.60621025860708,60.87768505621208,66.29026274383017,3.0
65.16090075356502,64.39850616455078,63.94969821885227,64.50303504565602,59.12462667441507,2.0
54.37563529925871,55.61272048950195,55.44523230714295,55.1445293653012,62.324164706050205,3.0
58.28345344070665,56.90513610839844,56.12094634823867,57.103178632447914,63.52704853567813,3.0
,,,,,
60.139069976119885,60.08888244628906,62.8313599529831,61.01977079179735,55.11241474409179,1.0
65.14402571757613,59.30186462402344,62.80283058133201,62.416240307643854,61.34351951166829,3.0
73.46348212481185,72.80095672607422,71.2790641348022,72.51450099522943,79.41328190035136,4.0
53.867012861443214,53.483238220214844,54.54317201998212,53.96447436721339,54.49410144048929,1.0
64.30982100467601,65.7540054321289,66.56362911807545,65.54248518496011,60.89078882478036,3.0
58.88670266951734,61.532798767089844,62.30596790922224,60.90848978194314,61.68366893367657,3.0
49.07801676147662,50.16390609741211,49.58860549283007,49.6101761172396,47.757309813727794,0.0
,,,,,
,,,,,
,,,,,
49.031189995497215,54.287193298339844,45.16398119320254,49.49412149567987,51.464049838588735,1.0
58.51534160814021,58.86900329589844,59.631442781228685,59.005262561755785,41.96505421621789,0.0
,,,,,
57.105554463770424,55.24525833129883,55.543361025847666,55.964724606972304,38.59954021897671,0.0
56.03943659024403,57.04660415649414,56.41786770966636,56.5013028188015,54.029961764252285,1.0
59.220839558911905,57.372859954833984,56.43834461552015,57.67734804308868,64.27275848576153,3.0
59.59955776179058,58.97831726074219,60.361884471052335,59.6465864978617,42.55651143461907,0.0
46.95676156557281,47.269859313964844,48.275543219299706,47.50072136627913,48.73294667390483,0.0
,,,,,
54.26943374170632,55.2226448059082,55.659965054316544,55.0506812006437,74.59603045109309,4.0
55.29992554402249,56.32661056518555,56.857812715203956,56.16144960813733,66.4915134276457,3.0
58.239674373761325,56.37799072265625,56.50770373167699,57.041789609364855,57.70206717949298,2.0
56.45246170534632,54.214378356933594,53.218628235830586,54.628489432703496,61.83377693179214,3.0
47.08399724883572,50.616329193115234,50.79190438170507,49.49741027455201,43.62163739642384,0.0
52.72290170558403,54.03635025024414,53.32215185799574,53.3604679379413,56.805857882019325,2.0
48.63482267718529,46.89921569824219,46.901728364321926,47.4785889132498,52.0255985325584,1.0
56.573435752455055,59.54904556274414,58.53869119560204,58.220390836933746,52.57269276399794,1.0
,,,,,
58.686001985564936,55.81975173950195,56.12994192597492,56.878565217013936,55.95973820115038,2.0
59.81866503390046,59.65398025512695,59.32910855259371,59.60058461387371,60.12360788438275,2.0
55.23347502378581,54.32846450805664,55.833204993681164,55.131714841841195,64.41934637587262,3.0
50.37323198725128,51.424095153808594,52.74082399866209,51.51271704657398,38.45165060823695,0.0
66.9362470328358,64.56825256347656,65.06146725042551,65.52198894891262,66.31640538803897,3.0
66.29506905396875,68.31879425048828,68.39108581577426,67.66831637341043,77.03589584900095,4.0
,,,,,
52.541086662608244,53.98058319091797,55.22834515563332,53.91667166971985,42.24372787884192,0.0
53.88980740205658,50.836246490478516,50.52655075619431,51.750868216243134,40.80673135220992,0.0
51.13911635018167,50.66033172607422,49.617897725783955,50.47244860067995,59.65310312112559,2.0
62.07028867137953,65.55609893798828,63.257912796729826,63.62810013536588,64.10300528065842,3.0
55.3590026620333,51.20020294189453,51.56747802329661,52.70889454240814,55.30466370254125,1.0
44.089114448228464,44.696529388427734,45.26185581561172,44.68249988408931,42.01710033898325,0.0
52.10486424111113,55.10807800292969,55.68021088176609,54.297717708602306,50.64922257119684,1.0
,,,,,
73.2076044902969,75.2645492553711,74.00843448431596,74.16019607666131,65.81760244693594,3.0
,,,,,
64.64731126518933,64.42202758789062,65.22680289990359,64.76538058432784,57.777068442047614,2.0
60.811725491217096,64.1650161743164,63.350848780199925,62.77586348191114,63.28969453845077,3.0
50.47025305283956,51.205810546875,51.37443258105197,51.0168320602555,49.26638382780582,0.0
55.391726962563105,54.26737976074219,53.61623210485745,54.425112942720915,55.9349493980843,2.0
68.50615678539883,66.71773529052734,66.7176318471464,67.31384130769085,71.92270541533793,4.0
56.39583894337675,56.7581672668457,56.71912644198537,56.62437755073594,78.26905282612518,4.0
52.273106613286025,55.31206130981445,54.418178099294984,54.00111534079849,57.62431943092075,2.0
43.29365258189069,47.08203125,47.43790319137396,45.93786234108821,45.87451775053365,0.0
67.14753978410327,67.06331634521484,65.90521256711108,66.70535623214307,67.99477849367896,4.0
57.24505251792307,54.702972412109375,55.67088425336006,55.8729697277975,63.9847835331037,3.0
69.96793020634996,72.27002716064453,70.41573339010645,70.88456358570032,80.32113473842284,4.0
57.04780776450787,56.71251678466797,58.82297689534836,57.527767148174725,60.84689191855297,3.0
49.017479932698535,51.2181510925293,49.27219388010038,49.83594163510941,38.44808116597821,0.0
54.97728101934685,53.42489242553711,52.9154926547692,53.77255536655105,41.04439942309183,0.0
,,,,,
59.46844755309788,61.9891357421875,60.95185180876532,60.803145034683574,57.98134743199487,2.0
52.93967421366377,51.0355339050293,50.91173848552585,51.62898220140631,46.95537411883151,0.0
61.31438937844014,62.49186706542969,63.35473661322026,62.38699768569669,58.57666681924984,2.0
58.11797462270068,54.74453353881836,53.28454637923895,55.382351513586,68.14469525315378,4.0
57.913158978301894,56.33367919921875,56.268991197765516,56.83860979176205,49.07714164507469,0.0
66.43022973570916,68.61531829833984,62.282792811474245,65.77611361517442,60.77628979780722,3.0
67.55664618716261,71.44269561767578,70.62657128224316,69.87530436236052,73.50730812418183,4.0
51.99019964632986,54.54069137573242,54.68680946260848,53.739233494890264,53.78886900470896,1.0
59.93118020168467,57.85283279418945,60.13355837826343,59.30585712471251,46.87872572374774,0.0
49.79898591198223,48.46574401855469,48.33950839161993,48.86807944071895,61.4298100760391,3.0
48.22426613409863,50.26498794555664,49.30745977517546,49.265571284943576,58.61267773713268,2.0
54.76683230048567,53.78955841064453,56.27270117728864,54.94303062947295,42.119758115364014,0.0
77.64446689150013,79.11995697021484,77.51402095477249,78.09281493882916,74.82888206161547,4.0
57.84864860632786,56.848079681396484,57.00685998777106,57.23452942516514,50.95371473398384,1.0
48.24160623744069,48.31046676635742,48.47773132048975,48.34326810809595,42.36303500949201,0.0
,,,,,
51.79342067089496,52.407562255859375,51.56286854416761,51.92128382364064,50.264236992214265,1.0
63.69753308694647,63.1298828125,62.03152604323863,62.952980647561695,76.01517808632896,4.0
,,,,,
46.65620975424096,49.563838958740234,49.57848737229914,48.59951202842678,32.5284255785051,0.0
71.11407291349592,67.9327163696289,69.04350921968165,69.36343283426883,75.1547893978668,4.0
51.21007343929398,50.11404037475586,51.7243447103778,51.01615284147588,41.45853524630273,0.0
71.18823010520015,71.71050262451172,69.01349146488955,70.63740806486715,66.30343871648085,3.0
54.580757962224936,54.08964538574219,52.61934084120996,53.76324806305903,60.00604873730466,2.0
,,,,,
58.887304852961826,56.70733642578125,57.53755677924775,57.71073268599695,64.7378019149449,3.0
,,,,,
63.20341198148018,65.9922866821289,62.19303336902884,63.79624401087932,57.28691254929677,2.0
69.27530651477863,71.2943115234375,68.91226963315773,69.82729589045796,90.60685691912512,4.0
,,,,,
52.153268310878396,50.36155700683594,51.880598434493365,51.465141250735904,48.08515971645239,0.0
58.955350901217585,56.76933288574219,57.714303482263496,57.81299575640776,46.85016846474639,0.0
,,,,,
54.75609545587642,55.78451919555664,56.302396516876186,55.614337056103075,57.6732656632463,2.0
,,,,,
,,,,,
51.918011429905945,55.0270881652832,54.99352913325531,53.97954290948149,48.56000535185483,0.0
74.00754296030225,73.35527038574219,78.33061068469425,75.23114134357957,66.25214623915313,3.0
,,,,,
64.58637485875873,66.64379119873047,66.78477633929658,66.0049807989286,71.73609925169426,4.0
59.6299822738903,56.998348236083984,56.1346630110551,57.5876645070098,56.20312288277395,2.0
65.53484777294176,68.10806274414062,68.67306041060986,67.43865697589742,62.11660247892248,3.0
62.599486648798944,62.153900146484375,65.84808757262084,63.533824789301384,45.39722460261797,0.0
60.14685438245031,56.56792068481445,56.53694165410561,57.75057224045679,64.30688108595324,3.0
53.17530533738495,54.684051513671875,54.28356467784679,54.04764050963454,50.6129160639807,1.0
57.27081749252057,59.61625289916992,57.13761415342826,58.00822818170625,73.3855424347573,4.0
52.7123313756255,54.869346618652344,54.85564053970677,54.14577284466154,57.19064447643907,2.0
63.867456568954225,61.558128356933594,62.86640226296441,62.76399572961741,74.06471619000612,4.0
70.42855336216086,70.72954559326172,69.75554412700926,70.30454769414393,70.97449956022703,4.0
57.01935090168316,60.08988571166992,61.618024992050024,59.5757538684677,55.22608084007404,1.0
58.541111448077416,59.20797348022461,57.126576533948494,58.291887154083504,67.08964253939041,3.0
53.690119379175556,54.96220779418945,55.1542961800453,54.6022077844701,40.78626944998974,0.0
58.83564529410819,60.4066162109375,59.732200543151336,59.65815401606568,51.32931754716423,1.0
,,,,,
54.288811490805756,55.510860443115234,55.406781054311985,55.06881766274432,52.79856636471656,1.0
44.16409893437187,45.93356704711914,48.375298366806426,46.15765478276581,32.024380345105605,0.0
54.16672724950467,55.568912506103516,56.319362547492524,55.3516674343669,53.13295644484428,1.0
68.58673474561677,66.3298110961914,67.72759992485025,67.54804858888615,63.46692864114121,3.0
68.00386016567822,67.2139892578125,67.78396175128357,67.66727039159144,69.73921680642556,4.0
58.866096898777904,57.815921783447266,56.70514633639016,57.79572167287177,57.25898169755235,2.0
59.11783117201817,60.236507415771484,57.49843567163524,58.95092475314163,73.23323100673004,4.0
57.83025970158,60.049171447753906,59.57465481231086,59.15136198721492,55.79434211067563,2.0
52.55428194164852,54.67729187011719,55.28466776916102,54.17208052697558,51.35618779547305,1.0
62.793046604944244,66.23764038085938,67.25974458207959,65.43014385596108,65.02648132625941,3.0
65.70961878874469,62.62539291381836,62.761996226997205,63.69900264318675,69.03085961071312,4.0
,,,,,
52.24396716708129,49.48280334472656,50.09390400596194,50.606891505923265,51.15428721954363,1.0
68.54091506925491,70.28943634033203,71.30791037844129,70.04608726267607,66.95511713310198,3.0
44.09029474260059,46.62078094482422,46.28030133919079,45.6637923422052,40.84718523628296,0.0
76.9845093150479,75.07952880859375,76.03784175048541,76.03395995804236,68.71122461043834,4.0
45.50592237151746,48.01857376098633,49.19498254908231,47.573159560528694,47.179740496516594,0.0
75.56138492438055,73.09033966064453,71.95484681969958,73.53552380157488,81.62862368780864,4.0
51.018672511699826,54.79798126220703,56.00606801655848,53.94090726348845,59.4583447540768,2.0
,,,,,
55.092269263870534,55.462459564208984,53.291647460654076,54.6154587629112,60.0647545694463,2.0
61.01842510877651,64.50664520263672,58.479820383295554,61.33496356490293,51.028396230267454,1.0
57.16006425152433,59.10077667236328,58.27930124662372,58.180047390170444,62.12458037388312,3.0
56.897740873126494,55.77727508544922,56.63069915355984,56.43523837071185,48.46475330017862,0.0
53.47109033995459,55.38147735595703,55.38458919896609,54.745718964959245,46.18213135438091,0.0
65.36543913636778,66.42192840576172,68.02931231900796,66.60555995371249,74.1637708007204,4.0
64.74850417607333,66.05995178222656,65.09038463819972,65.29961353216653,76.34007727514384,4.0
58.8689874224737,60.78396987915039,60.762931887188415,60.13862972960417,62.46857542464728,3.0
53.89494076089539,55.20199203491211,54.495299181609546,54.53074399247234,46.932065572480695,0.0
51.79391333622528,53.9980354309082,55.976003281184084,53.92265068277252,49.42965835023799,1.0
59.04645190357922,56.06202697753906,55.35197245426074,56.82015044512634,60.93344131188925,3.0
57.814786653805506,57.37118911743164,59.192420939257815,58.126132236831644,52.70111182018452,1.0
50.730769876696996,48.8524284362793,49.80189044893287,49.795029587303056,51.80108867838147,1.0
58.44776188087959,58.00643539428711,57.996592953422116,58.1502634095296,65.11379030392344,3.0
72.12513703531022,77.52495574951172,72.14128301013284,73.93045859831825,71.94228850642348,4.0
,,,,,
65.20047618032024,65.20034790039062,64.87141245702915,65.09074551258,60.91058539969543,3.0
67.83605191506976,66.4706039428711,65.90348916961051,66.73671500918378,75.2501438792192,4.0
58.61516871957523,60.19062423706055,62.26318267379854,60.35632521014478,53.027833968037385,1.0
59.057210403065355,59.88385772705078,58.874919445154724,59.271995858423615,59.5302966004444,2.0
47.67203124146432,50.920265197753906,46.40760180538456,48.33329941486759,48.12853100077989,0.0
62.35784912648992,64.32530975341797,61.32405752787644,62.66907213592811,73.70546358349924,4.0
68.18175958935228,69.39064025878906,69.1391527503584,68.90385086616658,82.77688656159572,4.0
50.915114527984734,50.24144744873047,48.265449819872,49.80733726552907,46.45891967447339,0.0
57.7474411405041,62.84286117553711,60.152215108468475,60.2475058081699,66.39476816944571,3.0
61.859324294492474,60.00084686279297,58.56109421237011,60.14042178988518,48.89692250452868,0.0
,,,,,
64.51372367832472,63.44133377075195,62.60644494914376,63.52050079940681,67.61368225410811,3.0
63.17601694115892,63.88779830932617,64.1084279500427,63.72408106684259,80.8835877375661,4.0
69.24680384770954,68.95227813720703,69.85363426261051,69.35090541584236,75.49931639765892,4.0
49.246674687501105,49.01477813720703,48.582306835454176,48.94791988672077,45.92097521581376,0.0
53.09833359209775,54.1429443359375,54.521347646009914,53.92087519134839,52.05991579809875,1.0
58.50200715802787,55.84190368652344,58.21296728298411,57.518959375845135,54.88978354306695,1.0
58.17508979166345,62.984073638916016,58.701942472387955,59.95370196765581,55.55778254026669,2.0
,,,,,
64.00079751260286,63.2504997253418,65.70451532345159,64.31860418713208,60.64335634177614,3.0
60.56762445966282,58.29056167602539,62.176125413702245,60.34477051646348,55.74879768653932,2.0
62.69025833554972,61.507938385009766,63.0333771450036,62.41052462185436,68.66730051928566,4.0
,,,,,
53.6231780288583,52.75205993652344,52.75513010037897,53.043456021920235,46.34546186837452,0.0
68.86392663377389,67.31449127197266,67.2895994915996,67.82267246578205,74.05187081013243,4.0
,,,,,
54.370788409942655,52.983848571777344,52.72219974095864,53.35894557422622,50.25030961418502,1.0
40.499094932223116,47.172237396240234,46.76621039807084,44.812514242178075,59.38325616445083,2.0
55.4251194974278,56.3990592956543,56.88300902265276,56.23572927191162,57.38680752138061,2.0
57.955394423715745,57.43592071533203,57.09133307848135,57.494216072509694,53.63510882149312,1.0
57.09278308940163,55.766265869140625,56.22273737440819,56.36059544431682,63.78758085609204,3.0
,,,,,
62.48492428490149,65.48336791992188,64.11489919382475,64.02773046621604,64.13422608426649,3.0
51.12197711031517,52.2289924621582,53.332568877035655,52.227846149836346,55.711062681593226,2.0
68.79396701475626,71.78469848632812,71.42391403373892,70.66752651160778,67.46776173252775,3.0
55.25520213643682,51.48527526855469,52.00312389612432,52.91453376703861,66.01262036266233,3.0
59.05200182221702,57.246925354003906,56.133081676062815,57.477336284094584,55.0182579231164,1.0
52.09303041934498,52.03667449951172,52.53761778005172,52.22244089963615,65.37987547109246,3.0
44.492768608718244,45.15975570678711,46.37451225136806,45.34234552229113,48.02763675411005,0.0
71.15189026256589,71.94425201416016,73.17219511739391,72.08944579803999,58.83782500223048,2.0
53.27434681311559,54.80370330810547,55.193678212406866,54.42390944454264,43.66567482498955,0.0
48.91036201898353,50.730690002441406,47.46386195628132,49.034971325902085,51.2958853545295,1.0
51.381723300397034,51.47842788696289,51.7673524567795,51.542501214713134,41.58789746937912,0.0
65.26561449723312,63.00749969482422,64.83963819064994,64.37091746090242,63.3506833020658,3.0
48.11065159862643,48.0806884765625,48.55784590582645,48.249728660338455,47.62500722705992,0.0
52.45263696879469,54.37248992919922,54.51119592050374,53.77877427283255,50.46469665563541,1.0
55.683210522942254,56.26387023925781,58.29385996310906,56.746980241769705,49.33524072381299,0.0
,,,,,
53.941125481075,52.89505386352539,51.55679417862293,52.79765784107443,55.3188994009624,1.0
71.00678206188567,68.94486236572266,71.70899680433986,70.55354707731607,81.24579956653574,4.0
,,,,,
55.90305983279264,55.243953704833984,55.481896253986264,55.54296993053763,49.4060477384614,0.0
51.2614245071765,53.76259994506836,54.89716008088835,53.3070615110444,45.86845941688674,0.0
67.41569208824504,67.46217346191406,66.38445308272307,67.08743954429404,71.9262803193868,4.0
68.83911497820124,65.75269317626953,66.1220358607028,66.90461467172452,58.56295080093279,2.0
55.911281404875176,54.54398727416992,51.76254007918711,54.072602919410734,61.04161109771847,3.0
57.015473992997215,54.91071701049805,55.48522095652674,55.803803986674005,54.55068221291007,1.0
45.83524496139016,47.10453796386719,48.33930172874944,47.09302821800227,41.909273732912574,0.0
72.11759623470435,71.99027252197266,72.28317303570019,72.13034726412572,71.38970411784055,4.0
55.341248483598996,55.80266571044922,55.71873885474888,55.62088434959903,71.94321787620149,4.0
52.95924624144044,52.55502700805664,51.45820177602079,52.324158341839286,61.421704144975,3.0
59.26711365211294,56.71873092651367,57.03903289238447,57.67495915700369,64.72068989255507,3.0
55.25350158876976,55.773681640625,54.37928032621151,55.13548785186875,53.832293412625525,1.0
67.13300959327076,69.29476928710938,71.21624053467909,69.21467313835306,71.03370965838089,4.0
60.256577667751635,59.3170166015625,58.01449828125465,59.1960308501896,61.302391532892486,3.0
69.41209783086194,68.9394302368164,69.83139392039361,69.39430732935732,82.622511187482,4.0
58.917983842621965,51.50217819213867,53.56164082437977,54.6606009530468,47.82845983358561,0.0
48.54039326794239,49.584228515625,49.78454555012109,49.30305577789616,41.38031270201488,0.0
49.67303634772494,53.29816436767578,53.178925568096595,52.0500420944991,49.41291877600193,0.0
54.72067730675845,55.234981536865234,55.1498574378931,55.03517209383893,54.677110489216936,1.0
65.76939028458858,66.86466979980469,65.88474840484476,66.17293616307934,63.36852097642785,3.0
69.00737524913617,69.19148254394531,69.00418205591696,69.06767994966613,67.5075863025685,3.0
73.16355428854214,72.01974487304688,69.79368029759678,71.65899315306193,73.15844543476835,4.0
44.65561713573129,48.685546875,48.276240586325734,47.205801532352346,43.93271447384056,0.0
63.44885232408628,67.22713470458984,67.038545405151,65.90484414460904,72.05683065154959,4.0
48.28780831354911,51.69036865234375,51.15442988905803,50.37753561831696,53.21049782132537,1.0
72.0756824758322,68.1847915649414,71.08190507448494,70.44745970508619,75.4512254252087,4.0
68.79307522002208,69.80760192871094,68.7059939550967,69.10222370127657,75.1066298005676,4.0
62.423753454893365,65.2695541381836,64.73598941689886,64.14309900332528,77.11325515365712,4.0
51.84521641785735,51.077369689941406,50.60013220622909,51.17423943800929,59.18169261112852,2.0
53.292159931406644,53.56291198730469,52.5274023053448,53.127491408018706,51.05018049384349,1.0
,,,,,
50.55440490438815,50.36252975463867,50.70634773588493,50.54109413163726,43.17327760135599,0.0
47.945287466533316,51.58445358276367,49.671170971492316,49.7336373402631,41.40032491494276,0.0
47.96061173935313,46.697330474853516,46.47993405970445,47.04595875797037,49.93462427492935,1.0
68.29314960196841,70.75308227539062,69.60161724601697,69.54928304112535,64.31804236356678,3.0
54.859236437976215,57.63519287109375,53.918214468391156,55.470881259153714,56.584838232976544,2.0
65.97242924421207,69.4792251586914,66.88434618052975,67.44533352781106,72.72234884137582,4.0
61.00859328454931,54.033363342285156,59.291117387750695,58.111024671528384,53.14441193090957,1.0
63.64527999001629,64.9940185546875,66.28003696208197,64.97311183559525,51.53892410046335,1.0
65.7824361268604,68.06266784667969,66.37009748333682,66.73840048562563,69.7589264606687,4.0
,,,,,
,,,,,
58.18413955751249,58.00080108642578,58.70107641203926,58.29533901865917,61.10310928374054,3.0
60.62919515486784,63.338314056396484,65.11281773605324,63.02677564910585,87.10972537955833,4.0
47.04546071754651,44.75733184814453,46.25851591631221,46.02043616066775,46.38317350152485,0.0
68.38804670862088,71.14573669433594,69.67395493776517,69.73591278024067,72.62473072546233,4.0
61.59113820486124,61.71730422973633,61.77159117208746,61.69334453556167,69.05112893083847,4.0
66.84124003935227,64.2173080444336,62.34630276273447,64.46828361550678,67.21670139204397,3.0
,,,,,
58.577775157775676,57.3596305847168,60.41400144834235,58.78380239694494,50.8351113320044,1.0
68.7125969041773,69.63359069824219,65.4717611325232,67.9393162449809,59.94255612899613,2.0
59.427046944242065,58.12134552001953,59.263380560396634,58.93725767488608,54.55443694011463,1.0
64.34422404873148,65.94470977783203,66.39023518660872,65.55972300439073,64.95293141045104,3.0
59.658417463692,59.766929626464844,59.36398196766042,59.59644301927242,57.63096849001983,2.0
56.57819409409651,55.929954528808594,56.86932297832573,56.45915720041028,58.98333983147206,2.0
,,,,,
57.835963644846515,56.04059982299805,57.55226747499531,57.14294364761329,55.25263647007318,1.0
70.8945753568127,74.41905212402344,72.77613149262805,72.69658632448805,59.132130300507626,2.0
,,,,,
52.94967424947429,53.998165130615234,54.649898048462475,53.86591247618401,51.304293677769934,1.0
63.26727540440667,62.83867645263672,62.71961953597996,62.94185713100777,55.92302485123465,2.0
58.711623967913695,59.61466598510742,58.83709277149799,59.05446090817304,53.20420827430897,1.0
47.73698215229915,50.53157424926758,49.97963048428667,49.41606229528446,44.709031663724936,0.0
55.512338211256626,56.0167236328125,57.13041939849673,56.21982708085528,58.96265019964083,2.0
49.02083154319728,50.19139862060547,48.97529656979677,49.39584224453316,38.540012379280746,0.0
65.58894945935535,63.204132080078125,63.21663550396689,64.00323901446679,58.58502305586546,2.0
55.86722728419845,56.59138107299805,56.10280818246002,56.18713884655218,54.22448064262639,1.0
49.0489106914957,49.95766830444336,49.92595756753493,49.64417885449134,49.41448811096657,0.0
53.31799485274969,55.4595947265625,56.350630418688176,55.042739999333456,51.60148566852092,1.0
57.89387273444964,60.02873611450195,62.204000909431095,60.04220325279422,42.283977165447325,0.0
54.68945756033143,58.104454040527344,58.908168296851414,57.23402663257006,71.30812955532082,4.0
,,,,,
56.99876906646539,61.54150390625,61.96406471222132,60.16811256164558,64.95795601521402,3.0
51.77838195491156,53.47633743286133,51.54701197606345,52.26724378794545,53.20972479614595,1.0
57.3054136559477,55.8666877746582,56.17922585486017,56.45044242848869,57.54695754952968,2.0
65.35899163057854,65.7935562133789,62.79316564005403,64.64857116133716,56.95838985709063,2.0
63.96421985718501,65.17599487304688,64.17304332469449,64.43775268497546,62.38306002027298,3.0
53.4782200974827,52.872169494628906,54.60453715824655,53.65164225011939,52.52274051145356,1.0
74.3441246146648,73.53997802734375,73.48075881897341,73.78828715366066,77.90206250014529,4.0
52.37009620412229,53.401161193847656,53.10901597368639,52.96009112388544,55.86328400239663,2.0
64.46366047857859,64.37403106689453,64.12114019739596,64.31961058095636,68.43493827607033,4.0
51.16526197495223,52.45050048828125,50.90569026022796,51.50715090782048,41.11412064297901,0.0
,,,,,
60.20746155742054,57.649940490722656,57.15658321626379,58.33799508813565,57.29357771525177,2.0
,,,,,
69.93306317872691,68.45951843261719,70.46022439114518,69.61760200082976,66.48441211508334,3.0
58.225930200058684,54.766761779785156,56.67409302056145,56.55559500013509,51.76199889586934,1.0
50.89915304870406,52.208030700683594,52.571516897983294,51.89290021579032,45.83565979863718,0.0
46.35941437995167,48.40865707397461,47.95971070518302,47.57592738636978,49.29038548912718,0.0
52.50548404386475,55.181278228759766,55.600855643839665,54.429205972154726,51.74847000661702,1.0
48.38721915234105,49.288692474365234,48.766179529512726,48.81403038540634,45.81883234071665,0.0
65.44989333543366,66.0571517944336,66.78603778654384,66.09769430547037,75.8183701194725,4.0
,,,,,
47.01857404984647,44.1954345703125,44.30022841323632,45.1714123444651,47.26637394977843,0.0
48.82421503424256,47.20244598388672,47.23693900958035,47.75453334256988,50.56057768220752,1.0
60.729464102908665,60.8697624206543,60.955677479365995,60.85163466764299,62.58309113910843,3.0
57.76461757550318,60.51615524291992,57.72510808835328,58.66862696892546,63.00408790803132,3.0
45.90522706884731,46.251895904541016,48.03124650502404,46.729456492804125,43.723798381866935,0.0
,,,,,
63.60284306136904,60.702720642089844,61.17116581925287,61.82557650757059,46.63767669832976,0.0
51.25587243814409,51.82079315185547,52.19913488624238,51.758600158747306,45.185133745049214,0.0
55.39815811458,55.50806427001953,55.53466673495656,55.48029637318536,58.567760810943525,2.0
65.08083918634759,66.94353485107422,67.17253658739486,66.39897020827222,61.97388289920258,3.0
62.07684409537434,61.940643310546875,63.44723101428648,62.488239473402565,59.73829454239191,2.0
60.140137100792515,58.69778823852539,57.94999730099702,58.92930754677163,42.18048508158379,0.0
54.89469212899353,55.84952926635742,56.37177771519678,55.70533303684925,53.39017920328017,1.0
67.56937755578963,62.9014778137207,64.23517763780409,64.90201100243814,59.764443527159365,2.0
57.760853312133754,59.04896545410156,59.537333108724816,58.78238395832005,57.69320141862706,2.0
55.77034903109215,57.26028823852539,57.6789024000765,56.90317988989802,53.28257938853713,1.0
49.97232670380636,50.497833251953125,50.430766249526435,50.30030873509531,42.289554849868026,0.0
53.96549670115164,55.152774810791016,54.88767718207384,54.668649564672165,55.07122022910465,1.0
50.98630087740731,49.48853302001953,50.200309280517914,50.225047725981575,44.20189439151711,0.0
57.11974218586725,68.74044799804688,62.55748342986253,62.80589120459222,68.62083237923372,4.0
55.47647968239814,54.640907287597656,55.468986692833425,55.19545788760974,46.67655827771371,0.0
54.10956537503524,55.429534912109375,55.81551262605843,55.11820430440101,55.31809892931434,1.0
,,,,,
45.84522367212351,47.779293060302734,48.29750576033993,47.307340830922065,46.39468518969441,0.0
52.4220120260665,51.339115142822266,52.05370531703436,51.93827749530771,61.60290772381194,3.0
54.40379598692,53.73554611206055,53.717084125038014,53.95214207467285,52.87615938878345,1.0
49.17427086837208,48.264564514160156,48.60243317088466,48.680422851138964,50.56391750346424,1.0
57.229315895927996,57.38312530517578,61.547987304167336,58.72014283509037,50.89889533567371,1.0
70.17013943405534,71.0184326171875,70.22395955596775,70.4708438690702,64.03834969536231,3.0
55.67990679543253,55.652793884277344,56.10186540954914,55.81152202975301,50.5920051332069,1.0
57.53448045542909,55.79935073852539,55.39508902581617,56.24297340659022,57.20593081774885,2.0
,,,,,
48.572821764916334,49.17428207397461,48.04570170184682,48.597601846912596,66.99431547801031,3.0
74.78358919695573,73.9095458984375,73.62297935759572,74.10537148432967,78.90139649386172,4.0
54.1807999632496,56.61493682861328,56.6816095050234,55.825782098962094,58.74342442232969,2.0
,,,,,
53.146892680132964,56.206912994384766,56.1800197968331,55.17794182378361,50.09975054235065,1.0
75.00562612449968,75.41805267333984,75.12293831762376,75.18220570515443,80.42995582001497,4.0
,,,,,
54.042461205780995,56.03866195678711,55.41947130599346,55.16686482285385,51.67429081002395,1.0
53.750249111089715,56.79585647583008,55.41592573843602,55.32067710845194,57.01701707315564,2.0
54.73967942055886,53.88881301879883,54.11092869804114,54.24647371246627,55.01945468169576,1.0
60.393737922127585,59.66349411010742,59.75644366970722,59.93789190064741,60.94419273644173,3.0
77.6519222003692,75.2770004272461,74.27712374794044,75.7353487918519,72.91938841734552,4.0
70.08200146194062,69.7094955444336,67.47668456296017,69.0893938564448,72.7347253289891,4.0
55.625088397478514,55.71128463745117,54.99051491849713,55.44229598447561,41.72711247957365,0.0
,,,,,
70.94846854438248,68.94617462158203,69.21917455092286,69.70460590562912,61.36031271766041,3.0
62.33980481000883,60.39401626586914,59.7879898337544,60.840603636544124,53.12183658742666,1.0
48.0452295414499,49.55686950683594,49.24206940971463,48.94805615266682,40.62006674488396,0.0
55.90873881026866,57.32435607910156,56.556480497280845,56.59652512888369,48.75134015465072,0.0
47.99070285825235,49.800498962402344,49.28009611610139,49.023765978918696,60.59389533981472,2.0
59.02332330201207,58.9090576171875,57.42641262747645,58.45293118222534,54.30857279776711,1.0
,,,,,
55.08231984125666,53.55954360961914,53.582066604570066,54.07464335181529,53.5129226670409,1.0
,,,,,
73.1289216301768,74.3801498413086,73.43983411466412,73.64963519538317,81.36677272446161,4.0
52.77379726893623,50.64910888671875,50.74666385691073,51.38985667085524,48.69490337394349,0.0
66.2457185173398,67.42720794677734,64.30187552246248,65.9916006621932,66.99222440547949,3.0
57.51082405757279,55.3967170715332,56.5358196500736,56.48112025972653,51.783979467968535,1.0
63.845743261948776,62.87458419799805,63.59219707284435,63.43750817759706,54.41773759371636,1.0
47.80225641123325,43.489593505859375,48.079231987416286,46.45702730150297,47.808018459585774,0.0
73.82118569148336,75.94003295898438,76.65084916736421,75.47068927261066,79.53829061824355,4.0
73.93049884766195,72.61280059814453,74.01814942475876,73.52048295685508,82.3466289870159,4.0
55.23813637832556,54.90165328979492,56.29485364960284,55.47821443924111,72.75152322065101,4.0
60.5495009374396,60.1557731628418,60.85034425214796,60.51853945080978,62.871409995232085,3.0
58.8536565220894,57.59419631958008,55.77773640496945,57.40852974887965,57.0547556400089,2.0
,,,,,
,,,,,
66.38367959659821,68.1395034790039,67.12456081060128,67.21591462873447,63.9889651599591,3.0
,,,,,
78.91352654555841,84.30651092529297,79.60019746435802,80.94007831173646,77.14641482474657,4.0
66.6333427315779,67.31108093261719,67.45227769444074,67.13223378621194,78.30573904343532,4.0
75.62912077883534,77.04300689697266,75.77392589426712,76.14868452335837,76.11618772256799,4.0
53.501913053987906,55.54301071166992,55.00002421150256,54.68164932572014,50.53590986620874,1.0
52.582394164734616,53.907630920410156,55.05457495781399,53.84820001431959,41.58766547623359,0.0
53.79769890273046,50.57328796386719,49.52878269400443,51.29992318686735,57.74209044040696,2.0
,,,,,
58.326317104639784,56.928646087646484,57.660781039589814,57.63858141062536,49.49418874856517,1.0
67.67945147062788,68.92731475830078,69.28374125745495,68.63016916212787,63.22918460093599,3.0
67.91159652326245,65.46528625488281,65.64477542517668,66.34055273444064,71.24545796094496,4.0
59.57822220943119,57.00891876220703,59.705510144712164,58.764217038783464,56.47440899339126,2.0
50.72022638355698,50.155029296875,49.86812414871576,50.24779327638259,45.83424960429771,0.0
66.81793623536727,67.81150817871094,68.44132668201779,67.690257032032,83.06426148027539,4.0
55.09671141990456,52.455387115478516,52.66593357788808,53.406010704423714,47.42015732644463,0.0
,,,,,
,,,,,
,,,,,
57.74706775374001,60.25478744506836,58.59368941489217,58.865181537900185,67.43527259498416,3.0
56.034129521060905,57.385894775390625,59.077652435613246,57.49922557735493,59.53768532468168,2.0
69.22185712231182,70.64437103271484,70.65610965979477,70.17411260494048,62.47535197337376,3.0
54.36120062310887,53.13396453857422,54.1356358181039,53.876933659929,64.33793194786605,3.0
56.385232476876894,56.5546989440918,56.45872532385975,56.46621891494281,68.44484999561487,4.0
,,,,,
55.34820647596566,53.43585205078125,53.66641020129016,54.15015624267901,52.66412960872522,1.0
46.667241660514996,49.563838958740234,49.57848737229914,48.60318933051813,40.09937421860934,0.0
69.95002426486703,68.3687515258789,71.03055831740335,69.78311136938309,78.09328982031721,4.0
58.6701177191266,56.62883377075195,55.69651033000803,56.99848727329553,37.748532244891976,0.0
63.594637595637955,66.69688415527344,65.73175678262008,65.3410928445105,71.28182346952536,4.0
61.87281705686535,61.70508575439453,62.10997814419545,61.895960318485116,64.20886224388452,3.0
59.09619005472938,58.694488525390625,57.06097973627061,58.283886105463544,74.0747287091833,4.0
49.999484746585765,51.1216926574707,50.728925190808035,50.616700864954844,47.22392878575393,0.0
67.88368587487592,69.60196685791016,68.8320480716389,68.77256693480832,59.65118635188493,2.0
57.54071759925785,57.33648681640625,55.88309282612818,56.920099080597424,54.3931981415831,1.0
,,,,,
66.42946294310404,69.55601501464844,70.68421389957699,68.8898972857765,65.77863909083555,3.0
55.600336317816364,51.610931396484375,51.84765635163359,53.01964135531145,51.75487693536211,1.0
61.774758434991405,61.183109283447266,59.25989804216388,60.739255253534175,76.27253169150313,4.0
60.651468054458284,62.29547119140625,62.977941602918406,61.97496028292765,53.8897229849305,1.0
60.22646615734844,55.36649703979492,56.76598469030497,57.45298262914944,49.23299369470397,0.0
60.423740440430194,64.60846710205078,64.34588175347211,63.126029765317696,59.29781195799804,2.0
56.987664682776376,57.943687438964844,56.96575319546763,57.29903510573629,55.16834442255436,1.0
,,,,,
,,,,,
55.337360338063625,55.43281555175781,54.69581598446708,55.15533062476283,54.99147374478088,1.0
59.113951305312376,57.47514343261719,57.73137854076848,58.106824426232684,58.3285557236604,2.0
75.00589779340453,74.15850830078125,71.85759273318858,73.67399960912479,80.84455854044273,4.0
71.89586567985951,69.54853820800781,72.27533174051358,71.23991187612695,69.19269508421424,4.0
65.3856089022233,66.51953887939453,65.79920350904706,65.90145043022163,60.42212232745916,2.0
46.82317917741273,47.77941131591797,46.26162016326725,46.95473688553265,50.01870664465619,1.0
51.781573063530246,53.17797088623047,52.30403145557368,52.42119180177813,48.2977107418218,0.0
,,,,,
55.63485405044151,55.50143051147461,56.121413468526484,55.75256601014754,60.9317621344668,3.0
55.4538886862588,53.14619827270508,53.94549912897085,54.18186202931158,58.37573324148483,2.0
59.24425120033627,58.20188903808594,54.428348443520804,57.29149622731435,75.11430481453606,4.0
53.08609501235492,52.8513298034668,52.17072706514109,52.70271729365427,51.93656597935081,1.0
66.07978004315574,68.80394744873047,70.62921579892424,68.50431443027016,82.09855600244678,4.0
68.32032250327099,68.60943603515625,68.51702242820717,68.48226032221146,71.7652625098005,4.0
50.38005020567751,50.99135971069336,51.008075117710725,50.7931616780272,58.33131102514106,2.0
57.26133893701575,56.781776428222656,57.13180869313662,57.058308019458345,56.17083435723666,2.0
54.36733141674493,56.88737487792969,55.502806884629074,55.58583772643457,76.12106397318428,4.0
53.83042647310231,54.98552322387695,54.53594342902976,54.45063104200301,38.458490416033165,0.0
62.59143187847165,61.34379959106445,60.8593007772305,61.59817741558887,66.8891520932443,3.0
59.68884558168402,55.65277862548828,56.27475014315888,57.20545811677706,55.79290293141719,2.0
,,,,,
60.50393054490721,61.16770553588867,60.89368096319234,60.855105681329405,50.64621037122058,1.0
,,,,,
70.60191506615656,74.70052337646484,74.2909605451577,73.19779966259303,83.27927670164932,4.0
49.31302700196752,49.119144439697266,49.508638947454564,49.31360346303978,46.28454847273575,0.0
,,,,,
,,,,,
56.58708006002072,55.623390197753906,55.738149445759056,55.982873234511224,57.397249983681625,2.0
72.78483594167788,73.38713836669922,71.68769519993967,72.6198898361056,70.33088529619369,4.0
75.87152082656134,77.64181518554688,73.9480634907903,75.82046650096616,70.86394690431578,4.0
54.44394349372438,55.58839416503906,55.084745025894414,55.03902756155262,61.13345977761028,3.0
,,,,,
64.65882618709921,66.29576110839844,66.91435273104038,65.95631334217933,53.97768219064439,1.0
60.71513103680354,58.10565948486328,57.822130545374826,58.88097368901388,42.67844955435557,0.0
55.772375400693186,54.69166946411133,53.88025485552058,54.78143324010836,53.14054618062075,1.0
49.35033404392704,49.21419143676758,49.73815065689156,49.4342253791954,45.113853290872704,0.0
66.13475996364676,66.37429809570312,67.31585328097644,66.60830378010877,71.99516172338292,4.0
57.98592038847411,57.86875534057617,56.70572327215572,57.520133000402005,68.27917208222387,4.0
74.50476177809175,73.90274810791016,71.94641397387244,73.45130795329145,68.64742331387923,4.0
51.17729436058293,52.2289924621582,53.332568877035655,52.246285233258924,49.10052511195527,0.0
60.26927713206733,64.04254913330078,63.63383097524144,62.64855241353652,59.31244993503875,2.0
63.238794386756865,61.86112976074219,63.19046114512288,62.763461764207314,63.49972853278025,3.0
52.2045519208592,50.46311569213867,50.30251140098823,50.99005967132871,49.62070635897785,1.0
,,,,,
,,,,,
55.80143708812348,57.303375244140625,57.28217201787489,56.79566145004633,50.04987636324514,1.0
64.36970269255605,61.34632110595703,63.038860104873514,62.9182946344622,60.93220384114257,3.0
53.03686589383543,53.96556091308594,54.2399357699579,53.7474541922931,47.02341450865443,0.0
66.72168499300068,66.43482971191406,65.03796363265002,66.06482611252159,61.45211104581096,3.0
55.94246276905665,52.39659881591797,52.126484291817306,53.48851529226397,49.27762947059052,0.0
,,,,,
52.27025753394318,55.317691802978516,55.37192576416257,54.319958367028086,51.05474116631168,1.0
55.68111847099777,51.92170715332031,51.60110736615143,53.06797766348984,41.26482999343517,0.0
,,,,,
68.36946885960121,67.93939208984375,68.65666909360645,68.3218433476838,73.02941368665294,4.0
60.79890987065548,58.8730354309082,59.4452354355151,59.7057269123596,54.200950230753946,1.0
52.06573238263185,52.07183074951172,51.161153941962645,51.76623902470207,47.46668315291919,0.0
56.185150710017986,58.581111907958984,61.95077104218307,58.905677886720014,60.12233900861139,2.0
53.89034175504219,53.854522705078125,54.448767652535935,54.06454403755208,59.07449861871083,2.0
57.307226493401956,56.54342269897461,55.79964991212588,56.55009970150082,54.664739012675824,1.0
68.98864869465656,68.33475494384766,69.23605487053268,68.85315283634563,64.37354581442767,3.0
51.43786200080187,49.48411178588867,49.806801121215024,50.24292496930186,54.70297995181491,1.0
45.969633411186244,46.66291809082031,48.270023758010836,46.96752508667246,39.50971192874029,0.0
55.76915402458496,54.63601303100586,55.100261654670454,55.16847623675377,54.73782013916762,1.0
,,,,,
52.7818240098287,52.445343017578125,52.77292983624856,52.6666989545518,51.35656139486413,1.0
55.94069753886619,51.52009963989258,52.07195566490684,53.17758428122187,44.07340127876257,0.0
69.03558605324432,73.72528839111328,70.72029545651401,71.1603899669572,71.98728387553416,4.0
,,,,,
55.34708155428546,54.1060791015625,55.535546448634705,54.99623570149422,36.57415929023944,0.0
,,,,,
57.93084454016548,60.749454498291016,56.08124310942202,58.25384738262617,61.04994239529721,3.0
60.517068568186346,60.91398239135742,63.83857236079863,61.756541106780794,53.634263075362966,1.0
64.40729480853533,62.92974853515625,61.9618806314763,63.09964132505595,66.10215430090686,3.0
56.273760840869194,53.97782516479492,56.03062820692213,55.42740473752875,49.02971396513781,0.0
53.4686848235043,55.48224639892578,56.44785595227381,55.13292905823463,60.98322138644066,3.0
55.93808485953909,53.14656066894531,52.24457871719089,53.77640808189176,52.871062290076914,1.0
57.26260684258227,57.00350570678711,57.26681429215668,57.177642280508685,60.89683439427129,3.0
54.638134076851564,54.97977066040039,55.98223575616338,55.200046831138444,51.75641166233537,1.0
62.58589922665091,61.238182067871094,60.12994049243817,61.31800726232006,61.39143788604813,3.0
44.48846823178939,49.4287223815918,48.5530197280027,47.49007011379464,49.523314591673945,1.0
,,,,,
,,,,,
52.79820272471548,56.09487533569336,55.60290526629858,54.8319944422358,53.48725680366866,1.0
42.70467708874394,45.48616409301758,48.16299726755192,45.451279483104486,40.71028127014392,0.0
60.01681607732679,55.75698471069336,56.76598469030497,57.51326182610837,69.18588841308055,4.0
58.62177979812731,60.74930953979492,60.98099638189515,60.11736190660579,53.531380617879066,1.0
70.80715554227801,66.87899017333984,70.15559410508367,69.28057994023384,70.19339937513475,4.0
57.4475883325384,55.68482208251953,57.118625203503775,56.750345206187234,55.12911645963646,1.0
57.134426896508124,57.767574310302734,57.910099460129565,57.604033555646815,57.77829323358804,2.0
59.039007984173935,60.71391296386719,62.715572442051396,60.82283113003084,70.02018720650014,4.0
55.666102014616456,54.261199951171875,54.238647823996,54.72198326326144,51.06525181727195,1.0
67.01522378446313,73.24494934082031,69.82257150158733,70.02758154229026,75.42590172334579,4.0
,,,,,
65.03773901212539,68.79212951660156,67.56216750181179,67.13067867684624,58.91596957255022,2.0
75.2162104144394,78.64755249023438,79.93534348323045,77.93303546263473,77.09342098212014,4.0
49.26460510216663,52.338706970214844,51.494111736534535,51.032474602972,51.87727803395327,1.0
,,,,,
60.46273412271038,59.660972595214844,60.233414976884205,60.119040564936476,50.61789033372919,1.0
,,,,,
,,,,,
55.343088559735975,51.86069869995117,51.954938777213435,53.052908678966865,64.67964118722101,3.0
,,,,,
48.16053161423914,53.7913703918457,51.90461494790274,51.285505651329196,66.22004390486836,3.0
,,,,,
69.35267476367582,69.26576232910156,69.75050894835766,69.45631534704502,78.72489203792509,4.0
67.56627926125446,67.10662841796875,68.35827058450094,67.67705942124138,88.20629056246918,4.0
58.1280730366075,57.437225341796875,57.69307129777483,57.752789892059724,60.99115230573242,3.0
59.75864316367327,56.238948822021484,57.405737000542416,57.80110966207906,58.35366854119717,2.0
72.71405748956332,73.72748565673828,72.83338885045288,73.09164399891816,70.45728855635065,4.0
66.55351704085871,74.81401062011719,72.18640720535089,71.18464495544227,80.01598899045038,4.0
61.99176558697443,63.392818450927734,60.75152289035963,62.04536897608727,48.134645273316174,0.0
55.92165169444732,57.044708251953125,59.32056812672383,57.428976024374755,47.46571626783412,0.0
69.74199969074606,69.91373443603516,68.42314727372684,69.35962713350268,71.85705623638637,4.0
45.02853664674254,46.53626251220703,46.886821433385066,46.150540197444876,46.19237154244118,0.0
62.90127515360221,63.953529357910156,63.09525142617749,63.316685312563294,64.27068072265605,3.0
72.0675805423454,70.5090560913086,72.4179993719385,71.66487866853083,66.29416689337431,3.0
,,,,,
67.60423145821525,68.87567901611328,63.06588543769244,66.51526530400699,65.27674904397988,3.0
56.506031525658024,60.01194381713867,60.73436101773172,59.08411212017614,53.13807823707934,1.0
74.47736780029416,72.50169372558594,73.6682990242515,73.5491201833772,79.2160361201358,4.0
70.32120878625264,68.01380157470703,69.03937251024661,69.1247942904021,61.02614332446431,3.0
57.511848419583465,57.72327423095703,56.024659495365,57.08659404863516,54.17923869677639,1.0
56.065571537452804,54.122276306152344,53.49370506198887,54.560517635198,67.46019540910683,3.0
49.09688147833795,49.59123611450195,46.68896683574983,48.45902814286325,56.18626944453856,2.0
67.52334308738898,68.94578552246094,68.96858790147617,68.4792388371087,76.23666386677145,4.0
66.59940336325893,65.40077209472656,64.33522566307373,65.44513370701975,62.60493274913109,3.0
54.50809883448349,53.70942687988281,54.37492875601093,54.19748482345907,54.62937292269055,1.0
,,,,,
59.268033440725944,60.346588134765625,60.27053002457348,59.96171720002169,56.43602347990484,2.0
66.57313504522259,62.927825927734375,64.0460776515057,64.51567954148756,43.95924111105991,0.0
58.15497627615214,55.51469802856445,60.12424427930041,57.93130619467234,56.74444608061543,2.0
52.40576269447546,53.36730194091797,54.01135917417765,53.26147460319036,42.02550729829933,0.0
55.105795880339564,54.28453063964844,54.85878437217852,54.74970363072217,65.9101901981362,3.0
70.86998943397141,69.75811004638672,72.441512168012,71.02320388279004,64.1965852711151,3.0
49.665857815646255,51.30024337768555,52.4169030302902,51.12766807454067,54.91985229095192,1.0
64.15999596880461,71.03490447998047,66.39481056540689,67.19657033806398,61.13211835775677,3.0
64.93787849620517,63.47505187988281,62.762078218252,63.72500286478,68.15631079846952,4.0
66.7452642577444,67.11054229736328,67.32169363155337,67.05916672888702,59.88978307247631,2.0
55.24892686587567,55.70081329345703,54.961454290353714,55.30373148322881,54.62638274649557,1.0
54.6138965267152,55.452537536621094,53.502496520813814,54.52297686138337,59.17661422605973,2.0
,,,,,
,,,,,
,,,,,
49.81731308010802,52.083534240722656,51.12333247086315,51.008059930564606,58.53432970113616,2.0
68.61267292226437,68.07976531982422,68.6730068057724,68.455148349287,57.46040046913437,2.0
56.89984198451245,57.38140106201172,56.17390318399312,56.8183820768391,57.95545133265443,2.0
70.6156008904567,68.99947357177734,70.19519793076864,69.93675746433424,65.53380309256202,3.0
64.92093577841777,63.787532806396484,65.52454905746059,64.74433921409161,55.98580306705684,2.0
58.590629977493606,58.5440559387207,60.56808555309471,59.23425715643634,83.02731414970732,4.0
72.07167027164463,70.85560607910156,70.62221328902301,71.1831632132564,63.4492102299291,3.0
60.362775822565624,61.07026290893555,59.95309782463141,60.46204551871086,61.13751856697347,3.0
58.10454266536865,62.67585754394531,61.61740946818977,60.79926989250125,69.61094871702339,4.0
54.609986036256515,56.26232147216797,55.57703033816914,55.483112615531205,58.60793942027283,2.0
71.12375020842329,72.16574096679688,71.03881500865417,71.44276872795812,64.83713621731853,3.0
46.48949522055837,47.483665466308594,50.13901754064334,48.037392742503435,45.33965310276639,0.0
63.63279528151265,62.11994552612305,61.11641635416571,62.2897190539338,70.73995161120342,4.0
51.94707494546128,51.69440460205078,51.487290976170556,51.70959017456087,59.953863158705865,2.0
55.80951259906072,57.165096282958984,57.96745941659748,56.980689432872396,61.22321329587378,3.0
61.73596399337292,64.67897033691406,66.52039958530514,64.31177797186405,64.8270424436461,3.0
70.91269607117192,70.25152587890625,69.46557670080809,70.20993288362875,85.23353417692462,4.0
,,,,,
69.75436304947844,69.71434020996094,70.21539906875981,69.8947007760664,68.46235528340844,4.0
48.8123090009191,47.96846008300781,48.94309451807386,48.57462120066693,54.41049392304215,1.0
57.17952539897611,56.95529556274414,57.18595844208792,57.10692646793606,60.52835323713529,2.0
60.28645118345858,59.076969146728516,60.56132490428203,59.97491507815638,62.05679357117217,3.0
62.79144095402588,59.4124870300293,63.361629891433054,61.85518595849609,61.5142002610233,3.0
53.018652041728494,49.8823356628418,51.166610034189034,51.355865912919775,43.06845565100039,0.0
,,,,,
59.762679026216524,59.48223114013672,60.31538038581624,59.85343018405649,61.1408557021301,3.0
65.42938945714019,66.20855712890625,65.87907411488551,65.83900690031065,57.93157412356802,2.0
52.489350088484294,54.81306457519531,56.129678043364954,54.47736423568153,59.70041221187429,2.0
52.04253704299019,55.09421157836914,55.18194185197345,54.10623015777759,53.49719169892538,1.0
49.32848725989999,50.729976654052734,50.94007764537176,50.332847186441505,42.329858650582686,0.0
59.2805051684861,58.64332580566406,62.00010708586827,59.97464602000614,54.25496581606331,1.0
50.98636203833272,47.785030364990234,48.68380257324761,49.15173165885685,53.61304166690111,1.0
53.64153292868504,53.099578857421875,53.23122519128587,53.32411232579759,53.977357105806405,1.0
,,,,,
61.08846554771362,58.37164306640625,59.36922207119211,59.609776895103984,59.56825766776563,2.0
69.89562141366454,69.3635482788086,67.91541332323979,69.05819433857097,72.26749433906608,4.0
55.715217834130954,56.32896041870117,54.47238380559424,55.50552068614212,57.91618571859036,2.0
,,,,,
48.585489382963864,48.1855583190918,49.435703375362316,48.73558369247266,48.9566809193426,0.0
57.04116810183231,54.880706787109375,55.43947974125471,55.787118210065465,49.840348653804725,1.0
,,,,,
59.32441875235723,58.732818603515625,59.85240563641047,59.303214330761115,52.30413031044315,1.0
54.607638976857025,51.395362854003906,50.88621322301414,52.29640501795836,57.53756932790475,2.0
50.14895939310008,48.465423583984375,48.22854633736918,48.94764310481787,66.2420519701239,3.0
62.14604533458836,60.39401626586914,59.7879898337544,60.7760171447373,61.94744923013772,3.0
60.37295693106028,60.83259582519531,63.4739170881098,61.55982328145513,54.98124472976227,1.0
61.88349847823738,60.50644302368164,58.87446937269576,60.42147029153826,61.93100272470264,3.0
,,,,,
60.99083702309206,60.16373062133789,61.36833464888383,60.840967431104595,52.77559430647206,1.0
56.25720228672533,56.6968879699707,55.63506445349887,56.196384903398304,52.72091322203415,1.0
53.71413590610156,53.03444290161133,53.72235144520251,53.49031008430513,46.7075169549121,0.0
52.079532993751506,51.49204635620117,52.031726991053446,51.86776878033538,47.61118851092387,0.0
,,,,,
53.122831939055374,54.54779815673828,55.22356300645764,54.29806436741709,47.89376751467763,0.0
51.92864524481183,53.27107620239258,52.864454995304094,52.6880588141695,55.23809713979744,1.0
62.70830761797452,63.67362594604492,63.922828996664535,63.43492085356132,56.84601242117492,2.0
56.76247650424461,57.891422271728516,57.44525093364377,57.36638323653896,64.56379928156628,3.0
61.14767639975889,61.71097946166992,62.80470971801483,61.887788526481216,60.68996849963656,3.0
44.91788545507484,48.84854507446289,48.68159310485456,47.482674544797426,40.22235509094964,0.0
66.25684938919953,67.43132781982422,69.3923218599142,67.69349968964598,67.85254222546855,4.0
58.3459125518468,61.44144058227539,60.240724737995656,60.00935929070595,56.60342396671496,2.0
,,,,,
68.86381621886188,67.61032104492188,69.03518130904712,68.50310619094363,63.57997755340378,3.0
74.5395283486098,72.81597900390625,75.98862400698106,74.44804378649904,65.03841629719358,3.0
50.96198240461679,51.35133743286133,50.74869906920214,51.020672968893415,38.39447949568627,0.0
73.31761109088815,68.07135772705078,69.34972594528078,70.2462315877399,62.349555667219335,3.0
67.39584804217982,66.74762725830078,66.2440473220552,66.7958408741786,57.29995046212527,2.0
48.96125779592473,49.21095275878906,46.217960785300555,48.13005711333812,53.40390173186881,1.0
55.610635806366275,57.32007598876953,58.21681228762478,57.04917469425353,49.8094623694668,1.0
45.0092457470326,43.826175689697266,45.02326698629712,44.61956280767566,53.80515319884754,1.0
68.92275336749773,80.42134094238281,69.12055489181186,72.82154973389747,67.97965341042661,4.0
56.26749117645201,54.89476013183594,54.68928930504027,55.283846871109404,64.67724005210371,3.0
60.6971290177869,60.33348083496094,60.24984435401629,60.42681806892137,60.5486033103004,2.0
,,,,,
51.927162443533554,52.77432632446289,51.64537676113244,52.11562184304296,49.29906742315888,0.0
67.65014831878526,67.31452178955078,66.3949349402959,67.11986834954398,61.72232312932228,3.0
52.054517439883476,50.51324462890625,52.248733522308676,51.605498530366134,46.50005799621214,0.0
56.55351439282827,58.49235153198242,56.291804869704684,57.11255693150512,61.26361860872614,3.0
53.17960084478627,52.00875473022461,51.29409608258387,52.16081721919824,63.34602833502964,3.0
59.10862561674449,58.225921630859375,60.27850313851899,59.204350128707624,59.99194485937858,2.0
51.857223206985616,51.32708740234375,50.977737640984266,51.38734941677121,54.895910300722434,1.0
50.65508341553791,47.95952606201172,47.97037404606663,48.861661174538746,39.91275394573013,0.0
65.45687926275123,63.67047882080078,65.38735899742314,64.8382390269917,66.94094767866677,3.0
54.63096572701995,56.01830291748047,54.95337237304774,55.20088033918273,43.96195330218709,0.0
75.17471168738014,78.32589721679688,72.50204668294003,75.334218529039,91.8195489137349,4.0
54.36030350641968,54.72494888305664,53.869298881940104,54.318183757138804,65.26534265422997,3.0
61.88146679336976,63.27915954589844,61.87673989690807,62.3457887453921,58.82468993435671,2.0
54.81864721938785,55.75581741333008,56.16820666377964,55.58089043216585,57.50992614285855,2.0
61.23393372876116,58.66128158569336,59.72005694136296,59.871757418605824,64.41429615992445,3.0
68.4129324859242,66.99844360351562,67.43978336299664,67.61705315081214,69.29257073071626,4.0
61.14093658371551,58.30644607543945,58.82190610849,59.42309625588165,59.02617323702023,2.0
,,,,,
69.81079997364088,68.29938507080078,68.47512895239906,68.86177133228024,64.46203076684932,3.0
48.61597149043541,50.91897201538086,51.95273204431431,50.49589185004353,51.483894522847855,1.0
53.54308412869309,53.35734939575195,52.229630694249316,53.04335473956479,57.57769392311128,2.0
,,,,,
46.86842592542033,45.504215240478516,46.62082701959534,46.33115606183139,50.053727698170704,1.0
60.400154964300924,57.396484375,56.72408560878495,58.1735749826953,55.71150484088477,2.0
68.36938988251342,67.34738159179688,67.43010692410004,67.71562613280345,74.3111382391002,4.0
56.452182011364606,49.194976806640625,50.23922120168093,51.96212667322871,59.228679044510415,2.0
54.097302468880315,52.44386291503906,52.717311300689225,53.086158894869534,51.90934261498073,1.0
54.54296455742453,56.29414749145508,55.961956560093405,55.59968953632434,64.22000287922262,3.0
67.78842363543735,67.71852111816406,70.21538707059455,68.57411060806531,60.98781100888725,3.0
61.38545953258861,61.86848449707031,60.96730644559637,61.40708349175176,60.8831395440354,3.0
46.84822890959804,43.658973693847656,45.07632359352674,45.19450873232415,49.65822912267896,1.0
47.16928472122647,49.904747009277344,50.53135294232952,49.20179489094445,51.09939648971728,1.0
58.383186649756254,57.97954559326172,58.836500661568955,58.39974430152898,52.888951718100174,1.0
64.8577818556983,67.10872650146484,67.06857056201923,66.34502630639413,71.44799199501048,4.0
46.117202586535015,46.02138900756836,47.81021587936438,46.64960249115592,41.13293736689178,0.0
46.774144241496245,47.85295867919922,49.000420417192856,47.87584111262944,47.84767724851685,0.0
61.741633819262326,62.02521514892578,62.99442270563912,62.253757224609075,64.7825421289507,3.0
59.69016751027462,59.69154357910156,58.751033482337,59.37758152390439,59.89704701754335,2.0
65.32936893928492,63.84832000732422,62.717669196467355,63.96511938102549,65.2411713454276,3.0
53.16618211611258,48.402809143066406,50.07232372296432,50.54710499404777,49.961350965619296,1.0
60.23811714071066,64.87162780761719,61.08315200931749,62.064298985881784,64.98594519740378,3.0
,,,,,
45.750976565695964,47.34864807128906,48.45363168369256,47.184418773559194,33.13384590429997,0.0
47.49968355550187,49.0108642578125,49.8145039514269,48.775017254913756,37.98375218301117,0.0
57.061104153878674,53.686424255371094,54.71589354609416,55.15447398511464,44.07133997846992,0.0
45.58244750814587,49.73413848876953,50.5230750387576,48.61322034522433,56.41839193620466,2.0
62.15555006525361,62.77785873413086,60.017743979845314,61.650384259743255,62.83687217894609,3.0
46.870853416520085,47.83381652832031,48.25059645221732,47.65175546568591,44.0789541946119,0.0
52.65355492304962,50.56509780883789,50.94917806605072,51.38927693264608,59.04076085762245,2.0
63.42154317310309,61.088016510009766,61.63184305405024,62.04713424572103,61.09284059535638,3.0
,,,,,
65.55740408162227,67.22265625,64.4635746071741,65.74787831293213,78.08836752301445,4.0
58.30217385317666,56.1769905090332,56.35734024266866,56.94550153495951,45.05329288844564,0.0
68.07800757299304,65.47012329101562,64.9540069636819,66.16737927589686,73.10071472214159,4.0
,,,,,
,,,,,
59.229331128641846,61.0900764465332,59.18946646258314,59.83629134591939,66.90725389826456,3.0
62.64494281903758,61.96518325805664,63.67257688335239,62.760900986815535,68.78804050705526,4.0
53.77166727857675,55.94636535644531,55.85396392224049,55.19066551908751,62.820282144099664,3.0
54.7447797575436,55.91623306274414,54.76134828932542,55.140787036537716,58.53661027650637,2.0
56.45624245955445,55.493377685546875,58.02216001148813,56.657260052196484,56.4911236036744,2.0
67.06979194550752,70.34927368164062,68.59967562187278,68.67291374967364,58.1199753192791,2.0
49.200591973828026,50.63841247558594,50.80870313696,50.215902528791325,40.26712665176596,0.0
59.28517819939309,58.83955383300781,58.68542200691209,58.936718013104326,58.67874291347919,2.0
53.613189589771515,52.57328414916992,52.96865716454038,53.051710301160604,49.766733805594825,1.0
56.754278376772525,59.19663619995117,57.41417478930706,57.78836312201025,104.01205264994827,4.0
54.33862724858539,52.256351470947266,54.29178540746995,53.62892137566754,50.16757328473938,1.0
63.51927646727112,65.97217559814453,66.51439419704337,65.33528208748633,70.3444156036839,4.0
48.176198735755555,50.16632080078125,49.916917057321655,49.419812197952815,41.58277035978718,0.0
54.21363255169085,53.4453125,54.01135917417765,53.890101408622826,49.74581461059991,1.0
69.46324319360595,71.56985473632812,71.28417321290351,70.7724237142792,77.09461416974729,4.0
62.82138121281633,60.53518295288086,60.6797796351235,61.3454479336069,60.717767657122224,3.0
56.97812717048296,56.54358673095703,56.22802828008311,56.58324739384103,58.700585053361976,2.0
67.75887570566883,66.61837768554688,66.14632522885081,66.8411928733555,65.58713482268155,3.0
,,,,,
51.05704942648955,53.14904022216797,54.74329647193454,52.98312870686402,56.34572682696045,2.0
53.4216295264562,54.073490142822266,55.27143297928139,54.25551754951996,52.64748687377056,1.0
54.94181947540717,53.88456344604492,54.03741452399665,54.28793248181625,57.65221884938767,2.0
56.6913367375415,58.799076080322266,59.90131108311861,58.46390796699412,56.1084953538418,2.0
62.793046604944244,66.23764038085938,67.25974458207959,65.43014385596108,61.47438860864041,3.0
50.915139621192424,53.748291015625,54.093606316518944,52.91901231777879,57.3987757944,2.0
60.34836086607533,63.24042510986328,57.563942627464904,60.38424286780117,53.44609151781104,1.0
44.51007995986973,43.24645233154297,44.58785115787318,44.114794483095295,48.987812081642296,0.0
45.50464054263182,44.45523452758789,45.951582127229855,45.303819065816526,40.13662408309376,0.0
54.36030350641968,54.72494888305664,53.869298881940104,54.318183757138804,66.99835414386119,3.0
49.04094602964251,50.35674285888672,50.29362749664393,49.89710546172439,55.48010481410074,2.0
50.35545459978908,48.99494934082031,49.73869460076072,49.6963661804567,48.19593640782029,0.0
55.016887282903106,53.35646438598633,54.83167325631015,54.40167497506653,49.61782400981704,1.0
65.14279754415443,68.4752197265625,67.01707186551758,66.8783630454115,58.94424835815828,2.0
65.0923519018644,63.41362762451172,63.46750405093319,63.99116119243644,72.05857860305302,4.0
,,,,,
57.01192126714732,55.37397003173828,55.19815787199044,55.86134972362535,56.508666836299874,2.0
55.05774804024492,53.70331954956055,51.83925197639563,53.53343985540037,39.27503941922873,0.0
,,,,,
52.90950125449653,53.726226806640625,53.11873765440497,53.25148857184737,41.47159710784253,0.0
59.638726877922984,59.7746696472168,61.12026132806377,60.17788595106786,64.09130974396669,3.0
66.10901672198688,68.7004165649414,67.50198014612772,67.43713781101867,66.20112382078004,3.0
63.80510741160109,64.08407592773438,66.8575686285252,64.9155839892869,72.99279233952706,4.0
57.80640567123049,52.91838455200195,51.44805842616507,54.057616216465824,63.04665580642852,3.0
67.4152864270336,68.80785369873047,68.38755601574775,68.20356538050395,67.97584204419735,4.0
,,,,,
45.25061985045362,46.28590774536133,45.845178027711086,45.793901874508684,43.75864037551911,0.0
62.02130043087138,61.7862434387207,60.2509809925359,61.35284162070932,70.73199367938014,4.0
68.51678700075341,65.9267349243164,65.75556755171108,66.73302982559363,82.70197976788059,4.0
52.597423863186044,53.2581672668457,51.42056045374437,52.4253838612587,37.07548922058791,0.0
65.6715229515511,66.7828369140625,65.62442391463452,66.0262612600827,79.21785907533435,4.0
58.23227882542572,57.73755645751953,56.89182318328199,57.620552822075744,63.04115172678019,3.0
56.83230147891445,55.06985855102539,55.595161441475774,55.83244049047187,57.84485952455772,2.0
52.82469843662598,52.13582992553711,53.9700621170971,52.97686349308674,44.90595371270059,0.0
47.277753870690404,46.16347885131836,45.5865234382383,46.34258538674902,57.43382141793434,2.0
61.148888448869634,61.0453987121582,60.720328987447644,60.9715387161585,66.62124727785378,3.0
62.06588777829672,63.04922103881836,65.56593092764523,63.56034658158677,65.67248780206002,3.0
53.45973025329747,55.092529296875,56.423059022420354,54.99177285753094,50.717239622491206,1.0
66.51861424439699,66.20909881591797,64.98118518175718,65.90296608069072,46.42305986852192,0.0
58.06665083718935,56.540225982666016,56.50818762330632,57.038354814387226,62.94636441753618,3.0
63.0864134761935,62.08980941772461,60.354728069183025,61.843650321033714,61.37337707199874,3.0
53.22995717114366,54.60014724731445,53.23922069854096,53.6897750389997,39.30213927877997,0.0
53.354821992198346,50.299659729003906,50.2297981922636,51.29475997115529,45.95673410171402,0.0
54.22757614722065,55.5289421081543,55.80644114973664,55.1876531350372,61.05343843732125,3.0
51.02209194880282,51.229637145996094,51.13767175320838,51.1298002826691,50.29326883289655,1.0
60.91307977899071,59.081363677978516,58.626229349066236,59.54022426867848,70.75062904370434,4.0
59.537201968826786,61.65690231323242,61.52079511012997,60.90496646406306,46.59388947712765,0.0
58.86144024878656,63.17819595336914,62.62764298025153,61.55575972746907,67.84371463785165,4.0
55.54321999927377,55.6096076965332,56.7021591583734,55.95166228472679,50.64679439662805,1.0
65.10596772570202,67.55885314941406,68.18082910872974,66.94854999461528,72.0697251469715,4.0
52.99752298530199,52.538177490234375,53.913768994177644,53.14982315657134,57.09202691022772,2.0
63.85087256889521,64.44940185546875,63.646259073764824,63.9821778327096,61.37548400088073,3.0
48.748153607949455,50.27962875366211,51.92837864998467,50.31872033719875,65.72177259587028,3.0
57.068504693835514,56.2888069152832,56.784741463192965,56.71401769077056,60.40093228127217,2.0
58.346619373519665,54.75251007080078,55.736684559440675,56.278604667920376,58.737203730825584,2.0
59.7887557546599,59.528873443603516,59.387828426724035,59.568485874995815,53.665140513523575,1.0
61.99126379554661,59.17049026489258,59.017996084307846,60.05991671491568,55.13194263415699,1.0
51.67518706922464,53.60160446166992,54.649767897353435,53.308853142749335,50.79804320587859,1.0
48.0126073844835,48.35521697998047,49.82131333128069,48.729712565248214,41.15293871400304,0.0
61.63602078453736,60.92878341674805,59.488570667047,60.68445828944414,71.88068418067509,4.0
59.668037029090534,62.704498291015625,62.97402423454528,61.782186518217145,58.79336473120374,2.0
69.7217286260023,68.26188659667969,67.51203372642681,68.49854964970292,76.95967767151376,4.0
,,,,,
53.478015676889505,55.6452522277832,56.24794026442945,55.123736056367385,46.8686373371684,0.0
,,,,,
47.865340051264596,48.138214111328125,47.724843281226605,47.90946581460644,47.34998808507877,0.0
50.248067913403155,49.26707458496094,49.5144738644066,49.67653878759023,52.85104401151804,1.0
,,,,,
57.32947303518078,59.35715103149414,59.826891882732745,58.837838649802556,54.70256178159147,1.0
55.19510275777051,56.243831634521484,56.42234466350886,55.95375968526695,52.969602922894765,1.0
65.24398777613895,66.48444366455078,66.57084854216207,66.09975999428394,56.05325092658771,2.0
66.16871588585956,67.7991943359375,67.00112203502056,66.98967741893921,54.94624562382693,1.0
58.8649123961915,57.18081283569336,58.11864670052797,58.054790644137604,41.86854199897336,0.0
60.458297666228525,64.13494110107422,62.6223777736211,62.405205513641285,57.90191315855144,2.0
60.65364373255756,63.453529357910156,62.67257435395469,62.25991581480747,51.596189867060055,1.0
60.6205791210615,59.89574432373047,60.41432349593737,60.310215646909775,66.30600265087101,3.0
,,,,,
61.61891910638239,63.23448944091797,63.316693087876,62.72336721172545,55.30753098744941,1.0
59.89183524664547,59.29767990112305,59.44793696845706,59.54581737207519,77.30945040982037,4.0
56.07917114251256,55.85469436645508,55.26079443177043,55.731553313579354,58.10578800566489,2.0
,,,,,
66.1257259744284,66.70736694335938,66.53808184880182,66.45705825552987,79.57818328362282,4.0
,,,,,
61.46740778183951,60.6578369140625,60.613267479290016,60.912837391730676,58.330311624406704,2.0
50.71286958413991,49.67802429199219,51.17589145828846,50.522261778140184,59.342440752736834,2.0
50.934182806155256,51.53239059448242,51.66567791336444,51.37741710466738,55.50620324192401,2.0
61.29594155594003,55.003292083740234,58.09599495875674,58.131742866145665,56.05037119233803,2.0
63.461868578655256,61.4734992980957,64.76161811574728,63.23232866416608,63.63440504005513,3.0
51.17650506741546,47.85084915161133,43.75551922126153,47.59429114676277,59.16789245850092,2.0
51.53267306340217,55.57749938964844,54.34580250245705,53.81865831850255,51.590716540878944,1.0
59.2253410496277,56.0643196105957,55.93917243786664,57.076277699363345,59.99554355525344,2.0
62.90821460294375,61.878177642822266,58.082393282420696,60.95626184272891,68.50574194058086,4.0
,,,,,
44.88042760534375,47.58279800415039,47.31476736797761,46.59266432582391,50.42126571784254,1.0
51.437633323107576,48.01152420043945,45.97969830460605,48.47628527605102,55.38765047898702,2.0
46.01600497720306,48.35865783691406,46.482577148660035,46.95241332092572,47.104599045473314,0.0
67.6581854294616,67.78170776367188,70.41775202899049,68.61921507404132,64.22992039153803,3.0
50.067076038122174,51.796043395996094,51.81070716505091,51.22460886638972,55.43302650122435,2.0
61.50224015217726,63.2580680847168,63.269566578819436,62.67662493857116,53.78743790600196,1.0
70.43045721287002,71.65733337402344,72.86056627288508,71.64945228659285,55.0134149254151,1.0
67.65014831878526,67.31452178955078,66.3949349402959,67.11986834954398,65.36692571809905,3.0
49.279854723765396,51.16923522949219,50.09774626751663,50.18227874025806,44.50958836329558,0.0
,,,,,
57.33789727839298,58.25435256958008,59.117980728569094,58.23674352551404,62.64900888860868,3.0
66.86281866571171,63.1644172668457,67.49294908574583,65.84006167276776,63.85500557914513,3.0
,,,,,
,,,,,
53.56728567979362,51.92002487182617,52.13219627782571,52.539835609815164,57.62204749440338,2.0
52.98673706849242,54.14340591430664,53.56775354601186,53.565965509603636,48.251053820678855,0.0
67.21862984124333,66.92337799072266,67.34524346222756,67.16241709806452,66.45317365486602,3.0
65.96656867396688,63.92625045776367,67.01802210440326,65.63694707871127,58.33246718974939,2.0
50.35155373295084,48.22441482543945,47.431142303395774,48.669036953928696,49.67375593462904,1.0
66.80527728558313,63.858673095703125,64.19657108250283,64.95350715459637,68.35116886540796,4.0
52.572396294451494,48.56809616088867,49.037017529551925,50.05916999496403,50.72149667639003,1.0
67.00862463635453,66.21796417236328,65.00055562252852,66.07571481041543,70.02791586098553,4.0
51.64098607326516,53.498199462890625,53.43868185578012,52.8592891306453,53.58456584026107,1.0
53.950628801606136,39.521175384521484,51.04352528270881,48.17177648961215,49.28790786574967,0.0
57.42000212671469,55.7407112121582,55.133952739080094,56.09822202598432,53.24728664913148,1.0
59.96794969026226,59.785823822021484,57.18430148981007,58.97935833403127,72.98633493174225,4.0
44.4293340042514,46.57323455810547,48.805976954832694,46.602848505729845,42.26864499579383,0.0
66.97356008549666,67.37480163574219,67.09535408169847,67.14790526764578,83.01197286542067,4.0
57.28212677722937,58.74307632446289,58.892975489224774,58.306059530305674,58.48276087389783,2.0
60.49787844989211,61.94694519042969,60.42183485644349,60.95555283225509,65.10238870231915,3.0
57.7741490128252,55.41600799560547,55.24243888314563,56.14419863052543,54.330807268245856,1.0
69.9682607516788,73.29200744628906,74.62843027946965,72.62956615914585,68.55789780944491,4.0
58.17739583488572,58.36079788208008,58.85653084289958,58.46490818662179,57.45902986669805,2.0
52.888365204630446,54.430702209472656,52.39040923692358,53.236492217008895,53.397527397961625,1.0
66.54328870720398,65.4984130859375,66.65260398974769,66.23143526096307,76.08208900459962,4.0
51.39726198147932,40.1495361328125,45.0657911796227,45.53752976463817,40.951464863317575,0.0
50.658798383935306,49.632572174072266,50.12391489072907,50.13842848291222,52.5801282005149,1.0
55.84833855315309,56.656612396240234,55.717770425770816,56.074240458388054,57.96000471038188,2.0
48.400817569141566,47.99293518066406,49.35094375669257,48.581565502166065,47.72369722863552,0.0
68.10328669058757,73.36868286132812,72.89410840434394,71.45535931875321,67.24065648307965,3.0
55.63484548193757,53.1690673828125,52.26241208486028,53.688774983203444,52.2960697483866,1.0
55.350723208154704,55.61164855957031,56.52452573950045,55.828965835741826,59.54523405699258,2.0
64.88899335334459,64.70875549316406,64.79096263603597,64.79623716084821,64.35487453887549,3.0
62.04478594573334,65.10391235351562,65.63879014771392,64.26249614898762,74.80779445596771,4.0
56.29365465578952,55.693790435791016,55.2749709233103,55.75413867163027,60.89716484799912,3.0
,,,,,
48.87029460177502,51.29203414916992,50.224685532870055,50.129004761271666,49.96124344693042,1.0
48.27723799146288,46.590824127197266,47.44914782278968,47.439069980483275,42.64558833675602,0.0
63.46390628845948,64.50682830810547,65.50936863419683,64.49336774358726,56.30717833681644,2.0
56.784215455811186,57.82223129272461,56.96838946043251,57.19161206965611,53.41617999291864,1.0
61.05444980417372,59.46278762817383,61.1526487980921,60.556628743479884,53.72155962480633,1.0
69.80733757317897,69.52324676513672,69.77090079782695,69.70049504538089,67.0275557168035,3.0
59.613595684441485,60.63633346557617,61.799295917489175,60.68307502250227,62.82710525241399,3.0
60.56980757768745,56.943763732910156,60.48400487372373,59.33252539477379,49.8058677971977,1.0
44.55477392509395,47.516788482666016,48.42601822195635,46.8325268765721,39.45192172228251,0.0
55.13942662233038,56.82894515991211,58.325972027500086,56.76478126991419,50.3041506312198,1.0
57.586321114005244,56.04829406738281,56.950871081839466,56.86182875440918,63.267967835514,3.0
66.57545878831507,68.97810363769531,69.67119270655336,68.40825171085459,65.21846882445777,3.0
70.95065552222795,69.860107421875,68.39394290374179,69.73490194928159,70.158824332112,4.0
54.262356567475955,51.1933708190918,52.673472068915395,52.70973315182772,50.60145446271724,1.0
54.097320813917804,54.575294494628906,52.211277270010164,53.62796419285229,69.50884587925549,4.0
69.85817996431489,70.25527954101562,66.88849278469446,69.00065076334165,72.0268090520193,4.0
47.41150183454791,48.24751663208008,48.78317407174492,48.147397512790974,56.07980769545343,2.0
,,,,,
68.45464099896944,65.86368560791016,67.9145905396723,67.41097238218397,57.965390161493886,2.0
51.31678543133681,52.842140197753906,52.19401224507993,52.11764595805689,50.892579660361335,1.0
61.47988242445297,58.739192962646484,62.694805612874084,60.97129366665785,58.95568021957813,2.0
42.12284317069488,43.807064056396484,44.4256322078679,43.45184647831976,40.39234375063873,0.0
,,,,,
71.79079774850756,69.29471588134766,68.50388814345406,69.86313392443641,71.5563461366601,4.0
64.46682889998753,64.0085678100586,65.32690431216825,64.6007670074048,88.52089317749427,4.0
60.26269349192965,60.91189193725586,59.831100490746465,60.33522863997732,67.84484633775827,4.0
56.41547974769226,50.94866943359375,50.00928250120969,52.457810560831895,60.691012947221935,3.0
52.31760066936133,50.36328887939453,50.30251140098823,50.99446698324804,57.89767731237109,2.0
58.77335392146832,58.7235107421875,56.62259892420447,58.039821195953415,45.89305385369513,0.0
,,,,,
56.74740624101771,58.579097747802734,58.28712957020116,57.87121118634053,58.59400237990132,2.0
,,,,,
56.13539205088297,55.734710693359375,56.07644919557546,55.982183979939265,62.53429723517639,3.0
60.04311442947617,57.352787017822266,58.3353756773366,58.57709237487834,54.774099170090814,1.0
65.85659602248842,64.66735076904297,65.95246915551094,65.49213864901411,74.4969151310257,4.0
58.61576609082243,56.26860427856445,57.19959861455046,57.36132299464578,58.65373785759126,2.0
52.09701387683846,53.10647201538086,52.16509383554856,52.4561932425893,48.4484583503932,0.0
67.34461743224324,61.82072830200195,61.573804901445975,63.57971687856372,61.90693970540944,3.0
44.39516607995705,46.547447204589844,48.88013422386873,46.60758250280521,69.73686203478522,4.0
60.91360348126839,57.9522819519043,56.95139553450655,58.605760322559746,51.57937932627333,1.0
,,,,,
58.62003321033417,58.227195739746094,54.22350746880104,57.02357880629376,56.98080149905922,2.0
53.49093880639077,55.128746032714844,54.131397185013775,54.250360674706464,45.10314661529976,0.0
49.44225060674077,48.817562103271484,48.8555515422251,49.038454750745785,35.39484408656703,0.0
66.86757112487187,63.10417938232422,64.93016645170866,64.96730565296825,55.378369946642295,2.0
61.13226455465092,62.0484619140625,61.54661574335361,61.57578073735568,65.15861147331675,3.0
62.17611713716472,62.85702896118164,64.7681187428664,63.267088280404245,66.56236633734787,3.0
55.761575770072184,55.922523498535156,56.16238404596663,55.948827771524655,53.71084997891182,1.0
53.5464074758984,56.02613830566406,55.7628174665753,55.11178774937925,51.06416646071183,1.0
66.96859619620533,66.1396713256836,65.87760557475303,66.32862436554733,50.22238708334267,1.0
64.35582096024437,63.93312454223633,64.64329596672891,64.31074715640321,63.8059844028729,3.0
66.5725729911659,64.97738647460938,66.9716293003963,66.1738629220572,65.80242433684717,3.0
,,,,,
64.12947262763171,60.08437728881836,59.654802444245476,61.28955078689852,60.43976401636862,2.0
,,,,,
59.79836570083785,60.68545150756836,62.05884922739198,60.847555478599396,43.44741127284509,0.0
,,,,,
,,,,,
56.39009764106357,57.00113296508789,57.024062270783666,56.80509762564504,56.7072555674395,2.0
55.333842262418344,53.77531814575195,51.77942355236212,53.62952798684413,55.70375016403683,2.0
63.51248153308947,62.75516891479492,65.48109413954182,63.91624819580874,68.4972574967236,4.0
51.791309764856294,51.233985900878906,53.46080786487349,52.16203451020289,56.98182934843199,2.0
65.90901094807795,65.28921508789062,64.7646373687572,65.32095446824192,68.2021364535087,4.0
53.92434609693811,50.55418014526367,49.20607990350008,51.22820204856729,61.05668479351815,3.0
49.531169279933295,46.7991828918457,47.93616656862477,48.08883958013459,51.79059239024022,1.0
51.88806923402471,55.84174728393555,54.970957449464684,54.23359132247498,52.39604399090204,1.0
58.58417535047494,57.95366287231445,57.51110301527543,58.016313746021616,58.73914071984484,2.0
64.85098995677528,63.58354568481445,62.981033057753315,63.80518956644767,60.82908887970187,3.0
57.80697299756014,57.31938552856445,54.17598505331542,56.43411452648001,45.32127156998942,0.0
68.46210365711894,69.79004669189453,67.9348133827502,68.72898791058789,79.26173982302565,4.0
48.96230914581299,51.09611129760742,51.49097913416216,50.51646652586086,34.17283385510208,0.0
52.557291873612094,50.69148254394531,50.768683759783045,51.339152725780146,38.48551045909005,0.0
80.42043814409826,78.95114135742188,79.3153809049048,79.56232013547498,82.14983769365507,4.0
53.91502065837414,55.04753112792969,54.58001341352619,54.51418839994334,52.7819347885113,1.0
61.898572442912105,59.339088439941406,59.77509532606841,60.33758540297398,56.49093877348696,2.0
53.48796694607266,52.33670425415039,57.00860773153238,54.27775964391848,44.02134971716738,0.0
59.50276941070635,61.08106231689453,61.005038230967415,60.52962331952276,75.69213102954728,4.0
49.715846348267924,50.70344161987305,54.263088842466004,51.56079227020232,56.33200704935211,2.0
64.05096996341383,63.67634582519531,64.58937579707393,64.10556386189437,73.84820389441082,4.0
50.0536775702029,51.95770263671875,50.073203732796316,50.69486131323932,49.13265059803965,0.0
64.18366310516629,64.46096801757812,63.56667451906777,64.07043521393739,82.97297676185394,4.0
59.10176457171522,56.7269172668457,56.29858257836827,57.37575480564306,60.64230371791236,3.0
62.88291167065113,66.64862823486328,64.82877989936681,64.78677326829374,75.35719580160355,4.0
44.17350390509617,46.88491439819336,46.287938224230196,45.78211884250658,40.11608111155452,0.0
64.61531371812089,66.82699584960938,66.4530577682516,65.96512244532728,47.64952617183543,0.0
54.02956230656316,54.567970275878906,55.0271377827208,54.54155678838763,53.53023768993035,1.0
59.732410905388846,58.521053314208984,58.13463219956966,58.79603213972249,51.0440937810449,1.0
,,,,,
53.57813517978986,57.025081634521484,57.54469373460129,56.04930351630421,41.746897778624586,0.0
59.14371049281707,60.20682907104492,61.10892806159629,60.153155875152756,49.078565499008526,0.0
53.75315791717323,51.3203010559082,51.0085115166917,52.027323496591045,52.125549027506,1.0
45.91637924089436,47.70081329345703,48.058278805761006,47.22515711337079,50.93133302515223,1.0
53.83242314454023,54.7821159362793,56.19092697013337,54.935155350317636,61.22909979705423,3.0
,,,,,
52.80830763756634,52.580413818359375,51.13110822876876,52.173276561564826,60.51971132775786,2.0
61.194684137505256,63.20864486694336,64.22151602325292,62.87494834256717,50.86855003302289,1.0
49.85826220571581,53.8670654296875,50.640792750631924,51.45537346201175,54.01864635462561,1.0
43.92680686616899,46.927955627441406,49.57326430860808,46.80934226740616,49.68670200425012,1.0
59.37997314655719,57.318511962890625,57.96717448574495,58.221886531730924,56.80441498079764,2.0
49.231846936108724,50.924903869628906,50.62771170343242,50.261487503056685,58.16887351582129,2.0
57.316125559806956,56.983978271484375,56.60143165117405,56.96717849415512,45.18725934749449,0.0
66.22301877093687,66.74566650390625,67.34288703170094,66.77052410218135,65.4535660558066,3.0
57.28006500142728,67.80187225341797,61.10057910023464,62.060838785026625,54.71208118370823,1.0
62.70582875752436,61.64617156982422,62.150201951584236,62.167400759644266,57.60185870785567,2.0
49.01968452060641,48.328800201416016,48.37425551551908,48.57424674584718,44.18362219168172,0.0
61.44815222357491,64.30464172363281,63.03987529683663,62.93088974801477,46.942490620537306,0.0
65.53235864800226,65.43766784667969,63.2794201121995,64.74981553562715,60.75496377816036,3.0
73.6963658289892,71.1570816040039,71.28614974310722,72.04653239203344,69.90476997655227,4.0
54.725506423285346,55.357879638671875,55.19387837337544,55.09242147844421,54.723447936209325,1.0
59.026496326464546,56.08620834350586,55.010982431075334,56.70789570034858,58.06194037254199,2.0
55.56242422880554,57.94010925292969,57.840905891036485,57.1144797909239,54.24645950179422,1.0
,,,,,
60.363521141788816,59.959571838378906,57.26248157476365,59.19519151831046,73.5585875864388,4.0
68.12888658722513,69.17378234863281,68.31018546656041,68.53761813413945,63.972679688161335,3.0
,,,,,
61.07191980664526,61.704219818115234,61.508025626551,61.428055083770495,57.934130813626,2.0
50.51957676639698,51.987796783447266,51.124539979077866,51.21063784297403,42.95789697943236,0.0
,,,,,
53.63328155627848,51.74995040893555,51.63248370868759,52.33857189130054,51.92744480582462,1.0
57.926194961293135,58.57936096191406,56.86209349579312,57.7892164730001,68.49738302516,4.0
54.534593837912425,52.92259216308594,53.945673152159365,53.80095305105258,61.96304157828576,3.0
,,,,,
57.86395726916664,57.74020767211914,56.784741463192965,57.46296880149291,57.0967145132428,2.0
47.88085532728715,51.62165832519531,51.17463832500747,50.225717325829976,47.02638970536727,0.0
66.38735614273666,64.05531311035156,62.69143649713467,64.37803525007429,61.762989894387445,3.0
59.11043520374004,59.5736198425293,59.47663010850987,59.386895051593065,65.24649900074068,3.0
60.41854851816311,58.346954345703125,58.239919715333585,59.00180752639994,57.7559529567238,2.0
68.62191525443588,65.1707992553711,66.3323263398433,66.70834694988343,71.8657857579799,4.0
50.117227716895854,48.35411834716797,49.98505152087315,49.48546586164566,41.31381019108874,0.0
44.6687899540704,46.534183502197266,48.3336128287968,46.51219542835482,44.33394198511375,0.0
,,,,,
65.43344502234716,67.22604370117188,67.32811291651747,66.66253388001216,62.41487487491031,3.0
44.75935476287802,47.566497802734375,48.01406738395314,46.77997331652185,36.34282936488926,0.0
60.936262635062036,58.61777114868164,58.3544560447393,59.30282994282766,76.63123767976046,4.0
68.46107531120462,70.38694763183594,69.77781620120197,69.54194638141418,87.50544001442373,4.0
45.17952992138104,46.362186431884766,46.95871873136379,46.166811694876536,39.932590786088944,0.0
54.376023463084245,51.51810836791992,51.66848751215688,52.52087311438701,49.181808680432695,0.0
47.42892040970498,48.258026123046875,48.800415684971775,48.16245407257454,37.7309356994481,0.0
65.39288584079324,64.95814514160156,64.4640254218894,64.93835213476139,69.92735292520457,4.0
52.40659862490666,47.91361999511719,49.11302638272425,49.8110816675827,52.30068426580747,1.0
51.659339337996194,52.02389144897461,53.16459524330561,52.28260867675882,46.566786582670105,0.0
68.40819978570887,66.71546173095703,66.42791606854566,67.18385919507051,72.24117906666964,4.0
67.29110274871094,66.06854248046875,65.23355953372543,66.19773492096839,63.44901326505314,3.0
63.32116012169035,63.13109588623047,64.00710181589554,63.486452607938794,75.99832649801236,4.0
44.11919463801646,42.51573944091797,43.467904921458995,43.36761300013114,43.8007345149931,0.0
53.529594371050194,56.29953384399414,56.186950809501354,55.338693008181906,52.70404568596602,1.0
63.13769282281337,60.71714401245117,56.29175034638469,60.04886239388308,64.77702343443842,3.0
64.85802086158729,67.83150482177734,66.78260108593992,66.49070892310151,56.62551172495113,2.0
67.47297437058565,66.30646514892578,67.2815998930033,67.02034647083825,69.94189374518561,4.0
52.21895736850593,50.42911148071289,51.557314205087074,51.401794351435306,56.820495597788366,2.0
53.95656492787362,53.42478942871094,51.79894836764613,53.06010090807689,59.8969188807378,2.0
,,,,,
73.4629253369816,74.49276733398438,73.70925382800505,73.888315499657,69.92583342172331,4.0
62.94879587063544,62.793052673339844,62.992145939753996,62.91133149457644,68.87964429779232,4.0
55.457552919398125,57.07687759399414,54.977823034859206,55.837417849417164,51.65815004752291,1.0
67.32279313930572,67.18023681640625,68.20353364967248,67.56885453512814,62.80026875274549,3.0
48.934620634195355,48.04560089111328,48.37425551551908,48.451492346942565,44.76901173056415,0.0
44.64219556078166,50.85544204711914,47.27062473750602,47.58942078180227,49.40596150227425,0.0
55.49205894419727,53.42386245727539,52.86731279023288,53.92774473056851,51.00504399420121,1.0
48.1710301860241,49.32427978515625,49.911446583324924,49.135585518168426,56.01366927998987,2.0
,,,,,
50.251483328598,51.068504333496094,52.24498220950112,51.18832329053174,55.65304692375106,2.0
68.5309500675383,67.84881591796875,66.84584874752359,67.74187157767689,75.4146470976667,4.0
55.06383997949313,54.78968811035156,54.21303626907607,54.68885478630691,60.23720190613078,2.0
55.061605220844115,59.54598617553711,60.07726480312632,58.22828539983584,37.7464229660883,0.0
69.22399951035787,68.65614318847656,67.90638447494325,68.5955090579259,76.82942988951073,4.0
68.62475240300766,67.00257873535156,66.69695117866162,67.44142743900694,72.32560228437477,4.0
57.10972648912193,57.374149322509766,57.6376623162246,57.37384604261877,59.66875007469308,2.0
56.61515956572822,53.87211227416992,55.531662706697226,55.33964484886513,65.21441468125394,3.0
62.344262903727284,62.12181854248047,59.55918407960573,61.34175517527117,56.643869794195474,2.0
70.76138923039107,70.37287139892578,70.14108547481982,70.42511536804555,76.00033873309158,4.0
60.64135009172866,61.800140380859375,62.33115292173876,61.590881131442266,54.4209120010416,1.0
50.37309364521715,49.652034759521484,48.52628129313658,49.5171365659584,45.18202825692522,0.0
53.5335882607353,51.427696228027344,51.41971408558785,52.12699952478349,59.349103239591656,2.0
58.990627135773344,57.72894287109375,57.266552509756785,57.99537417220796,45.76890946745403,0.0
54.606889478295315,56.2529411315918,56.989458351498556,55.949762987128544,60.62667596779529,3.0
52.2922686426137,52.75751495361328,53.531029241447534,52.8602709458915,50.51940672894815,1.0
58.88021931498736,58.429603576660156,55.735076261016964,57.68163305088816,63.59805387048669,3.0
55.47208124516247,53.66448974609375,53.09578304876283,54.07745134667302,51.52247545699261,1.0
66.23014334804397,63.87856674194336,65.07174672535218,65.06015227177983,83.92136856150479,4.0
51.09090938722398,50.70038986206055,49.543927273100614,50.445075507461716,51.12198467028721,1.0
56.779546205584595,60.06024932861328,58.6966065177159,58.51213401730459,61.550244771864165,3.0
51.007109413224846,50.161624908447266,49.9915000596677,50.38674479377994,35.63785537202859,0.0
62.54554956408027,62.88482666015625,64.65336403181922,63.36124675201859,53.239917464420216,1.0
52.846453473363574,54.29975891113281,55.1677173990386,54.10464326117833,69.21638186372762,4.0
47.85685957743013,48.37173843383789,48.67195716077323,48.300185057347086,62.232809300670105,3.0
53.10819800865837,53.87454605102539,54.4818554464783,53.82153316872069,49.69105748061399,1.0
60.604478860719006,61.3760871887207,60.987778762303016,60.98944827058091,58.664464250985816,2.0
52.783901330319516,52.8763313293457,53.49838438722852,53.05287234896459,45.75244149016218,0.0
53.33279714729074,53.504756927490234,53.145083858509985,53.327545977763656,55.054336007915424,1.0
68.48571493870078,70.15056610107422,70.60443430667708,69.74690511548403,74.73129979997955,4.0
57.20049017916842,56.36143493652344,55.91772812808665,56.49321774792617,66.43624403833492,3.0
67.0757637228215,67.83319091796875,68.67017579955782,67.85971014678269,53.01119195030531,1.0
55.63651346080498,56.318328857421875,55.80994080778689,55.92159437533791,50.23231502450066,1.0
55.16863162848538,56.00387954711914,56.41692044529514,55.86314387363322,50.8986537755033,1.0
71.7276147421533,71.05900573730469,70.34376434678298,71.043461608747,73.95557692234254,4.0
62.22972642254848,57.66354751586914,57.8702068425277,59.25449359364844,58.66102650340672,2.0
67.99783519710428,66.17784118652344,66.21831241481225,66.79799626614665,70.74940494088982,4.0
56.99735529299797,56.56956100463867,56.96978973774078,56.84556867845915,52.972433843298056,1.0
58.30548393815118,58.751564025878906,58.69367959145346,58.583575851827845,52.36282431075701,1.0
55.101908260613136,55.88867950439453,56.13038085173188,55.70698953891318,54.64427711660027,1.0
60.89096035773917,57.339141845703125,58.47846439736775,58.90285553360334,63.69965080238082,3.0
,,,,,
56.57649190220081,56.09913635253906,57.82640382990209,56.834010694880654,62.1118410638334,3.0
59.153410304621524,56.626712799072266,56.055529409802716,57.27855083783217,63.16516766989126,3.0
,,,,,
58.795872822100655,61.088035583496094,59.19508618368139,59.69299819642604,47.28111907573723,0.0
64.05453929244062,65.24614715576172,66.90341664904356,65.40136769908196,63.37082006728508,3.0
48.40701668753161,48.732582092285156,50.18871556733234,49.109438115716365,38.46504147951616,0.0
59.92566556966344,61.26005935668945,59.90054391192966,60.36208961276086,44.20166771286026,0.0
78.56197980345476,72.6285400390625,75.7884752504805,75.65966503099925,65.88185619819699,3.0
44.92055062361225,48.999412536621094,50.07538026084722,47.99844780702685,39.29898281266638,0.0
67.89761498956426,71.31116485595703,70.51992709457781,69.90956898003303,74.89612117775519,4.0
56.75445792331285,60.81838607788086,58.324706821270816,58.63251694082151,61.860121927826896,3.0
56.23812221954219,59.20306396484375,59.204290556932264,58.21515891377273,63.368361118745256,3.0
52.75011474099014,55.77773666381836,54.71122183808941,54.41302441429931,47.49490632369309,0.0
61.727823087056144,62.25843048095703,60.25732628544743,61.4145266178202,57.56786593795111,2.0
61.29568167647186,61.759437561035156,63.88636492797161,62.31382805515955,59.57153312169167,2.0
69.61112177171421,66.77532196044922,67.31211902780636,67.89952091998993,77.07250685206432,4.0
55.74266821229582,53.26308822631836,54.77362831156144,54.593128250058534,45.732396972305246,0.0
60.18254128813174,58.39192581176758,60.5978180670828,59.72409505566071,61.8662445485556,3.0
59.76147876566379,62.92666244506836,60.822370430409904,61.17017054704735,62.8934455440326,3.0
,,,,,
63.39192756061577,60.18141174316406,63.624425492720654,62.399254932166826,70.06749480413562,4.0
52.96797547754582,52.57523727416992,53.12778265279136,52.89033180150236,53.11151851028956,1.0
66.66665214513279,67.19391632080078,66.61230321983301,66.82429056192218,64.429372297582,3.0
52.26199347935985,51.91871643066406,52.32422776664674,52.168312558890214,51.50035462193044,1.0
68.14647784858848,67.38666534423828,70.39111457238845,68.64141925507174,46.61082439412043,0.0
51.97529410028472,54.98628234863281,55.262390812481385,54.07465575379964,47.58980292035588,0.0
,,,,,
43.065275592711025,45.22355651855469,48.94919819081212,45.746010100692615,43.216600701785005,0.0
58.31703304040517,55.361080169677734,54.49347847317651,56.057197227753136,45.26277210181085,0.0
54.91096162985528,54.89645004272461,54.394480511061765,54.73396406121389,54.686078331105314,1.0
48.96310985275047,49.84365463256836,49.66573988483736,49.49083479005207,53.42600772190233,1.0
,,,,,
67.72955536783172,69.49532318115234,71.69113539084131,69.63867131327513,71.65793193885268,4.0
,,,,,
,,,,,
58.00804078507413,57.54557800292969,55.82334340779376,57.12565406526587,65.36959732197964,3.0
51.91555577629711,55.23111343383789,54.93451969506481,54.02706296839994,50.25858392293778,1.0
66.63170891886325,66.49205017089844,68.18259558839499,67.10211822605221,61.20145752594439,3.0
60.22805794529015,58.180511474609375,59.680826567067086,59.36313199565554,62.8481321504396,3.0
49.3245670096214,51.1216926574707,50.728925190808035,50.391728285966714,41.27586839498149,0.0
62.94984072771578,58.57968521118164,56.94725656694042,59.492260835279275,57.81521031240678,2.0
59.09593522464863,59.07056427001953,58.922630070578016,59.029709855082054,66.59740930356446,3.0
60.44892728007293,63.98154067993164,59.44497245050193,61.291813470168826,50.436453212868685,1.0
,,,,,
,,,,,
66.82754183612383,65.29107666015625,67.0709220917466,66.39651352934222,58.98954666745579,2.0
62.68595441628252,62.43232727050781,62.34117003958654,62.48648390879229,64.64526671344397,3.0
57.29156668426839,58.58884811401367,58.73385556445818,58.204756787580074,65.31438176646462,3.0
,,,,,
67.30123705620922,66.73944854736328,67.70570721619166,67.24879760658806,66.1868671593055,3.0
60.42710879081359,61.61989974975586,62.56475117507259,61.53725323854734,61.3604935521571,3.0
48.895997874548115,51.4024658203125,51.939341654268596,50.74593511637641,46.81314029107109,0.0
,,,,,
,,,,,
,,,,,
58.720649221727996,56.55638885498047,56.958909398657376,57.41198249178862,53.246594679648,1.0
51.449890708533246,57.019264221191406,56.94035918349367,55.136504704406114,59.00038764180886,2.0
44.606972622578375,47.7542839050293,49.928070886060254,47.42977580455598,42.36406034702394,0.0
59.7918237142414,59.413917541503906,58.02359707689959,59.076446110881626,56.75649443121669,2.0
,,,,,
51.29549654720216,51.75218200683594,52.06549503928553,51.70439119777455,54.60155153834306,1.0
45.30340465737726,49.63082504272461,48.57107568918618,47.83510179642934,40.31762503515798,0.0
66.94095206384603,65.19786071777344,67.33948102820557,66.492764603275,59.39601323337699,2.0
,,,,,
,,,,,
,,,,,
58.05080787431159,58.44716262817383,59.21267512475537,58.57021520908026,55.87778766085228,2.0
76.82875511701968,77.4742431640625,76.5510394437089,76.95134590826369,68.02342328652026,4.0
64.93018932637305,66.94598388671875,65.32301849658671,65.73306390322618,59.49406211351456,2.0
56.69233990434243,56.74712371826172,55.266235792681655,56.235233138428605,66.59275755218592,3.0
59.91040899045057,56.99813461303711,57.39667912646284,58.101740909983505,62.51136661122833,3.0
72.71403888895529,71.26428985595703,70.2733246500375,71.4172177983166,77.15215250903906,4.0
52.17879247184706,52.75679397583008,53.452091790277386,52.795892745984844,64.35002849718086,3.0
52.9005959645582,50.55418014526367,49.20607990350008,50.88695200444065,51.27323537680435,1.0
65.07725303529497,65.68669891357422,65.08994179595335,65.28463124827418,68.29184733770296,4.0
54.04811192582997,56.536746978759766,56.05550609996023,55.54678833484999,52.698127987084646,1.0
73.97141854840542,73.21918487548828,73.29581702319746,73.49547348236372,78.46847953114822,4.0
42.6240157098441,47.24632263183594,48.94168337999328,46.27067390722444,45.38094754332568,0.0
54.280866881025375,55.14775085449219,55.10425428533518,54.844290673617586,59.923295630411886,2.0
55.79231517930331,58.3731689453125,57.55213644379353,57.23920685613644,71.38390131301705,4.0
70.7182321474438,71.07074737548828,71.91293951346685,71.23397301213298,55.34093828259264,2.0
62.3998311391211,57.684696197509766,56.28589639716401,58.79014124459829,45.34264915140868,0.0
58.597477768919454,58.399837493896484,58.409792761807346,58.46903600820776,74.50887439096367,4.0
56.47027725575716,57.85360336303711,57.78745042711524,57.370443681969824,55.20194133885835,1.0
58.927963677400015,57.288612365722656,56.69839634601036,57.63832412971101,65.12397834666007,3.0
49.97220388209476,48.120182037353516,48.42128579963034,48.83789057302621,45.80517470416573,0.0
66.4683864032752,67.08966827392578,66.98055801599139,66.84620423106412,57.72771342538291,2.0
62.38026299581838,65.41339874267578,63.23133781429934,63.67499985093116,71.64065955099379,4.0
58.23179966715259,54.2910041809082,52.701011968822414,55.0746052722944,63.06235314758731,3.0
,,,,,
55.67938467335367,56.42081832885742,56.63272894331551,56.24431064850887,52.78351846463198,1.0
60.337508538550416,58.430885314941406,57.92650549117454,58.89829978155546,56.88760822148526,2.0
55.52658322558362,55.10700225830078,56.07644919557546,55.57001155981996,58.6978335261029,2.0
52.50854625760344,52.06863784790039,52.45959646686685,52.345593524123565,57.98221276765216,2.0
46.06847342212367,48.07605743408203,48.450352426703446,47.53162776096972,49.77785741613392,1.0
67.35262922297042,65.72813415527344,66.07708812604633,66.38595050143006,71.05254399110324,4.0
54.72336198849384,53.18442153930664,54.296826010799116,54.06820317953319,52.44681408322085,1.0
59.47780371401878,61.96619415283203,61.332294985695164,60.925430950848664,53.029331859419614,1.0
59.959553169013695,58.883201599121094,59.00744637119336,59.283400379776054,65.72723105225167,3.0
60.42922669903714,59.16689682006836,59.01255249794979,59.536225339018436,70.71615690169202,4.0
66.75759011442071,68.60664367675781,67.02079462653317,67.46167613923724,77.31238810770317,4.0
53.31348807969884,54.2178840637207,53.84834693041565,53.793239691278394,55.21307374040874,1.0
45.940883323325195,46.439693450927734,47.2054394299083,46.528672068053744,44.43923942728591,0.0
46.085170679479475,47.107566833496094,47.20179440402359,46.79817730566639,47.86276720499525,0.0
,,,,,
60.90716318325075,59.18776321411133,61.461568497848326,60.51883163173681,53.04015822789236,1.0
,,,,,
53.172906236758635,50.94057846069336,49.28313392270839,51.13220620672013,39.198563752210674,0.0
,,,,,
59.74289495659563,58.927581787109375,59.89347637489211,59.521317706199035,53.84867051226372,1.0
55.41021540330772,54.559608459472656,55.265817102649876,55.07854698847675,44.54024824499958,0.0
65.34606386388347,64.31800842285156,65.7689706118453,65.14434763286012,64.6468957987207,3.0
68.4941548668759,69.47530364990234,70.01561858079049,69.3283590325229,81.96851922348904,4.0
,,,,,
,,,,,
59.691587973298056,57.24359130859375,56.30152575628957,57.74556834606046,58.87208002261232,2.0
55.66426094425654,57.4387092590332,56.85728438772038,56.65341819700338,50.982675984798384,1.0
56.42097626144966,55.80569839477539,56.2333197627252,56.15333147298342,61.19592764935049,3.0
53.776357535351394,54.68278121948242,52.980561378916896,53.8132333779169,55.2508589368538,1.0
49.47560910033934,48.170963287353516,47.462673559525115,48.369748649072655,48.9326472949779,0.0
44.69101125035687,47.3631477355957,48.04890627726352,46.70102175440536,55.32902117556674,2.0
68.22444941235206,68.90306091308594,67.21968001763028,68.11573011435608,56.34134676943968,2.0
52.01220349103466,53.712318420410156,54.5965289531091,53.44035028818464,56.86760722729452,2.0
55.341888061060246,53.97444152832031,53.85042333888267,54.388917642754414,53.37533807486241,1.0
60.211832184950524,64.63448333740234,65.5705256882313,63.47228040352805,53.279984355177206,1.0
54.154911513826306,52.87489318847656,56.04366442499278,54.35782304243188,51.29882290221744,1.0
62.12251788624167,62.467960357666016,62.33354439687259,62.30800754692675,68.78659410761897,4.0
67.18422929876758,67.40533447265625,65.13275523006297,66.57410633382894,61.14846751656853,3.0
62.49238295339121,66.85597229003906,65.01855469566557,64.7889699796986,65.10127073023816,3.0
51.32321338269858,49.40129470825195,51.349273719274784,50.69126060340844,51.21106225533916,1.0
54.110855162566,54.398582458496094,54.46112080990171,54.32351947698793,46.10472136940787,0.0
58.06775075914219,57.39433288574219,55.222892791996486,56.89499214562696,63.404702976164415,3.0
67.64172066248742,62.88990020751953,63.81847293067261,64.78336460022653,60.01533822173342,2.0
70.09588486573922,66.16486358642578,69.60235062072478,68.6210330242966,63.42101250572317,3.0
,,,,,
70.23708295589643,69.05207824707031,68.7368909878881,69.34201739695162,65.91631918327785,3.0
65.1912658274019,63.85608673095703,63.64855526653236,64.23196927496376,71.84866514472571,4.0
64.98134413576751,63.503021240234375,62.186137407001794,63.556834261001235,75.49642230272644,4.0
71.7788799556405,71.4930648803711,73.2915609664069,72.18783526747283,75.48649748009811,4.0
65.37093342283892,64.68189239501953,64.77841106560618,64.94374562782154,68.28719511923606,4.0
59.89734216518121,59.458438873291016,58.85594541385776,59.40390881744333,59.87483361521416,2.0
,,,,,
49.426678728295656,49.203147888183594,48.58856047976532,49.07279569874819,46.78768598075009,0.0
59.11987090639099,60.78290557861328,61.32859336459269,60.410456616532315,51.7944487581912,1.0
66.8837476871143,61.256141662597656,62.240221938821165,63.4600370961777,54.42546256815858,1.0
55.333677396416945,54.190834045410156,55.64648030673504,55.05699724952071,44.43885946362587,0.0
55.51672008068481,57.07687759399414,54.977823034859206,55.85714023651272,49.791789782064455,1.0
57.453085022240046,57.430301666259766,58.384995500029916,57.75612739617657,49.03531315361826,0.0
62.77210064517301,61.14746856689453,60.38588295531971,61.43515072246242,56.73797528224806,2.0
57.40185328325931,56.79717254638672,56.81578942931627,57.0049384196541,53.936611018165024,1.0
70.28876181984404,70.5076675415039,68.4038406451742,69.73342333550738,70.84354307351713,4.0
56.69268046067119,55.68795394897461,56.25571449039513,56.21211630001364,49.19964377200484,0.0
50.902586722692206,49.30340576171875,49.79357762598383,49.99985670346493,60.2990136736161,2.0
61.117657688207814,57.39207458496094,57.47682442995843,58.66218556770906,50.93949644562157,1.0
54.00514786563097,51.546531677246094,50.79944153273627,52.11704035853777,58.23920099772471,2.0
46.040157264462366,49.25217056274414,50.94572496181477,48.746017596340415,54.66132913299737,1.0
55.21653472698432,55.882606506347656,58.123991007495384,56.407710746942456,58.67994513896682,2.0
72.02475504412348,74.76554107666016,75.6940236757956,74.16143993219309,72.92757828550587,4.0
72.2108651434541,71.58702087402344,70.2464054553083,71.34809715759529,64.01739974860904,3.0
72.56572634774358,72.02000427246094,72.66395456565633,72.41656172862028,70.41917744291399,4.0
62.304512566001286,61.31075668334961,58.89765763427999,60.83764229454363,61.33790940991918,3.0
51.436613231485964,49.84114456176758,49.65573802290939,50.3111652720543,47.24059423248238,0.0
50.54908312376513,52.81761932373047,53.144162107739795,52.17028818507847,54.17712097154873,1.0
47.66109143368854,50.539772033691406,49.982596568425535,49.39448667860182,51.99266247652813,1.0
51.23401444690119,49.377540588378906,49.00786373729906,49.87313959085972,59.32278710605275,2.0
66.80650553083716,64.09891510009766,64.17050282822856,65.0253078197211,67.5129659931674,3.0
68.81803014743886,68.052490234375,67.9202960309497,68.26360547092118,78.433629011177,4.0
50.934294485669454,52.70124816894531,50.80246393080587,51.47933552847354,57.271242290784016,2.0
67.75373251564012,68.9350357055664,67.91075237059995,68.19984019726881,69.14353689871757,4.0
65.86852484391935,66.87716674804688,65.27500936606206,66.00690031934276,67.54628743935383,3.0
59.24796665604704,57.15928649902344,57.28503985438824,57.897431003152896,56.72357682301559,2.0
54.502668540394474,54.06262969970703,58.88362986507604,55.81630936839252,76.91888994159,4.0
56.42795311959521,58.046993255615234,57.480033035857595,57.318326470356006,50.58609036386935,1.0
57.826878438493246,62.23933410644531,59.255936560069514,59.774049701669355,39.97661159986981,0.0
,,,,,
69.19358239728238,69.0584487915039,69.45226332949696,69.23476483942774,61.8323181890805,3.0
49.1541350146871,51.36661911010742,50.65532726278012,50.39202712919155,55.05977843953642,1.0
,,,,,
66.96405128443946,65.58023071289062,66.87189529323742,66.47205909685583,62.67997370126922,3.0
51.014121444442615,50.717674255371094,50.798101768728806,50.84329915618084,58.37390975124714,2.0
50.53443769934488,51.00951385498047,50.31694243339053,50.62029799590528,57.69891100777496,2.0
68.63565780656124,66.42003631591797,67.50938423480311,67.52169278576078,62.64932886653592,3.0
58.61802122476769,56.53880310058594,56.72606583629458,57.294296720549404,53.41511163999864,1.0
55.61531462510842,56.26387023925781,58.29385996310906,56.72434827582509,58.43272960048442,2.0
58.12928188198582,56.11295700073242,56.29768984308469,56.84664290860098,59.43392019769392,2.0
,,,,,
50.52427938844187,50.4711799621582,51.31660584718282,50.77068839926096,64.4360182646876,3.0
70.345002737416,71.90165710449219,70.84249490598653,71.02971824929824,70.65391358917954,4.0
,,,,,
49.606372017865,50.11371994018555,49.56352106523693,49.76120434109583,46.77407912531368,0.0
42.55798934704354,47.82108688354492,47.525946191279246,45.96834080728923,51.09189582744646,1.0
64.94897819802011,64.5354232788086,65.19250680984588,64.89230276222486,59.86991003569961,2.0
56.84290233611864,55.85828399658203,53.99076130779705,55.56398254683257,44.67372743327631,0.0
73.17090021967756,69.79647064208984,68.16202449649043,70.37646511941928,70.26294042675202,4.0
49.0828436983896,51.13835525512695,51.255979720424676,50.49239289131375,50.8263278486264,1.0
66.40119385897641,64.73786163330078,65.10860022321526,65.4158852384975,76.50487911673224,4.0
52.49979903449509,52.708866119384766,52.20585153296317,52.47150556228101,48.56429396167141,0.0
,,,,,
61.91835209691103,62.401275634765625,61.96674236272657,62.095456698134406,59.06450008522023,2.0
66.22993204935256,65.3624038696289,65.13758887968896,65.57664159955681,63.36878230606841,3.0
59.79952723410211,61.482810974121094,61.62614295615049,60.9694937214579,72.40818772031575,4.0
62.99382959542818,66.88912963867188,67.01606855420657,65.63300926276888,55.97152791977946,2.0
64.86994266516282,62.65690612792969,61.53777217059704,63.02154032122985,62.75312807768538,3.0
58.18333299851713,57.95132827758789,57.13704467136909,57.75723531582471,71.74698899816133,4.0
61.43332555312234,62.34877014160156,62.805158091663564,62.195751262129164,69.81622113804252,4.0
53.91492384468613,55.483768463134766,55.78678147784512,55.061824595222014,50.89888433452068,1.0
59.510589691567,60.894325256347656,60.29464330309305,60.23318608366924,69.7893825684112,4.0
61.16153836404809,64.3243408203125,65.26084106517531,63.58224008317864,55.982308834258696,2.0
57.42320427538436,53.155513763427734,54.24814272173513,54.9422869201824,56.88449860397171,2.0
56.835172411342825,55.89850616455078,57.25568597954643,56.66312151848001,57.96574785150649,2.0
67.76947237424216,68.55595397949219,67.18521430066932,67.83688021813454,76.48734993253296,4.0
68.04339085814894,66.44652557373047,67.73216207571342,67.40735950253094,68.84419763002748,4.0
73.49771342992058,73.54444122314453,72.68812532903263,73.24342666069924,76.0196836508493,4.0
60.75790857763484,59.69038009643555,60.030619266325665,60.159635980132016,71.70461802680163,4.0
65.57878448034862,65.85315704345703,66.18373575912302,65.87189242764289,60.06990535461276,2.0
49.50614338699415,50.308658599853516,49.358374920902556,49.7243923025834,31.730740533478837,0.0
53.267294679010156,55.34370040893555,50.025921111672254,52.87897206653932,57.37418755370635,2.0
70.63841900631267,68.1530532836914,67.42806440180746,68.73984556393718,68.27186048127668,4.0
70.07705404393366,69.8401870727539,68.63707432352588,69.51810514673781,82.76352522216712,4.0
50.17766641991357,52.32124328613281,50.73897697723163,51.07929556109267,54.43355501070953,1.0
57.65934746196677,59.69780349731445,59.92433337291406,59.09382811073177,47.37762185943617,0.0
52.9974215105305,51.80083084106445,51.014005216901495,51.937419189498826,39.22988854939346,0.0
65.84528899256799,63.09800338745117,60.45488997988416,63.13272745330111,71.96838346358265,4.0
51.62404491270368,53.68323516845703,55.40265026263686,53.56997678126586,54.75802201467254,1.0
63.77088452199338,60.96611785888672,63.11957141254168,62.6188579311406,55.24736071208076,1.0
,,,,,
56.540775590863205,58.060508728027344,58.39790474517415,57.66639635468823,62.537618329366175,3.0
,,,,,
63.315639273216874,62.803489685058594,61.64364409276377,62.587591017013075,50.634447710524896,1.0
51.36693923731573,53.463462829589844,52.855865711266766,52.56208925939078,50.383004357606566,1.0
54.99443015454501,54.48936462402344,54.81985613630693,54.767883638291785,63.64732492930509,3.0
59.52087541328933,60.43589401245117,65.06338915402867,61.67338619325639,63.03527482381337,3.0
,,,,,
,,,,,
67.23294523856862,66.69081115722656,65.28707132047222,66.4036092387558,58.249219653274366,2.0
66.38489033101364,68.4171142578125,67.0011638318313,67.26772280688583,69.04045108808765,4.0
53.1527419501599,55.33612823486328,59.09280680515904,55.86055899672741,56.93190893312421,2.0
62.171125864268106,59.61636734008789,59.30036692461904,60.36262004299167,64.46596218268002,3.0
53.135916387360645,53.756378173828125,54.106918866859104,53.66640447601596,39.33739203049159,0.0
55.89604473404994,59.02622604370117,59.53362261060339,58.151964462784825,53.69226475046398,1.0
54.623031153126846,57.04981994628906,58.87315514733164,56.84866874891585,40.57972880051155,0.0
56.993085159004366,56.50742721557617,56.60220601318792,56.70090612925615,58.28789642033677,2.0
53.62649087980855,54.20241165161133,55.47953400371476,54.43614551171155,55.50237347248445,2.0
64.46040165275544,67.57646179199219,66.21704547119096,66.08463630531286,54.3326158741107,1.0
54.23963147807416,52.49314498901367,52.501880943519346,53.07821913686906,51.47274271161696,1.0
55.880913756205636,51.14152526855469,50.74679827704653,52.58974576726896,52.756661059508254,1.0
50.678312242507715,50.15427017211914,51.6346785408666,50.82242031849783,60.54111306354034,2.0
68.82390897131725,71.92061614990234,71.74204453126339,70.82885655082767,67.73942938287188,3.0
,,,,,
64.53020053926944,60.76362228393555,66.2687774393859,63.854200087530295,68.46299017153008,4.0
65.1367213382991,65.2999267578125,65.40570308000994,65.28078372537384,57.22117233602971,2.0
55.31515883310512,55.206729888916016,53.65425099042749,54.72537990414955,52.92382554806307,1.0
47.377234160661835,46.387054443359375,47.14094923399675,46.96841261267266,50.15467176678592,1.0
65.53484777294176,68.10806274414062,68.67306041060986,67.43865697589742,58.59156036087957,2.0
72.57207119085908,72.38321685791016,75.00669453291862,73.32066086056263,74.57442059815257,4.0
,,,,,
72.96219955794061,74.20353698730469,73.12613033044525,73.43062229189685,82.33805879445816,4.0
51.55303142681428,53.873905181884766,52.02555615420436,52.484164254301135,48.59347008580089,0.0
63.65031251479842,62.74147415161133,61.47599225927433,62.62259297522803,78.62615013275071,4.0
44.10760487168616,47.503334045410156,48.66528772908794,46.758742215394754,54.46850902092086,1.0
69.9171180186374,70.0925064086914,70.32860025595588,70.1127415610949,84.54603259756732,4.0
51.62202664671866,53.94550704956055,53.98539590712214,53.18430986780046,38.1644880663814,0.0
57.66338503164967,59.48691940307617,59.889173341567236,59.013159258764354,71.43198714074565,4.0
57.50661199615911,59.26510238647461,59.42356930227708,58.731761228303604,51.74772170658372,1.0
,,,,,
52.88458635077695,55.63846206665039,55.25536542808041,54.59280461516925,68.35881527936945,4.0
58.257727218034404,56.17692565917969,55.95105236835121,56.795235081855104,59.94184405931729,2.0
,,,,,
59.81471682141085,57.95924377441406,57.631856609679446,58.468605735168126,57.151208904436544,2.0
,,,,,
51.89733786059222,51.55400466918945,49.900234864567295,51.11719246478299,43.76641294323299,0.0
,,,,,
66.91391052421149,68.89203643798828,67.73149379663232,67.84581358627737,66.87872405224526,3.0
55.229915976646176,51.554447174072266,51.465091624402,52.74981825837347,48.820993170721145,0.0
57.0966542376086,56.216468811035156,56.29142651106719,56.534849853236985,53.76559393748036,1.0
60.99829136660776,63.98768997192383,60.76985328231351,61.918611540281695,47.60552020351178,0.0
55.56249673181503,54.013710021972656,53.33198209456831,54.30272961611866,51.22433089013003,1.0
59.60304949033151,56.953277587890625,57.46425410565202,58.00686039462472,62.8892584113931,3.0
55.02569374453172,54.152252197265625,53.14166443458412,54.106536792127166,57.951388410767294,2.0
51.09044660126886,50.7504997253418,50.41821900720037,50.75305511127035,58.903513375036034,2.0
74.55048286552787,72.7021255493164,73.98499270449472,73.74586703977967,66.45020488253795,3.0
64.61349075794853,63.803524017333984,63.96375458890294,64.12692312139514,57.64453413333727,2.0
49.3453875954069,49.06654357910156,48.97818688391631,49.13003935280826,34.194281699052,0.0
52.00638603651485,51.70072555541992,51.763113163450654,51.823408251795136,62.05904195727172,3.0
68.84694929627507,70.2958984375,70.8917670515037,70.01153826175958,59.84678311490739,2.0
58.145484466474976,59.5639762878418,59.991556860348915,59.233672538221896,64.1777991668195,3.0
58.18189248023215,54.42424011230469,55.01381815344479,55.8733169153272,59.20148269318915,2.0
48.79535302290355,50.256473541259766,49.61366403709194,49.55516353375176,51.445795950536585,1.0
,,,,,
70.34165770246874,68.75491333007812,66.21734040531786,68.43797047928824,76.1942742816898,4.0
70.77125305480236,68.83496856689453,69.33346263678243,69.6465614194931,59.033893236312565,2.0
70.68474913652865,74.2723159790039,76.02739056263758,73.66148522605671,68.98522018574887,4.0
54.39136837305707,54.85963439941406,56.15116470741614,55.134055826629094,50.90244803540962,1.0
66.7274973824511,67.70408630371094,65.69740016591348,66.70966128402517,55.94909959735563,2.0
57.76471396043646,57.14156723022461,56.29799083479281,57.068090675151296,59.93902035643291,2.0
64.71100759343761,64.93614196777344,65.45384604965244,65.03366520362117,58.55662832902491,2.0
67.10723922757143,68.04524993896484,68.03242552710864,67.72830489788164,50.93311794681686,1.0
,,,,,
50.66272441145961,53.78140640258789,53.86196507066792,52.768698628238475,55.5787084804151,2.0
,,,,,
46.6423216087317,48.650360107421875,48.79839298528965,48.03035823381441,52.32325338139246,1.0
50.33157615578621,50.88215637207031,50.981409978186406,50.73171416868098,57.23423115067369,2.0
65.938486611067,63.05513000488281,63.04026856972431,64.01129506189137,67.37816413377806,3.0
,,,,,
61.12089035907245,62.84436798095703,64.49359954864501,62.81961929622482,62.31236298351645,3.0
55.0844419964348,52.45570755004883,52.91422212967561,53.484790558719745,53.599938592119535,1.0
66.65360076407234,67.28499603271484,68.13107823483753,67.35655834387491,66.9508985840999,3.0
55.2714682058837,55.42527770996094,56.17336907790061,55.62337166458175,55.31076348406616,1.0
52.62891463053097,55.55607986450195,55.03092757707678,54.40530735736991,61.70598370319405,3.0
52.74422358257171,51.74909210205078,49.76202906398615,51.41844824953622,78.17212054511579,4.0
65.65624413994838,65.3860855102539,65.08314846645463,65.37515937221899,58.68335144238254,2.0
56.8978821274419,57.694820404052734,57.183241857008994,57.25864812950121,62.46492142912001,3.0
52.23840100463664,50.70977020263672,51.22163603718584,51.38993574815307,48.57290812881696,0.0
52.11645459952963,54.3830680847168,55.30026651255497,53.93326306560047,60.27342438485375,2.0
,,,,,
50.258729563208036,52.42587661743164,52.84912416502401,51.844576781887895,47.37880720188228,0.0
48.340651583098214,49.5956916809082,50.93801687070904,49.62478671157182,42.57855399387372,0.0
,,,,,
57.559696881945186,56.96479034423828,56.24272983397622,56.92240568671989,51.28935249503712,1.0
73.54516888925127,77.21537017822266,73.64929697448933,74.80327868065443,84.26127761542119,4.0
68.76841054424013,64.09562683105469,63.60032567143299,65.48812101557593,69.06784483364797,4.0
54.10689728138348,53.889892578125,54.954335516126235,54.31704179187824,47.72300547224846,0.0
49.94117670851344,51.121788024902344,50.82541612597995,50.629460286465246,39.71817084990513,0.0
53.23569912454345,55.96512222290039,57.48406589220214,55.561629079882,51.929401037365096,1.0
58.82706740450201,63.35177230834961,63.04467698161526,61.74117223148897,52.45790704486146,1.0
,,,,,
52.80449606216621,51.6767463684082,50.49924979002122,51.66016407353188,45.35086275131963,0.0
51.27138682644815,52.2289924621582,53.332568877035655,52.27764938854733,45.59989941745141,0.0
58.931504655277614,55.975040435791016,56.011841853339305,56.97279564813598,59.07286584422992,2.0
63.296292571820594,64.40531921386719,64.441703204442,64.0477716633766,51.94457017168504,1.0
52.79135377509061,50.023258209228516,50.10980154824458,50.97480451085457,44.4595702671691,0.0
,,,,,
53.071240376486806,54.56703567504883,53.36679317012287,53.6683564072195,61.67722637639147,3.0
,,,,,
68.1592306049118,69.05838012695312,69.36961802819458,68.8624095866865,70.61412440115265,4.0
52.65950838813423,52.28957748413086,52.60014563444936,52.51641050223815,62.86489160721351,3.0
56.19709807842388,54.975833892822266,54.87722184686908,55.35005127270508,61.42421819770075,3.0
57.274656921270314,56.366722106933594,56.72606583629458,56.78914828816617,44.72645528317035,0.0
,,,,,
51.14145857736536,49.28996276855469,50.254926186260484,50.22878251072685,65.61175600817559,3.0
55.97031849382558,55.94674301147461,55.26079480264449,55.72595210264822,47.98801650258064,0.0
54.80511467132002,49.30107879638672,50.810301729873245,51.63883173252666,56.331348018404256,2.0
63.7573582101083,61.68083953857422,62.88667780714672,62.77495851860974,62.90907781627011,3.0
51.07371799586657,53.365760803222656,52.29223565829551,52.243904819128254,72.3605472309383,4.0
,,,,,
65.55336585722904,66.67887878417969,67.10163820011887,66.44462761384254,60.799112992162335,3.0
48.0686193298026,47.86957931518555,47.923728646539054,47.9539757638424,42.675343928893525,0.0
52.13331026671226,52.850440979003906,55.40950935537031,53.464420200362156,56.524763977395615,2.0
55.82309401632514,52.10675048828125,50.70272039965044,52.87752163475228,49.759697706028646,1.0
64.58042569426438,62.65690612792969,61.53777217059704,62.9250346642637,60.57356760690561,2.0
69.2849891598621,66.8415756225586,71.10845590529055,69.07834022923709,61.236623018349,3.0
45.67731614469892,49.01465606689453,48.00972524541852,47.56723248567065,45.90597513379481,0.0
55.93398410896699,56.03717803955078,56.862524658641604,56.27789560238646,51.38618199512589,1.0
50.40527772531725,51.422157287597656,53.193486963183226,51.67364065869938,57.16861513772074,2.0
,,,,,
66.87917027572963,67.09464263916016,65.61711778957623,66.53031023482201,56.54736127676434,2.0
60.10899656409097,60.68046569824219,58.64571892482908,59.81172706238741,54.96649582368031,1.0
,,,,,
68.7510523810845,71.04228973388672,68.83281943123052,69.54205384873391,60.44061505311048,2.0
58.2650662046149,56.2701301574707,56.145698968010876,56.89363177669882,55.44636642790567,2.0
,,,,,
62.60431257355723,63.92333221435547,66.16798030908734,64.23187503233335,57.84053629006453,2.0
60.192272227236295,59.992584228515625,60.03292747265888,60.07259464280359,63.20415301232119,3.0
,,,,,
54.883407938978,54.551361083984375,55.475629979400196,54.970133000787534,48.07860660075816,0.0
63.12593554250421,58.62605667114258,58.44147115954875,60.064487791065176,61.94336055772556,3.0
54.361926980113196,53.79867172241211,55.04482039055838,54.40180636436123,59.82967378267409,2.0
66.81326602378391,64.0949935913086,65.12974187671905,65.34600049727051,68.74330853882527,4.0
51.58219903365318,53.71247863769531,54.165346031951,53.153341234433164,44.86801196045348,0.0
64.58637485875873,66.64379119873047,66.78477633929658,66.0049807989286,64.89457086603116,3.0
,,,,,
60.50021950069601,57.8762092590332,59.323198768776855,59.23320917616869,57.195230560375066,2.0
68.04094629777477,65.91477966308594,65.62635735006283,66.52736110364118,86.51794934038068,4.0
54.414820751734005,53.94429397583008,53.24414725299702,53.86775399352036,53.89492939681694,1.0
53.919176942632845,55.05051803588867,56.38284872401181,55.11751456751111,50.30152265308649,1.0
54.64692240014779,52.532047271728516,52.283284640711805,53.1540847708627,47.48045031572338,0.0
,,,,,
71.76961527724693,71.71383666992188,68.58495121929649,70.6894677221551,71.31429989926805,4.0
55.25634016172754,56.47966003417969,57.17434964443278,56.303449946780006,51.450575096872704,1.0
53.34045833366994,57.38023376464844,58.75067174405461,56.49045461412433,61.73422059670399,3.0
,,,,,
67.89792956494205,67.00361633300781,66.8346997777367,67.24541522522885,68.28165586000712,4.0
77.56344745109628,75.0408935546875,74.90160619780819,75.83531573453065,82.43805624223792,4.0
53.60827881234209,51.59600830078125,50.26485831261829,51.82304847524721,54.35500459534392,1.0
,,,,,
,,,,,
62.49888803306345,62.9512939453125,63.196874604692624,62.88235219435618,52.2079483755866,1.0
63.05209898940136,64.8150863647461,64.06957669258625,63.97892068224456,55.21432890774729,1.0
73.39730611193691,71.07067108154297,72.62408755067162,72.36402158138384,68.19314892742848,4.0
64.60476055918286,65.49784851074219,66.98568498046478,65.69609801679661,62.62559430983155,3.0
50.40061412123378,52.68517303466797,50.974203679013634,51.35333027830513,51.08750085229882,1.0
,,,,,
64.85809409532952,65.02605438232422,64.92601941321797,64.93672263029057,76.3663771494438,4.0
55.73708849617553,56.04059982299805,54.934970451208635,55.57088625679407,51.47139526483198,1.0
,,,,,
47.23524895796136,53.486053466796875,51.11762676515646,50.61297639663823,53.36797859708163,1.0
66.33990374525756,66.12896728515625,65.5944804258066,66.02111715207347,71.52435654327705,4.0
68.11973996001925,66.59752655029297,66.4097370163726,67.04233450889494,73.53597905515514,4.0
65.01936155851514,67.65020751953125,65.92404575128592,66.19787160977744,71.70901719816362,4.0
,,,,,
62.23202407179615,62.9003791809082,62.90824071117192,62.68021465462542,55.4098669026177,2.0
57.01192126714732,55.37397003173828,55.19815787199044,55.86134972362535,57.96951965848063,2.0
66.2550814254896,67.83526611328125,68.66115675824506,67.58383476567197,71.12077593576836,4.0
,,,,,
65.85153586734606,60.54289627075195,64.06499940674587,63.486477181614624,63.87414502851983,3.0
51.08696986082213,51.53714370727539,51.917556559932166,51.513890042676564,45.92037538740918,0.0
55.58250760619746,57.78875732421875,58.15531717834695,57.17552736958771,49.22599551331592,0.0
58.33335642227595,56.6153564453125,56.996103963565275,57.31493894371791,51.123077827196674,1.0
73.6936513782328,72.15028381347656,74.46758504656769,73.43717341275902,66.56190359065373,3.0
54.448670725621156,52.34892654418945,51.367202727154925,52.721599998988516,58.22046825195517,2.0
45.64930189039898,49.33844757080078,49.39312434630719,48.126957935835655,38.49871222192599,0.0
66.37330204905236,66.53627014160156,67.38855274262036,66.76604164442476,72.53279770537931,4.0
,,,,,
58.46969718225698,56.75987243652344,56.87547112028318,57.368346913021206,52.63334322707072,1.0
,,,,,
59.18300365808905,58.81718444824219,57.422818627318016,58.47433557788309,64.68452287573588,3.0
45.62336650414217,46.36838150024414,45.609821947959766,45.867189984115356,51.66626446740364,1.0
,,,,,
49.890572431503244,46.95113754272461,47.60787306375552,48.14986101266112,59.70093130785973,2.0
55.041612982472095,55.48811721801758,55.421215691309456,55.31698196393305,53.26680509919058,1.0
67.37972017103688,70.15830993652344,68.56701315311422,68.7016810868915,80.74771041358068,4.0
48.373861519505176,49.75554656982422,50.91673953901784,49.682049209449076,48.16713336986974,0.0
45.42790802083157,44.887081146240234,48.27504488663121,46.19667801790101,40.27203623305077,0.0
52.628943439567834,54.3787841796875,54.389511109279574,53.79907957617829,47.37614688805322,0.0
,,,,,
,,,,,
49.63242032468972,50.91775894165039,51.190049976493036,50.58007641427772,50.2823408161789,1.0
67.3699885613693,67.6223373413086,69.08436374172518,68.02556321480104,65.09696562173853,3.0
,,,,,
61.43178432793555,62.32219314575195,62.52081482608397,62.091597433257164,57.17946342047849,2.0
65.84052572140789,65.44125366210938,65.97339073165504,65.7517233717241,74.50512708565113,4.0
60.00507486277152,57.54081344604492,57.23560794955539,58.2604987527906,58.24282564253157,2.0
54.6208328149077,57.05949783325195,56.44749690938124,56.04260918584697,62.04658749320824,3.0
61.39481036633448,61.84751892089844,60.170534374759264,61.13762122066405,66.86098608051599,3.0
,,,,,
64.72054035773688,63.981285095214844,66.24835508501344,64.98339351265504,64.40844799936508,3.0
,,,,,
58.48544376580333,59.081214904785156,58.40302303252889,58.65656056770579,63.67183475761768,3.0
48.437683077184104,50.84675979614258,50.67796088395955,49.987467919095415,37.6416492864937,0.0
66.37368522930537,66.29596710205078,64.97087762928508,65.88017665354708,76.9440459277484,4.0
,,,,,
58.93159537649753,59.0656623840332,59.57628176620548,59.19117984224541,62.39755666773699,3.0
62.72106608145961,57.4771614074707,57.08926262492832,59.09583003795288,50.81370353588825,1.0
52.6812693431975,51.73189163208008,51.59340374882942,52.002188241369,42.99674704354243,0.0
46.977698366440265,48.206199645996094,47.70966367031185,47.631187227582735,38.77174297601022,0.0
46.227410478450935,49.956878662109375,50.44278499765517,48.87569137940516,63.44861422587267,3.0
57.54213197756795,55.57875061035156,57.13818794891856,56.753023512279356,43.79962105940454,0.0
,,,,,
63.27227788888792,60.22819519042969,63.490280298048546,62.33025112578871,57.12923385569225,2.0
58.47176235331932,58.1442985534668,55.8436028373364,57.48655458137417,62.88054665050439,3.0
60.76253340317145,59.63808059692383,61.828914287564146,60.743176095886476,65.16108061576445,3.0
45.8624560302328,48.60860824584961,48.93235802007008,47.80114076538416,49.9645605333417,1.0
67.9050070395227,62.431312561035156,64.70818761705596,65.01483573920461,65.69386295578002,3.0
69.81255671954146,70.74256896972656,68.3042701813742,69.61979862354741,71.75007738370832,4.0
70.3573400536989,67.755859375,67.89783332965476,68.67034425278456,78.38177900911022,4.0
66.60879257403012,65.09981536865234,65.66312337731492,65.7905771066658,50.27276361850761,1.0
60.18836232386208,57.7216796875,55.81281992430159,57.90762064522122,60.707865256910445,3.0
51.437633323107576,48.01152420043945,45.97969830460605,48.47628527605102,61.61818638355752,3.0
72.34644818579696,72.76921844482422,70.67850980851166,71.93139214637762,67.99899521269829,4.0
56.80992545215086,54.3316535949707,54.11863432898324,55.08673779203493,43.52835807247975,0.0
70.6594859752056,72.49700164794922,71.0320452639565,71.3961776290371,71.91619187814499,4.0
45.047169951483305,49.456058502197266,50.07538026084722,48.19286957150927,43.64551911741977,0.0
60.27046992529104,60.30335998535156,58.564161322872415,59.712663744505,74.72621580995316,4.0
,,,,,
62.22189733304824,61.960514068603516,60.54754784009736,61.57665308058304,66.83829335494035,3.0
53.003670442097416,54.15836715698242,54.13233051369753,53.76478937092579,50.80705074208249,1.0
51.69241049129237,54.81306457519531,56.129678043364954,54.211717703284215,50.64805946147129,1.0
64.80779247452226,65.32208251953125,66.14102918098985,65.42363472501445,58.173203185758,2.0
57.51730811884163,59.20336151123047,58.28813665114624,58.336268760406114,56.2688389240193,2.0
54.50233451433039,56.5405158996582,54.54720001132277,55.19668347510378,58.40362619552103,2.0
67.41569208824504,67.46217346191406,66.38445308272307,67.08743954429404,62.9509687419573,3.0
51.66509161737293,50.7504997253418,50.41821900720037,50.9446034499717,61.217591522053134,3.0
68.71040376526935,76.40859985351562,74.49039142085336,73.20313167987945,81.63208757187269,4.0
65.76794849432608,65.9319076538086,65.76707128461624,65.8223091442503,69.88217488826406,4.0
49.43659990831572,50.37616729736328,50.79782493831669,50.20353071466524,55.58799381622216,2.0
66.32355643688972,70.00810241699219,64.42927667418078,66.92031184268755,66.79531378481306,3.0
67.35223001920062,65.32437896728516,64.18660847089185,65.62107248579255,66.62856734458353,3.0
54.882299039318156,56.55302047729492,56.12724580910076,55.854188441904604,55.68820388923108,2.0
68.80972706569955,68.39186096191406,69.73989401832418,68.9804940153126,57.129446312052565,2.0
,,,,,
49.27643086068364,46.802268981933594,48.8310655098546,48.30325511749061,44.729229490747045,0.0
,,,,,
47.02971414231548,49.81340026855469,50.27331935267454,49.038811254514904,41.23596561961262,0.0
49.67780436260092,52.1195182800293,52.60429231527545,51.46720498596856,42.924075433964106,0.0
71.05752333402896,78.04386901855469,73.8990115048891,74.33346795249092,88.60777003925972,4.0
57.46091347028594,57.41731262207031,56.88460554893993,57.25427721376539,56.86247735587133,2.0
69.87268740186337,70.20045471191406,69.7651265276979,69.94608954715845,80.44403005726666,4.0
58.05082819125576,57.64539337158203,57.28250498606494,57.65957551630091,47.74526711312104,0.0
53.192292693169136,54.49750900268555,55.538163349693,54.40932168184923,49.79855911925834,1.0
,,,,,
65.94155891418991,69.69679260253906,68.57382947516538,68.07072699729814,73.43022559355259,4.0
55.89253710949823,53.09453201293945,51.61699194873891,53.534687023725525,58.95700661985473,2.0
52.15076688770044,54.04324722290039,54.910178094967094,53.70139740185598,68.92417076666966,4.0
66.67019850648543,65.58712768554688,63.61131433172513,65.28954684125249,64.45486891251518,3.0
54.38382470383852,55.429588317871094,56.13188612981178,55.31509971717381,60.05378222584418,2.0
56.171072036074875,56.36095428466797,56.42965204962854,56.320559456790455,51.75786968839356,1.0
74.79669930205087,72.50528717041016,71.89079090221263,73.06425912489122,73.87707665022545,4.0
46.3090155935338,45.9870491027832,45.988218205707966,46.094760967341664,40.06926138870212,0.0
59.04456794901462,57.02136993408203,58.602621322484495,58.22285306852705,59.65714114434616,2.0
57.878853500549475,56.17190933227539,56.20778827927416,56.75285037069968,57.86819484666292,2.0
68.23512796569807,67.1914291381836,67.05129448956382,67.49261719781516,65.25655000287863,3.0
63.94894179529042,61.86560821533203,63.10747831637707,62.97400944233317,72.89804543647172,4.0
63.25136110068487,60.86073684692383,56.89040807349583,60.334168673701505,64.37863883215581,3.0
55.21739704397051,53.73691940307617,53.724840790282954,54.226385745776554,61.08597670984524,3.0
61.30555911281631,62.29215621948242,61.674879202840586,61.757531511713104,73.79052842457746,4.0
51.102339085339395,50.805110931396484,51.414203369656356,51.107217795464074,62.652960762754994,3.0
55.68111847099777,50.234493255615234,50.53979571227102,52.15180247962801,50.3284638260283,1.0
50.92158456254763,50.01822280883789,49.604781561564,50.181529644316505,53.35739624488017,1.0
64.46601118497797,63.70878601074219,62.83973371947075,63.671510305063634,63.72812491037997,3.0
63.83830609825442,65.26688385009766,64.8586957513249,64.65462856655898,77.13348505941322,4.0
57.97683962174082,55.983272552490234,55.23624453966523,56.39878557129877,60.906357956999706,3.0
57.34741170964297,58.18276596069336,57.66256511336469,57.73091426123367,45.361210537041885,0.0
74.33853513577816,69.9302978515625,70.82729030535194,71.69870776423086,68.46952681922069,4.0
53.26762774254995,54.075660705566406,53.89530054612498,53.74619633141378,53.12127589678359,1.0
55.19841943363801,56.94449996948242,57.23545315821248,56.45945752044431,60.15578889903379,2.0
69.63351082198491,72.82393646240234,70.94287498614929,71.13344075684553,63.31403117801825,3.0
52.39757349084834,54.52864074707031,54.788488229401004,53.904900822439885,47.74567716677122,0.0
61.5570082226022,62.439815521240234,62.667814812836774,62.22154618555974,50.992948951885545,1.0
,,,,,
56.68252764150365,57.928733825683594,58.53554345528834,57.71560164082519,68.95078320716958,4.0
71.68546818955346,67.0625,69.40595102811234,69.38463973922194,74.64731394800548,4.0
52.717618116482946,55.320133209228516,56.26303491591809,54.76692874720985,65.68796456316458,3.0
65.80444692720644,65.04895782470703,62.830903603712336,64.56143611854193,65.84192633762962,3.0
60.838484596428124,55.696868896484375,56.830659658333445,57.78867105041531,72.22985904023403,4.0
62.66216739185237,64.77981567382812,66.5418777050562,64.6612869235789,65.29995407909243,3.0
66.55136986384183,67.45951843261719,67.16569487284981,67.05886105643629,68.6551964632263,4.0
61.233516012015706,59.57965850830078,59.04280066592207,59.95199172874619,43.89767492843043,0.0
63.155493483716334,63.08120346069336,61.85847716547566,62.69839136996179,60.01922111173184,2.0
55.22817587930693,51.29664611816406,51.00009404685859,52.508305348109864,50.08081263375226,1.0
49.71502516382272,48.6961669921875,47.93273832527671,48.78131016042897,46.54832044379933,0.0
,,,,,
57.88168279955448,55.67361831665039,55.4501921668879,56.3351644276976,52.26065430877037,1.0
56.112342304540995,53.48821258544922,54.26004951471194,54.62020146823405,61.45754567204412,3.0
57.417618188087566,56.71156692504883,57.72975742711258,57.286314180083,56.32561020439704,2.0
67.60002137613169,65.55973052978516,63.435585898212125,65.531779268043,46.58279989080065,0.0
58.020154938592704,55.36292266845703,59.738737547206725,57.70727171808549,54.09188186967879,1.0
67.11170974338432,63.41270065307617,63.155043484362565,64.55981796027436,69.94979421764378,4.0
,,,,,
51.34473496250983,51.56189727783203,52.21465696276139,51.70709640103442,46.25317778801747,0.0
55.02261485336477,55.11017990112305,55.403705643984324,55.17883346615738,41.2187759128165,0.0
,,,,,
59.88779727021212,56.598838806152344,57.16658097238186,57.884405682915435,62.849305308041565,3.0
59.549565928523045,59.321449279785156,60.15471614334844,59.67524378388555,59.383254078976975,2.0
74.35272928086395,74.73271942138672,73.46787959515868,74.18444276580313,69.29331464530075,4.0
58.39406180830439,55.6690673828125,54.40048508438886,56.154538091835256,60.98898715060731,3.0
,,,,,
51.1377371134488,49.86483383178711,52.74131568594412,51.247962210393354,46.3342828401342,0.0
62.761204166905166,58.61884307861328,59.88137626933317,60.42047450495053,58.399037204807485,2.0
76.33678762626485,73.26813507080078,73.7212980517075,74.44207358292438,79.20239986219211,4.0
55.73677120521844,54.16314697265625,54.77243077244659,54.89078298344043,55.0291958130008,1.0
68.33441311662166,67.93159484863281,68.61727336669573,68.29442711065006,62.23620186877736,3.0
,,,,,
,,,,,
55.07097444462936,56.710411071777344,55.178989232897834,55.653458249768185,56.784333196868445,2.0
43.49901790307668,48.14646530151367,47.09697742285719,46.247486875815845,37.52263137653944,0.0
50.230831678967604,55.25041961669922,54.75729438365718,53.412848559774666,60.37807868365032,2.0
70.10472649416526,69.19636535644531,69.6693957624977,69.65682920436943,70.97187805733891,4.0
67.04532857929541,67.87799072265625,68.00351349624185,67.64227759939784,80.84833214774041,4.0
64.62123605990676,65.02434539794922,65.541729273083,65.062436910313,59.25185805958057,2.0
67.00651566342081,66.99591064453125,67.28639586088389,67.09627405627866,62.80587278017225,3.0
48.46864789942916,47.20682907104492,47.891323589428396,47.855600186634156,55.21930478232535,1.0
76.25883200177067,76.5790786743164,74.96728226878152,75.93506431495621,76.33494124381943,4.0
54.427063587995576,52.86994934082031,53.16586321953722,53.487625382784366,60.74557643083449,3.0
69.77071149071435,69.60973358154297,69.05634944267526,69.47893150497752,70.84431712498858,4.0
63.093002279392216,60.9940299987793,59.74873638303269,61.27858955373474,85.81895772236288,4.0
61.10172335446168,60.4669075012207,60.25972424370452,60.609451699795635,58.770296856817104,2.0
55.00024137141175,55.99794387817383,54.81410785266535,55.270764367416966,62.46781389481737,3.0
68.78807493997321,68.95392608642578,68.90332393592999,68.881774987443,72.25766391297192,4.0
63.67583673980776,62.36064910888672,63.103475335772345,63.046653728155604,53.531542226897685,1.0
,,,,,
45.765460992375274,49.45125961303711,50.12538781869405,48.447369474702136,46.82725013891128,0.0
67.87367608207087,68.09908294677734,67.23394973885084,67.73556958923301,69.9659479396665,4.0
,,,,,
52.57105354096724,51.51348114013672,54.201277815665954,52.76193749892331,65.63372193854623,3.0
72.00219679545944,70.96443939208984,70.84488948658512,71.2705085580448,52.50835889074397,1.0
48.69097545871066,50.24973678588867,51.25829469746224,50.06633564735387,54.32133539776589,1.0
52.73947571429639,52.327735900878906,52.323956875733174,52.46372283030282,46.88669998657309,0.0
58.70296383106903,56.26438522338867,57.285666091057756,57.41767171517182,61.487919224360304,3.0
,,,,,
48.80923385390739,48.830997467041016,49.73964654188484,49.12662595427775,53.15939569222613,1.0
55.84935204238203,55.10648727416992,55.194982202954805,55.38360717316892,55.81800270732092,2.0
53.51309779071973,50.299659729003906,49.92652790099612,51.24642847357325,58.19844711466981,2.0
69.77797728522981,68.73284149169922,68.90521247373691,69.13867708355532,74.10273788771936,4.0
54.904211381723094,54.4958610534668,56.0403971108482,55.146823182012696,43.24807123433294,0.0
60.12917837873282,63.184017181396484,65.52061785278812,62.94460447097248,55.59315022038205,2.0
50.368137258961035,49.51701354980469,48.9268067810952,49.603985863286965,46.19061881978605,0.0
57.751373604265744,58.790828704833984,60.51836342182073,59.02018857697349,57.820390405548416,2.0
46.69842843033151,48.5182991027832,49.70757495151031,48.308100828208346,29.0317978314597,0.0
54.279561022027536,54.4691276550293,55.055754157247925,54.60148094476825,50.7731154009504,1.0
52.047438492242506,48.32414245605469,50.767401457701105,50.37966080199944,38.99029148512329,0.0
58.7189938369279,58.230464935302734,58.374318070898624,58.44125894770975,72.8040436051023,4.0
54.05316496218068,57.429046630859375,59.142906297164984,56.87503929673502,51.0247681808446,1.0
70.83663295495903,68.9068603515625,67.69616487666018,69.14655272772724,62.12450436001759,3.0
55.48530235396759,55.743797302246094,55.924279982921455,55.71779321304505,60.29373741234121,2.0
48.719693076606326,47.28091812133789,47.738130224236826,47.91291380739369,31.55531865087926,0.0
62.782738109939615,61.2806282043457,63.609660683712534,62.557675665999284,49.4540972773738,1.0
52.55304864502764,51.364173889160156,51.60464055868286,51.84062103095689,43.96610543037428,0.0
50.96708950553928,49.824859619140625,50.82876019011563,50.540236438265175,49.17868388081296,0.0
66.88846500578335,67.2079086303711,67.4860330301742,67.19413555544288,52.84959763665393,1.0
48.59126403815383,49.42315673828125,48.384421878959316,48.7996142184648,58.64046678006339,2.0
69.26395857101583,69.69255065917969,67.69089067227121,68.88246663415559,65.6369919678061,3.0
53.5299959053298,54.54624557495117,54.60453715824655,54.22692621284251,52.72924871712291,1.0
49.60519493453225,51.30024337768555,52.4169030302902,51.10744711416933,45.58938849938302,0.0
70.44442440826937,72.700439453125,71.12189045793171,71.42225143977537,64.30224540368859,3.0
58.79656749058424,59.593990325927734,60.80742147453037,59.73265976368079,54.78743284024742,1.0
67.78192479757695,67.72948455810547,66.45797920552937,67.32312952040392,65.35206853707277,3.0
76.67973128740087,74.81181335449219,77.36310336934808,76.28488267041371,65.65271261166306,3.0
55.540194910958334,53.59325408935547,53.113831401060104,54.08242680045797,48.47388194327159,0.0
47.1808495442397,49.098182678222656,50.04689981996247,48.775310680808275,62.38086506005982,3.0
48.859657150775966,47.128761291503906,48.826206252761004,48.27154156501363,46.865047331784496,0.0
60.16324182085263,61.60103988647461,61.77605327201098,61.180111659779406,61.41937784505871,3.0
51.22342787255745,48.45648193359375,47.907486317904855,49.195798708018685,49.267828874066126,0.0
66.43022973570916,68.61531829833984,62.282792811474245,65.77611361517442,65.37713499013105,3.0
70.28072615532172,70.95619201660156,69.75026455451675,70.32906090881333,77.966085819726,4.0
59.76662761198176,61.825592041015625,60.93125839870512,60.8411593505675,58.51553735503274,2.0
56.269675933754684,55.58676528930664,54.26472183843708,55.37372102049947,68.54595706095608,4.0
66.51437854760303,64.955322265625,65.40392058521023,65.62454046614609,75.2673402137965,4.0
52.2390339434544,50.50722122192383,50.856385124487396,51.20088009662188,48.080246053880856,0.0
55.78568478238021,55.63117599487305,55.52440341442848,55.64708806389391,47.95396059213386,0.0
61.87242631374136,61.354820251464844,61.57484358061303,61.600696715273074,67.11381730048306,3.0
45.773559199878804,47.993858337402344,48.937493991690616,47.56830384299059,43.00057022644844,0.0
69.70122827427973,68.790771484375,67.01246006943946,68.50148660936473,74.15408099525116,4.0
54.39343470724673,58.6181526184082,59.31815358504291,57.44324697023262,51.16329702048655,1.0
65.16077413870855,64.56621551513672,65.70473479866027,65.14390815083517,70.4577652889762,4.0
50.608570364290586,50.41032409667969,50.63831594963709,50.55240347020246,46.30067004578776,0.0
56.06281182127331,58.237796783447266,58.312490665968774,57.537699756896444,56.01268978517744,2.0
42.42921147449327,45.348297119140625,46.09963572236671,44.62571477200021,45.26868060670892,0.0
52.96221214075155,52.90263366699219,53.816776267883824,53.22720735854252,58.72220492894332,2.0
58.4008842425447,60.124996185302734,59.72194435778724,59.41594159521156,52.28416225699163,1.0
,,,,,
55.772375400693186,54.69166946411133,53.88025485552058,54.78143324010836,59.10876683982095,2.0
,,,,,
68.9946473447249,71.03168487548828,71.37596370553786,70.46743197525035,67.951706307822,4.0
48.80192001672312,50.095848083496094,49.75055845936238,49.54944218652721,60.53306587420673,2.0
55.94361832093441,52.56053161621094,50.06251892171975,52.85555628628836,45.04867169240148,0.0
,,,,,
68.01399585020053,65.52384185791016,65.02862254303271,66.18882008371446,60.21666116416812,2.0
54.4805360430534,50.108219146728516,50.14731126518519,51.57868881832237,44.65029091214092,0.0
67.85561604159629,66.01573181152344,67.0645941283288,66.97864732714952,68.4070216801774,4.0
65.55481504314332,65.85701751708984,67.88741495307634,66.43308250443651,77.41736528955143,4.0
51.95416736255602,51.87660217285156,50.17958574388847,51.33678509309868,50.50581637263721,1.0
72.2930721964962,73.01274108886719,74.96207664194172,73.42262997576837,68.62928784584355,4.0
68.50378294897746,68.42730712890625,66.98887596963182,67.9733220158385,68.03788853584793,4.0
51.10348325761413,50.161624908447266,49.9915000596677,50.41886940857637,61.89047721178894,3.0
51.686563536911876,50.19679641723633,49.261264074297024,50.381541342815076,65.5338653495083,3.0
59.197342698936296,58.38218307495117,59.19040620669398,58.92331066019381,58.82936382012464,2.0
54.10045243778738,49.99911117553711,49.546199488172675,51.21525436716573,60.69733942598607,3.0
60.10116294848069,58.08900833129883,59.005734815169525,59.065302031649686,51.74519210899626,1.0
59.47464686490529,60.6956672668457,59.95622362804634,60.04217925326578,58.43574086401011,2.0
,,,,,
57.67053511089865,56.59549331665039,57.3774305941239,57.21448634055764,59.21393246035266,2.0
65.53728815947285,66.712890625,67.40827969292695,66.5528194924666,68.78792844701421,4.0
51.24920107584296,52.05227279663086,50.8237608617677,51.37507824474718,33.31789221434424,0.0
70.19476909057742,71.0200424194336,70.46032715931786,70.55837955644296,63.85883095602512,3.0
,,,,,
54.145562637264355,56.97489547729492,55.39172175698021,55.504059957179834,50.11134184315153,1.0
57.16736870776113,56.916568756103516,56.48696395288794,56.856967138917526,56.386572189252206,2.0
59.21994038950676,57.64539337158203,57.28250498606494,58.04927958238457,41.68539980685906,0.0
51.07206529651265,52.95427703857422,52.93744293245533,52.321261755847395,40.17612452471951,0.0
46.380916241510356,46.389678955078125,46.61361126768964,46.46140215475938,43.41905114044433,0.0
64.40455012443387,67.22003173828125,67.89419310924634,66.50625832398715,62.68839842810235,3.0
58.622021752677504,56.714881896972656,56.04077471850688,57.12589278938569,60.3259976424006,2.0
58.77335392146832,58.7235107421875,56.62259892420447,58.039821195953415,71.29833383539962,4.0
54.28063821692196,53.01334762573242,54.6847228994428,53.99290291403239,51.03424369787352,1.0
60.772000993565406,60.9315071105957,59.53254343409938,60.41201717942016,64.60285855821864,3.0
64.47264538013715,63.56734085083008,62.59087721959926,63.543621150188834,75.62110211094586,4.0
63.88289730547464,63.557456970214844,63.04831001489419,63.49622143019456,75.33145129758233,4.0
,,,,,
,,,,,
54.74306169704481,55.215694427490234,54.87827416042365,54.9456767616529,65.53552020158159,3.0
59.52416804840422,55.108585357666016,56.204478668054136,56.94574402470812,55.61218453232702,2.0
63.62446131615628,63.63302230834961,61.26537111305195,62.84095157918594,65.16730813596536,3.0
60.02634493708859,58.761592864990234,58.78193046695623,59.189956089678354,57.975903116721874,2.0
69.8134648771045,67.29668426513672,65.17875755516673,67.42963556580264,80.61193290261744,4.0
53.67529362939021,54.95775604248047,54.68426593443376,54.43910520210148,51.4159326374868,1.0
65.26963943883459,66.22924041748047,64.75282604317694,65.41723529983066,68.32333701129352,4.0
62.998734750492964,61.51974868774414,60.42470543389929,61.64772962404546,67.99215640920596,4.0
56.593474265061495,55.67814254760742,55.109791012920816,55.79380260852991,51.44590732286375,1.0
55.81609793795075,54.42953872680664,53.442534943140856,54.56272386929942,59.20149950637412,2.0
71.11280122868419,76.53868865966797,73.92261726045338,73.8580357162685,69.27934779332328,4.0
61.790100889898554,63.08121871948242,63.47023661023789,62.78051873987295,63.733119124438005,3.0
68.22116746873222,69.6266860961914,66.04704909018928,67.9649675517043,55.47047171715757,2.0
48.424855318002656,49.19962692260742,49.147515309520884,48.923999183376985,40.42463266238923,0.0
52.71616805709178,54.966590881347656,55.34969364549243,54.344150861310624,49.84080560237653,1.0
52.97370939550185,51.07033157348633,50.39235870910064,51.47879989269628,54.24677004677718,1.0
53.666366689762974,55.25049591064453,56.06865310499947,54.99517190180233,50.70939660067983,1.0
56.09057499388888,61.176937103271484,60.375656234874405,59.21438944401158,60.02484222479129,2.0
69.64411939796359,65.98269653320312,65.11231964778062,66.91304519298244,67.74715291242163,3.0
,,,,,
60.624346197036736,62.772979736328125,62.0679003547711,61.82174209604532,53.64130715929121,1.0
54.34379877307426,55.6592903137207,57.074584901152434,55.69255799598246,53.23131192905208,1.0
54.75748099191599,54.13663101196289,55.084338238592224,54.659483414157044,59.11801549445386,2.0
55.81622919681232,54.531700134277344,56.062097762475986,55.470009031188546,68.3334949334313,4.0
68.1696841933058,73.12889862060547,73.68055581840413,71.65971287743845,73.9357333605174,4.0
44.873158166391704,47.674888610839844,48.58933369172653,47.04579348965269,40.89449330104164,0.0
49.727292028139594,51.11307907104492,51.36766543606702,50.73601217841718,46.91963804155535,0.0
50.59084262399107,50.885799407958984,51.11035504187271,50.86233235794092,55.19943442074495,1.0
56.429063392010136,57.904605865478516,57.02639351191554,57.120020923134724,57.34155430998696,2.0
56.89121746555919,56.30219268798828,55.249595084283015,56.147668412610166,73.15842651841795,4.0
67.70460451949869,63.66468048095703,64.8873105698184,65.41886519009137,45.86546791651159,0.0
69.24683188002021,71.028076171875,69.20562593920522,69.82684466370013,68.76485351810399,4.0
49.54361331257269,51.987796783447266,52.000775239604415,51.177395111874795,65.23655337074699,3.0
58.060919506383726,57.00975799560547,58.97664883594042,58.01577544597654,54.85158446960872,1.0
56.52049243220308,56.6968879699707,55.63506445349887,56.28414828522421,49.400448125183935,0.0
54.401871112065145,57.34623336791992,57.228758701203944,56.32562106039634,52.75916118559103,1.0
58.01076671984879,56.42198181152344,56.478790702893114,56.97051307808845,57.62499584744162,2.0
60.521950602117506,58.758644104003906,61.48119674218336,60.25393048276826,56.57795380697565,2.0
,,,,,
55.675483568781665,53.69588088989258,54.685017537505196,54.685460665393144,60.60876132858367,2.0
52.783579968341755,51.36966323852539,52.35129987979237,52.168181028886515,67.10096477719992,3.0
52.52184678616026,54.93056869506836,54.23324181501759,53.89521909874875,56.732262526437495,2.0
,,,,,
56.99876906646539,61.54150390625,61.96406471222132,60.16811256164558,63.02036206640543,3.0
49.767695277006204,51.209110260009766,51.01213208432024,50.66297920711207,36.35386611077854,0.0
56.01876135933605,58.4381103515625,57.961496392924055,57.47278936794087,49.35047047905106,0.0
54.493299106943105,52.238487243652344,52.635063128735446,53.12228315977697,28.674039646329785,0.0
68.13126199457203,64.89379119873047,65.9632086278279,66.32942060704346,62.98042153789665,3.0
,,,,,
43.509797924979694,47.52426528930664,48.40934222191631,46.481135145400884,47.91266608028334,0.0
66.4756872555651,70.26530456542969,69.3363353116585,68.6924423775511,66.03155283693913,3.0
65.23973193690011,64.82652282714844,64.14665526316006,64.7376366757362,64.08391400490986,3.0
63.12322448014888,60.28800964355469,60.29968261408192,61.23697224592849,51.8115974299002,1.0
65.1808005091812,64.84077453613281,64.13988298804718,64.7204860111204,65.040395254458,3.0
63.460637252754786,64.86345672607422,64.43061769812168,64.25157055898357,55.96180963092881,2.0
52.53108420117223,55.15083694458008,55.28114522865366,54.32102212480199,47.41498211242966,0.0
57.944234546643784,55.91061782836914,57.58803126297152,57.14762787932815,59.51619524622886,2.0
62.26852179354818,57.37287521362305,56.5254745306895,58.72229051262024,64.09159910759483,3.0
68.23087352384296,73.87489318847656,69.68478212048713,70.59684961093554,70.94683960552427,4.0
60.447471048214524,57.24505615234375,57.879770544538694,58.52409924836565,75.04879004039638,4.0
57.38148210967316,55.87622833251953,56.895311558146346,56.717674000113014,68.02211098790352,4.0
55.99087785473115,56.5034294128418,56.00545008099228,56.16658578285507,56.41874938594323,2.0
62.920820101270095,64.18323516845703,63.099801688749444,63.40128565282552,51.93360777563369,1.0
51.26518100199123,50.741390228271484,52.90377731346697,51.6367828479099,42.64474542921628,0.0
52.85598230302356,50.210140228271484,51.793854811061316,51.61999244745212,43.95032187750857,0.0
54.11913186371939,56.12441635131836,54.32869531299597,54.85741450934458,62.405027169341054,3.0
51.658661845139505,50.03175735473633,50.45207971729229,50.71416630572272,53.1321026255949,1.0
47.48683287630932,48.88578414916992,49.30791398216937,48.56017700254953,39.811235360055285,0.0
,,,,,
56.66130875056501,57.78961944580078,58.634404114894366,57.69511077042006,52.05853631583715,1.0
58.70318777429526,57.43392562866211,55.64926199107089,57.26212513134275,55.29027772338917,1.0
64.32652786765162,63.357112884521484,64.21133840941384,63.964993053862315,71.43147926225586,4.0
53.75022308437418,51.27940368652344,51.91926773800353,52.31629816963371,54.02156546094494,1.0
55.17880317060716,55.82046127319336,54.17315652955366,55.057473657784726,55.35019274283003,2.0
71.93762705342921,76.51898193359375,74.34899626693465,74.26853508465254,85.45763166614094,4.0
64.37830324196648,68.92227172851562,68.42568015342974,67.24208504130395,74.07611508619922,4.0
46.55534332021885,47.68667221069336,48.058278805761006,47.433431445557744,47.31248288904823,0.0
60.74089183445442,60.501739501953125,60.03719905804069,60.42661013148274,57.05149622564832,2.0
58.28676534306733,54.75251007080078,55.736684559440675,56.25865332443626,57.65509153511522,2.0
56.957796288516136,55.99192810058594,56.090097336600614,56.3466072419009,60.790659595136255,3.0
44.847319012942094,48.37479019165039,48.358354094632475,47.19348776640832,46.920467019318245,0.0
61.47223783282113,60.39878845214844,60.652755727425586,60.841260670798384,64.32318044566385,3.0
,,,,,
55.34405025351347,51.612117767333984,51.66860448190365,52.87492416758371,48.10061017112752,0.0
65.89951333986656,68.17955017089844,69.61900319915304,67.89935556997268,59.0000694056284,2.0
67.20513501797019,61.19638442993164,63.265692326940965,63.88907059161426,67.38361966838116,3.0
,,,,,
,,,,,
61.83833682904947,57.048675537109375,56.961687625737184,58.61623333063201,57.73366430062343,2.0
50.71495618866772,47.935237884521484,43.88697156319422,47.512388545461135,35.03421903862994,0.0
65.06478778403954,63.501956939697266,63.60622284505169,64.05765585626283,73.78872401669605,4.0
,,,,,
69.63486250326685,70.07093811035156,70.03134927398638,69.91238329586827,70.4854728437824,4.0
50.53442450841631,51.72346496582031,52.515106526545075,51.59099866692724,62.45448906717077,3.0
64.22471789975377,66.6170425415039,66.34532634864266,65.72902892996679,75.25647798710058,4.0
49.882870756718745,53.59321975708008,53.26964085557969,52.248577123126175,51.605999025703895,1.0
60.082519444899724,61.91087341308594,64.40242365305139,62.13193883701235,60.882729279845805,3.0
49.20554144347325,50.49221420288086,49.99895522244773,49.89890362293395,61.70038793358866,3.0
55.52780110010814,52.38607406616211,53.39491188800583,53.76959568475869,54.60132525736842,1.0
46.806464897915184,48.171146392822266,47.754256328181356,47.57728920630627,46.98974897930447,0.0
57.035525263804836,61.21160125732422,61.888762049891255,60.0452961903401,46.03317735121528,0.0
66.89208701224901,68.76516723632812,68.56173973781804,68.07299799546504,76.49961922891707,4.0
59.109805825493034,59.88328552246094,57.89385995032923,58.96231709942773,55.17208131183753,1.0
47.37346317414133,50.241676330566406,51.66242959765555,49.759189700787765,47.36584608021925,0.0
64.1788164698011,64.00833129882812,63.6024152933309,63.92985435398671,70.22221695176589,4.0
57.03697331817903,56.04995346069336,54.42357026238952,55.836832347087295,57.41180851047884,2.0
60.733052248097835,60.17266082763672,59.40567797306348,60.103797016266014,84.38267838215856,4.0
46.28173716722686,46.22566604614258,46.66783286158368,46.391745358317706,37.96956429330228,0.0
66.965800801826,66.55445098876953,65.1432540122419,66.2211686009458,62.55500189427468,3.0
66.75056358198245,68.25431060791016,69.07054279845435,68.02513899611564,73.18652862966007,4.0
61.040033427156935,63.13404846191406,61.912436171847354,62.028839353639455,64.97214717403729,3.0
,,,,,
,,,,,
64.953889653947,64.53677368164062,64.11585226476377,64.53550520011713,71.06240324717766,4.0
67.9891927656814,67.17613983154297,66.59169992612817,67.25234417445084,61.18442699512524,3.0
65.25112460941797,65.74844360351562,58.98622834655595,63.32859885316318,66.03893490545822,3.0
79.18847365062358,82.28450775146484,77.21132945983375,79.56143695397405,78.38695401568015,4.0
59.19069207974471,58.83731460571289,58.39025816153668,58.80608828233144,48.36003736034193,0.0
48.437683077184104,50.84675979614258,50.67796088395955,49.987467919095415,40.2297944295576,0.0
45.60592652472651,43.9715461730957,47.085166352048134,45.55421301662346,46.62773034495869,0.0
57.751310924895336,57.74708557128906,57.09356863373647,57.53065504330696,57.75193751432733,2.0
65.32176881901347,64.61512756347656,65.09031136982979,65.00906925077328,51.4253698437111,1.0
50.17380882625439,52.26435089111328,51.268479564181625,51.235546427183095,56.80351122294001,2.0
52.68566813793418,53.248958587646484,53.836407486822736,53.25701140413447,51.420437562624585,1.0
53.930673626309094,54.31984329223633,54.64182661139837,54.29744784331459,57.61946215307359,2.0
57.46171001524203,57.375186920166016,54.251344769901046,56.36274723510303,58.01040848147136,2.0
59.401716790734994,58.2817497253418,59.94847197978612,59.21064616528764,52.1390940371159,1.0
61.32651619513125,63.800540924072266,63.9961774277029,63.04107818230214,64.2653477655819,3.0
55.37417732823085,58.41810989379883,56.19246888308329,56.66158536837099,67.23843784924874,3.0
56.24379383945042,50.901485443115234,51.118497390824245,52.754592224463295,73.08689395921833,4.0
61.4348078719829,57.39772033691406,59.68109245653919,59.50454022181205,62.26390133234775,3.0
55.76622106225814,57.561336517333984,57.04841262819368,56.79199006926194,58.09146586103425,2.0
55.55365421647502,56.21869659423828,55.816423688381185,55.862924833031485,63.29164902318609,3.0
53.92357341456341,54.83646011352539,55.13281122001747,54.63094824936875,46.21429884117352,0.0
66.45459223946476,69.85445404052734,69.06306761617435,68.45737129872215,64.79284625553926,3.0
49.5239060277092,49.800498962402344,49.46489007150114,49.59643168720422,54.04033184101608,1.0
62.838301567835536,63.3414306640625,62.871009539649464,63.01691392384917,57.52646210968087,2.0
56.303636703722916,54.636810302734375,54.17455523823333,55.03833408156354,71.80652727758796,4.0
62.162709259619845,57.407493591308594,56.205075268772035,58.591759373233494,56.07332737063904,2.0
70.13751746773295,69.45401000976562,69.6715582740653,69.75436191718796,57.3562131442723,2.0
46.221546561625196,47.726158142089844,48.280407113011066,47.40937060557536,38.82628693788632,0.0
,,,,,
55.336506549657884,56.997745513916016,57.33638852434538,56.55688019597309,66.8159166390268,3.0
71.13337646455095,70.03251647949219,71.32712702758704,70.83100665721007,82.20455014786157,4.0
52.71340109602784,48.91249465942383,48.68841489658671,50.10477021734613,50.11727581140083,1.0
51.234490683455824,54.870269775390625,55.80337800129221,53.96937948671288,52.221719825394,1.0
54.06994459601908,54.781700134277344,54.96559965204977,54.60574812744873,53.522332624525326,1.0
55.76317436657855,54.836517333984375,53.239152702828136,54.61294813446369,51.53009469977448,1.0
,,,,,
49.695834542679144,47.798072814941406,47.396961094814166,48.296956150811575,47.43912265435379,0.0
72.13961619415176,71.2572021484375,70.73436378269558,71.37706070842829,69.11947792403383,4.0
54.29463895028339,55.22671127319336,57.866351531586695,55.795900585021144,45.02725790735574,0.0
55.910932060566886,54.64584732055664,56.03996542478165,55.532248268635065,48.72991720614105,0.0
63.712791393960146,62.06577682495117,64.29609628648605,63.35822150179913,56.01435425701467,2.0
54.68838415608049,55.14960861206055,54.802294368976376,54.88009571237247,46.15594459004989,0.0
,,,,,
63.668778300879545,62.570560455322266,62.66978851360297,62.969709089934916,70.2468773135026,4.0
60.3399358722904,57.529197692871094,56.38171399280212,58.08361585265453,56.67666508793052,2.0
63.85758358939858,63.38145065307617,62.59495489957695,63.2779963806839,59.47587238396184,2.0
63.3222438439608,61.55300521850586,62.47038456411133,62.44854454219266,49.31869300679091,0.0
57.31920724614513,56.12400436401367,55.52601023581215,56.32307394865699,45.93366166606347,0.0
67.37431869915905,64.65912628173828,63.88026318439766,65.30456938843167,56.18695885502561,2.0
51.58162122786829,50.79045867919922,51.21820502298553,51.19676164335101,64.1609489998002,3.0
48.62319935358274,48.00646209716797,48.178044168389484,48.26923520638007,39.460597595302126,0.0
56.158450656733535,61.42289352416992,59.84189451026379,59.14107956372242,57.43532710387512,2.0
48.735653176701966,50.007774353027344,49.814340676974695,49.519256068901335,42.60253153009308,0.0
51.15202545475968,50.16621398925781,50.461684694499276,50.59330804617226,60.317820146953245,2.0
,,,,,
54.63262542518958,53.42344284057617,53.12199311036633,53.7260204587107,52.36169540220999,1.0
51.22866300945772,53.108680725097656,52.473720693876224,52.2703548094772,44.47296147857901,0.0
57.26272560412609,56.8668098449707,58.61129360011146,57.58027634973609,47.30658206920573,0.0
68.92867666477358,70.91879272460938,71.25898909878877,70.36881949605724,63.04176188509353,3.0
74.59394284367467,72.59163665771484,73.43156884686161,73.53904944941704,84.46342615802189,4.0
66.63386488629448,68.24406433105469,67.99052976088079,67.62281965940998,75.03595722867429,4.0
63.67302911345238,60.93111801147461,61.79730194203151,62.13381635565283,61.33886831801436,3.0
69.2566516841341,68.8074722290039,67.31821060197879,68.4607781717056,63.47919866055007,3.0
74.51736921206587,74.55968475341797,74.29749093412501,74.45818163320295,72.83051824049511,4.0
,,,,,
59.26724203393541,58.03303909301758,57.19682289256057,58.165701339837845,58.76928975896255,2.0
49.532432791837735,49.83208465576172,48.85869590119254,49.40773778293067,62.20033613061491,3.0
,,,,,
49.35258162592607,55.131813049316406,55.29500900030605,53.259801225182834,52.00669817536539,1.0
,,,,,
65.44879999274099,65.68098449707031,65.34540035196537,65.49172828059223,66.32299644879217,3.0
53.58452569658225,54.32038879394531,55.14511369020382,54.350009393577125,38.77045003394969,0.0
73.58346454187911,73.06255340576172,72.85172074273028,73.16591289679036,68.77883701787782,4.0
48.48466774800292,48.32636260986328,46.88738729777451,47.89947255188023,49.16177171391385,0.0
71.65007473779858,74.05746459960938,72.42375541986654,72.71043158575816,72.65663459127262,4.0
54.84666012866528,56.604732513427734,52.6370024530858,54.696131698392946,54.41839445649108,1.0
63.37774541790902,61.9535026550293,58.005049789862674,61.11209928760033,62.60383576824911,3.0
72.79802926901482,74.47004699707031,72.89072620083094,73.38626748897202,78.93015291267734,4.0
54.70409051716774,56.134666442871094,58.40530543875462,56.41468746626449,67.12374175243983,3.0
58.49118732819565,59.142269134521484,58.46280715547393,58.698754539397015,54.78660863392818,1.0
,,,,,
50.04280676267605,50.75788116455078,49.72624810765014,50.17564534495899,41.530858874328864,0.0
57.71347910928872,60.44389724731445,59.99162570179101,59.38300068613139,45.30757453660236,0.0
,,,,,
72.487148723574,70.6751937866211,72.5580473545014,71.90679662156549,78.03476763443722,4.0
,,,,,
61.888042426029,62.661521911621094,61.738257419425814,62.09594058569198,65.70832567239606,3.0
,,,,,
62.022401930424664,63.62082290649414,61.44117274502502,62.36146586064794,61.58631142271621,3.0
55.26370666394382,50.76041793823242,50.63508895070261,52.21973785095961,50.143502525434776,1.0
67.47587001463737,63.90446090698242,64.40311518405719,65.26114870189232,68.77393377041797,4.0
66.62591097867805,65.91218566894531,68.02772067245401,66.85527244002579,69.5023594637348,4.0
72.24912501858812,71.52116394042969,71.02003283898118,71.59677393266634,69.48538489597142,4.0
55.21739704397051,53.73691940307617,53.724840790282954,54.226385745776554,57.995011908299816,2.0
66.15582010343343,67.14379119873047,66.76487391338301,66.68816173851563,63.19517789106792,3.0
65.66198706254536,67.08561706542969,66.20617488039433,66.31792633612314,76.04096070393504,4.0
,,,,,
,,,,,
48.93925208575338,48.02709197998047,48.50153721501382,48.48929376024922,52.283704771003,1.0
53.360405109353735,53.25770950317383,54.55432830545238,53.724147639326645,56.14099744615987,2.0
,,,,,
48.484605635972336,51.4167366027832,51.57177058764998,50.49103760880183,52.55381202418554,1.0
52.42172661263241,56.217830657958984,55.78131147189889,54.80695624749677,46.75059031832056,0.0
54.77349105701069,55.2226448059082,55.659965054316544,55.21870030574515,53.70186810532941,1.0
68.07622596561279,67.30390930175781,67.96138800758808,67.78050775831956,74.53085968670587,4.0
48.816546277627204,48.7933235168457,48.039034913647214,48.54963490270671,43.57348696132308,0.0
65.98065866914438,64.97409057617188,64.21800093428257,65.05758339319961,72.82321510923661,4.0
,,,,,
49.211110749272876,51.20486068725586,52.966548992711445,51.12750680974673,41.12536917548653,0.0
48.600936126430106,47.84344482421875,48.726199376911836,48.39019344252023,51.28655574102727,1.0
69.23307349443564,68.23008728027344,66.8521096608036,68.10509014517089,52.183259568897086,1.0
,,,,,
51.67208250316595,54.75251007080078,54.47185445797036,53.6321490106457,50.73646367472893,1.0
61.788623507014755,61.428096771240234,61.37792378660485,61.53154802161995,75.98648015435093,4.0
,,,,,
53.664339254502835,53.24470520019531,54.80986489776883,53.906303117488996,62.25567261592155,3.0
53.58842154083916,55.85554504394531,56.384824821617315,55.27626380213393,69.9194160099308,4.0
,,,,,
52.40811258143402,55.509307861328125,55.23893205033271,54.38545083103162,75.30173072046794,4.0
64.46689309089892,62.23649215698242,62.09807548945604,62.933820245779124,67.00112793376903,3.0
57.085434932575396,56.16090774536133,55.786588212035205,56.34431029665731,57.9103831921265,2.0
59.66029451470982,58.244720458984375,59.38615219320398,59.09705572229939,51.834562450243766,1.0
52.176549505439105,51.98245620727539,51.66538422021999,51.94146331097816,48.42519156911708,0.0
56.48351870892643,54.1349983215332,54.05480482379599,54.891107284751875,52.93234174683065,1.0
,,,,,
65.68562019783685,62.02676773071289,68.4916033753467,65.40133043463214,51.34410566970764,1.0
58.63458903236892,57.08496856689453,56.54797280863519,57.422510135966206,61.00018999108452,3.0
54.656951899419205,54.42698669433594,55.03948078110301,54.70780645828605,52.53787948483316,1.0
54.975237686473655,55.77422332763672,56.54545423831647,55.76497175080895,49.7357570026423,1.0
53.204915012891945,49.204769134521484,49.133738116793644,50.51447408806902,34.70303593585544,0.0
51.0017089129108,51.63727569580078,50.96981160199536,51.20293207023565,58.099637161420446,2.0
48.75806272281779,47.857303619384766,48.29533009569138,48.30356547929798,50.27917964529456,1.0
59.236034610901335,56.908756256103516,56.0840208916002,57.409603919535016,63.35355315492812,3.0
,,,,,
,,,,,
,,,,,
50.71695368014289,49.50352478027344,49.77176402397727,49.99741416146454,45.7735970927856,0.0
64.51144361299794,64.63135528564453,65.14881167672534,64.76387019178928,61.6955849054063,3.0
51.894423123193,51.90778732299805,51.77588510825622,51.85936518481575,56.56000354793669,2.0
53.28972663400948,54.172393798828125,53.64857648728156,53.70356564003972,50.05255613066175,1.0
74.59917627619788,75.19778442382812,78.02177390320897,75.93957820107833,78.09610130060038,4.0
53.589077751981534,56.954185485839844,57.53755677924775,56.02694000568971,52.72552052165912,1.0
48.71871568978579,57.04734802246094,54.18980018762459,53.3186212999571,58.865861007012526,2.0
53.04598519372802,52.53360366821289,51.945945862469394,52.508511574803435,48.01169579645191,0.0
55.060707326881044,59.00578689575195,55.961956560093405,56.6761502609088,47.64065309423738,0.0
56.524563003761955,56.25109100341797,56.229689483542835,56.33511449690758,39.04386693410308,0.0
69.62789762588913,68.63459777832031,68.39015100533987,68.88421546984978,71.9909023425062,4.0
44.47527499783896,45.9547233581543,47.241202900820326,45.890400418937865,48.12817530786055,0.0
,,,,,
57.05910562426241,58.83360290527344,58.586740319191975,58.159816282909276,57.46732878523192,2.0
67.61794772265532,68.2096176147461,66.56262021903245,67.46339518547795,60.54270846056942,2.0
72.15438300919759,69.8902587890625,70.28024248172515,70.77496142666176,72.22850623882564,4.0
61.011164640862006,59.63834762573242,59.38747610359278,60.01232945672907,72.05788974864957,4.0
55.888893551281335,52.45323181152344,51.075964257191785,53.13936320666553,59.99379831524344,2.0
55.381332570628004,55.5827751159668,54.29432956268137,55.086145749758735,54.5601327778335,1.0
51.7037252072139,54.72151184082031,54.131397185013775,53.51887807768267,45.57484909655567,0.0
58.01076671984879,56.42198181152344,56.478790702893114,56.97051307808845,69.93673375167268,4.0
51.9439902655268,52.49452209472656,52.20426439209431,52.21425891744922,44.637166401842286,0.0
52.523573727647495,50.127342224121094,49.135163640146395,50.59535986397166,55.37534554255223,2.0
52.19875278239686,54.80674362182617,54.97238291331923,53.99262643918075,67.68310056802623,3.0
54.64660519243309,53.91162872314453,54.283018704819845,54.28041754013248,52.54624056845593,1.0
61.46158645117977,59.94410705566406,61.692142999468025,61.03261216877062,62.866586928133785,3.0
54.36694645509936,51.1933708190918,52.673472068915395,52.744596447702186,46.301431556249774,0.0
50.17766641991357,52.32124328613281,50.73897697723163,51.07929556109267,52.98732343504597,1.0
72.83265905711824,70.12986755371094,70.6180749263208,71.19353384571666,79.22916174308061,4.0
67.69894246873328,68.09615325927734,68.36682995124777,68.05397522641947,72.47767418359913,4.0
59.77994995864141,58.03031539916992,58.335362097751336,58.715209151854225,69.70032050697932,4.0
69.26359572952452,67.5422592163086,68.07184021682319,68.29256505421877,71.51951507910952,4.0
57.171601369234835,58.00091552734375,57.665222339635136,57.61257974540458,60.76164732549854,3.0
52.57244176806487,50.86412811279297,51.343734777221975,51.59343488602661,45.69857513091353,0.0
,,,,,
66.371160086482,67.26615142822266,66.71727563159321,66.78486238209929,66.7224954563851,3.0
50.1735135611814,50.79049301147461,49.63492355685853,50.199643376504845,43.77892787170268,0.0
57.3054136559477,55.8666877746582,56.17922585486017,56.45044242848869,73.46966750611101,4.0
47.33545249933385,49.38909149169922,48.364863579142025,48.36313585672503,50.9463396396546,1.0
53.67768948341343,54.55015182495117,53.74039551749404,53.98941227528621,56.21943937052374,2.0
69.41555158292658,70.88426208496094,68.77085994405573,69.69022453731442,80.52594152438272,4.0
50.23849667860452,52.68714141845703,52.237138066653,51.720925387904856,51.48624455616294,1.0
50.91113380653743,49.67148971557617,49.10539117139815,49.89600489783726,47.27699223061023,0.0
65.56551380900125,67.72100830078125,68.7468284218145,67.344450177199,78.20865410420735,4.0
50.53938260266136,49.83367919921875,49.38888644786501,49.92064941658171,45.90871610391263,0.0
57.56073496117124,58.01569747924805,56.707020993875425,57.427817811431574,55.39915956514684,2.0
59.71820685191859,60.50630569458008,59.8541811662891,60.02623123759593,51.73301415966188,1.0
55.27875152683373,56.09305953979492,55.18960794506844,55.520473003899035,46.90896939683768,0.0
49.5239060277092,49.800498962402344,49.46489007150114,49.59643168720422,53.9951659140762,1.0
55.32156757311527,50.416419982910156,49.179137087757475,51.63904154792763,60.50022673390092,2.0
55.8191846291282,55.560035705566406,52.674383999433886,54.68453477804284,47.10060668677956,0.0
55.37473582545679,59.09605407714844,60.29093550333193,58.25390846864571,64.46191704354429,3.0
57.97993326513428,57.09739303588867,55.432171949428906,56.8364994168173,52.114875517899165,1.0
63.581276913450964,65.74549865722656,64.08764089622181,64.47147215563312,69.79527456263402,4.0
56.97423873539609,57.04958724975586,55.39565586648343,56.47316061721179,62.73356456036161,3.0
55.817235183042904,57.15359878540039,56.6392682980055,56.53670075548293,50.06006682998308,1.0
,,,,,
70.74656427824118,70.02011108398438,68.63627658986168,69.80098398402907,72.93894688417495,4.0
66.08510841816336,64.70733642578125,64.76230904033937,65.184917961428,61.99713657410083,3.0
,,,,,
53.794310031915145,55.13124465942383,55.381521232678296,54.76902530800576,50.81093080992138,1.0
48.21412126031391,45.16447830200195,45.454524442755165,46.27770800169034,41.71742418551242,0.0
55.67830185699107,56.05609893798828,55.001350501013796,55.57858376533105,54.02526443244261,1.0
45.50059031515643,48.21649169921875,47.66574135514698,47.12760778984072,45.84668605091911,0.0
69.82210652478517,72.53329467773438,71.23963481045989,71.19834533765982,70.65381550092715,4.0
66.30008150149398,63.459049224853516,63.18464454844271,64.3145917582634,54.9306780686758,1.0
57.39835903517329,56.348358154296875,56.85756488541672,56.868094024962296,45.141826801200246,0.0
68.4625738823744,69.66506958007812,68.94201250700205,69.02321865648486,61.17965708221345,3.0
56.58201912558815,57.75247573852539,56.090097336600614,56.80819740023805,52.99884324941941,1.0
58.78452372972268,60.708065032958984,58.5987000033367,59.363762922006124,55.74668422865086,2.0
56.4433752837326,56.41702651977539,56.4735124987473,56.44463810075175,61.0811733890175,3.0
76.72670314244564,77.88248443603516,75.55493762458288,76.72137506768787,81.94972156120583,4.0
71.080837862775,71.1253662109375,68.11691442410476,70.10770616593909,63.71394789958834,3.0
60.79887068689842,63.61758804321289,61.29544509778085,61.90396794263072,63.27524891849261,3.0
66.19341594562506,64.33789825439453,64.13571700611688,64.88901040204549,66.70355559895859,3.0
50.43198485977525,50.01996612548828,50.729461494228744,50.39380415983076,43.004950374984446,0.0
55.78336691342886,52.75048828125,52.77988781855992,53.77124767107961,45.397485578029546,0.0
70.743237130837,72.04447174072266,72.60717128062325,71.79829338406095,72.61295585417578,4.0
51.908839153434286,51.19411087036133,53.29612258358364,52.13302420245975,44.942756831826806,0.0
60.56618846031529,58.98571014404297,59.531639260138846,59.69451262149903,60.21524771114453,2.0
60.351277433165585,61.77291488647461,64.14369433890707,62.08929555284909,59.43874719151277,2.0
49.535396796898674,50.958194732666016,50.6866687927355,50.39342010743339,56.1550299954524,2.0
43.89156050612228,41.7334098815918,44.692591654078036,43.43918734726404,42.05858865527019,0.0
72.10533870090875,70.13677978515625,70.3979804782215,70.8800329880955,58.06239661447033,2.0
48.62963269462614,49.317256927490234,48.790327684098806,48.91240576873839,53.91727872904325,1.0
68.6865052151692,68.9334487915039,66.76670582236852,68.12888660968055,67.51632588973749,3.0
,,,,,
53.92800962561871,51.19352340698242,50.29351941576548,51.80501748278886,56.80993381592688,2.0
51.039096276527566,52.497718811035156,52.75272699593414,52.09651402783229,41.33444652752558,0.0
59.73101903196418,56.235050201416016,54.853377878832326,56.93981570407084,52.40086999313304,1.0
65.18585878811969,66.27198791503906,66.29523445900244,65.9176937207204,63.19839916191136,3.0
,,,,,
57.93123536680206,57.19631576538086,57.1023848301409,57.40997865410794,47.57158447260536,0.0
54.583721121162846,58.484493255615234,58.51359370229286,57.19393602635699,52.07025233438578,1.0
66.69653544183275,67.34978485107422,68.43759355659675,67.49463794983457,59.34265034710747,2.0
60.259680578951944,60.908748626708984,60.957810005745344,60.7087464038021,51.91512701785808,1.0
60.90801107589238,62.528846740722656,63.14181554826195,62.19289112162566,63.98774405415598,3.0
57.767149924654966,55.6999397277832,55.77729716485258,56.41479560576357,64.71114299406247,3.0
69.53141662149325,70.2239990234375,69.18872901137622,69.64804821876898,65.2337663354101,3.0
70.10472649416526,69.19636535644531,69.6693957624977,69.65682920436943,86.38070728874946,4.0
60.002317320123765,57.9020881652832,56.96453733586123,58.28964760708939,44.97475994031077,0.0
72.40787293795653,71.19223022460938,72.3941971950049,71.99810011919027,65.25501718427071,3.0
61.78626999624614,62.056766510009766,61.4047240203952,61.749253508883704,47.55698998142915,0.0
,,,,,
59.156704277625444,55.6121826171875,55.50302884582548,56.75730524687947,59.55662180217293,2.0
,,,,,
52.287067890315214,50.835262298583984,51.3272497994778,51.483193329459,57.83407420522497,2.0
57.659814354348796,56.73895263671875,56.830636969761805,57.07646798694311,47.73677631252559,0.0
54.43549425112004,56.11410903930664,56.43575985002527,55.66178771348399,58.51420232366156,2.0
64.49701644002523,65.77487182617188,66.82672679171982,65.69953835263897,61.703669403002735,3.0
48.21560719709302,49.37840270996094,47.40257724693913,48.3321957179977,30.145980374139523,0.0
68.42937501320749,67.68743896484375,67.19881330453002,67.77187576086042,42.90631758641278,0.0
66.84652426087251,64.89881134033203,66.35508180689162,66.03347246936539,82.33923871324383,4.0
70.8820544510773,67.85702514648438,68.34795898032606,69.0290128592959,71.70435204584847,4.0
,,,,,
64.5389955799726,63.7607307434082,64.84782578583258,64.3825173697378,65.5031362663931,3.0
58.97811498962195,64.13821411132812,62.17975491265503,61.76536133786836,68.6707012281603,4.0
57.34484059396848,55.34846878051758,55.64901650303275,56.1141086258396,58.809404118159634,2.0
49.48019322238346,51.442283630371094,50.82442559670487,50.58230081648647,44.89458603087705,0.0
67.02257578139022,67.43418884277344,68.32461214708285,67.59379225708216,64.06855737502407,3.0
,,,,,
54.271401596185164,52.639198303222656,51.796701749431264,52.90243388294636,43.48635873916811,0.0
52.13439312769386,53.226234436035156,52.87926322780758,52.74663026384553,50.96948720108642,1.0
,,,,,
50.9336121486284,49.967159271240234,53.29491206643156,51.398561162100066,55.37546597985664,2.0
49.84645269216845,48.96275329589844,50.16974341939127,49.65964980248605,55.1865717837979,1.0
49.32848725989999,50.729976654052734,50.94007764537176,50.332847186441505,46.19215629817347,0.0
48.923308288536155,50.92411422729492,48.890881880445896,49.579434798758996,45.17954634422195,0.0
60.19991219466717,58.055091857910156,55.61007675926239,57.95502693727991,53.75536955785232,1.0
56.69253996071522,57.10421371459961,59.055610070658375,57.61745458199107,48.878904743541206,0.0
46.931600833583666,46.859928131103516,47.67976795866974,47.15709897445231,52.020226497581554,1.0
55.400203221010294,57.71328353881836,54.73006405774495,55.94785027252453,50.679697318829234,1.0
64.61964245752257,67.81281280517578,66.82620425788801,66.4195531735288,69.8565931963168,4.0
,,,,,
57.61395099989573,55.87946701049805,55.42612941824089,56.30651580954489,58.87607267522687,2.0
66.62063467933801,64.75537872314453,65.33797341469925,65.5713289390606,60.01622856343705,2.0
,,,,,
59.48468507570403,58.10503005981445,57.87056741732751,58.486760850948656,67.59992250724362,3.0
50.93763019777352,52.42696762084961,51.95017256926262,51.77159012929525,60.20572278877678,2.0
54.801774044732035,53.39434051513672,54.039564493939714,54.078559684602816,52.48707569178544,1.0
56.97018289324365,54.33578109741211,54.948332814592696,55.41809893508282,49.563820053959695,1.0
67.63014212782198,65.4845199584961,67.31327008245117,66.80931072292309,75.43088598246135,4.0
,,,,,
70.6589126958553,69.97876739501953,70.14466715123336,70.26078241403606,61.501347084387824,3.0
59.03939605291254,56.56389617919922,56.89220437829875,57.49849887013684,65.88694418930483,3.0
,,,,,
54.044294566045934,58.39103698730469,57.55038153492164,56.66190436275742,66.32491138226744,3.0
64.53218964655855,66.49813079833984,67.33553655414968,66.12195233301603,63.79968026055685,3.0
71.3817456652564,71.72662353515625,70.95492466396905,71.35443128812723,70.46525650922715,4.0
57.523825380589116,60.3566780090332,58.99391393329327,58.95813910763852,63.40902720772796,3.0
62.51893892876558,65.26083374023438,64.55742472894819,64.11239913264939,68.03054860628379,4.0
52.55466678737694,50.795936584472656,50.284311545231084,51.211638305693555,38.83057568794689,0.0
72.41311177305708,71.44232940673828,72.95840922228632,72.27128346736056,66.08497833620666,3.0
,,,,,
61.865100718803575,62.85533905029297,64.59650340491592,63.105647724670824,70.44386349366191,4.0
55.20980656307073,58.27434158325195,57.405402441777646,56.96318352936677,55.04889829300625,1.0
45.75123172950248,43.40483474731445,44.553806356125165,44.5699576109807,48.37708276027509,0.0
55.443593316189954,54.41205978393555,54.469000372421185,54.7748844908489,48.09875036327005,0.0
73.53237067999177,76.11758422851562,73.35254334082349,74.3341660831103,77.0341398308003,4.0
55.39504699661827,55.86845397949219,55.32130125552166,55.52826741054404,69.78686906205716,4.0
,,,,,
61.81568669313509,64.14495849609375,64.66692778460164,63.542524324610156,64.60416776111063,3.0
62.27874131901962,63.94101333618164,63.38871779692446,63.20282415070857,67.73290064401661,3.0
,,,,,
52.29298110871109,51.79336166381836,51.47078081758195,51.85237453003713,46.16901127223567,0.0
52.331807833018274,51.24898147583008,50.2297981922636,51.27019583370399,54.637404543216775,1.0
68.34375445540164,67.75778198242188,66.63773267673439,67.5797563715193,78.46707475685508,4.0
55.400203221010294,57.71328353881836,54.73006405774495,55.94785027252453,46.2943033223096,0.0
73.01032148522876,72.84932708740234,70.08561175001029,71.98175344088047,84.77361128107881,4.0
46.02532547934576,49.14751052856445,48.45363168369256,47.875489230534264,61.60497310301829,3.0
47.454578737788424,47.799278259277344,47.145079936458245,47.46631231117467,51.86344280585089,1.0
54.38802681387243,55.146549224853516,55.122079158229035,54.88555173231833,43.02252675492352,0.0
57.58787590893534,58.46710205078125,57.47324083884722,57.84273959952126,55.19357641256503,1.0
64.2169786516185,62.479148864746094,64.21375153432413,63.63662635022957,63.11490760144444,3.0
,,,,,
53.28943990933684,52.52080535888672,52.21010668320586,52.67345065047647,53.10953283653295,1.0
65.73519067716796,64.56732940673828,65.1718836213222,65.15813456840948,70.47972084128419,4.0
69.78695377464105,68.56190490722656,68.99062342958813,69.1131607038186,58.50599326628532,2.0
54.01430968696192,54.80568313598633,55.00117655038009,54.60705645777611,50.74738209308743,1.0
56.89668014862043,55.06256103515625,57.34400283244131,56.434414672072656,72.6321239277402,4.0
,,,,,
58.37890488269187,61.13935852050781,64.80081211737297,61.43969184019088,57.96350210997006,2.0
76.14664852767028,74.7909927368164,74.61239054321489,75.18334393590054,82.72205576093216,4.0
53.53639451814062,56.40897750854492,56.377754832581516,55.44104228642235,48.84818786903889,0.0
65.41340242571626,68.13504791259766,68.5613169379119,67.3699224254086,72.33342784573784,4.0
51.135107205951606,53.343544006347656,53.62546173596672,52.70137098275532,52.5302223972952,1.0
53.172906236758635,50.94057846069336,49.28313392270839,51.13220620672013,49.103827959864056,0.0
49.90980392125003,49.207672119140625,50.23220129272216,49.783225777704274,48.02729443853888,0.0
64.27338098761749,66.66166687011719,66.31692470223172,65.7506575199888,82.50580502980169,4.0
65.20646969935022,63.4989013671875,63.276082658221405,63.99381790825305,67.85972869477857,4.0
70.15795381548455,68.79053497314453,68.02188287106202,68.9901238865637,70.68861048798415,4.0
54.803608704604244,53.02397155761719,52.117678227038844,53.31508616308676,70.72646915723699,4.0
67.56974792741389,67.05020141601562,67.14807443335161,67.25600792559369,75.39599128391319,4.0
64.2673378581631,62.63829803466797,61.748372384542016,62.88466942579104,65.28555496593528,3.0
69.03527744691047,68.36040496826172,68.65716807998828,68.68428349838682,67.90486767142477,4.0
61.398210978347706,57.47373962402344,56.45675235266734,58.44290098501282,60.62069804497818,3.0
51.90648422205185,52.01264572143555,51.192972550701455,51.70403416472962,57.28172934099979,2.0
51.21081660629383,54.36266326904297,54.37695641714836,53.31681209749505,48.7738984222166,0.0
65.50613086724368,66.2673568725586,65.65066266237598,65.80805013405943,61.09515891120565,3.0
47.892244161699615,51.064754486083984,50.0297143077079,49.6622376518305,54.28889852846402,1.0
66.58131697928906,67.93058776855469,68.23067086009142,67.5808585359784,62.53929248484614,3.0
64.41271564634582,66.00660705566406,64.22429938557131,64.88120736252706,54.18182808921912,1.0
54.243207223096725,51.933860778808594,48.97294230913783,51.71667010368105,56.66118456055539,2.0
50.64341954070611,47.78341293334961,48.99014383985428,49.138992104636664,37.88546255107634,0.0
64.31707281939627,63.16947555541992,63.402342830807804,63.62963040187466,64.29214385929347,3.0
56.779546205584595,60.06024932861328,58.6966065177159,58.51213401730459,55.96347047500469,2.0
57.79826282662382,59.93947219848633,58.46597218864796,58.7345690712527,62.99107839903286,3.0
,,,,,
58.55768975241672,57.74522399902344,57.96571476028541,58.08954283724186,45.07965765312104,0.0
71.22202732511113,68.1314926147461,67.46943380953246,68.94098458312989,66.58853003788145,3.0
57.04064339782698,53.258140563964844,54.99276424087148,55.0971827342211,39.538887482599385,0.0
55.936912318095345,56.44562530517578,55.32263642384611,55.90172468237242,63.55350849721011,3.0
46.33542921650206,46.26668930053711,47.400959176632696,46.667692564557285,43.75221957370034,0.0
63.028230285497216,59.774715423583984,58.075209423990806,60.29271837769067,58.00643555914489,2.0
52.97297895037809,54.709312438964844,54.17085887029686,53.951050086546594,51.20367717466564,1.0
62.00118633749897,60.89459991455078,60.1728940889244,61.02289344699139,67.3104709043046,3.0
45.544449968849534,48.63227462768555,49.2984738657401,47.82506615409173,49.75597293124308,1.0
,,,,,
,,,,,
65.31072457455565,64.5815658569336,65.05120030901814,64.98116358016914,74.22532600519132,4.0
65.1035626589818,63.028602600097656,62.71427025920437,63.615478506094604,66.40517498773012,3.0
53.5342986531714,53.398921966552734,52.64302662130528,53.192082413676474,42.24816637259603,0.0
67.10159263488322,69.70260620117188,68.08752900654241,68.29724261419916,51.66967691064412,1.0
52.337172782997776,54.410037994384766,54.155279862420855,53.63416354660114,44.89609936936057,0.0
53.12749564457387,53.204681396484375,52.958627855195495,53.096934965417915,58.20722753140064,2.0
62.49238295339121,66.85597229003906,65.01855469566557,64.7889699796986,65.48737028045622,3.0
53.132378379089886,56.258304595947266,55.08820876115968,54.82629724539894,58.40047376583649,2.0
60.17796141775114,64.35441589355469,64.44811621336197,62.99349784155593,66.1776602016176,3.0
58.622553829305055,56.616172790527344,56.42521290706348,57.221313175631956,63.281411267739074,3.0
,,,,,
,,,,,
67.46596725830204,70.09017181396484,69.7546292892767,69.10358945384786,72.78220389158,4.0
58.17508979166345,62.984073638916016,58.701942472387955,59.95370196765581,51.10545680760778,1.0
50.39202831563996,52.071388244628906,52.48217222882255,51.64852959636381,51.01189546604004,1.0
56.39902409619107,58.207557678222656,58.290006633904156,57.63219613610596,39.23993495452653,0.0
53.93650040663547,50.90800857543945,51.2193344941553,52.0212811587434,65.6764334676477,3.0
63.17902473683093,58.08921813964844,61.167573543549004,60.811938806676125,57.69219580652308,2.0
69.8199849856224,68.87596893310547,67.45111767536038,68.71569053136274,82.96191520735992,4.0
50.81795466198395,49.76492691040039,50.774488591002225,50.45245672112886,56.35800734329973,2.0
52.13671020821313,54.990013122558594,53.82919824757886,53.65197385945019,45.81402019773208,0.0
46.320230408757546,45.504215240478516,44.63337800025541,45.48594121649716,37.96508980655448,0.0
58.094623592165625,58.26662063598633,58.31261668850765,58.2246203055532,55.025597961998976,1.0
52.96797547754582,52.57523727416992,53.12778265279136,52.89033180150236,55.30634538020485,1.0
60.32422919046288,65.27105712890625,60.9778089820731,62.191031767147415,73.20005814503486,4.0
,,,,,
75.8178388399126,75.12446594238281,75.81667609665008,75.5863269596485,72.09815455074514,4.0
60.75790857763484,59.69038009643555,60.030619266325665,60.159635980132016,70.8365107496794,4.0
53.065841991247076,54.196022033691406,54.765227118686184,54.00903038120822,55.09747489311704,1.0
67.98933552058361,68.01414489746094,68.56337472394797,68.1889517139975,64.48766799618416,3.0
,,,,,
51.27195914996222,51.244873046875,51.13110822876876,51.21598014186866,37.57382443455599,0.0
75.89768334116016,73.6765365600586,71.94741136549369,73.8405437555708,73.4973162224125,4.0
49.91141347179012,49.682552337646484,49.21843753917911,49.60413444953857,41.93745617422234,0.0
64.18165307630295,64.29801940917969,62.985519808643005,63.82173076470855,68.09424087800542,4.0
57.17827334876713,53.8685417175293,54.3296035699344,55.12547287874361,53.964741842022136,1.0
,,,,,
60.48299589463132,57.097312927246094,56.461785127229696,58.014031316369035,56.238755096381695,2.0
70.33651537366327,67.72012329101562,72.41963411994237,70.15875759487376,59.42134495406488,2.0
71.51291762913108,71.83336639404297,73.46569310088654,72.27065904135354,75.43410840293716,4.0
57.76193538982632,61.161922454833984,62.831841871935836,60.585233238865385,57.551645221322,2.0
69.8895772794531,70.20719909667969,70.82958475078912,70.30878704230732,69.44444645654897,4.0
46.56965272904605,47.334442138671875,47.510701631691425,47.13826549980312,43.36633140723866,0.0
63.7483088544754,63.73869705200195,65.57647573149923,64.35449387932552,59.69183399728413,2.0
66.37920377684105,70.7800064086914,69.43747934053796,68.8655631753568,76.20889133899306,4.0
46.78576797624398,48.28401184082031,48.68984058281422,47.91987346662617,54.06977074701354,1.0
57.5163046800503,58.41410446166992,59.80974727300981,58.58005213824335,50.01128982646223,1.0
54.123225818465535,56.17653274536133,58.69278549998229,56.33084802126971,55.90081573912889,2.0
59.23444607191011,59.25414276123047,58.721813684252226,59.07013417246427,48.559704578114086,0.0
54.321444466472165,54.12546920776367,53.31834945820896,53.9217543774816,61.58284071284904,3.0
60.70080287622913,62.67496871948242,63.389182358209446,62.254984651307005,82.48191228401689,4.0
,,,,,
54.34232140058616,54.39910125732422,55.82141059653482,54.85427775148173,55.00613372954894,1.0
65.28127308834743,59.963809967041016,60.735443793248656,61.99350894954569,60.067941800585714,2.0
73.64791504526019,71.65465545654297,73.13720219501623,72.81325756560646,79.08404079234434,4.0
47.489705510185466,48.85353469848633,48.94129724053387,48.42817914973523,50.16248717452319,1.0
48.97193919121184,50.11815643310547,49.72307838402671,49.60439133611467,54.48035262273758,1.0
60.00178717608622,60.549339294433594,61.847105944394734,60.79941080497152,56.30611532009379,2.0
51.47302290770178,51.6490478515625,53.76461238480392,52.29556104802273,45.2073434290249,0.0
,,,,,
47.88176124316134,48.54347229003906,48.07789912102232,48.167710884740906,48.25556525152017,0.0
56.31025137418584,54.481163024902344,54.41768567107259,55.06970002338693,66.05991525450476,3.0
49.273107910347356,50.12873077392578,50.43836981243757,49.946736165570236,50.42993222057017,1.0
61.09290171186641,57.34709548950195,58.12647031187852,58.8554891710823,51.13019394613733,1.0
55.83323895502269,55.217403411865234,55.86539447292362,55.63867894660385,53.5534151369334,1.0
56.513520498907916,55.77166748046875,56.00690738635356,56.09736512191008,52.756007888914624,1.0
50.41051881117614,48.4869384765625,49.33494307636581,49.41080012136815,55.43383324180552,2.0
58.53238948874601,61.547889709472656,62.20163266588979,60.76063728803615,56.63673772115765,2.0
67.64881655600074,65.90586853027344,65.42233725025177,66.3256741121753,65.27397790522694,3.0
57.69180679542619,57.57575607299805,57.667634436258325,57.64506576822752,56.01719405335821,2.0
60.575745578415734,59.98923110961914,61.375161314904055,60.64671266764631,58.32494532991995,2.0
,,,,,
49.64629439434612,48.834075927734375,47.870636698828406,48.78366900696963,42.861958773677024,0.0
77.77324186058345,77.52674865722656,76.04950359363201,77.11649803714735,71.35689414568456,4.0
68.56606246359246,66.7770004272461,66.16516148199621,67.16940812427826,66.44499687740014,3.0
51.14584891476445,51.85377883911133,51.68698714845531,51.5622049674437,46.0972506646019,0.0
55.8869370654634,57.00914001464844,57.916817464364456,56.93763151482543,47.975535072689325,0.0
73.7827292669599,74.40583801269531,72.71530879881838,73.63462535949121,79.2572226661444,4.0
55.64431083148543,56.936424255371094,56.726726716286805,56.43582060104777,62.45947766047723,3.0
66.23123058253246,62.9813117980957,64.63190746097592,64.61481661386803,61.695651133173385,3.0
64.67545204045139,65.6168441772461,64.81673609391639,65.03634410387129,56.37022161900722,2.0
62.16621540243346,56.95441818237305,56.80871711967411,58.643116901493535,57.86311587030831,2.0
45.11626434256606,48.62366485595703,47.53911149326242,47.0930135639285,44.6459952988155,0.0
62.82683209172188,61.08723068237305,61.90227548748036,61.938779420525094,58.35500869532176,2.0
56.91613810044096,55.725345611572266,56.19089831211313,56.277460674708784,61.16375620769164,3.0
,,,,,
59.715526453070595,58.26829528808594,58.231045816885704,58.73828918601408,47.35387861271871,0.0
58.33140899342376,59.01540756225586,58.76640259117507,58.7044063822849,52.50823692666015,1.0
42.490237040429264,46.70991897583008,48.64679266716478,45.94898289447471,44.49256973699873,0.0
62.671254021258,65.73906707763672,64.19455528973876,64.20162546287783,63.88392208430956,3.0
52.664916282364814,53.2581672668457,51.42056045374437,52.44788133431829,43.42172273259416,0.0
57.92852621561976,57.608158111572266,58.34717084183469,57.96128505634224,58.98567473052774,2.0
53.33289993644776,50.91569137573242,50.29985330159153,51.51614820459057,59.74014667884532,2.0
,,,,,
65.50251774885068,64.41310119628906,63.43524909790006,64.45028934767993,62.67119734404901,3.0
55.86015776040513,50.634891510009766,51.00449721658543,52.49984882900011,48.71671353717933,0.0
50.79037341404047,50.729976654052734,50.577166144074596,50.6991720707226,58.79718174460356,2.0
56.70883021943852,55.71758270263672,55.607488757980136,56.01130056001845,50.90723989845903,1.0
56.48384223433163,56.432899475097656,57.64201293807135,56.85291821583355,58.50057783110731,2.0
,,,,,
,,,,,
47.35839007295817,47.68265151977539,49.327793667812514,48.12294508684869,42.48441055666084,0.0
57.50612412259241,56.31444549560547,56.90329253769354,56.907954051963806,63.44969666127803,3.0
72.68738815125214,73.0361328125,74.5192174964316,73.41424615339459,66.53020727421418,3.0
47.92229220579115,45.63672637939453,46.23721370035388,46.598744095179846,33.77197562769128,0.0
51.13376871885997,53.16084289550781,55.870692113279475,53.38843457588242,52.23148450154625,1.0
51.64336934215009,52.25137710571289,52.51562511457992,52.136790520814294,44.67728040753577,0.0
43.891383719418144,48.33775329589844,48.99769464272414,47.075610552680246,40.98777750078301,0.0
50.684496001739674,52.905426025390625,50.59076298426994,51.393561670466745,53.880838465668745,1.0
52.87505971985458,51.25357437133789,51.28236374797346,51.80366594638864,34.79478205282257,0.0
49.60652232374793,53.590599060058594,53.98143618562613,52.39285252314422,55.9272732004778,2.0
50.363103341460516,51.984161376953125,51.58985391403016,51.312372877481266,60.97423903666422,3.0
67.45840422912478,68.57365417480469,69.87694717892455,68.63633519428467,53.11946950484351,1.0
53.5074516974356,56.52357482910156,53.83761034627015,54.62287895760244,61.7546767723552,3.0
,,,,,
64.79750516437788,63.39731979370117,65.72306434072475,64.6392964329346,50.99606206709584,1.0
54.41380441917235,56.555233001708984,55.91666472910802,55.62856738332979,50.86106684199633,1.0
63.0825616091929,61.91433334350586,62.067647361595895,62.354847438098226,59.0989711229126,2.0
61.65796320584114,61.313316345214844,59.774356010128805,60.91521185372826,58.37873370010156,2.0
69.47796720771017,70.21897888183594,68.65209692213584,69.44968100389399,67.46281896885793,3.0
52.66211526698364,56.102901458740234,57.6521228821077,55.4723798692772,57.03762350576846,2.0
60.09241915283396,61.21821212768555,61.36468830605456,60.891773195524685,76.38990188674109,4.0
67.41281342441161,64.12398529052734,63.84739249343793,65.12806373612563,76.15126374516252,4.0
,,,,,
51.50570025630937,49.07234573364258,50.082654169894035,50.22023338661533,57.39109046627138,2.0
68.17697421009689,68.68742370605469,68.82808933895204,68.56416241836787,73.7029033508842,4.0
59.74316686527601,57.54975128173828,57.565969058492826,58.28629573516904,44.20275051678081,0.0
49.76718786776467,50.96745300292969,53.70456987560026,51.479736915431545,41.786245511235485,0.0
48.457625439022685,49.12572479248047,49.42979275412724,49.004380995210134,41.77333429867056,0.0
65.2028543677499,63.82114028930664,65.22081349584022,64.74826938429891,63.18829715381643,3.0
57.7664873474681,59.23789978027344,59.0108828840597,58.671756670600416,61.46283537145946,3.0
66.83065207481471,67.02420806884766,69.08383925689881,67.6462331335204,67.64470779280457,3.0
49.89005760116599,50.56170654296875,51.158635822584316,50.53679998890635,58.592719699408754,2.0
52.97879935627017,50.866432189941406,50.37687252976098,51.40736802532419,52.35332111232268,1.0
60.66929243475262,61.99610900878906,61.42210879102243,61.362503411521374,58.24666710494044,2.0
60.064971849183976,56.531639099121094,58.61519186169642,58.40393427000049,56.60497171211063,2.0
49.31028144670528,51.50773620605469,50.50744972359412,50.44182245878469,47.17377008338187,0.0
72.20261420037761,69.13406372070312,68.19657539767806,69.8444177729196,73.77975493372895,4.0
68.66643894821239,69.5279769897461,67.71181755300309,68.63541116365384,67.19911471860537,3.0
64.20986259546079,66.4860610961914,66.03000029939811,65.57530799701676,63.272303630568445,3.0
,,,,,
57.25432616307535,56.894126892089844,55.151856180791256,56.43343641198549,57.401137899354495,2.0
65.95372825336246,75.60629272460938,73.21577847510693,71.59193315102625,79.47313729363,4.0
57.54071759925785,57.33648681640625,55.88309282612818,56.920099080597424,57.54061815419215,2.0
55.53057155719815,53.25736618041992,52.02739659774144,53.60511144511984,66.05103288312517,3.0
66.97398322128146,65.9287338256836,63.68448275232795,65.52906659976433,69.67579209547435,4.0
49.07200815025596,48.70732116699219,49.49183344478873,49.09038758734564,47.45935924758312,0.0
60.42378182308391,57.89559555053711,57.51500323361477,58.611460202411926,44.22795112859095,0.0
46.30576546285301,39.370208740234375,40.93104972089592,42.20234130799444,41.63777002782199,0.0
52.764140074508745,50.34115982055664,50.15289985053417,51.08606658186651,53.7659757508261,1.0
53.98881510422174,52.16286087036133,50.75666955554995,52.30278184337768,53.91328516794467,1.0
56.86623267214476,53.717041015625,54.23529107258247,54.939521586784075,44.88566665454226,0.0
61.53760315110799,59.52912521362305,59.76839885474815,60.278375739826394,65.21640341580483,3.0
65.29653143501876,62.17660903930664,61.88083627949558,63.117992251273655,54.71422431367616,1.0
50.52427938844187,50.4711799621582,51.31660584718282,50.77068839926096,67.60271285126925,3.0
55.803410013768435,56.75309371948242,57.30495756472923,56.62048709932669,51.60665007569496,1.0
66.71311363251179,64.1587905883789,62.87419364539473,64.58203262209516,73.3892057888617,4.0
70.43197381270797,66.37349700927734,67.38338975736366,68.06295352644965,66.12031423443543,3.0
56.4457225450926,56.447425842285156,57.02162154881417,56.63825664539731,52.84214365180139,1.0
61.09662205160171,56.81654357910156,58.635727788347666,58.849631139683645,54.59613607619382,1.0
62.094119956326615,63.797332763671875,63.95494255188874,63.28213175729574,59.84432827945315,2.0
57.406006943729,56.88363265991211,57.98045298216193,57.42336419526768,57.71427369421415,2.0
58.52827112268329,56.46956253051758,57.47340595664732,57.49041320328274,60.54676771118455,2.0
,,,,,
72.07748807382002,70.2669448852539,70.57797575632345,70.97413623846579,84.8033216176488,4.0
69.08300873773561,68.64778137207031,67.44729367498417,68.39269459493003,59.27188072453044,2.0
60.652939198391636,59.509727478027344,59.07205968916616,59.744908788528384,56.81734183286657,2.0
65.98667172098405,64.61444091796875,63.36406002403892,64.65505755433058,72.21746460104609,4.0
55.759964041840455,58.48391342163086,56.92822074684753,57.05736607010629,52.03226563791758,1.0
58.47260698808623,53.88749694824219,51.47593646530137,54.61201346720992,60.88089643919065,3.0
57.10908922502096,56.830623626708984,56.39992106985,56.77987797385998,62.85295182976464,3.0
68.15229234891927,66.48263549804688,62.92617738551561,65.85370174416059,72.30356690484957,4.0
60.706817729711986,60.63671112060547,61.069905577280814,60.80447814253276,57.41478337070014,2.0
75.01492183068498,74.8466567993164,74.55145819625385,74.80434560875175,70.85538592793355,4.0
,,,,,
66.51362131559618,68.35614013671875,67.02203220076721,67.2972645510274,86.81513049090015,4.0
65.08733639876341,68.35758972167969,66.98524185248527,66.81005599097612,61.29956324766581,3.0
68.39346527343162,64.98888397216797,65.21812539062141,66.20015821207367,67.73313790889036,3.0
48.40017788546052,51.115665435791016,51.55539980957459,50.35708104360871,58.59814793686235,2.0
63.6432157887043,65.63645935058594,64.95637195714369,64.74534903214465,64.62452540011556,3.0
70.60305303955316,68.01600646972656,68.49629512689788,69.03845154539253,66.28957078258908,3.0
63.481177611185416,59.568199157714844,58.390437632239006,60.47993813371309,52.6144314670299,1.0
58.99498459851384,57.489688873291016,59.39011643453515,58.62492996878,62.63899948170573,3.0
59.94114546793084,68.73241424560547,60.819374132915776,63.1643112821507,66.2830645994956,3.0
,,,,,
59.245947719455266,58.77506637573242,58.60820971745486,58.87640793754752,58.1044819096478,2.0
,,,,,
74.48472810747472,73.41785430908203,71.89859707417266,73.26705983024313,87.14270371389213,4.0
68.40671064533873,66.95330810546875,66.92531821965035,67.42844565681928,62.18367390747066,3.0
49.16184767037688,50.967742919921875,50.46172018110328,50.19710359046734,58.66174180703879,2.0
59.34225527189898,60.82436752319336,59.80296595622072,59.98986291710435,68.57074087104212,4.0
46.45021024114659,50.88972091674805,51.5321362274716,49.62402246178875,49.419119910963,0.0
70.33136372437934,68.7235336303711,67.19486764658971,68.74992166711338,73.62171480278087,4.0
56.987664682776376,57.943687438964844,56.96575319546763,57.29903510573629,61.91843509597757,3.0
71.88900437659989,68.68073272705078,71.40989179880901,70.65987630081989,60.61645513082632,2.0
,,,,,
51.43449198149855,51.16206359863281,49.44975891026281,50.68210483013139,62.22440756870986,3.0
64.83669104565104,67.98580932617188,67.59355398081169,66.8053514508782,72.14615534634893,4.0
54.30793622459439,59.37476348876953,59.5207267060995,57.734475473154475,55.28401240965497,1.0
70.22967507520605,72.9618911743164,71.07530466738788,71.42229030563678,61.88432093746435,3.0
45.83862349764367,47.759395599365234,47.213318542662265,46.93711254655705,53.73060917299286,1.0
70.0675521370076,67.30818176269531,70.10210099618577,69.15927829862954,64.91655594993169,3.0
54.23963147807416,52.49314498901367,52.501880943519346,53.07821913686906,54.52500132635621,1.0
66.67317172529532,65.30321502685547,65.92521405571729,65.96720026928936,69.4100979296994,4.0
56.13890925095373,58.594486236572266,59.37085517625027,58.03475022125877,50.851975730700616,1.0
58.8075599818618,57.25108337402344,56.86205686690813,57.64023340759778,54.966647485944215,1.0
48.46889017325202,50.08011245727539,49.25649587676112,49.268499502429506,39.76257410689346,0.0
76.96777700262156,75.54437255859375,74.39113608505941,75.63442854875825,65.92496566981559,3.0
57.04876306529196,55.494449615478516,59.20547228562216,57.24956165546421,43.74976589862195,0.0
66.39512657749349,70.15306091308594,69.41094717344691,68.65304488800878,56.59389197064409,2.0
50.64255963041145,50.97348403930664,53.528909172780196,51.714984280832766,49.835943775473055,1.0
52.81987535205949,55.49299240112305,55.37192576416257,54.56159783911503,61.82508106938465,3.0
52.43982669333057,51.08747482299805,50.99541592672523,51.50757248101795,51.977694912796885,1.0
64.4435503202511,63.16947555541992,63.29149147815879,63.63483911794327,69.02128102786263,4.0
64.57563075772559,62.50743865966797,61.17986565524337,62.75431169087898,51.47497064308438,1.0
66.88656469803662,67.81150817871094,69.09009569392953,67.92938952355904,57.60026880495444,2.0
65.59375556599839,66.16647338867188,66.64967414545785,66.13663436670937,64.17970270956931,3.0
,,,,,
48.21417936568916,50.768394470214844,50.97131035917367,49.98462806502588,47.3222845116408,0.0
53.07114496537564,50.307098388671875,52.756366299951104,52.04486988466621,41.13331237264135,0.0
70.09609692789776,68.79668426513672,69.34810916534342,69.4136301194593,71.51523134429017,4.0
63.33972492745299,63.544307708740234,63.117539255456826,63.33385729721669,66.16412607782945,3.0
54.633422160076044,55.03238296508789,55.83489609959187,55.166900408251934,50.053279167953846,1.0
63.13616423013315,60.59994125366211,62.83781401880966,62.19130650086831,65.37528999028724,3.0
51.14251971021558,52.941978454589844,51.81008062438333,51.96485959639625,55.43929768058148,2.0
52.50971374555971,52.701499938964844,52.78712063428754,52.66611143960403,46.1142854189406,0.0
70.13247041645658,68.73001098632812,67.86996145940611,68.91081428739695,78.56572983169237,4.0
59.41286005854546,56.104766845703125,57.7534204178683,57.75701577403896,56.73636693968821,2.0
74.66572519676245,75.17425537109375,74.19745234162538,74.67914430316053,79.14182861481774,4.0
53.12749564457387,53.79571533203125,53.08538772110806,53.336199565904394,60.7451409995212,3.0
49.467506296805574,49.3121337890625,51.91156434477521,50.23040147688109,46.226464615630746,0.0
59.711557845243014,58.59370803833008,57.53900487768302,58.614756920418706,56.393977126669085,2.0
48.21412126031391,45.16447830200195,45.454524442755165,46.27770800169034,43.31637479577287,0.0
52.68657178058879,53.10352325439453,50.24486844879814,52.01165449459382,43.607273202396826,0.0
69.55504753862841,69.25669860839844,69.3729388081017,69.39489498504285,63.93733126189273,3.0
60.15907818973303,58.73867416381836,57.15644942879995,58.68473392745045,66.72868965560662,3.0
68.61502795709102,68.24641418457031,68.63744396446818,68.49962870204315,72.85280464348547,4.0
61.477767326591405,64.82026672363281,63.967197714429666,63.42174392155129,58.464454157632,2.0
64.6897360301599,64.70128631591797,63.76958337260485,64.38686857289424,69.22126555156234,4.0
48.47597819559358,48.416439056396484,48.54291161537002,48.4784429557867,53.65449233284536,1.0
,,,,,
54.51429447365634,53.56105422973633,53.63592656819737,53.903758423863344,50.9612989500898,1.0
60.09607114892207,59.400604248046875,59.37389888711483,59.62352476136126,69.17456437702388,4.0
66.40966472921995,66.67788696289062,67.1548063060582,66.74745266605625,59.33988900233419,2.0
54.461097011390386,50.42546081542969,50.937061608906525,51.94120647857554,54.17242750736232,1.0
60.53504267967141,57.65470504760742,61.50998775862214,59.899911828633655,50.37065399745399,1.0
,,,,,
56.00333070743943,54.95775604248047,54.68426593443376,55.21511756145122,51.52277880609232,1.0
54.697921106401,56.511558532714844,58.082693946860864,56.43072452865891,56.52821504817104,2.0
,,,,,
57.88437939074658,56.80183410644531,57.86082971438571,57.515681070525865,40.04154762216389,0.0
65.47219713400646,66.8282699584961,67.24232711246819,66.51426473499025,87.34084793252423,4.0
48.923306620946505,48.06489181518555,48.24169125719856,48.409963231110204,63.44675202666174,3.0
65.21426312140164,66.72303009033203,62.710957905977594,64.88275037257041,63.94128382594822,3.0
54.72245173479973,49.458011627197266,51.128357977081414,51.769607113026126,59.46927475796634,2.0
,,,,,
51.09891783586826,49.81391906738281,50.3877316512621,50.43352285150439,46.52577485581433,0.0
,,,,,
42.8344778500672,47.91707992553711,48.59035496610578,46.447304247236694,54.09702049588972,1.0
52.703343099116935,56.38983917236328,56.39748614820439,55.16355613989487,47.68014154331605,0.0
,,,,,
74.5283610824716,74.97765350341797,75.54796257588355,75.0179923872577,72.1175398138689,4.0
50.2167247248313,48.47683334350586,48.54654145430575,49.080033174214314,38.050029192582834,0.0
56.06723145107201,55.69628143310547,56.04439436232233,55.935969082166594,65.89049179140314,3.0
63.457348115079995,65.26587677001953,66.23280896359469,64.9853446162314,51.83656983434268,1.0
67.89437609876664,67.09761047363281,66.09965321946012,67.03054659728653,66.17957594866313,3.0
43.607792402259214,47.40425491333008,48.76523968226129,46.59242899928353,40.89951394262059,0.0
46.23828031368242,49.46282196044922,48.940345365051066,48.21381587972757,49.23436577285381,0.0
52.47581207527075,55.91402053833008,54.18081462990416,54.190215747835,55.85800370008722,2.0
57.52101823079801,57.07698059082031,58.02031090229492,57.53943657463774,56.06789845984051,2.0
57.86807992629278,56.74043273925781,55.40041288449028,56.66964185001362,53.93449520925646,1.0
62.54387748514314,62.49808120727539,62.88105853297643,62.641005741798324,52.42360255128329,1.0
63.58739309160389,65.71942901611328,65.48109413954182,64.929305415753,67.6026782115644,3.0
55.65001773347568,52.284278869628906,52.79286628684567,53.57572096331675,56.74203337025784,2.0
63.92594300853811,62.533355712890625,62.13699439310395,62.865431038177555,64.68453242294781,3.0
55.28929413782987,57.42738723754883,56.21897278093363,56.31188471877078,62.75368948595896,3.0
59.18193597409245,56.76583480834961,54.48550315461818,56.81109131235342,66.41522255063853,3.0
67.76774769091854,66.29671478271484,66.89889388942004,66.98778545435114,69.40161233062156,4.0
59.328954465216825,54.58562469482422,55.74397952779668,56.55285289594591,64.65154936999521,3.0
68.46324277022718,72.55487823486328,71.07226376252017,70.69679492253687,62.19467222924354,3.0
69.85838312043602,68.60446166992188,69.84358247995782,69.43547575677191,72.46808776210698,4.0
53.64635740558947,55.64521789550781,53.617937163125355,54.30317082140755,58.55111719837686,2.0
46.72134800837855,46.400360107421875,46.83383982848943,46.651849314763275,50.279635771005005,1.0
64.4412236305272,64.58464813232422,66.0291785513282,65.01835010472654,71.20816892556844,4.0
60.872349120631355,61.83382034301758,61.94904195808673,61.55173714057855,64.96243239088476,3.0
64.50191496450756,66.20902252197266,68.10711392572861,66.27268380406962,71.87855352570563,4.0
73.64191672369051,72.49440002441406,71.74069886764913,72.6256718719179,69.59274997763147,4.0
67.04608590344309,72.11695098876953,66.35521042959527,68.50608244060264,76.38207271790014,4.0
47.6728423815345,48.64429473876953,49.234549908983595,48.51722900976254,37.32127879952594,0.0
57.479751058197444,56.58789825439453,55.48840367677216,56.518684329788044,71.71071235622081,4.0
49.65323431886734,48.46574401855469,48.11448856207904,48.74448896650035,53.29214277550775,1.0
64.12802681828134,63.46480941772461,66.07435339091322,64.55572987563973,69.83182248991298,4.0
51.65447731372515,55.34556579589844,55.29393575116283,54.09799295359547,53.46200999028577,1.0
62.95825190504284,65.00968933105469,64.29187921358488,64.0866068165608,61.80594865445327,3.0
,,,,,
49.00447606906836,51.18757629394531,50.90736149963608,50.36647128754992,46.62476133404088,0.0
51.74291607590191,53.47976303100586,52.59192996414156,52.60486969034978,53.07040655171083,1.0
53.45354234635869,57.56474685668945,57.36822097671584,56.12883672658799,62.68953685670179,3.0
,,,,,
74.62442077253202,76.61209869384766,75.49998788704023,75.5788357844733,70.47584434689907,4.0
66.13878383191162,64.0746078491211,66.61357712175702,65.60898960092992,66.93592237371294,3.0
52.92457224162101,53.70333480834961,54.926886494111024,53.85159784802721,43.01270752310453,0.0
,,,,,
63.67379007308454,65.9180679321289,66.07081691315722,65.2208916394569,73.41900818572131,4.0
,,,,,
,,,,,
,,,,,
48.272298114713195,48.554359436035156,48.33722043446511,48.387959328404484,50.730545913116735,1.0
53.245233239263285,49.771183013916016,48.77448574083081,50.59696733133671,50.26570218165853,1.0
64.64481887236079,63.83045196533203,63.594919017838066,64.02339661851029,64.15998740185816,3.0
69.70312034159207,67.38059997558594,67.82252502462569,68.30208178060123,62.83102280220367,3.0
49.531169279933295,46.7991828918457,47.93616656862477,48.08883958013459,49.39079685349239,0.0
78.29809342453628,74.60272979736328,75.3198360696252,76.07355309717491,74.86737151226333,4.0
73.32550606472847,75.61870574951172,73.56354085683765,74.16925089035928,69.76533090859164,4.0
48.05329180351571,49.31217575073242,51.88738015602881,49.75094923675899,41.852612890748695,0.0
,,,,,
56.27696421613305,55.26738739013672,55.701185659503906,55.748512421924566,50.44696645886492,1.0
58.37223961818829,59.00719451904297,58.36871911818001,58.58271775180375,58.38582787324156,2.0
,,,,,
61.174414705581356,61.71097946166992,62.80470971801483,61.8967012950887,52.27669876579056,1.0
43.72292794790048,44.029685974121094,47.72517230485754,45.15926207562637,34.42610765501768,0.0
53.508060586069405,52.16629409790039,50.9960108948692,52.223455192946325,37.12995510149959,0.0
54.92164777722878,56.385498046875,54.16376471057945,55.15697017822774,45.87837108818306,0.0
58.428952520472244,55.94207763671875,55.406598371975875,56.59254284305562,37.5007992551314,0.0
55.653458949114444,56.02063751220703,56.28099832624457,55.985031595855354,56.70620691746328,2.0
44.6687899540704,46.534183502197266,48.3336128287968,46.51219542835482,38.08899275388417,0.0
54.38311633184978,51.07923126220703,51.09206145312609,52.18480301572763,46.66395335160236,0.0
45.43111064298299,48.337745666503906,47.72639630614975,47.165084205212224,54.641725999942025,1.0
48.14315272037971,49.12555694580078,49.99275916690362,49.0871562776947,53.31045680809069,1.0
44.369636923332735,48.856903076171875,48.45967047908074,47.228736826195124,43.472660448506346,0.0
,,,,,
73.93593350100707,74.23602294921875,74.02972217724864,74.06722620915815,71.77370938813628,4.0
65.45687926275123,62.55027770996094,63.895334389956,63.967497120889384,68.27273658084431,4.0
65.03662329845304,64.25568389892578,63.40358143692954,64.23196287810278,51.58030043449246,1.0
50.66592107966139,50.47770309448242,50.694374884308864,50.61266635281756,47.61976308799837,0.0
72.83314603985276,74.78197479248047,73.2740751192707,73.62973198386798,71.50588966400566,4.0
57.988822526447755,58.03965759277344,60.914414896092026,58.980965005104416,62.20359417894933,3.0
65.02059929894845,67.24646759033203,65.50478112613706,65.92394933847251,65.98003950061123,3.0
59.11506590472201,56.74967956542969,58.35320260027579,58.072649356809166,45.65761853250358,0.0
57.77608363313537,55.73100280761719,54.63744202560333,56.04817615545196,53.08905758476992,1.0
52.517684934927075,50.815372467041016,50.602624645590154,51.311894015852744,41.50375059144168,0.0
47.52824444480587,48.90773391723633,49.03004833998025,48.48867556734081,40.33436621678986,0.0
58.22598868397431,56.51567077636719,55.515616551723475,56.75242533735499,55.174940937713046,1.0
62.18111744280166,60.39984130859375,60.082139739040585,60.88769949681199,60.02708462803663,2.0
69.89927749291354,68.91173553466797,71.98577387796514,70.26559563518221,71.71175045101424,4.0
67.98087257859814,68.78812408447266,70.23106158645551,69.00001941650878,72.57993218529117,4.0
71.40336380893991,69.63441467285156,69.12474126131026,70.05417324770059,62.29278230824279,3.0
,,,,,
68.01455379011382,69.18029022216797,69.0667300147174,68.75385800899973,63.196419833720455,3.0
71.8229080237143,70.33746337890625,68.91583840207106,70.35873660156388,86.33955151582883,4.0
50.16563874854169,54.93906021118164,53.89674844201721,53.00048246724685,50.47232326913085,1.0
63.66115792479616,66.05473327636719,66.37786138598959,65.36458419571765,52.99865922579311,1.0
62.42979270127168,63.95668411254883,64.00505853834447,63.463845117388324,69.22077537140154,4.0
56.193932939442675,54.98343276977539,55.679559085591904,55.618974931603326,52.68714614053784,1.0
49.41178827242935,48.56425476074219,48.46555321614634,48.813865416439285,43.4739198511902,0.0
,,,,,
56.22375194070707,58.41683578491211,57.33456930378725,57.325052343135475,52.91916098473104,1.0
,,,,,
54.606889478295315,56.2529411315918,56.989458351498556,55.949762987128544,48.88408810622341,0.0
69.5343009846531,67.06330871582031,67.41980727065514,68.00580565704286,74.82263109607914,4.0
54.978908535260935,56.79753875732422,56.637309488586205,56.137918927057115,44.29239307225982,0.0
66.73598142014656,67.96241760253906,68.37464989025995,67.6910163043152,66.35562372934115,3.0
46.81238536900337,46.33830261230469,47.205739046576454,46.785475675961514,44.37269385079771,0.0
65.85659602248842,64.66735076904297,65.95246915551094,65.49213864901411,63.72249065685169,3.0
56.6467353923768,55.75506591796875,55.38414487788326,55.92864872940961,62.250295001454205,3.0
69.43980999133187,67.87748718261719,67.08531963407047,68.13420560267319,65.43693916651209,3.0
49.23217501187625,51.406375885009766,51.94387077000224,50.86080722229608,41.20469248410144,0.0
60.06640636307778,58.602256774902344,59.00971374390205,59.22612562729406,53.66832642167024,1.0
55.68260544250797,54.40584945678711,55.14320397670418,55.07721962533308,49.43034587111631,1.0
56.66983422451809,58.26416015625,58.86412619685454,57.93270685920754,64.5640852562655,3.0
,,,,,
52.64258110339103,49.889163970947266,52.21605330342591,51.58259945925473,54.49427723363624,1.0
47.49506778200766,49.31974411010742,49.99074495822053,48.93518561677854,41.74290924848098,0.0
64.47484721677142,63.22474670410156,63.572744761223895,63.75744622736563,65.34299033352141,3.0
62.43019553097898,61.653926849365234,60.88607504181323,61.65673247405247,59.01061784732579,2.0
53.58842154083916,55.85554504394531,56.384824821617315,55.27626380213393,78.17193120262998,4.0
,,,,,
57.955394423715745,57.43592071533203,57.09133307848135,57.494216072509694,56.44348716904121,2.0
49.74199905710109,48.6961669921875,47.93273832527671,48.790301458188424,60.15515331863974,2.0
63.524127792835365,61.81666946411133,64.73972460588348,63.360173954276725,69.04404768969655,4.0
53.462559993385184,54.1988410949707,54.238647823996,53.96668297078396,47.6935557449847,0.0
59.08366507004128,57.815921783447266,58.249801511205206,58.38312945489792,56.66026973142696,2.0
52.18882333392102,51.43767547607422,50.11512535867338,51.24720805622288,65.68459658836983,3.0
62.54167836085725,61.05063247680664,62.02998308154905,61.87409797307098,67.11619368321597,3.0
,,,,,
52.154841966639175,51.72966766357422,50.49924979002122,51.461253140078206,52.419071962257625,1.0
72.11431452801588,72.55001068115234,72.09184341513506,72.2520562081011,68.11278470579562,4.0
49.992576330377226,52.03323745727539,52.776641206957855,51.60081833153683,53.60433168217504,1.0
53.70148168512546,55.30779266357422,55.16606870853979,54.72511435241316,60.51991413887468,2.0
51.29878199897755,49.965579986572266,50.05440600415527,50.439589329901686,47.61349373451866,0.0
59.736994834249906,56.65560531616211,57.887875319742626,58.09349182338488,48.9610692235115,0.0
,,,,,
56.414303216402416,56.42811584472656,56.78132547976584,56.54124818029826,52.61073125619152,1.0
53.03940232788279,55.82515335083008,56.216833140894934,55.02712960653594,55.1418352287623,1.0
,,,,,
58.0575928704528,56.482139587402344,56.37094276418894,56.970225074014685,57.0518974772131,2.0
52.90896791781568,54.151031494140625,54.47699280514132,53.84566407236588,54.157839506461386,1.0
71.18673014254523,75.81303405761719,75.16863964726174,74.05613461580805,74.3727142753916,4.0
56.63822470130126,57.88442611694336,56.52634712653676,57.01633264826046,45.457992073779934,0.0
65.97625230328678,66.4935302734375,66.56874129346302,66.34617462339577,60.03251962823463,2.0
,,,,,
60.78153282292847,63.386558532714844,65.52206726529288,63.2300528736454,51.26057890505622,1.0
68.63407684053638,70.08963012695312,70.05118209136242,69.59162968628398,79.07183221507839,4.0
49.16904158930391,54.11601638793945,51.61638574892739,51.633814575390254,60.42920358391816,2.0
47.07276713961971,47.71493911743164,48.41762442907063,47.73511022870733,44.24818627979787,0.0
59.76387826273971,63.279335021972656,60.824480147193896,61.289231143968756,65.6728777587399,3.0
55.29464154540295,55.287418365478516,56.867968073545335,55.81667599480894,58.14885635188429,2.0
55.77505918151539,57.711509704589844,57.961496392924055,57.14935509300977,49.52306975164119,1.0
56.00936459357773,54.309852600097656,54.76499235651027,55.02806985006188,62.58282659588741,3.0
50.040348984170755,50.19026184082031,50.18502046827703,50.1385437644227,41.03102393802742,0.0
,,,,,
,,,,,
51.02790531811761,51.150733947753906,49.94929482305238,50.70931136297464,56.04706515224751,2.0
63.89475858614724,67.57544708251953,66.20800413250684,65.89273660039122,63.22047677543507,3.0
66.88081995579415,67.58688354492188,69.36357175138032,67.94375841736546,76.45826219909061,4.0
68.1609868973536,69.33916473388672,68.65942246017723,68.71985803047251,58.734804783539154,2.0
59.365650537380446,61.19797134399414,62.23461013400844,60.93274400512768,68.84607670371197,4.0
67.7574784446209,68.33303833007812,68.32621155260237,68.13890944243381,65.45623748508663,3.0
59.37720485780369,57.63493347167969,57.03135213009716,58.01449681986018,44.16199114690428,0.0
59.06709676677372,60.391361236572266,59.481408834362554,59.646622279236176,62.32571247562661,3.0
56.12841848991341,50.519996643066406,53.241110718777826,53.296508617252556,45.26415866763755,0.0
52.99454147117744,54.762210845947266,55.38481020544882,54.38052084085785,54.4904335745547,1.0
55.75875444664457,54.84082794189453,54.92708329461133,55.175555227716806,52.4688106216616,1.0
57.70912140893803,57.592369079589844,56.54995921620193,57.283816568243275,60.16088003992847,2.0
44.47430446364834,46.91505813598633,48.73402805100611,46.707796883546926,38.18379223132939,0.0
59.00901700731392,54.974857330322266,59.97004372707535,57.984639354903834,55.791092976775296,2.0
51.210410499448436,48.9148063659668,49.2023627290783,49.77585986483118,49.33254558137765,0.0
54.01775307341518,54.09581756591797,54.653921617240684,54.25583075219128,54.93164261885152,1.0
69.50421864985942,69.68096923828125,69.35398292605794,69.5130569380662,61.30178004182622,3.0
57.511488085468045,61.37594985961914,59.02094202584997,59.302793323645716,69.88606192267078,4.0
,,,,,
59.673217648152665,55.35367965698242,57.74505490339955,57.59065073617821,52.690350481717296,1.0
,,,,,
48.45367003179748,51.225318908691406,50.67796088395955,50.118983274816145,43.26734168335305,0.0
49.03958815913294,47.04977035522461,49.604014940021116,48.56445781812622,38.25812784997765,0.0
56.89376911992154,55.32448959350586,56.20956881300439,56.14260917547727,52.63647650783298,1.0
56.79172399511596,55.70927429199219,55.68524060876006,56.06207963195607,60.79469985144736,3.0
,,,,,
62.4790871482749,63.73100280761719,64.50828823883637,63.57279273157616,61.84946717090825,3.0
63.460637252754786,64.86345672607422,64.43061769812168,64.25157055898357,54.62425897202987,1.0
,,,,,
70.54829923648269,66.59333038330078,67.25649681289065,68.13270881089137,79.91940778186093,4.0
59.314584469972345,57.372859954833984,55.669673569643805,57.452372664816714,65.62218450345893,3.0
,,,,,
51.604902836714295,52.90458297729492,54.009758543167976,52.83974811905907,55.40097730483775,2.0
47.24610977416691,48.22359848022461,48.641015854464335,48.03690803628529,51.28164082088649,1.0
59.5379246687994,59.739662170410156,59.32803955393344,59.535208797714326,58.20898097658025,2.0
60.85212638446757,61.18488311767578,55.591776548708076,59.2095953502838,68.81178549391521,4.0
57.22195174168421,60.35429382324219,58.73242622460415,58.76955726317684,64.87324478936853,3.0
75.4231945428084,77.4128189086914,76.34172963607402,76.39258102919128,73.45011861407987,4.0
73.69607174720058,74.30805969238281,72.01653173854177,73.34022105937505,77.26115555818427,4.0
67.69847322445219,69.92108154296875,69.03400499240703,68.88451991994266,69.62135125259266,4.0
54.7984486716212,58.07985305786133,57.978640860358226,56.95231419661358,60.59268696256024,2.0
,,,,,
64.18232010451585,63.979862213134766,62.37010991154831,63.51076407639963,60.87796211149862,3.0
66.71335752613277,65.89488220214844,65.80299988986536,66.13707987271552,68.0518299004098,4.0
56.553604934645115,56.6917724609375,57.54646767775124,56.93061502444463,54.67657645218039,1.0
60.57791830221737,61.66068649291992,61.284217785812956,61.174274193650085,58.53711311134055,2.0
46.85136543754619,47.56415557861328,49.65121073788153,48.02224391801366,46.94028289971967,0.0
,,,,,
55.84565249543911,54.40584945678711,55.14320397670418,55.131568642976795,58.89849553049681,2.0
50.22109094223502,48.55904769897461,49.01451945870207,49.264886033303895,48.20409679277433,0.0
59.98667224830947,58.94126510620117,58.8586787442731,59.26220536626125,54.752953990246354,1.0
,,,,,
74.5283610824716,74.97765350341797,75.54796257588355,75.0179923872577,72.40566485302747,4.0
70.65706118872576,70.93038177490234,68.86279134623678,70.1500781032883,61.37707391285068,3.0
,,,,,
55.699220681137035,56.697898864746094,55.91636314323167,56.10449422970493,55.79904477251852,2.0
49.703946128158385,50.247215270996094,49.31225751228269,49.75447297047905,34.71149062515341,0.0
,,,,,
64.03474519617198,66.6888656616211,64.04543206211211,64.92301430663507,74.95910267276129,4.0
53.680122073457476,50.62688446044922,50.12716063114187,51.47805572168286,54.82013956258571,1.0
,,,,,
70.53883441101655,72.2127685546875,72.52875763707225,71.76012020092544,59.83913578537674,2.0
,,,,,
61.92764962018219,60.77910614013672,63.63428936684237,62.11368170905376,48.5658041258573,0.0
,,,,,
56.30215713977538,60.2177848815918,58.75199350101387,58.423978507460355,61.17550819621925,3.0
67.94656868713045,69.02747344970703,69.36198182910584,68.77867465531443,57.8742319853595,2.0
,,,,,
51.328195206434096,49.21278381347656,48.12444833800488,49.555142452638506,46.29913731957474,0.0
70.3855415097821,70.24612426757812,69.66361045830747,70.09842541188924,89.19223816544606,4.0
53.93650040663547,50.90800857543945,51.2193344941553,52.0212811587434,69.34975045114726,4.0
,,,,,
49.29352097433633,49.02949523925781,49.51971143861809,49.28090921740408,35.08433599426668,0.0
,,,,,
,,,,,
57.356402707631716,57.917179107666016,59.07253083191183,58.11537088240319,69.67664790013097,4.0
59.740808192032674,60.92810821533203,56.23618702390754,58.96836781042408,43.52075461085934,0.0
57.79527075792229,57.79433059692383,57.688235307478585,57.759278887441575,67.34257414612404,3.0
67.22570657535444,68.03327178955078,68.45512492116147,67.90470109535556,57.95355370336394,2.0
68.89390177087905,69.2372817993164,68.47717796659781,68.86945384559776,67.62725222874279,3.0
48.80038508411916,47.19864273071289,46.79349969132017,47.59750916871741,29.88853727728788,0.0
55.50564376270602,50.37910842895508,51.815755491545936,52.566835894402345,47.09311904279291,0.0
60.33990418762858,61.685794830322266,64.70688576505324,62.24419492766804,79.59692862874623,4.0
67.34950487104145,66.01043701171875,65.73302746042704,66.36432311439575,73.40454205342711,4.0
58.46302116381472,56.08135986328125,56.455081972939894,56.99982100001196,64.16983149041492,3.0
74.11000864545511,72.59855651855469,68.04247433841287,71.58367983414088,51.30982214032866,1.0
,,,,,
46.45339668221975,49.28403854370117,49.17705821744922,48.30483114779005,49.48668280502012,1.0
,,,,,
56.13027019822874,56.10667419433594,57.18609869651919,56.47434769636129,57.54086915046602,2.0
55.985338622784546,54.027652740478516,54.29218903036185,54.768393464541624,53.81522609752797,1.0
58.40529853090885,56.64763259887695,56.07313747096123,57.04202286691568,67.5401112503677,3.0
47.28657044771574,48.229183197021484,49.109113648634306,48.20828909779052,41.11298508508597,0.0
48.64364378548987,51.0223274230957,49.65392083027409,49.77329734628656,53.68267072441882,1.0
61.94497021709569,64.42867279052734,64.51322837521674,63.62895712761326,73.95486152272466,4.0
55.835993898687605,57.93715286254883,58.00604499248751,57.25973058457465,66.68541538067446,3.0
52.33773636284897,53.1035270690918,53.19169848442427,52.877653972121685,56.482398176551335,2.0
,,,,,
46.26306177627623,48.52413558959961,49.42614241659075,48.07111326082221,43.32725086385212,0.0
67.88045552167674,64.9329605102539,65.14900897250342,65.98747500147802,73.0294242112224,4.0
53.41158492885929,53.36086654663086,52.05251559411422,52.94165568986813,62.65186550714644,3.0
45.25418976420214,46.8256950378418,47.395062659095025,46.491649153712984,31.43738178785637,0.0
,,,,,
54.580055857453594,55.249488830566406,55.42102125273787,55.083521980252634,57.8374393663957,2.0
48.108986350357156,49.01068115234375,47.26531197434281,48.1283264923479,60.21826515085551,2.0
,,,,,
59.03529713251272,56.398319244384766,57.14962843853383,57.52774827181043,48.08312529485771,0.0
59.68598434972088,57.056034088134766,57.28077919942429,58.00759921242665,52.34895342641479,1.0
54.619249227460315,53.154212951660156,52.37078199733802,53.38141472548617,49.99900721329555,1.0
52.4343813794696,43.8512077331543,45.35206210721259,47.212550406612166,41.12530370957807,0.0
66.26388053190217,60.894161224365234,64.72216451309643,63.96006875645461,62.02379143807308,3.0
62.977625993021505,62.3714485168457,60.78199243888731,62.04368898291818,57.1777127640532,2.0
55.619674623218415,56.08995819091797,56.090097336600614,55.933243383579,54.811709930765296,1.0
69.77536398161145,71.72064971923828,71.90604447721941,71.13401939268972,71.46432472370658,4.0
67.17060993035396,67.04944610595703,66.1914604202895,66.80383881886684,76.36807334155161,4.0
,,,,,
53.651385869574604,51.269187927246094,49.72624810765014,51.548940634823616,52.87231591889262,1.0
43.48961543940996,45.15975570678711,46.37451225136806,45.00796113252171,53.14650144420588,1.0
,,,,,
55.59314726201683,56.23414611816406,55.44420808737647,55.75716715585245,63.12291652684901,3.0
57.86395726916664,57.74020767211914,56.784741463192965,57.46296880149291,56.1844746987236,2.0
60.9462207407329,62.51488494873047,64.74754132751347,62.73621567232561,83.4609155544077,4.0
,,,,,
,,,,,
,,,,,
57.5956658705807,57.32512283325195,57.78668257642298,57.569157093418546,65.84862933273529,3.0
62.52313541926078,61.44591522216797,62.085638174612676,62.01822960534715,54.3204126022948,1.0
62.27147992960795,57.824684143066406,60.04063242805767,60.045598833577344,62.71534654940609,3.0
67.98079005289802,66.71487426757812,66.29032077681293,66.99532836576303,68.01504616527053,4.0
,,,,,
57.93970591509748,61.919166564941406,58.96127556029975,59.60671601344621,55.0854097330699,1.0
53.4686848235043,55.48224639892578,56.44785595227381,55.13292905823463,62.05096442848611,3.0
69.77954460985102,67.88995361328125,67.05572479373441,68.24174100562223,73.05229601681559,4.0
73.18147353103727,70.92843627929688,69.79419709023007,71.30136896685474,80.16559063666891,4.0
55.12089677115606,52.58858108520508,51.436485179609015,53.04865434532338,56.18113209103355,2.0
51.927162443533554,52.77432632446289,51.64537676113244,52.11562184304296,39.20638979662724,0.0
75.39117354573187,74.04403686523438,73.35699269817844,74.26406770304823,69.0294317077823,4.0
53.312688822116776,56.4658088684082,56.91556137404545,55.5646863548568,54.29880795138279,1.0
56.565847364849105,49.889259338378906,55.822695117819556,54.09260060701585,50.6995473494712,1.0
55.366312978498826,54.960609436035156,54.916765442459884,55.08122928566462,56.13478400277,2.0
56.058004955822916,53.37299728393555,56.299433112211,55.24347845065649,51.83526029839675,1.0
49.46987912628566,51.80245590209961,51.70360390376154,50.99197964404894,36.33327195989539,0.0
62.42159565111378,63.782470703125,61.41501957094368,62.53969530839416,63.08492260814701,3.0
,,,,,
56.540775590863205,58.060508728027344,58.39790474517415,57.66639635468823,55.18248181225092,1.0
63.6399543649062,62.631954193115234,61.935813040325854,62.735907199449095,63.430883003303954,3.0
59.917029317668835,55.02114486694336,52.931238368990826,55.956470851201004,58.69981487013092,2.0
,,,,,
74.42742005866936,72.20301818847656,73.1378449174336,73.25609438819318,63.66668975721815,3.0
62.94093252902594,62.79677200317383,61.12286950989119,62.286858014030315,71.42797219374583,4.0
54.78130244283774,54.08845520019531,58.70189579935016,55.85721781412774,54.50216421219461,1.0
,,,,,
60.330294885978,65.28992462158203,65.23525566730375,63.618491724954595,81.73668198734636,4.0
53.86330530468751,57.29594802856445,56.22397638314121,55.794409905464384,39.36234081478188,0.0
70.63522402286844,68.08722686767578,67.7944985910435,68.83898316052925,73.86844951518569,4.0
,,,,,
57.75675120734639,58.748470306396484,59.54714457125289,58.684122028331906,64.42646755058823,3.0
,,,,,
52.84039793664672,52.51015853881836,53.762325205864315,53.037627227109795,46.139825241527305,0.0
64.58332276322729,70.48149108886719,68.8597146730058,67.97484284170008,66.6014602870708,3.0
76.62907683523711,73.59942626953125,74.11499750734875,74.7811668707057,79.00803243490932,4.0
62.2431054888845,65.85737609863281,65.30336086254961,64.46794748335564,55.114005470081366,1.0
49.76721330319671,53.151031494140625,53.54405600752012,52.154100268285816,53.6712511320718,1.0
57.60447864650717,55.483001708984375,54.87578977425472,55.98775670991543,68.58632624528767,4.0
56.44427103157804,54.984039306640625,57.18773321656837,56.20534785159568,49.75134694134309,1.0
57.200563886223975,55.395320892333984,55.178084732350214,55.92465650363605,60.97819763382401,3.0
48.26006742535168,47.547950744628906,47.168700815410446,47.65890632846367,48.44997880789145,0.0
61.3108869154318,59.30134201049805,59.139307418225286,59.91717878138505,64.5577474626788,3.0
53.17376927993266,54.62782669067383,54.006651555689345,53.936082508765274,66.97337885148723,3.0
48.781035900888206,50.121620178222656,51.08864103907025,49.9970990393937,49.05544504227,0.0
56.6412630030925,55.94629669189453,57.277202900260235,56.62158753174909,56.02205520551294,2.0
,,,,,
48.03142847583701,47.059200286865234,46.462052428772665,47.18422706382497,52.098091323173534,1.0
50.04280676267605,50.75788116455078,49.72624810765014,50.17564534495899,42.59640885275013,0.0
58.16172260692903,55.97955322265625,55.636361990231535,56.59254593993894,60.03283704875092,2.0
62.44782840437549,59.29890060424805,60.499400776235866,60.74870992828647,73.75748525277533,4.0
70.37915014650571,71.23072814941406,70.64183648238699,70.75057159276892,78.49759188351028,4.0
,,,,,
54.13916477347902,55.35411071777344,55.984286432344604,55.159187307865686,61.25545925750492,3.0
59.30443463406547,57.33993911743164,56.15517747944782,57.59985041031498,52.51700777392721,1.0
45.967116806918554,46.97336196899414,48.57973498165863,47.1734045858571,47.89238512645177,0.0
66.74802996032969,66.00072479248047,65.64699799253012,66.13191758178009,80.97132998675494,4.0
51.68972193524814,50.9689826965332,53.44949417433345,52.03606626870493,52.65075128382677,1.0
61.68494927758351,56.87336730957031,58.75495730566071,59.10442463093818,52.16309403115696,1.0
55.83323895502269,55.217403411865234,55.86539447292362,55.63867894660385,59.36216136600625,2.0
61.33623098382747,63.80550765991211,61.15541152770788,62.09905005714916,72.63164112210262,4.0
51.14584891476445,51.85377883911133,51.68698714845531,51.5622049674437,43.09433941405268,0.0
55.69517648276754,55.420467376708984,55.88224317904396,55.6659623461735,57.1771978032243,2.0
50.28642039842529,49.046836853027344,48.96894800839474,49.43406841994912,38.21462220474898,0.0
60.56285317541687,61.77130889892578,63.993100174296686,62.10908741621311,55.67538438531336,2.0
63.01716285047165,65.6124496459961,65.74338853967284,64.7910003453802,62.16544177924984,3.0
,,,,,
67.77126288263452,67.47754669189453,66.88267841728853,67.37716266393919,54.11799456845864,1.0
60.140137100792515,58.38866424560547,59.152026022715084,59.22694245637101,55.87581292768392,2.0
58.60110135974777,59.34429931640625,59.705226722051,59.21687579940167,48.57070599007608,0.0
58.648199182519164,61.912628173828125,60.14157379669424,60.234133717680514,68.11980475747615,4.0
60.188563852535324,57.72615051269531,57.614517417803356,58.509743927677995,58.599976748419024,2.0
53.54894303745744,55.78205490112305,55.59664190395506,54.97587994751185,48.33571479199141,0.0
66.63779824400498,67.42269134521484,67.0019663609195,67.02081865004642,62.17740021823442,3.0
72.70150438725877,71.5790023803711,72.19233033302275,72.15761236688421,75.01447926722435,4.0
57.0933184784344,58.72214889526367,58.97838654172773,58.264617971808605,51.721892208045695,1.0
62.31305454062424,62.79182815551758,66.36114216848273,63.82200828820819,68.86543972767647,4.0
,,,,,
56.44890201010782,53.77334976196289,52.126484291817306,54.116245354629335,56.17843219505366,2.0
51.63694801177225,55.51665496826172,55.79509402926351,54.316232336432485,50.45435992770851,1.0
57.33126430310441,56.315818786621094,57.65686727118966,57.10131678697173,65.81207846728059,3.0
66.8093443138774,67.98468017578125,66.55209679128899,67.11537376031588,61.29105922951838,3.0
69.04210897645072,69.26039123535156,69.66177071186837,69.32142364122355,63.50642466063282,3.0
59.99968386482963,62.84928894042969,61.598219438924644,61.482397414727984,55.97597481565812,2.0
57.06826266378705,55.31919479370117,55.75016686636533,56.04587477461785,52.83255513342428,1.0
66.53366010320691,66.33587646484375,65.44059796530567,66.10337817778544,48.14100861540635,0.0
49.334419968636105,50.434722900390625,51.47309382150279,50.41407889684317,59.43623214599916,2.0
55.35696039513548,55.27859115600586,56.32864155163732,55.654731034259555,62.89539515051118,3.0
,,,,,
53.79452175161179,51.42413330078125,51.032558242826596,52.08373776507322,52.091493102351,1.0
62.42663609153279,63.44789505004883,65.01886563604803,63.63113225920989,68.29906457671821,4.0
,,,,,
61.99244338515797,62.226070404052734,61.67707238078158,61.965195389997426,65.65142383298934,3.0
56.17323383615392,54.52959060668945,55.827332682950576,55.51005237526466,45.70022683330765,0.0
62.29581485968698,65.48743438720703,63.64907069758232,63.81077331482545,64.51455978650267,3.0
68.06717589684239,70.36910247802734,69.31426597639037,69.25018145042004,64.01204507579465,3.0
68.86477787186834,71.71212768554688,72.47977183224462,71.01889246321996,71.81734268522408,4.0
69.3245723858695,67.3318862915039,67.27719614934672,67.97788494224004,69.91421286252633,4.0
59.74488288756945,60.30335998535156,58.564161322872415,59.53746806526448,55.29194718230341,1.0
54.024298948695304,53.219451904296875,52.72220326441657,53.32198470580292,56.70909778500723,2.0
45.56591641794669,45.8973388671875,46.637414266088044,46.03355651707407,38.79817108964388,0.0
68.03607770819173,65.07937622070312,64.33666206157898,65.8173719968246,55.38242296986783,2.0
48.95617489392456,49.13560485839844,50.29199572927298,49.46125849386533,53.2531504093318,1.0
66.0667693091461,66.892822265625,65.95181385322256,66.30380180933122,67.75998642095749,3.0
58.06665083718935,56.540225982666016,56.50818762330632,57.038354814387226,61.94279931049735,3.0
51.628170489255595,48.810150146484375,48.677035342672625,49.70511865947086,54.62380058687511,1.0
45.48991153408654,45.64743423461914,46.230804542520886,45.78938343707552,48.35157756523418,0.0
50.841884646538595,51.17151641845703,51.93305512969012,51.31548539822859,58.69246558590144,2.0
,,,,,
70.91915335095295,70.06835174560547,71.21768207428144,70.73506239027996,67.53449675761358,3.0
60.3285152652565,62.82864761352539,59.415743906759374,60.85763559518042,67.77323126475049,4.0
55.202456965431814,55.47997283935547,52.874200275348,54.518876693378424,58.898392033901,2.0
56.09995140753968,52.74846267700195,56.16553656567129,55.00465021673764,70.95783412138906,4.0
55.754304072776044,56.73139572143555,55.87474808044445,56.12014929155202,69.47549787021394,4.0
56.487665116749824,55.36370849609375,58.36320195898075,56.738191857274785,63.631679264841104,3.0
66.9383285237727,65.18387603759766,64.51692267356647,65.54637574497895,67.15471418059815,3.0
74.81374341588491,74.10442352294922,75.41334840646755,74.77717178176722,73.52188899606395,4.0
56.769999837300745,56.0081672668457,57.599399240536634,56.79252211489436,56.18837724852645,2.0
,,,,,
50.49112645968456,52.78745651245117,52.18162506215798,51.82006934476457,50.739780969932106,1.0
68.23182915229825,69.01904296875,66.69347812189294,67.9814500809804,87.16077165682302,4.0
49.66616145692742,51.21421813964844,50.545048383883895,50.475142660153246,42.61308187151439,0.0
43.70396984402021,42.78556823730469,44.6578424504784,43.715793510601095,57.79297469563274,2.0
54.766845684160934,52.679935455322266,53.208636304486284,53.55180581465649,57.54854680339663,2.0
70.51406386159022,69.79102325439453,71.29857131630483,70.5345528107632,68.13636771848965,4.0
70.64738339805992,69.45413208007812,70.33657288428363,70.14602945414055,68.83855012519187,4.0
65.5624116844775,65.84579467773438,66.29722595616181,65.90181077279122,64.25736456489514,3.0
54.69032712755218,54.58723068237305,56.303541364365586,55.193699724763604,51.650099034258616,1.0
43.60620085731032,46.4343376159668,47.23162898806168,45.7573891537796,48.24240818351191,0.0
,,,,,
53.53304668757642,49.85844421386719,50.272505647308044,51.221332182917216,47.44573604982732,0.0
44.18164024727156,48.01285934448242,50.42839206967884,47.54096388714427,35.46669634866458,0.0
57.10642815350021,54.76803970336914,57.20643960437947,56.36030248708294,52.94432557195171,1.0
64.27791201059537,63.089630126953125,65.23865861339853,64.20206691698235,55.70511167066676,2.0
69.78143836357783,71.509765625,70.29775910138129,70.52965436331971,77.20444190874714,4.0
69.99060135003526,71.7122802734375,71.18313730741764,70.9620063102968,68.09380700532074,4.0
58.94600638417851,60.98902130126953,60.827093836633054,60.25404050736037,58.15908176930482,2.0
43.80957449680755,46.625667572021484,48.07329552501392,46.169512531280986,53.3554676553948,1.0
59.925923134363586,57.610164642333984,60.965715944556464,59.50060124041801,83.79972156789337,4.0
46.11940517400623,44.506385803222656,43.296569061628716,44.640786679619204,40.09384296740949,0.0
58.20160222186342,58.40816116333008,57.6465459113899,58.08543643219446,56.02719139809923,2.0
54.86167322812658,56.95308303833008,57.4258932270682,56.413549831174954,45.261173940182,0.0
62.69025833554972,61.507938385009766,63.0333771450036,62.41052462185436,83.28763113763412,4.0
66.20165600678177,66.59739685058594,66.2649181227742,66.35465699338066,63.01819663970456,3.0
58.79661800435383,58.97792053222656,59.51653612397453,59.097024886851635,65.33097626531882,3.0
,,,,,
64.86736592948567,65.39971923828125,66.59927690978179,65.62212069251623,67.11334044367099,3.0
70.22141766321752,69.05521392822266,68.47512895239906,69.25058684794641,71.65197471882867,4.0
64.17523286235033,63.33338165283203,62.85314643612711,63.453920317103155,71.12457158583796,4.0
56.49579650803924,58.13510513305664,56.68452708224196,57.10514290777928,63.64356155490686,3.0
62.34525712196658,64.31437683105469,64.86905731886954,63.84289709063027,63.311001254675766,3.0
64.48432730800765,65.97681427001953,64.93576566781637,65.13230241528119,51.08549444988084,1.0
65.65216051550782,62.50672912597656,63.09477361310595,63.75122108486344,70.36568062836923,4.0
,,,,,
50.38388422545685,49.951637268066406,49.5471363497552,49.960885947759486,41.18637455467212,0.0
,,,,,
56.07713219395912,58.19662094116211,57.46154348922372,57.245098874781654,61.51049168215802,3.0
56.96946661717511,57.61903762817383,56.385291401375056,56.991265215574664,42.57612343398653,0.0
56.821544443643916,60.528018951416016,57.68037412140677,58.3433125054889,48.31783103702593,0.0
62.91396021858519,63.28815460205078,62.27694241332001,62.82635241131865,64.02437868681622,3.0
51.93990860493862,51.40788269042969,50.837141527274284,51.39497760754754,58.22111420997113,2.0
67.60002137613169,65.55973052978516,63.435585898212125,65.531779268043,39.74345960630777,0.0
66.56898990049177,66.15013885498047,65.46828820292293,66.06247231946506,63.1398032981849,3.0
53.92066653393314,53.10326385498047,53.49571177508376,53.50654738799912,56.45935028347416,2.0
54.48577083680111,53.054298400878906,53.75505219826043,53.76504047864682,63.37872876102331,3.0
,,,,,
57.81348097235514,52.74482345581055,54.157516836861156,54.90527375500895,39.64561027076975,0.0
46.767099109794025,50.64229965209961,51.89787920271377,49.76909265486913,48.79103291429912,0.0
61.70940090187553,61.881187438964844,62.694805612874084,62.095131317904816,63.77386776029495,3.0
,,,,,
59.34226588311275,59.543025970458984,58.68542200691209,59.19023795349461,53.42846583892613,1.0
53.71355574874439,52.381587982177734,52.384901358603976,52.8266816965087,47.89925942820973,0.0
57.73867469325281,53.16625213623047,51.65344206881554,54.186122966099596,55.5877941002799,2.0
,,,,,
56.62955957433117,55.90163040161133,56.090097336600614,56.2070957708477,49.76903319610558,1.0
47.12166003234554,49.05219268798828,48.679841093502596,48.28456460461214,54.2694886589312,1.0
51.11815063316413,50.200950622558594,49.212878941540865,50.17732673242119,52.58885918104216,1.0
54.60454559037257,54.08964538574219,52.61934084120996,53.77117727244157,58.641450835540944,2.0
56.1064976605229,56.12175369262695,55.92779513898926,56.0520154973797,54.67128308384788,1.0
61.30206447687403,60.3787841796875,59.22546447490378,60.3021043771551,71.52229552227534,4.0
52.743558579745674,53.425941467285156,52.59800436038996,52.92250146914026,65.07719952783354,3.0
65.25912380240304,64.20248413085938,62.93119430520084,64.13093407948776,65.39221863438397,3.0
47.040236249316074,48.52861785888672,49.71957381246458,48.42947597355578,56.98701067691015,2.0
,,,,,
50.10486851416596,49.02424240112305,49.04689921585443,49.392003377047814,47.01918872253798,0.0
59.70252017415397,58.80329132080078,57.2453424456212,58.58371798019198,65.21640536731657,3.0
54.934390382089475,56.20066452026367,56.434116179813195,55.856390360722116,55.61697622799216,2.0
51.14251971021558,52.941978454589844,51.81008062438333,51.96485959639625,51.5628752850331,1.0
59.17582195264726,59.03329086303711,57.98902391642025,58.73271224403487,59.00712070406775,2.0
61.41349635319676,62.58843231201172,63.24778992848767,62.41657286456538,70.97125413651115,4.0
59.85502848015551,56.97941970825195,56.89193951721816,57.90879590187521,61.60076669129273,3.0
51.59701002489028,53.50828170776367,52.93209104973125,52.6791275941284,51.39043615661751,1.0
55.272262572109966,52.49154281616211,51.902708988268685,53.22217145884692,58.604535593195344,2.0
49.07305804996947,48.74995803833008,52.589930994827824,50.137649027709124,54.60928401245976,1.0
57.89278971630482,56.70624542236328,56.52774556739516,57.04226023535443,59.86428737799254,2.0
52.95416416113178,56.355125427246094,55.688943171653456,54.99941092001044,47.35624703346679,0.0
56.00798788329648,56.43973922729492,55.978762025683956,56.14216304542512,45.66503279209175,0.0
65.34210859354208,66.57881164550781,65.73076715374248,65.88389579759746,57.33335908312464,2.0
53.21285302134201,53.355587005615234,53.113254665714855,53.227231564224034,68.40452547592872,4.0
62.101249938792755,59.81137466430664,60.85747466499831,60.923366422699225,59.492589468646855,2.0
,,,,,
54.82313170427527,53.927764892578125,53.15676893964458,53.96922184549933,47.22861973142208,0.0
50.14895939310008,48.465423583984375,48.22854633736918,48.94764310481787,71.80355742128062,4.0
,,,,,
54.52798998856336,56.569580078125,59.54351264363767,56.88036090344201,63.80470892162438,3.0
57.55508611826212,59.66065979003906,58.57309073942355,58.596278882574914,60.20088373772365,2.0
,,,,,
51.85821082328323,53.810726165771484,52.529678519035606,52.73287183603011,37.14016875805744,0.0
64.55943035536595,63.25860595703125,64.64497338556161,64.15433656598627,56.7012144286374,2.0
72.3915611582938,72.30972290039062,73.14734651660208,72.61621019176216,64.99886348616515,3.0
,,,,,
57.160039705666726,57.691768646240234,57.4470852694819,57.432964540462955,60.57274646239308,2.0
52.73759560541159,56.450775146484375,57.27771110071804,55.488693950871344,54.1862699304096,1.0
73.73147068497633,74.1317138671875,71.23525992288992,73.03281482501792,77.64302566777896,4.0
,,,,,
60.26280698449253,61.05589294433594,59.432651551844096,60.250450493557516,66.1551775262086,3.0
48.7240822601808,51.276309967041016,50.99206589020212,50.33081937247465,45.77144096684273,0.0
45.12585287139998,47.46467971801758,49.00293167395467,47.197821421124075,58.49624977567112,2.0
67.72646829886162,67.27689361572266,67.57513421884,67.52616537780808,63.02615425189052,3.0
53.84544723979555,53.549686431884766,53.933377163815436,53.77617027849859,61.46339326319679,3.0
48.946891122677556,49.18816375732422,50.14747202196785,49.427508967323206,52.60406971616062,1.0
70.58479842844679,66.41122436523438,66.67770242495095,67.89124173954404,67.58609075948165,3.0
58.083249795718075,58.92323684692383,55.998154173458104,57.66821360536667,57.05451273809414,2.0
53.07114496537564,50.307098388671875,52.756366299951104,52.04486988466621,53.02694647301924,1.0
61.41977786788518,62.332462310791016,60.78278104196006,61.51167374021208,69.62233790336931,4.0
47.43434678151587,49.393985748291016,49.195542587715515,48.67462503917414,53.82890223487934,1.0
52.48788484931603,50.26343536376953,50.35228014338786,51.0345334521578,58.437920356064254,2.0
60.04692513591377,56.4714241027832,56.363344723554235,57.627231320750404,75.10022945678523,4.0
50.08198868114862,52.26934051513672,53.11634103943119,51.82255674523884,44.732739028981165,0.0
45.21990031253176,44.225955963134766,44.445736968748356,44.630531081471624,46.31740525734892,0.0
43.60125315306324,48.14646530151367,47.09697742285719,46.281565292478035,49.78104390227757,1.0
47.827602386475654,48.64429473876953,47.95991906580104,48.143938730348744,41.204032901729896,0.0
54.1219850913048,52.983848571777344,52.72219974095864,53.27601113468027,55.25464573795733,1.0
50.2177217827634,49.8420524597168,51.702563736157884,50.58744599287936,36.701711771063785,0.0
,,,,,
,,,,,
57.84795188146471,54.767215728759766,55.06544149245632,55.893536367560266,61.0227451752901,3.0
46.03918280040801,45.432674407958984,45.90001411994149,45.79062377610283,61.87795714014695,3.0
63.17604802002827,62.806758880615234,61.727570971385,62.57012595734284,73.8732676383494,4.0
55.0212625695505,49.977169036865234,49.53226642338057,51.51023267659877,50.79024923321225,1.0
55.65739914376071,58.64864730834961,55.23094273804857,56.512329730052954,52.83031570455007,1.0
60.6444643167628,57.251216888427734,57.72151585567819,58.539065686956235,54.22849762041329,1.0
49.76172168154992,50.13045883178711,50.53775122376944,50.14331057903549,45.7613656463069,0.0
46.0356203745034,48.16058349609375,48.99534037368128,47.73051474809281,44.274799953545696,0.0
68.49013455195549,73.94631958007812,72.25068412375549,71.56237941859636,68.7765384694972,4.0
66.25512470407757,68.74761962890625,65.7345560620104,66.91243346499807,68.606948832946,4.0
,,,,,
55.72673502977005,56.011714935302734,55.365315888042716,55.70125528437183,49.34249028438905,0.0
63.6490034642721,60.14976119995117,61.469450135710225,61.75607159997784,48.39396433699076,0.0
53.872781653625545,51.7578010559082,52.733953034529655,52.788178581354465,59.81534777731762,2.0
,,,,,
62.40514713151505,60.9605598449707,59.98367165937697,61.11645954528757,57.30958696488625,2.0
47.1705975532529,47.47049331665039,47.95991906580104,47.533669978568106,45.0824476316741,0.0
51.23726023387196,54.12543487548828,54.97159930605276,53.44476480513766,59.84152148423596,2.0
75.3914055614684,77.1604232788086,74.46615042768919,75.67265975598873,71.42753253048465,4.0
66.21420020259433,63.37148666381836,64.17840431029306,64.58803039223524,69.39614558837302,4.0
65.62935783645976,67.6175537109375,64.52408325272476,65.92366493337401,67.1293104159568,3.0
60.42583883840535,59.668678283691406,59.07429910855449,59.72293874355042,64.550234926194,3.0
,,,,,
59.55544571443832,57.398101806640625,56.77668403051195,57.91007718386363,57.18712968538653,2.0
60.99775005998513,64.70359802246094,65.04788799308716,63.583078691844406,64.93221436368975,3.0
65.27257687723998,64.1259765625,63.97855252510888,64.4590353216163,67.86826728016034,4.0
59.524781932250725,56.39380645751953,55.460863520608406,57.12648397012623,60.728926585045045,3.0
,,,,,
56.587213593531864,56.46025848388672,56.090097336600614,56.37918980467307,51.94294603574152,1.0
55.686301611779754,58.37459182739258,57.29045058395746,57.1171146743766,57.02849268581693,2.0
,,,,,
64.07832941266206,61.7485466003418,60.68269758539866,62.16985786613417,69.08308465202454,4.0
53.44898860804508,54.36203384399414,54.26058214077253,54.02386819760392,57.64285349307518,2.0
62.27459145865511,57.898834228515625,64.2086980569204,61.460707914697046,47.55634771927773,0.0
63.85193847095618,66.37694549560547,65.24131282197104,65.15673226284423,55.0819278768947,1.0
59.45496197677988,58.27952575683594,58.795321411671374,58.84326971509574,57.0744642497394,2.0
54.20122698276168,53.49724578857422,54.00134406101322,53.89993894411637,57.4353276335331,2.0
61.174930247365445,59.2856559753418,59.01907538622798,59.82655386964507,64.75941060284899,3.0
60.22753210715632,58.138389587402344,57.83358448600511,58.73316872685459,60.277014625060005,2.0
46.984047163290995,47.08203125,47.26762545429765,47.111234622529544,48.482307367734336,0.0
,,,,,
59.26484078102762,58.16392135620117,56.66974885488989,58.03283699737289,49.27919159160439,0.0
59.26033135955407,57.98316192626953,57.605748808012315,58.28308069794531,47.00200740367397,0.0
57.84559620773745,57.04958724975586,57.492094392866434,57.462425950119915,53.00725351438284,1.0
66.41191147820952,71.52057647705078,71.83367863656851,69.9220555306096,69.74751586894577,4.0
76.60808722583849,79.98236846923828,77.96552099279968,78.1853255626255,83.59396675882981,4.0
52.36834214561021,49.277442932128906,50.09607622038926,50.58062043270945,45.947890672829246,0.0
45.35673504388046,47.01934051513672,47.00141353835769,46.45916303245829,44.255598988652565,0.0
,,,,,
,,,,,
62.378737212059434,60.7261962890625,62.76610521973015,61.957012906950695,72.2405019707936,4.0
51.3461339608118,50.56029510498047,50.778360913246274,50.89492999301285,57.43887951089949,2.0
48.35913739289096,50.44634246826172,50.115149055784414,49.64020963897903,52.27822565040391,1.0
63.33882959542255,67.15459442138672,67.41292409572591,65.9687827041784,76.92515271058731,4.0
46.36107320521572,45.77912902832031,45.58781480107215,45.909339011536055,41.88250223182073,0.0
65.10179321075776,65.90799713134766,66.41092895105913,65.80690643105486,71.42744234977256,4.0
61.77964019306977,57.05088806152344,57.063451196833135,58.63132648380878,60.25843682462843,2.0
58.55801296139438,58.72151565551758,55.810278916775104,57.696602511229024,58.89207619476008,2.0
69.49182698844163,71.0123291015625,70.0239995219218,70.17605187064197,65.68276903956628,3.0
58.1207104727844,62.1796989440918,57.072290054099355,59.12423315699184,49.54190934406323,1.0
,,,,,
63.3352497628635,62.69623947143555,59.92935585721292,61.98694836383732,58.57979177452229,2.0
57.44195793241445,57.13490676879883,57.880983299776375,57.48594933366322,53.835897148385264,1.0
52.08610956561098,55.418052673339844,55.76757575086237,54.42391266327107,56.43607201298639,2.0
49.56233051121157,51.07785415649414,48.421314928489785,49.68716653206516,63.97254468399634,3.0
60.85602041559875,62.91650390625,59.894539774497424,61.222354698782055,64.44713207214538,3.0
50.49378246278845,53.49721145629883,49.80856968820189,51.26652120242972,49.88687239553949,1.0
62.61846889258705,65.4063491821289,61.794211949186824,63.2730100079676,59.83682194700641,2.0
56.987664682776376,57.943687438964844,56.96575319546763,57.29903510573629,63.75536580596969,3.0
71.05370257640881,70.39575958251953,70.79901034341141,70.74949083411326,80.72230000539616,4.0
51.18751095991313,53.83272933959961,51.397780534506666,52.13934027800647,43.44534666013385,0.0
56.68697206768285,59.45469284057617,57.7910518769856,57.97757226174821,62.25288417914549,3.0
67.29482553751087,67.64033508300781,64.05344140594752,66.32953400882207,46.74246834618823,0.0
50.348379954527516,50.9677619934082,50.771426508523106,50.69585615215294,44.615576363931496,0.0
,,,,,
64.34139624377862,64.68717193603516,64.10877488601263,64.37911435527546,64.00319817285082,3.0
52.90977839195038,51.46060562133789,52.09725775695208,52.15588059008011,55.05465723729972,1.0
56.85487407165376,57.36323547363281,57.12242925744686,57.11351293424448,71.12257347760033,4.0
60.16723359087561,56.17250061035156,56.87745783182808,57.73906401101842,47.86219988361018,0.0
60.072729048919534,65.41168975830078,62.694771670805714,62.726396826008674,62.356899779517065,3.0
75.08758165618907,76.52034759521484,75.39991123289668,75.66928016143352,71.39829544965203,4.0
,,,,,
54.8512713623909,51.36994552612305,52.45469494678982,52.891970611767924,62.09529706572733,3.0
63.41191896006667,66.4009017944336,66.61666608349374,65.47649561266466,67.14658386383744,3.0
67.66132317199771,63.817665100097656,64.29192304940865,65.25697044050133,53.58641749850772,1.0
46.6785206798213,49.347469329833984,49.46668802552574,48.497559345060345,61.01081400604622,3.0
67.61794772265532,68.2096176147461,66.56262021903245,67.46339518547795,67.65567370661824,3.0
50.768132795766455,50.6862678527832,50.66396436690709,50.70612167181892,45.62424775563407,0.0
63.98368061866574,65.58859252929688,62.66238343451921,64.07821886082728,58.45333103491068,2.0
67.7680836730351,69.67098999023438,68.98839252575559,68.8091553963417,74.97308519108114,4.0
59.63606581170878,62.59916305541992,62.92293633786328,61.71938840166399,69.84717705217854,4.0
60.257374242144884,59.076969146728516,59.60192605301876,59.645423147297386,44.79313257520787,0.0
53.47470179631948,55.779361724853516,56.210237452919806,55.15476699136426,51.4199224127574,1.0
58.41864411508154,57.37953567504883,56.99366551529584,57.597281768475405,55.0914812440796,1.0
50.71014152930837,52.49909210205078,51.83802190502332,51.68241851212749,46.22758317540113,0.0
64.15352970628902,65.84878540039062,66.75680890054491,65.58637466907486,67.19158261675105,3.0
61.13342322363354,56.69285202026367,56.33736246847406,58.054545904123756,60.02325443176055,2.0
52.519653103152336,51.90951156616211,52.70068771317236,52.37661746082893,55.38261451809669,2.0
70.94226857313711,71.51189422607422,69.01137832176589,70.4885137069924,74.35531044153674,4.0
59.385430434646395,60.72903060913086,60.294258008449404,60.13623968407554,56.12498478839864,2.0
58.75586596289558,63.392738342285156,63.79857180042191,61.98239203520088,61.43238914160156,3.0
58.37361337212641,54.92757797241211,54.55991740183378,55.95370291545743,62.53333933742896,3.0
,,,,,
,,,,,
49.05497752261915,50.47770309448242,50.29362749664393,49.94210270458183,37.65961273627393,0.0
63.60535811839205,61.60580062866211,62.86640226296441,62.69252033667286,64.04556124549723,3.0
,,,,,
,,,,,
47.15132286076443,44.5357551574707,46.06914333989724,45.9187404527108,48.0747184277555,0.0
72.39307391780575,72.82148742675781,72.16824054410652,72.46093396289002,82.73543115168462,4.0
43.50954393013823,46.79123306274414,47.16328524241366,45.821354078432,55.08179548926966,1.0
48.091072678376975,49.824676513671875,49.7436590254977,49.21980273918218,43.90690139738989,0.0
51.88612547363771,51.840293884277344,51.61116557353664,51.779194977150574,48.79155380452377,0.0
45.77583171230179,46.12565994262695,47.00141353835769,46.30096839776215,31.13390841166508,0.0
60.12991375447867,58.790828704833984,60.51836342182073,59.81303529371113,67.48332846866772,3.0
52.644569661310385,54.124122619628906,54.07997211821703,53.61622146638544,59.70720450295544,2.0
67.66899387789537,72.24530792236328,70.18363154252528,70.03264444759463,71.20262237437295,4.0
60.59371451379358,61.39277267456055,60.87696870928696,60.954485299213694,48.47768430033172,0.0
50.379032432129335,50.48483657836914,49.86811452394412,50.24399451148087,60.51714947366569,2.0
57.045849673417905,56.94194030761719,56.14790756678885,56.711899182607986,59.956950355561546,2.0
72.2378693033172,72.06425476074219,72.33557857893682,72.2125675476654,68.69814697092296,4.0
,,,,,
54.75268925150569,55.85728454589844,55.7197743957728,55.44324939772565,52.811302902482005,1.0
55.192974150336354,52.93107986450195,53.07255625681483,53.73220342388438,38.318855435769706,0.0
,,,,,
51.134284161820716,55.453163146972656,55.33235689358804,53.973268067460474,55.23289625811256,1.0
58.195940150269536,57.53007507324219,59.54735116864488,58.42445546405221,55.07783178126565,1.0
58.30388289080663,57.306861877441406,57.03905656127332,57.54993377650712,48.58323844345868,0.0
49.96656034704374,51.93745040893555,51.105014514809355,51.003008423596214,57.434877732637936,2.0
,,,,,
63.37971508635806,63.51679992675781,65.4348842447777,64.11046641929785,60.885479639274266,3.0
61.76733082538871,61.723697662353516,61.03564732373717,61.5088919371598,58.52027553541394,2.0
,,,,,
69.36333205063703,68.42369079589844,68.55541606347221,68.78081297000256,76.0485504871167,4.0
58.97089256666373,55.522518157958984,55.041317728391824,56.511576151004846,61.05646058768527,3.0
66.08833988590433,66.35908508300781,65.07612560497542,65.84118352462919,66.68939949157298,3.0
47.63437459997239,50.70988845825195,51.22532189586737,49.85652831803058,42.93563391872837,0.0
53.68501666920226,54.96034240722656,55.25536542808041,54.633574834836416,66.4086025925526,3.0
64.81793352446812,64.17167663574219,64.8117003280214,64.60043682941057,69.32569773128867,4.0
52.74989643385739,49.7142219543457,49.88647206475099,50.78353015098469,50.1753354000419,1.0
65.27169201175866,68.27572631835938,65.28035542793027,66.2759245860161,81.40616481755501,4.0
60.56143310096361,62.540462493896484,65.30000063755446,62.800632077471526,62.23060757462932,3.0
54.77035089976313,53.15053176879883,53.18722567321537,53.70270278059244,51.99811828037751,1.0
51.828472958761594,51.36830139160156,49.63834656886275,50.945040306408636,70.77538680951031,4.0
55.23205975678507,55.346580505371094,55.63140220858204,55.40334749024607,43.75249993807203,0.0
74.11388889097022,69.4615249633789,68.54426313578243,70.70655899671051,63.68034596892426,3.0
56.68371737922206,54.920860290527344,55.71954961155405,55.77470909376782,57.70213755494999,2.0
73.04420232691687,70.9846420288086,71.47621338402708,71.83501924658418,74.58771855159709,4.0
57.48893528870365,60.3566780090332,58.99391393329327,58.94650907701004,57.14280305772245,2.0
,,,,,
58.579983827362824,68.97225952148438,60.431358036004895,62.66120046161736,59.71603651411097,2.0
58.573359158127154,59.58120346069336,61.75583300868956,59.97013187583669,48.90441122642569,0.0
42.774880409390114,45.88950729370117,49.305448397644106,45.9899453669118,45.58338763254121,0.0
67.35472341198407,68.21661376953125,67.31821060197879,67.62984926116471,67.4029948098913,3.0
65.80219728955899,69.4997329711914,66.62835735476368,67.31009587183803,50.23868153536228,1.0
50.66339976559299,53.27579879760742,53.344188891325096,52.42779581817518,51.522765013194885,1.0
58.26824285885056,57.879234313964844,57.943161045787825,58.03021273953441,66.07572530414953,3.0
66.50057695220467,63.37336349487305,63.83189339845877,64.56861128184549,70.71090301071408,4.0
56.37646129896612,56.28715133666992,56.3346487187365,56.33275378479086,51.62758141896288,1.0
48.321730296007544,48.14128112792969,48.20987813112762,48.224296518354954,57.33844337611495,2.0
61.87515931318204,58.30644607543945,58.82190610849,59.66783716570384,50.68603806576056,1.0
55.40800917417703,54.54471969604492,55.04719049495048,54.999973121724146,68.7160925534026,4.0
46.227410478450935,55.201026916503906,52.862290076362456,51.4302424904391,43.455367652031285,0.0
48.17039401070819,44.309261322021484,44.340285266916325,45.60664686654866,48.46818682632524,0.0
61.88793051454047,63.39424514770508,63.36142890822501,62.881201523490176,59.86898726529582,2.0
50.45979100760872,51.18230438232422,51.486715893960294,51.04293709463108,58.34344782087933,2.0
59.462871577372496,58.569419860839844,58.07111232803638,58.701134588749575,54.28492198179795,1.0
,,,,,
67.51987292791985,67.52626037597656,69.33309740734862,68.12641023708167,74.68226668867501,4.0
54.60299448772506,54.46089553833008,55.33742436051435,54.80043812885649,45.62117826952731,0.0
69.76130942375288,67.30128479003906,67.13209753595686,68.06489724991627,78.3779398380041,4.0
,,,,,
63.398078163431755,64.23577117919922,62.99921252284351,63.54435395515816,83.25057125469357,4.0
50.06561129513687,50.91476821899414,51.092682738280246,50.69102075080375,44.628447461145385,0.0
57.88650408841015,56.8804931640625,56.57183246711974,57.11294323986414,73.97233123707848,4.0
55.06071989902626,55.85728454589844,55.7197743957728,55.54592628023249,48.09951588194043,0.0
68.1059377967251,65.75039672851562,68.22510620674817,67.36048024399629,56.27832066321995,2.0
59.36856689660977,58.342838287353516,59.98906091421624,59.23348869939317,73.98685706229982,4.0
66.39484488656345,67.35173034667969,66.41345253073011,66.72000925465777,67.80786461855364,4.0
49.92141086712358,49.019859313964844,48.56626309206364,49.169177757717364,45.31725573029143,0.0
50.80434478095027,49.02906799316406,48.79607098055496,49.54316125155643,46.1372266461652,0.0
54.37563529925871,55.61272048950195,55.44523230714295,55.1445293653012,59.95495931500456,2.0
51.48487962491526,52.529415130615234,51.60766812238269,51.87398762597106,36.35704450918412,0.0
46.91668289678149,47.5582275390625,47.092512319300866,47.18914091838161,53.60574669529888,1.0
61.48246850941184,64.2528076171875,63.942112293144085,63.22579613991447,57.20051701834829,2.0
52.68624974922541,54.84466552734375,55.62567630531025,54.385530527293135,46.58289501245788,0.0
69.20470117359488,67.99447631835938,68.78094137112862,68.66003962102762,71.56270990754528,4.0
62.51735482265382,64.03558349609375,63.89962134482743,63.484186554525,56.61088252304038,2.0
,,,,,
57.21220425286454,55.17947769165039,56.72143313907315,56.371038361196035,55.71682682088393,2.0
55.64267170377085,55.43989562988281,55.787458964740196,55.623342099464615,57.371930791744425,2.0
52.74864468820974,54.70143127441406,55.243791195877215,54.23128905283368,53.8979855510288,1.0
,,,,,
47.23109906775255,48.08024597167969,48.358354094632475,47.88989971135491,43.49668011417985,0.0
56.05897692257856,56.79856872558594,56.34536145832567,56.40096903549673,58.67746992694482,2.0
59.34677727222421,61.0059928894043,60.55742724789121,60.30339913650658,58.18192718703008,2.0
53.84357628253827,52.57048797607422,54.07196117055961,53.49534180972403,46.09309500757162,0.0
66.0741222454828,62.54860305786133,62.76666085270482,63.79646205201632,62.96594669527199,3.0
,,,,,
62.98464491712419,58.14329147338867,60.989497166846604,60.70581118578648,78.6330739862237,4.0
,,,,,
,,,,,
57.304033877177815,56.517730712890625,59.210131355891846,57.67729864865343,71.38292446207566,4.0
60.441298237168255,61.54448699951172,61.063613949121,61.016466395266995,61.81070663128756,3.0
57.090227149413586,53.892616271972656,54.57733893793354,55.18672745310659,50.93962142783977,1.0
56.72144376639307,57.06410217285156,54.99990363369598,56.26181652431354,50.68787367367667,1.0
60.70080287622913,62.67496871948242,63.389182358209446,62.254984651307005,74.66462329393806,4.0
68.0761428122512,66.86106872558594,66.99253872696026,67.30991675493247,64.72625405757434,3.0
,,,,,
49.86377923919994,52.40672302246094,51.67654857172828,51.31568361112972,56.266609129644245,2.0
,,,,,
56.966035202009785,50.893089294433594,52.36711964440071,53.40874804694803,74.19842322542048,4.0
,,,,,
52.17292138835814,54.70143127441406,55.38233886701932,54.085563843263834,48.65174224858767,0.0
,,,,,
58.45465454117999,57.42250061035156,58.46854231149973,58.1152324876771,76.7510538222748,4.0
,,,,,
,,,,,
,,,,,
58.47562658202483,56.58692932128906,56.59462402905169,57.219059977455196,55.4523468849497,2.0
62.40889222414198,62.82826232910156,63.43698675281748,62.891380435353675,61.40642592106263,3.0
64.37881392081259,65.41426849365234,66.29551744653969,65.36286662033488,77.89592272223273,4.0
,,,,,
63.76203266751699,66.06696319580078,69.01401596412306,66.28100394248027,74.11298063263675,4.0
53.09884752194887,51.24898147583008,50.2297981922636,51.525875730014185,66.38949958294833,3.0
52.97104768891371,55.56318664550781,56.86540923488873,55.13321452310342,52.36653274416164,1.0
53.80487299949857,56.370826721191406,54.78294261012453,54.986214110271504,61.821769546095794,3.0
60.724719396146526,62.38460159301758,63.82886997903183,62.31273032273197,60.602798582721626,2.0
63.06036449632132,60.91306686401367,61.19753163538895,61.72365433190797,56.00444995670177,2.0
50.17041329961909,49.79668045043945,49.73870160244295,49.90193178416717,51.3800367760179,1.0
51.399381178511476,53.561012268066406,53.830461054387705,52.9302848336552,49.7487962344834,1.0
53.64170662706672,54.70035934448242,54.92776033938384,54.423275436977654,57.35321838977555,2.0
66.30025017370475,63.41436767578125,63.904752297188146,64.53979004889138,81.1372717650969,4.0
52.592275206355545,55.88237762451172,56.369995504700874,54.94821611185605,47.55558392192459,0.0
55.51732875165762,60.81754684448242,57.43897883871414,57.9246181449514,62.96065638991704,3.0
69.4448288621329,70.5943832397461,69.99686161991198,70.01202457393032,59.89181154988631,2.0
62.75419502639742,63.00649642944336,63.96892098563729,63.243204147159354,65.816200594924,3.0
70.4496159385623,67.5697250366211,66.98252691231149,68.3339559624983,64.69302891743098,3.0
56.71599739550321,56.88603973388672,55.3215141146549,56.30785041468162,73.1523570051995,4.0
58.96012522543812,57.271026611328125,57.05717938409804,57.76277707362143,62.40877135430713,3.0
,,,,,
,,,,,
59.14371049281707,56.794212341308594,58.522453878311175,58.153458904145616,60.88198305418416,3.0
70.99847333393754,73.3342514038086,70.12211245904209,71.48494573226274,69.72538754109716,4.0
53.36092586826923,50.02867889404297,49.896048680472546,51.09521781426158,54.21585936132401,1.0
54.1032981963161,56.69749450683594,55.753863097634955,55.51821860026232,45.93580097911564,0.0
56.51675546948285,57.0543212890625,56.800932343451954,56.790669700665774,68.27486607577337,4.0
66.79876045066554,67.43692016601562,66.65699093983834,66.96422385217318,61.938127298115006,3.0
58.9105055696166,59.327537536621094,58.42821723248417,58.88875344624063,64.07241313762705,3.0
53.478568316701434,56.75886917114258,56.32923179193899,55.522223093261,46.96051798380527,0.0
54.568028060153715,52.874610900878906,53.23080083726556,53.5578132660994,43.31388140717464,0.0
70.2038859752091,67.98097229003906,68.61862628638892,68.9344948505457,62.97227531965108,3.0
,,,,,
48.11951560516591,47.585365295410156,47.73661633733236,47.81383241263614,39.266326922216166,0.0
69.25123702900918,69.88317108154297,70.65542551393872,69.92994454149694,58.45251118621018,2.0
57.04335307546107,53.37227249145508,54.73793192715953,55.05118583135856,57.606196459159634,2.0
60.75708020067308,57.459651947021484,56.809821935827586,58.34218469450738,64.0268406278509,3.0
51.90889697931531,51.180110931396484,50.32645745536521,51.138488455359,41.401976168281045,0.0
57.8527008343736,55.623111724853516,54.93482964562101,56.136880734949365,57.0048699280586,2.0
58.523682184372774,58.082557678222656,57.37685991374203,57.99436659211249,55.547341309311896,2.0
55.51325559962314,55.204830169677734,54.97909203414648,55.232392601149115,46.72208195689088,0.0
54.70420235194579,53.48273849487305,52.792703761285004,53.65988153603461,46.181303007655785,0.0
59.261452843711695,60.381996154785156,61.65379986306729,60.432416287188055,69.33243995640908,4.0
55.07666109816922,56.278072357177734,55.57043960671402,55.64172435402032,48.67282317303372,0.0
63.45391923515394,64.11167907714844,63.10954677525529,63.558381695852546,82.19278731612057,4.0
49.68223123721113,52.71084213256836,52.89055077629824,51.76120804869257,57.94949391230482,2.0
59.07806184371214,57.79458236694336,59.73900967947329,58.8705512967096,52.850296058784814,1.0
49.82172679392811,46.58308410644531,47.42320782111815,47.94267290716386,42.90970173426611,0.0
51.79777542253755,51.795005798339844,49.43047740682299,51.00775287590013,52.976636031594005,1.0
64.38043187678353,59.56806945800781,63.80108244917117,62.583194594654174,55.54956077863437,2.0
73.74611941731634,74.4671630859375,73.39464358884443,73.8693086973661,86.14812323678494,4.0
46.82720033148947,46.21669006347656,46.57717237466698,46.54035425654434,44.58546616271495,0.0
56.820755883732346,56.556312561035156,58.24488786998095,57.20731877158281,59.764644960329264,2.0
53.941125481075,52.89505386352539,51.55679417862293,52.79765784107443,53.493645250359904,1.0
69.45409515565949,63.500797271728516,65.3132106791312,66.08936770217306,60.07791015503224,2.0
53.334972331476735,53.17523956298828,54.7551934086651,53.75513510104337,58.466347928632864,2.0
50.95023557635119,49.90225601196289,50.49428562231813,50.448925736877406,48.986163183788506,0.0
66.57901810618259,66.52377319335938,66.75935374786408,66.62071501580202,67.11555698639974,3.0
49.79402692407296,51.0919189453125,52.22879808830572,51.038247985897065,52.92407710748786,1.0
57.977691580859755,57.25151824951172,55.733864020327474,56.98769128356631,59.30653983044922,2.0
52.26900025332603,53.927650451660156,53.340870414163916,53.17917370638336,54.15650841716361,1.0
48.47705026993247,49.624454498291016,49.62071206435209,49.24073894419186,51.35056500610644,1.0
,,,,,
58.51503270734127,56.97941970825195,56.89193951721816,57.46213064427047,52.49950423524609,1.0
64.85334414155308,64.87908172607422,64.45658106350007,64.72966897704245,56.61895278356466,2.0
63.15845355729387,57.749656677246094,60.26643451627251,60.3915149169375,54.07301935050574,1.0
50.11096375388922,51.18230438232422,51.55713985818792,50.95013599813379,53.75600835173876,1.0
53.21609180680963,55.84170913696289,56.09374366363649,55.05051486913633,59.815438314365565,2.0
62.74915805798104,62.32373809814453,60.82108154816313,61.964659234762905,68.93931852967064,4.0
47.20770784618795,46.87653350830078,46.809783266824105,46.964674873770946,55.25284793457936,1.0
51.07474178892732,54.51253128051758,55.370765826217855,53.65267963188759,53.7198501903509,1.0
50.128985539347106,51.9261360168457,52.515106526545075,51.52340936091263,55.86359213134722,2.0
54.79721691182799,50.04357147216797,55.128711560260676,53.32316664808554,64.35684513761912,3.0
47.92436493344294,46.48936080932617,47.0920563107839,47.16859401785101,49.99125282301966,1.0
52.98105391806371,52.844696044921875,53.09678655282377,52.974178838603116,54.7730725325772,1.0
67.40699928537708,66.47846221923828,66.2827250521524,66.72272885225591,63.310267332958446,3.0
,,,,,
69.53208268608509,69.2632064819336,68.10313069191984,68.96613995331283,65.24516806958648,3.0
58.11858262757637,53.631324768066406,55.49068905537043,55.746865483671066,58.13110310562205,2.0
,,,,,
45.239680453853744,45.994102478027344,47.273042380155644,46.16894177067892,49.505551845344925,1.0
74.25008158516766,72.01164245605469,73.56262203917198,73.2747820267981,77.76402716706663,4.0
,,,,,
60.74103055382299,57.20353317260742,56.990694486926955,58.31175273778579,49.86258780770636,1.0
53.96903065226239,55.14811706542969,54.044398523127505,54.38718208027319,48.492000814844445,0.0
71.89847682523589,71.22659301757812,72.34800073572967,71.82435685951457,76.52534412794799,4.0
,,,,,
66.25272351525764,65.06562805175781,65.3452783488773,65.55454330529757,60.08382043455906,2.0
47.88204617173747,49.53749465942383,48.901327492037026,48.77362277439945,47.777682131461376,0.0
62.187695176775854,64.78202819824219,65.358052329609,64.109258568209,64.19784138809028,3.0
57.47401425189531,56.13859939575195,56.35760860307056,56.65674075023927,51.061839183688456,1.0
54.31883873319075,55.43735122680664,54.35064697515727,54.702278978384896,58.52427208534027,2.0
58.8059849971846,58.29423141479492,58.531714803450704,58.543977071810076,51.97358217160114,1.0
49.037999890649346,50.29449462890625,48.38282223105654,49.238438916870706,57.781291882714704,2.0
58.138412092180985,54.426361083984375,55.43900100640851,56.00125806085796,58.010754026022624,2.0
60.373417946309615,53.172576904296875,55.80805424801029,56.45134969953892,60.37641591847613,2.0
50.5063098707951,51.209110260009766,51.01213208432024,50.909184071708374,54.72578187470165,1.0
,,,,,
70.02996094907635,69.75545501708984,69.25772903199166,69.6810483327193,67.87645832274114,4.0
50.16563766398836,50.05336380004883,49.5457322286842,49.9215778975738,58.11869353700877,2.0
57.17592431260918,58.199527740478516,59.359354914498624,58.244935655862115,52.17625392200668,1.0
57.65045903013289,56.1120719909668,55.71214096681447,56.49155732930472,54.78898336479884,1.0
55.27940607323401,53.476898193359375,53.457183603737775,54.07116262344372,52.04328780856882,1.0
,,,,,
68.27976095808968,66.47068786621094,66.2341964074415,66.99488174391405,60.666962300185645,3.0
,,,,,
,,,,,
,,,,,
68.46681821380086,66.48975372314453,67.56258175473626,67.50638456389389,70.90403953386554,4.0
55.91224029783235,55.66926193237305,55.61116809773978,55.730890109315055,63.6317977133162,3.0
54.628554543765794,55.131202697753906,55.60956637668237,55.12310787273403,45.40325666547524,0.0
53.268991743283365,53.98402786254883,54.454939078923466,53.90265289491856,53.704781514961525,1.0
57.90183777093349,58.39820098876953,54.93224646500686,57.077428408236635,72.2916627081893,4.0
53.656435880026464,49.6791877746582,49.90261691722494,51.07941352396987,29.62711825877681,0.0
52.160867009359954,50.289249420166016,50.11045572940897,50.853524052978315,56.59866694340243,2.0
77.29790704182007,72.93893432617188,72.54870944292156,74.26185027030452,74.7447669446215,4.0
54.00029157849136,51.977142333984375,51.3853365659876,52.45425682615445,55.318868936063495,1.0
53.86615555700405,53.871429443359375,53.514641345743975,53.75074211536913,57.74856016461087,2.0
59.200191251771514,59.034271240234375,60.559225051215805,59.59789584774057,72.99851627845531,4.0
,,,,,
66.75531149660598,65.95616149902344,64.51479264667948,65.74208854743631,71.65610572957381,4.0
59.28517819939309,58.83955383300781,58.68542200691209,58.936718013104326,57.82431705769845,2.0
65.64411064569491,62.79431915283203,64.44422233312065,64.29421737721587,71.82571418189976,4.0
45.016053318866334,48.298397064208984,46.820518665203416,46.71165634942624,41.75538291767787,0.0
56.57881970827344,55.67164611816406,56.48583266733315,56.245432831256885,60.9451635634995,3.0
52.78501131868289,51.44220733642578,51.363811159781974,51.86367660496355,65.78940672301097,3.0
,,,,,
59.2201185153916,57.65701675415039,57.393841613290405,58.09032562761079,67.66600800926847,3.0
66.50215615836896,65.2368392944336,62.42781599822192,64.72227048367482,54.74433514891088,1.0
53.60486432864878,49.98489761352539,50.03429978967969,51.20802057728462,67.0179355266109,3.0
46.18538266450232,48.9682502746582,47.653076068405696,47.6022363358554,43.59714051847602,0.0
49.016324247288935,51.16495132446289,50.22577993177747,50.1356851678431,51.40945171310384,1.0
67.09889236203416,67.04972076416016,67.15763163797243,67.10208158805558,58.85577567110847,2.0
57.15652220364053,55.31001663208008,55.49933223091051,55.988623688877034,59.97626849287882,2.0
52.900862774488935,54.711395263671875,54.73585650506745,54.116038181076085,57.74614565808619,2.0
54.05151936236912,55.37702941894531,53.359550950526376,54.2626999106136,44.15467954782572,0.0
74.47737131052645,72.72264862060547,73.10601765146944,73.43534586086713,72.50456538339283,4.0
55.73183659698204,57.453983306884766,58.368448404129225,57.18475610266535,68.99089758434985,4.0
,,,,,
55.73188014307821,56.697898864746094,55.91636314323167,56.11538071701866,59.55289303892317,2.0
56.39905104554713,54.559967041015625,55.99492818924028,55.65131542526768,55.9779439087396,2.0
68.01112877944746,69.2261962890625,68.27916663428555,68.50549723426518,67.78103479590283,4.0
58.243646212617506,59.84468460083008,57.84779049403947,58.645373769162354,52.636392711424,1.0
65.97270665559557,60.978919982910156,61.306801314147776,62.75280931755117,65.47082678365278,3.0
67.6130481668088,65.91341400146484,66.16680924488169,66.5644238043851,68.4691503030509,4.0
58.79779272247394,57.44953536987305,56.20760762315546,57.48497857183415,65.57726995391653,3.0
70.2544274871599,72.1894760131836,70.55713394857348,71.00034581630565,77.43772488555675,4.0
69.04274024239511,67.73634338378906,66.50026453605172,67.75978272074529,65.16460749076863,3.0
49.284086324219324,51.159454345703125,51.18951275584627,50.5443511419229,51.942313758765046,1.0
56.03320343428958,53.946388244628906,53.01374489825756,54.331112192392006,44.59086864272184,0.0
57.83144955329118,55.56245422363281,56.70633749558461,56.700080424169535,67.80537971579648,4.0
56.88747767392101,58.20662307739258,58.86372060870041,57.985940453338,52.43287582902771,1.0
59.35989886714455,60.994686126708984,62.43236312656601,60.928982706806515,57.5511571058722,2.0
57.638271199796705,58.47644805908203,61.51725235150209,59.21065720346028,51.66813775114926,1.0
56.388619656383504,55.28071975708008,55.74370643346168,55.80434861564175,59.6346900437002,2.0
,,,,,
52.13242919985601,49.609214782714844,49.00395998171825,50.248534654763034,56.596466367175566,2.0
71.64279662734461,70.23456573486328,70.25205086358318,70.70980440859702,70.39510105095724,4.0
46.807372735794075,46.84919357299805,47.222759941846746,46.95977541687963,32.24328204284113,0.0
57.7023916605643,56.992881774902344,57.02970728658647,57.241660240684375,51.38506200647983,1.0
,,,,,
48.73251508873302,46.89921569824219,47.40156085445328,47.677763880476164,60.39572663369236,2.0
66.5898648187132,68.1435546875,69.34720767158537,68.02687572593287,62.88630920013463,3.0
64.9543087055882,61.746456146240234,61.55511741600727,62.75196075594524,72.10494016210875,4.0
48.19944491240841,51.92067337036133,52.72446290965169,50.94819373080714,58.57256569992873,2.0
53.18135029553942,55.78372573852539,52.988039159300385,53.98437173112173,56.91011620487461,2.0
67.52217571003669,65.71354675292969,64.14683135207527,65.79418460501387,59.95682876558698,2.0
54.273964579257154,57.70823287963867,57.46394876683816,56.48204874191132,48.158447164192616,0.0
61.21700872619218,59.54084014892578,58.68860758430548,59.81548548647448,62.1805223901045,3.0
55.86722728419845,56.59138107299805,56.10280818246002,56.18713884655218,55.82707168204686,2.0
48.99678977775877,50.4219856262207,48.979186505506966,49.465987303162144,42.99130856903197,0.0
74.5263181585085,72.23770141601562,73.4360935004362,73.40003769165344,72.47032560885577,4.0
54.75164033952911,55.57526397705078,55.51196599887058,55.27962343848349,54.250697938351294,1.0
57.44678205272219,56.96872329711914,55.97879359640322,56.798099648748185,64.10227075139359,3.0
,,,,,
61.991009165154935,59.65959930419922,58.51724529660547,60.05595125531988,47.29208498172594,0.0
67.46985867883201,66.57073211669922,66.38753335026185,66.80937471526435,46.02302000637025,0.0
59.32606723456927,57.9509162902832,56.56744830475629,57.94814394320292,67.24833540389177,3.0
,,,,,
49.904531718266625,51.24486541748047,49.968768728229016,50.372721954658694,38.33462880599918,0.0
66.54029664475317,65.27328491210938,65.83626876091337,65.88328343925862,78.66405928985078,4.0
74.11000864545511,72.59855651855469,68.04247433841287,71.58367983414088,47.11886223430232,0.0
50.70991951839359,48.74375534057617,49.54369465204409,49.66578983700462,64.31050998612179,3.0
,,,,,
47.93500339297814,48.34203338623047,48.67945241295647,48.31882973072169,47.93018110027452,0.0
58.32013362928563,60.17266082763672,59.27575221230894,59.2561822230771,54.44893084558846,1.0
56.724425779517986,55.528221130371094,56.5469513232264,56.26653274437183,50.5234095729484,1.0
54.633422160076044,55.03238296508789,55.83489609959187,55.166900408251934,47.84915184201461,0.0
67.87091802723167,66.20248413085938,64.56823887754942,66.21388034521348,66.7446064633629,3.0
60.40815570620571,56.52363967895508,56.106439343215925,57.679411576125574,39.60414101055144,0.0
68.70018360698045,67.60484313964844,67.81520609372636,68.04007761345174,61.46332688213111,3.0
56.09614749417742,58.0709114074707,57.41588657636312,57.19431515933709,62.56125480375247,3.0
53.6090464176152,51.15974807739258,50.9898316880734,51.91954206102705,58.81886358619487,2.0
55.66252609209183,55.123592376708984,57.57364166403798,56.1199200442796,61.53539286872955,3.0
67.41521997726156,68.94609832763672,69.16480176217166,68.50870668902331,72.27479327375796,4.0
,,,,,
65.24645510503355,65.93051147460938,67.6441015968637,66.27368939216888,73.27331579602318,4.0
59.750414180922185,59.41730499267578,59.93869109063459,59.70213675474418,68.91415918266877,4.0
55.352275505040794,57.094573974609375,58.335694053460315,56.927514511036826,51.20523374561718,1.0
75.10651833287471,75.27289581298828,76.56256519144804,75.64732644577035,65.86642664754683,3.0
53.751668321337725,55.66397476196289,57.37468288786302,55.596775323721204,57.31322651809407,2.0
44.32301698698165,47.503334045410156,48.66528772908794,46.83054625382658,39.73307873551523,0.0
48.96296578622512,49.910736083984375,51.16533269075084,50.013011520320106,45.5853275303788,0.0
67.92887071255001,66.91932678222656,67.33573840904259,67.39464530127306,58.61558556378274,2.0
47.29227882112339,46.12565994262695,47.00141353835769,46.80645076736934,50.63107608467291,1.0
54.1301214188675,56.205814361572266,57.87471884163905,56.07021820735961,56.55107921762464,2.0
66.4675649833938,64.34488677978516,66.41731722775366,65.74325633031087,58.91345466534572,2.0
48.65623246942453,50.62336730957031,51.03631435595718,50.10530471165068,39.47541644501084,0.0
58.61576609082243,56.26860427856445,57.19959861455046,57.36132299464578,61.20420253360536,3.0
55.989612140653385,57.924068450927734,57.08223765990588,56.99863941716234,47.74225230376865,0.0
58.029128985070116,58.503360748291016,54.83511709857789,57.12253561064634,59.36992525121891,2.0
63.93360386327395,66.77412414550781,65.01614195603759,65.24128998827312,71.41861431093977,4.0
68.80883373556047,65.44174194335938,65.35987022399672,66.5368153009722,62.04759685937743,3.0
48.770780926233435,47.7142219543457,47.98255046146765,48.155851114015604,55.032176667302224,1.0
48.95071568549499,49.57650375366211,49.08494944709194,49.20405629541634,41.65664625113181,0.0
54.201076869251885,54.102882385253906,52.48124738108916,53.595068878531656,64.37228456883014,3.0
55.18741751644873,58.328025817871094,58.25060520496726,57.2553495130957,61.452893423049545,3.0
51.495037959579705,55.232147216796875,55.27318497549322,54.0001233839566,50.61469198650267,1.0
62.35015350482885,63.59977722167969,61.83812599317896,62.596018906562506,61.6820403153229,3.0
56.14959383554891,57.092830657958984,56.80257553760004,56.681666677035984,47.7268965678539,0.0
,,,,,
53.52682967463668,55.215694427490234,54.87827416042365,54.54026608751685,52.25447323231525,1.0
75.0301384476043,72.76116943359375,72.38398223063422,73.39176337061076,96.0403289553678,4.0
54.976371982169184,50.48716735839844,50.31402371192132,51.92585435082964,42.787929444054754,0.0
69.39241358789248,71.21831512451172,69.2138389169618,69.94152254312199,92.3131307105322,4.0
64.28594818791866,65.26586151123047,63.52009690222767,64.35730220045893,75.8037422914866,4.0
64.70861703061439,64.54422760009766,66.35469223861652,65.20251228977618,42.57566187059023,0.0
62.1789916446161,63.19353103637695,63.754779664023914,63.042434115005655,63.24124038340163,3.0
56.99656752326853,57.758480072021484,58.910159680422574,57.88840242523753,44.3562263646588,0.0
61.14767639975889,61.71097946166992,62.80470971801483,61.887788526481216,58.46861522711856,2.0
70.76504865759567,74.33428955078125,74.59371688807207,73.231018365483,68.508982192684,4.0
74.9491848371808,74.08717346191406,75.54180141675378,74.85938657194954,68.23954091609556,4.0
,,,,,
51.09690179556197,51.09598159790039,53.37704899550681,51.85664412965639,39.19392760533033,0.0
44.68380084582196,48.24703598022461,51.90302088279935,48.27795256961531,59.33464021817838,2.0
54.871423666443405,53.88340759277344,54.82973778503738,54.52818968141808,48.08690472416207,0.0
56.171072036074875,56.36095428466797,56.42965204962854,56.320559456790455,55.10938383297925,1.0
63.393668363422535,61.45911407470703,62.326173187206855,62.392985208445474,62.56321429969139,3.0
59.16031308666443,56.219112396240234,56.44173993836809,57.273721807090915,48.13588543905123,0.0
69.05292644631945,67.16180419921875,67.4173499331949,67.87736019291104,56.80047700717942,2.0
,,,,,
,,,,,
56.8769649377424,55.691532135009766,54.95372827922347,55.84074178399188,45.24261621248132,0.0
72.62578453525461,71.16832733154297,70.31566962738749,71.36992716472837,66.89576462214883,3.0
64.66585291577654,65.11788940429688,64.87282813053663,64.88552348353669,53.271541727068445,1.0
,,,,,
44.52439422060261,47.62546157836914,47.210518512956114,46.45345810397595,47.86375430014741,0.0
51.28451387318442,52.73463821411133,51.26769490293989,51.762282330078556,47.75376581912197,0.0
56.50821093103637,51.56160354614258,51.37347199968096,53.1477621589533,67.80845059880986,4.0
60.14255773113227,60.862308502197266,61.18756187293714,60.73080936875556,55.29035909416029,1.0
59.59312311048275,56.87440872192383,57.01182400994472,57.82645194745044,64.54552145882445,3.0
48.56933490101087,51.08253860473633,50.96862585253604,50.20683311942775,44.13541011694177,0.0
,,,,,
55.45519674494678,60.63831329345703,58.38586189422509,58.159790644209636,54.72278537578049,1.0
58.98620137595608,63.300750732421875,62.93768951283977,61.741547207072564,63.306160749270695,3.0
57.58942362785185,52.92030715942383,55.761730323683395,55.423820370319696,56.259809690784834,2.0
59.8138123748958,58.62916564941406,59.00298866365016,59.148655562653346,44.9214529137661,0.0
53.47469134480112,56.217830657958984,55.78131147189889,55.157944491552996,55.86144760891725,2.0
70.72776803823504,71.59288787841797,71.41021377737833,71.24362323134379,65.7532505592986,3.0
51.278984062241754,49.383567810058594,48.72708204220512,49.79654463816849,50.445830795395246,1.0
74.52199055284667,72.22693634033203,71.93921876904888,72.89604855407585,78.98668045129155,4.0
54.19072961412278,55.356021881103516,55.83824334239443,55.128331612540244,44.07793106355172,0.0
52.61722918616705,50.3680305480957,52.34990861352787,51.778389449263535,49.83405838291114,1.0
,,,,,
72.59953310089722,69.48377227783203,70.98045647600787,71.02125395157904,69.19233608430822,4.0
72.32897379250034,72.71244049072266,71.58602472592631,72.2091463363831,67.33784525942859,3.0
52.98964798526037,58.496150970458984,56.70841717988197,56.06473871186711,66.58815837272569,3.0
49.12501960204263,47.371002197265625,48.17756274578928,48.22452818169918,36.8004049806374,0.0
,,,,,
59.214463243825506,57.372859954833984,55.669673569643805,57.41899892276776,47.281026728575405,0.0
65.02317045327585,64.25568389892578,63.40358143692954,64.22747859637705,66.31055214904248,3.0
54.75559199146175,55.10700225830078,56.07644919557546,55.313014481779334,54.497075654091184,1.0
58.45647241835334,57.21034240722656,57.3967135375162,57.687842787698706,49.64950162206413,1.0
50.23298788169709,49.118282318115234,49.154884380124756,49.502051526645694,58.78907951859824,2.0
70.66133777039913,75.53986358642578,71.0806372328132,72.42727952987939,78.89094640441027,4.0
57.71647812059121,58.02333068847656,57.70087158813361,57.81356013240046,43.85835603661294,0.0
50.36245514784917,49.39413833618164,49.46569117666447,49.7407615535651,59.67863807106143,2.0
52.378421792313624,49.16408920288086,47.97970185942938,49.84073761820795,53.99252663522701,1.0
77.230584860617,84.02064514160156,77.43348557802949,79.56157186008268,81.90579346576656,4.0
60.0573610773699,59.23680114746094,60.66945504912078,59.98787242465054,52.94310203340447,1.0
,,,,,
53.75480470697517,51.865787506103516,50.93039672610901,52.18366297972923,55.53668181788857,2.0
66.81909596984832,66.92564392089844,66.92396688334057,66.88956892469578,78.3755678939137,4.0
,,,,,
58.9596548908532,58.94200134277344,56.26073903730726,58.05413175697796,57.736020140555695,2.0
71.3303511950211,71.90229797363281,70.88118282498296,71.3712773312123,81.2410747070826,4.0
49.39206813332275,52.091487884521484,52.252191969206294,51.24524932901684,58.46279365943386,2.0
57.83225398826471,55.51845169067383,55.637904904683005,56.32953686120718,50.16131492864936,1.0
,,,,,
,,,,,
49.29352097433633,49.02949523925781,49.51971143861809,49.28090921740408,61.80734716363913,3.0
,,,,,
56.928911135381846,53.426273345947266,52.12220563143694,54.15913003758868,50.35253921457949,1.0
56.67614600540423,58.480167388916016,57.96168573922555,57.70599971118193,61.38415228250825,3.0
47.826495869404596,49.66419219970703,49.38571107775265,48.95879971562143,36.53809767950048,0.0
54.255433934347685,51.62629318237305,51.963531513193075,52.615086209971274,59.60480742500571,2.0
66.9829100370358,67.00325775146484,65.11087845806395,66.36568208218819,57.40132264506374,2.0
68.60521584787217,70.67338562011719,71.17089724750828,70.14983290516587,74.44252681062346,4.0
55.373607997137015,56.37615203857422,56.42124838482513,56.05700280684545,48.163255830453046,0.0
53.82448642207784,54.58415603637695,55.0471566189798,54.48526635914485,58.11519856274859,2.0
,,,,,
,,,,,
44.62785599992803,48.79438400268555,48.163971852918955,47.19540395184418,50.392891437606885,1.0
50.52853526411027,50.80781173706055,50.349340247474686,50.561895749548505,50.92622846424715,1.0
,,,,,
63.63279528151265,62.11994552612305,61.11641635416571,62.2897190539338,66.24752252306396,3.0
60.17923068636657,64.43608856201172,62.79989728148036,62.47173884328621,55.43054313169469,2.0
60.266672255048796,57.724464416503906,60.307498944974256,59.43287853884232,50.012653642465445,1.0
62.13296021598285,57.52214050292969,58.484353203957184,59.3798179742899,52.17059616265836,1.0
,,,,,
,,,,,
62.12441974145638,66.25450897216797,64.23613054015226,64.20501975125887,54.70839921947098,1.0
50.49260240376793,49.177757263183594,48.617647748695795,49.42933580521577,62.12464058948865,3.0
57.52101823079801,57.07698059082031,58.02031090229492,57.53943657463774,53.59902690205824,1.0
,,,,,
68.26495503766779,67.45643615722656,66.46837036845064,67.39658718778166,68.68391871020134,4.0
59.733579170901876,58.950401306152344,59.02817188994539,59.237384122333204,49.89644929738357,1.0
53.87875557562663,55.279197692871094,54.89534877740627,54.68443401530133,57.31846491688156,2.0
58.162205739985474,58.449073791503906,57.915618711010765,58.17563274750006,74.58996632681611,4.0
49.200061052836176,51.43396759033203,50.87650597134393,50.50351153817072,55.195041462698015,1.0
66.61816497723483,65.19068145751953,65.4520418570116,65.75362943058865,67.30819607514042,3.0
45.47631451315409,50.10915756225586,50.29412729484726,48.62653312341907,45.265551785413685,0.0
65.00612879974472,66.0208511352539,64.81254499710889,65.27984164403584,72.81503478082215,4.0
73.99099956448316,70.8689193725586,71.45600146566723,72.105306800903,58.91837504820911,2.0
67.61267237374982,70.09683990478516,66.4972593725566,68.0689238836972,73.77608927955944,4.0
47.98204287303785,48.231937408447266,47.92828768872283,48.04742265673598,54.81938115397458,1.0
60.37635093916519,60.9226188659668,59.725599043534984,60.34152294955567,55.273830862106514,1.0
63.90515510993924,63.90032196044922,63.72003451581659,63.84183719540167,58.12123331754157,2.0
62.274248721624076,58.178558349609375,57.287019983315524,59.24660901818299,77.20922606816042,4.0
51.19767716650619,50.98576354980469,49.04044269304647,50.40796113645245,52.79964325761978,1.0
57.96221311949852,57.81430435180664,59.130195352448354,58.302237607917824,67.877654799384,4.0
61.36154002582879,60.46345901489258,58.09423712832795,59.97307872301644,59.98068155955581,2.0
50.97070239141973,50.476417541503906,50.36353410611979,50.603551346347814,39.42581409513578,0.0
52.987966228787485,50.71628189086914,51.216514778803344,51.64025429948666,48.84164535536287,0.0
53.364215228575866,54.40390396118164,55.4079289408592,54.392016043538895,49.83571431858524,1.0
52.393012282776674,52.1798210144043,54.017341168675024,52.86339148861867,63.49586881666554,3.0
58.18502032033381,57.91130447387695,58.15638248972764,58.084235761312804,59.70565484510382,2.0
70.29449694332982,69.9657211303711,70.71295486310419,70.32439097893503,60.042076863090365,2.0
65.55624570908525,65.86859893798828,65.99411839483481,65.80632101396945,69.53832692574721,4.0
,,,,,
55.29807766471743,54.07049560546875,52.66550172639372,54.0113583321933,56.81436477394973,2.0
,,,,,
62.23501107202184,63.6074104309082,64.7380979558483,63.52683981959279,56.38549919897958,2.0
55.53949845352158,54.09394454956055,57.23261243126047,55.6220184781142,52.31610744591224,1.0
62.01346226339778,61.657501220703125,62.58935354224898,62.086772342116625,57.4662603237543,2.0
,,,,,
46.4690205329079,49.07494354248047,49.23653353586239,48.26016587041693,49.88480164360168,1.0
55.5464325392822,56.153663635253906,52.4922287192862,54.73077496460743,61.66801965711106,3.0
56.25235964583825,52.69295120239258,53.536871496469594,54.16072744823347,52.24198727685653,1.0
73.72809148833984,74.19505310058594,72.5211154857271,73.48142002488429,75.63118749781621,4.0
73.51368775004607,72.19825744628906,75.3862323996188,73.69939253198464,67.662469629026,3.0
52.49060338530113,52.90937423706055,52.747944519816265,52.71597404739264,56.969594160955445,2.0
75.26107938200454,73.4503173828125,74.06253156717268,74.25797611066325,68.83385788464325,4.0
,,,,,
45.20219276244165,47.930206298828125,47.807492415567616,46.979963825612465,46.10850040864787,0.0
57.76272538407939,55.02457046508789,53.438642315810824,55.408646054992694,47.09259801905127,0.0
66.51189182809092,66.77452850341797,67.50682468901866,66.93108167350918,61.18465611967252,3.0
53.77012095387595,54.843936920166016,55.78186064786664,54.79863950730287,47.68418093255962,0.0
50.58580277036586,52.665916442871094,53.928782720900955,52.39350064471264,43.880940055632784,0.0
65.36892870288405,67.20384979248047,65.84780253687836,66.14019367741429,53.07210863757949,1.0
60.673891383856,58.6609001159668,60.87260901101614,60.06913350361298,60.09564344023891,2.0
54.55387698663859,54.86906814575195,54.387501760275946,54.6034822975555,55.35862109687488,2.0
,,,,,
58.614191719286964,56.35030746459961,57.00616310282635,57.32355409557098,56.030553333075815,2.0
69.54167886877372,67.95454406738281,68.31576575161289,68.60399622925648,61.16474373977511,3.0
57.13956438722969,59.11225891113281,59.648024594002756,58.63328263078842,64.6711749040755,3.0
52.830606917251025,56.94219970703125,56.11526347431724,55.29602336619984,39.42222565346149,0.0
65.2747060489628,65.3563461303711,65.81876981142493,65.4832739969196,67.28491418793165,3.0
65.5000021848594,66.33357238769531,66.06686777245724,65.96681411500398,62.09387983695166,3.0
69.68087102231364,71.86357879638672,71.51730431918828,71.02058471262954,77.55343040062411,4.0
66.50752398701306,65.43861389160156,65.4536458152908,65.79992789796847,67.9507052023191,4.0
63.74108239230439,66.17509460449219,65.23829935355437,65.05149211678365,62.76913459944299,3.0
60.379199085513285,63.24042510986328,57.32222249548478,60.313948896953775,80.78131399089835,4.0
60.29305889297968,60.334896087646484,60.0434153236266,60.223790101417585,57.08266004408184,2.0
61.75545074301576,62.14897155761719,61.1908846767644,61.69843565913245,58.45641815435915,2.0
,,,,,
60.159555956531136,60.5375862121582,60.46551891088142,60.387553693190256,67.64819617716917,3.0
58.06190965339373,58.48984909057617,59.420065067946986,58.6572746039723,58.56971087690408,2.0
56.30421234411641,59.22233581542969,57.57511228790162,57.700553482482576,63.11453039266623,3.0
,,,,,
78.10006973203629,76.63787078857422,75.4076049446243,76.71518182174493,79.32192860201191,4.0
64.1187336711521,63.04013442993164,60.86231757271103,62.67372855793159,56.9276280844145,2.0
70.96402714919907,68.78594970703125,70.30311046046577,70.01769577223203,67.61258813841604,3.0
,,,,,
61.20261408827739,60.446388244628906,60.047903343736365,60.565635225547545,59.52468912103472,2.0
51.75324403576891,53.812477111816406,53.69819419098957,53.08797177952496,41.10916181403877,0.0
58.22105714179016,57.40776062011719,57.85733792726384,57.828718563057066,68.25605357564517,4.0
57.85013085885937,59.845218658447266,60.14961751769982,59.28165567833548,57.40672032193381,2.0
57.778976767686366,63.11817169189453,63.428837442933805,61.44199530083822,72.89785779049163,4.0
54.77006089819207,56.14939880371094,56.18411265262338,55.70119078484213,50.148664319282574,1.0
69.59595887237965,68.09021759033203,68.15609931276194,68.61409192515787,74.94687687357228,4.0
63.361504061463975,60.595977783203125,58.30513618010691,60.754206008258,71.59884343157955,4.0
58.58438953598155,56.47101974487305,55.93284604316236,56.99608510800565,60.318150438367326,2.0
49.697963785218754,49.38301467895508,49.31225751228269,49.46441199215217,61.72268073948535,3.0
51.936452401667594,50.48201370239258,51.38028339792231,51.26624983399416,46.6098176918062,0.0
,,,,,
56.277849612113826,52.58404541015625,52.98769626462313,53.94986376229773,59.86240082233524,2.0
62.2079506707815,69.04681396484375,70.73563208276622,67.33013223946382,64.32217010413694,3.0
60.56720010834786,56.05610275268555,58.96266243103727,58.528655097356896,52.19407650579668,1.0
64.09575308277515,62.13982009887695,64.67120991486293,63.63559436550501,57.87975813711685,2.0
55.66029440488069,57.60184097290039,57.27764444188172,56.846593273220925,70.11580834695147,4.0
46.5099577952622,50.05179977416992,50.395008423302116,48.985588664244744,49.12625024392784,0.0
72.49602499160493,73.94622802734375,73.35417459625151,73.26547587173339,78.02013989883523,4.0
,,,,,
48.95406169994159,51.76637649536133,52.17285154499738,50.96442991343343,46.29980608526233,0.0
,,,,,
60.6205791210615,59.89574432373047,60.41432349593737,60.310215646909775,62.3487532340712,3.0
,,,,,
66.4368311354594,66.1457748413086,67.46916789238291,66.6839246230503,62.10786771684321,3.0
66.13222977803271,63.06996536254883,63.007317257945374,64.06983746617563,72.68690133933767,4.0
69.0269815885632,69.83551788330078,68.66827027454079,69.1769232488016,54.14577552753245,1.0
64.76205785237548,65.45592498779297,65.45783039043897,65.22527107686915,67.63847259566374,3.0
54.77709420036426,53.86039733886719,53.239253949197945,53.958915162809795,56.11094058484085,2.0
,,,,,
72.07131534747857,73.34197998046875,72.3347921807268,72.5826958362247,74.15576768843785,4.0
60.61850120012224,58.43582534790039,58.09632289701395,59.05021648167886,57.16087775738651,2.0
,,,,,
48.07140166260467,52.11799240112305,54.409006022960014,51.532800028895906,52.62934415232085,1.0
45.92698894353183,49.90947341918945,49.16454378721907,48.33366871664679,51.16845643877425,1.0
64.4930698799099,66.14529418945312,66.34348289769292,65.66061565568532,79.13662626829137,4.0
66.8284324166017,67.57083129882812,65.73237654128383,66.71054675223787,56.6463240189762,2.0
50.75456014810039,50.43955993652344,50.82639319756962,50.67350442739781,42.36493549633413,0.0
48.14866660989221,51.440521240234375,50.89778221446615,50.16232335486425,54.02692230369774,1.0
54.252810430069616,57.512062072753906,56.12523605298308,55.9633695186022,60.869365243888666,3.0
69.60432014761977,65.81770324707031,72.9146862155482,69.44556987007944,61.06158041851612,3.0
67.53540012461941,68.55599975585938,68.11560696771818,68.06900228273231,73.52508030642782,4.0
62.63747984214968,63.828857421875,63.83144373601604,63.43259366668024,66.02108003442586,3.0
57.96665437910837,52.66767120361328,49.36002390864181,53.33144983045449,44.70659064625181,0.0
55.135959491702,55.13465118408203,57.345469826321356,55.87202683403513,55.45263148492584,2.0
53.215829046040874,55.286949157714844,54.80929285071263,54.43735701815612,51.98928701066025,1.0
49.935151997761274,49.2202033996582,50.658510245100544,49.937955214173336,42.318723078747205,0.0
62.15950477234409,64.36180114746094,63.59929512778078,63.37353368252861,57.90359101904476,2.0
52.92764030778686,54.81843185424805,54.46579483251075,54.07062233151522,60.91896159060181,3.0
56.5346886742491,57.63779830932617,56.22340003898124,56.798629007518834,48.37718653305329,0.0
56.56526308219056,55.63240432739258,54.517203057045606,55.57162348887625,56.11300264352566,2.0
68.73485498691447,68.70066833496094,67.63541050208293,68.35697794131944,61.3182661755698,3.0
45.91972185458195,46.85244369506836,48.68374845417069,47.151971334607,45.5783206099096,0.0
,,,,,
68.80449135520794,65.08544921875,64.64742660125553,66.17912239173783,46.01278074434497,0.0
64.00697644008451,65.65039825439453,66.26858877852433,65.30865449100112,69.31175577627486,4.0
65.33396776051465,62.60578155517578,64.53233356500523,64.15736096023188,78.6562484230912,4.0
52.8121505589243,50.37473678588867,49.81315799493862,51.00001511325053,51.217033365632126,1.0
46.522402234758204,46.669532775878906,47.88412806154821,47.02535435739511,40.764677763613655,0.0
55.61206249451763,56.21901321411133,56.06792546600234,55.966333724877096,54.72390493851107,1.0
,,,,,
,,,,,
52.799278217736315,50.657230377197266,51.78042780733893,51.74564546742417,55.7715651056908,2.0
71.63518023916109,71.63106536865234,68.36626778548327,70.5441711310989,66.02169329198358,3.0
76.46355710882294,74.53060150146484,74.82277967438368,75.27231276155716,71.87269986372617,4.0
49.67911120348832,48.14435577392578,48.99221312374105,48.938560033718375,56.00439537783053,2.0
47.45329190897777,48.6866455078125,49.86143951796387,48.66712564491804,55.84506283178523,2.0
51.20830203414374,54.08638381958008,54.22589312901266,53.17352632757883,50.74959686410283,1.0
44.689247350867525,47.8199348449707,47.74176398324199,46.75031539302674,49.1973351745239,0.0
48.19623919816521,48.98607635498047,48.529918608597455,48.57074472058105,43.41358626779608,0.0
53.63294715545626,51.443939208984375,51.6838621007764,52.253582821739,56.33046767837555,2.0
66.21010508094837,63.11611557006836,66.52383710477585,65.2833525852642,65.83073851206089,3.0
53.138454623514114,51.219600677490234,52.02220957818125,52.12675495972854,66.58897551307534,3.0
61.704270567419556,63.065757751464844,61.00001804752416,61.923348788802855,66.08236025799613,3.0
,,,,,
54.10745751497811,56.16230010986328,57.2184642352461,55.82940728669583,49.35965108351083,0.0
59.834814391918066,56.2265739440918,56.419482066501665,57.493623467503845,49.07705512100292,0.0
68.48596391733629,69.14408874511719,69.17602743545378,68.93536003263574,74.89593209882509,4.0
57.197007157338255,55.491539001464844,56.63529494607498,56.44128036829269,52.4624778242838,1.0
54.57679410638899,56.442195892333984,56.413257808340894,55.810749269021294,50.065918995369145,1.0
68.28193129390718,69.53587341308594,67.31534273798056,68.37771581499122,69.97453040267632,4.0
69.60809979446049,66.06620025634766,63.128167532243275,66.26748919435047,70.97469373407024,4.0
54.87997643545439,54.866966247558594,53.51377267808581,54.4202384536996,41.90561530926589,0.0
65.18610103632015,64.57664489746094,65.94088338176485,65.23454310518198,62.69334943271759,3.0
46.4603296289251,50.39866638183594,50.69027120643519,49.18308907239875,47.37616128055332,0.0
,,,,,
52.27745125828546,48.934600830078125,41.973159063537615,47.7284037173004,55.77319447873333,2.0
60.050652625681785,59.876190185546875,57.44466012758527,59.12383431293798,60.9791702649416,3.0
45.94851800501724,47.67477035522461,48.47666060807901,47.36664965610695,52.14683454067494,1.0
57.60638387530618,56.482139587402344,56.121413468526484,56.736645643745,63.17818653801739,3.0
67.43062809771442,68.17193603515625,68.513767679291,68.03877727072056,58.08754220458998,2.0
55.32604348532806,58.43429183959961,59.81590111247943,57.858745479135706,54.16033485327882,1.0
55.25834854409979,55.945858001708984,56.97785221371481,56.06068625317452,53.85185721380679,1.0
55.59102266283197,54.16526412963867,55.517373175551214,55.09121998934061,64.7995635091797,3.0
51.22204875540106,49.26707458496094,49.5144738644066,50.0011990682562,58.296024233767,2.0
60.3944596769801,59.84191131591797,60.858329181510165,60.36490005813608,48.8662814709331,0.0
50.402253904229035,48.93084716796875,48.13250129900853,49.15520079040211,56.29997394771365,2.0
72.26827629452539,72.63707733154297,73.36533261110526,72.7568954123912,72.71679691134294,4.0
64.90021590490362,66.55593872070312,67.08803482695488,66.1813964841872,70.35488085813675,4.0
44.0668251437222,46.16806411743164,48.19969560819498,46.14486162311628,44.420507043626,0.0
47.908901478490726,51.69036865234375,51.15442988905803,50.251233339964166,48.30974699902248,0.0
64.15491191006556,66.51953887939453,66.75510184205143,65.80985087717052,66.61512652506288,3.0
70.88579976067756,69.01581573486328,71.18593389840652,70.36251646464912,68.40609762592852,4.0
47.34668926726785,47.5521125793457,48.71016524287101,47.86965569649485,44.897856471781566,0.0
64.89712347539397,61.3472900390625,61.01309158229697,62.41916836558448,63.94241011137708,3.0
63.85437265893223,65.03465270996094,65.8503151174873,64.91311349546015,68.60798549532728,4.0
51.791010033739056,51.78855514526367,49.987397018033874,51.188987399012206,69.4183727004769,4.0
62.96334431991917,63.733585357666016,66.34486349844983,64.34726439201167,67.00322018655308,3.0
51.094301284871996,55.112213134765625,54.0203299336476,53.408948117761746,50.3547592882756,1.0
56.57903383306813,56.983585357666016,56.74386556937657,56.76882825337024,54.74030199255335,1.0
,,,,,
53.529594371050194,56.29953384399414,56.186950809501354,55.338693008181906,61.272103603130326,3.0
64.90301299795692,64.53005981445312,62.45327910981242,63.96211730740749,64.37400228997869,3.0
73.6633456471029,74.18949127197266,73.06828990564897,73.64037560824151,80.35064132366684,4.0
45.57326609820819,48.00429153442383,47.299044962021455,46.958867531551164,52.23734690988095,1.0
63.75480278290152,64.57321166992188,65.25324876116964,64.52708773799769,68.13973782821446,4.0
49.334419968636105,50.434722900390625,51.47309382150279,50.41407889684317,62.56963365255675,3.0
64.58145391086325,65.36346435546875,67.23125124877127,65.72538983836778,63.59463777715128,3.0
58.61835736941929,56.84403610229492,55.3159738193526,56.926122430355605,71.62991098943584,4.0
52.596098268104434,54.017913818359375,52.48015607606314,53.03138938750899,47.67931165945914,0.0
68.36836595229849,69.97566986083984,68.18245768165448,68.84216449826427,74.37914755483652,4.0
51.74247856773528,53.023475646972656,52.5946134204781,52.453522545062015,57.862585024519895,2.0
50.93406246297535,49.692962646484375,49.68476649486036,50.103930534773355,44.03599299937705,0.0
45.10721418762091,50.49229431152344,50.67261743469662,48.75737531128033,46.90618579133186,0.0
76.23286880988242,77.07427215576172,73.72116361162485,75.67610152575632,98.81612443806328,4.0
53.828330049795014,53.689781188964844,54.27740885226128,53.931840030340375,53.909519087263405,1.0
73.48626988036335,66.44571685791016,69.74115679221624,69.8910478434966,66.05353732693476,3.0
63.04092159723423,64.01206970214844,65.6117334630946,64.22157492082574,72.54951051744004,4.0
,,,,,
60.26449882987113,56.281585693359375,55.812868863952225,57.45298446239425,57.41054258799373,2.0
,,,,,
65.63807272341177,66.27787780761719,68.70756761243024,66.87450604781974,59.50436019497536,2.0
,,,,,
53.87126033043376,52.80305099487305,51.916252243374196,52.86352118956034,50.76320049035178,1.0
79.10969083544012,81.19779205322266,77.80459934727318,79.37069407864531,84.88553617490066,4.0
59.77936974507161,58.963844299316406,58.708654496676495,59.15062284702151,51.823618083616815,1.0
64.83032691062326,64.49853515625,63.54295370679851,64.29060525789058,72.83246563895494,4.0
64.88999394298617,63.51909255981445,63.871473488434454,64.09351999707836,62.86469582490801,3.0
,,,,,
45.296756233758806,47.56743240356445,48.82064220694943,47.228276948090894,47.40284621210705,0.0
54.67660339459589,53.011444091796875,52.10490921436938,53.26431890025404,57.85787889516261,2.0
49.35963396606135,50.33169174194336,50.27426035800739,49.9885286886707,48.14017808647347,0.0
51.63726522444266,52.6153564453125,53.065615422816016,52.439412364190396,46.53042408558894,0.0
50.62331810817712,50.23991775512695,49.5471363497552,50.136790737686425,53.55318033643926,1.0
60.71717808991043,56.902408599853516,58.59707010760631,58.73888559912342,55.70510906497448,2.0
55.25194744589182,54.90406799316406,56.20879597391489,55.45493713765692,61.62350894335955,3.0
78.78883916108117,77.42950439453125,75.9180728487046,77.37880546810567,85.51023582090042,4.0
,,,,,
55.163236483857766,51.703895568847656,50.20864695542812,52.35859300271118,74.52831760387535,4.0
67.3047041317496,67.47537994384766,66.44304919349695,67.07437775636474,64.75201172299555,3.0
65.88993105829765,67.23209381103516,66.59606192614848,66.57269559849375,56.58511044676926,2.0
67.24795143321299,65.53858184814453,64.28920310539189,65.69191212891647,78.43630890721819,4.0
67.29482553751087,67.64033508300781,64.05344140594752,66.32953400882207,47.6352569251036,0.0
60.39762087456812,60.45048522949219,61.34344721431822,60.73051777279284,56.27541769762742,2.0
70.46942401548986,66.30813598632812,71.77520290037943,69.5175876340658,57.237781141854285,2.0
51.84768965881271,55.289405822753906,55.12349105200354,54.086862177856716,50.57050654463895,1.0
67.41823600512623,67.55438232421875,67.85567478904721,67.60943103946407,60.31803957336391,2.0
,,,,,
60.44432142797838,59.059593200683594,59.35363077084599,59.61918179983599,60.88816320315314,3.0
61.21448738818564,63.063636779785156,62.206490845890045,62.16153833795362,67.82502823809982,4.0
59.68480153236383,58.96598434448242,62.49874258317874,60.38317615334166,62.35185832815625,3.0
49.9054455586542,51.420780181884766,50.48764685231738,50.60462419761878,51.83440377414983,1.0
57.00006863949532,57.41852569580078,57.09950299816104,57.17269911115238,51.19804642408232,1.0
55.61051645521619,54.798038482666016,55.510380817468935,55.306311918450376,48.61004661765435,0.0
49.07305804996947,48.74995803833008,52.589930994827824,50.137649027709124,59.498352269103385,2.0
60.652939198391636,59.509727478027344,59.07205968916616,59.744908788528384,60.53540168002848,2.0
67.40685781302803,64.78282165527344,68.17035265720483,66.78667737516876,59.4823839892671,2.0
41.63644943918206,47.34365463256836,46.73021623736184,45.236773436370754,24.2342552642194,0.0
64.94897819802011,64.5354232788086,65.19250680984588,64.89230276222486,69.10972152537377,4.0
73.46275035999942,73.50244140625,71.34300176892798,72.76939784505913,71.82774298647742,4.0
57.0932063164963,58.76295852661133,56.841394529172504,57.56585312409339,52.07815156440894,1.0
50.51423993227774,51.225685119628906,51.0799376331577,50.939954228354786,59.870203353586966,2.0
78.58283798102097,77.41419219970703,75.47453580710314,77.15718866261038,73.64296380536605,4.0
63.147480882016495,62.58708953857422,62.50553809939296,62.746702839994555,67.31926032065985,3.0
74.64373060799089,75.69658660888672,75.97879781644987,75.43970501110915,70.14878446746721,4.0
58.91005174198278,57.08185577392578,56.64061732543163,57.5441749471134,52.01155470257352,1.0
59.36725017403991,54.374080657958984,56.16708872830656,56.63613985343516,52.186338673694415,1.0
,,,,,
68.87994729982516,66.95207977294922,67.30852209681228,67.71351638986222,71.30787336089216,4.0
65.06178756874839,61.20964813232422,62.61584428269554,62.962426661256046,56.57175812592472,2.0
62.18882409391147,59.19456481933594,56.68828766438743,59.35722552587828,54.25146287355792,1.0
73.50463906777843,72.76461029052734,71.71546535242277,72.66157157024286,66.32797016820443,3.0
48.21560719709302,49.37840270996094,47.40257724693913,48.3321957179977,32.07054304723782,0.0
49.52701549880807,49.15444564819336,49.149062544294935,49.276841230432126,45.87148335799,0.0
72.3033333096484,70.01202392578125,72.17429643587884,71.49655122376949,75.04104951683951,4.0
54.64282720334805,54.13227081298828,54.27549969928049,54.35019923853894,59.9289999521307,2.0
52.38870061632581,50.074745178222656,50.497445448619914,50.9869637477228,42.34820861814635,0.0
61.94922542775946,62.057952880859375,61.797100295617874,61.934759534745574,58.05837072538485,2.0
64.41463532108128,62.121337890625,61.87510678341861,62.803693331708295,54.49450066102915,1.0
51.70393673549893,51.1408805847168,50.791950499727264,51.21225593998099,46.438339751250055,0.0
63.155493483716334,64.50249481201172,64.3383740734007,63.99878745637625,74.33536679279261,4.0
48.747850230995915,49.939456939697266,49.76453665698405,49.48394794255908,47.28942462351278,0.0
51.3887359127165,52.60762405395508,51.60766812238269,51.868009363018096,47.903081441267744,0.0
,,,,,
58.46295645148993,56.913307189941406,57.56368573519128,57.64664979220754,49.18154849068823,0.0
,,,,,
55.87951590167496,52.82015609741211,51.72773033932235,53.475800779469786,51.459531804899605,1.0
52.32165493196543,54.96712875366211,55.17249773040627,54.15376047201127,56.01094207594684,2.0
65.61288878928681,64.72064208984375,66.90508792536752,65.74620626816603,54.9867852577272,1.0
64.3460565115481,68.4796371459961,68.17512686325058,67.00027350693159,72.9106696140545,4.0
53.62837594075037,56.21553039550781,56.77916936471292,55.54102523365703,61.60465711225032,3.0
61.054594855458234,62.36992263793945,61.467890642367905,61.630802711921866,62.03292934239821,3.0
,,,,,
54.299362249768926,54.52144241333008,55.296842340155976,54.705882334418334,46.24940397857498,0.0
52.08077521258885,50.567745208740234,51.420904387149385,51.35647493615949,49.80691253247348,1.0
52.98275642606801,53.15298843383789,53.70582153910924,53.28052213300504,63.53410231290884,3.0
,,,,,
,,,,,
57.32277052962993,56.068321228027344,56.334016882510994,56.57503621338943,54.60973283503608,1.0
56.4912543077125,54.0711555480957,57.4101687288569,55.9908595282217,56.96866392193618,2.0
57.913158978301894,56.33367919921875,56.268991197765516,56.83860979176205,48.25439591464404,0.0
53.0092597187892,54.88581085205078,54.06983783095215,53.988302800597374,61.37157358371099,3.0
53.461355608997174,54.421043395996094,54.323550747514886,54.06864991750272,49.8062571347193,1.0
66.87574487202424,67.44835662841797,69.09009569392953,67.8047323981239,65.7734083553737,3.0
48.78294130760493,49.39793014526367,50.912572328993114,49.6978145939539,47.39370644899476,0.0
49.82647913099957,48.493194580078125,49.70165214049291,49.34044195052354,43.95340743762088,0.0
47.56762238252238,49.080650329589844,51.728562831033706,49.45894518104864,36.84691792406896,0.0
55.23813637832556,54.90165328979492,56.29485364960284,55.47821443924111,63.004305055133486,3.0
,,,,,
51.20277382992615,53.78140640258789,53.86196507066792,52.94871510106066,45.72807320759205,0.0
46.081799136450776,47.22563171386719,48.49961332166178,47.269014723993244,38.63738545663816,0.0
66.25154726602223,67.62171936035156,64.77505436787996,66.21610699808458,63.82717437459555,3.0
55.07152983511329,52.54314422607422,51.16518193875616,52.92661866664789,54.66932441585774,1.0
65.22041655911931,66.02410125732422,65.06825833781305,65.43759205141886,70.89105065911926,4.0
59.868597338194895,61.22383117675781,60.86647088184345,60.652966465598716,47.01361177344316,0.0
73.81947639609584,72.3935546875,73.11295486133952,73.10866198164511,53.43112612530764,1.0
54.48350171255283,55.63629913330078,54.836927628607455,54.985576158153684,56.20546619466344,2.0
62.506308875579236,62.238563537597656,63.92189664720434,62.88892302012707,56.35084962768183,2.0
47.963327742148756,48.81139373779297,48.32833880200113,48.367686760647615,57.03980443595505,2.0
56.206122362779034,58.262203216552734,57.32687098117975,57.26506552017051,57.14027336216515,2.0
,,,,,
59.28551164906356,57.985450744628906,58.44072500639346,58.570562466695314,54.478225294896575,1.0
52.29110723201972,51.457523345947266,52.2028050541862,51.98381187738439,49.08870161276818,0.0
68.75506299622268,66.402587890625,67.41576301508921,67.52447130064563,58.70680773013488,2.0
54.25452469841808,56.54427719116211,56.54080820542511,55.77987003166843,52.80625873387431,1.0
59.21364454081423,57.27605056762695,58.86392814482915,58.45120775109012,61.99170721055077,3.0
43.04718052647967,47.97739791870117,47.96767828194522,46.330752242375354,42.537740023830025,0.0
48.246384645318706,49.98341369628906,50.91581146054378,49.71520326738385,39.25049147113767,0.0
54.233530390975,52.738014221191406,55.78001132294026,54.250518645035555,61.25189982825601,3.0
59.01706269317594,56.641151428222656,56.67480595352087,57.44434002497315,64.88352892958096,3.0
55.33914942664692,56.21730422973633,55.57108902633083,55.709180894238024,52.80895109268059,1.0
55.48347549875133,52.87636184692383,52.52895813713696,53.62959849427071,47.4595252938721,0.0
62.516063667086456,62.2406005859375,61.983400482037155,62.24668824502037,62.662123061697145,3.0
58.747236301862515,59.21802520751953,59.43231476662073,59.13252542533426,54.84605518302163,1.0
62.01014636629324,60.287681579589844,62.22056214222447,61.50613002936919,52.38215301172725,1.0
51.55303142681428,53.873905181884766,52.02555615420436,52.484164254301135,48.13543204971207,0.0
,,,,,
55.15143495165737,54.667503356933594,56.49927277994597,55.43940369617898,49.92069489516428,1.0
65.20424054432796,66.36897277832031,66.37579707983987,65.98300346749603,60.971575450967165,3.0
,,,,,
58.510267780968725,53.934654235839844,52.9589309296343,55.1346176488143,41.2688204222512,0.0
60.59239101647791,57.0341911315918,57.756583747430696,58.46105529850013,52.73613619619755,1.0
46.432012676899056,44.31139373779297,45.08836774710774,45.277258053933245,38.61863419465933,0.0
63.72809910235386,63.425086975097656,62.70789329822952,63.28702645856035,64.20181432928594,3.0
68.11210785562001,63.676605224609375,62.90658487589103,64.89843265204014,76.43676047681467,4.0
57.34233229010626,58.49567794799805,61.965142084474905,59.267717440859734,55.991547964538434,2.0
53.831090562615714,53.65260696411133,52.23803806840045,53.24057853170916,60.95273017794327,3.0
58.39342225446831,59.529720306396484,59.281505950967585,59.06821617061079,55.614478900871134,2.0
68.37015032296792,69.49057006835938,68.6981806759141,68.8529670224138,64.80424842869184,3.0
71.11324261708468,70.7571029663086,67.89308740563754,69.92114432967693,63.44245381776605,3.0
48.1725606818214,50.43010330200195,51.12351975339957,49.90872791240764,36.63236774571904,0.0
54.98097311268289,52.88813018798828,56.209087719195665,54.69273033995561,59.7459366894683,2.0
54.45537528426092,52.12844467163086,51.8098381221745,52.79788602602209,74.9803974805583,4.0
,,,,,
48.16128396302322,48.08529281616211,41.75513158406062,46.00056945441531,44.68616823674823,0.0
76.40856705457578,74.24625396728516,74.0019654347857,74.88559548554889,60.35277126027659,2.0
67.44392157591345,67.9689712524414,69.12912411485327,68.18067231440271,68.35858800014776,4.0
48.85013637747149,51.520267486572266,48.64764154246292,49.67268180216888,40.79580710100558,0.0
,,,,,
59.31915001208952,58.744144439697266,57.710700630447946,58.59133169407824,65.61193628364965,3.0
64.58027729089102,61.733116149902344,62.49958651880205,62.9376599865318,56.9284155106141,2.0
70.79585958494185,70.28977966308594,69.35950008741821,70.148379778482,74.14185689510174,4.0
52.946231205810534,55.65891647338867,55.91706938466621,54.84073902128847,50.39284982762872,1.0
74.73474066880469,74.06090545654297,73.71909389261819,74.17158000598862,70.92447645812985,4.0
67.4152032691025,65.59748077392578,64.81006048167217,65.94091484156682,62.66046556365821,3.0
65.87354164128486,65.49539184570312,64.53537814619045,65.30143721105948,59.67146223159998,2.0
52.55255320003983,54.075992584228516,54.9085878091889,53.84571119781908,54.295099298070966,1.0
75.88046496120353,74.0135498046875,74.06854119176026,74.65418531921709,80.4437392565591,4.0
58.47901319328373,60.301456451416016,59.05612126988728,59.27886363819568,57.8332510780892,2.0
55.45836022389104,55.617557525634766,56.1829280688062,55.75294860611067,48.57806037456922,0.0
56.314942794031886,55.054847717285156,55.37315627869927,55.58098226333877,59.1021691423566,2.0
,,,,,
52.537215731804984,53.33966064453125,53.66459178858255,53.18048938830626,51.16048734544683,1.0
,,,,,
53.594937962042366,54.640296936035156,54.28925600422651,54.174830300768015,66.394685848631,3.0
44.67495194522828,44.17318344116211,39.454400364068185,42.76751191681953,53.04820839153443,1.0
53.77520117147265,51.318626403808594,51.23373478700481,52.10918745409535,58.47937713403456,2.0
57.7023916605643,56.992881774902344,57.02970728658647,57.241660240684375,51.20741849764696,1.0
59.80252084352769,59.86930465698242,60.43764746124109,60.0364909872504,56.22184011547352,2.0
67.9195542239454,69.76818084716797,66.99368226568023,68.22713911226454,55.183408388742166,1.0
57.09624287111052,57.8111457824707,58.88923533889805,57.932207997493094,54.47064758085895,1.0
68.88061541004616,68.13886260986328,67.30736879875258,68.10894893955401,74.27607310499998,4.0
,,,,,
51.17870852236274,49.12601089477539,49.38807318549065,49.8975975342096,63.64088985826448,3.0
56.15045777320482,53.199649810791016,53.80643036265422,54.38551264888335,53.61183880373265,1.0
45.769583203988184,47.516788482666016,48.18014644763725,47.155506044763804,54.447263821951765,1.0
,,,,,
42.807486228914506,45.76942825317383,47.36333494759982,45.313416476562715,36.23770992042303,0.0
,,,,,
,,,,,
57.0768544232593,53.8980598449707,56.587755382532414,55.85422321692079,62.49756782809429,3.0
60.7013446717508,62.10753631591797,60.99519923500324,61.26802674089067,69.44281714511213,4.0
53.642742406712465,52.54967498779297,54.51804948592513,53.57015562681019,45.39769565953311,0.0
56.2146324313248,55.01907730102539,53.96647416305205,55.066727965134085,54.24509325118586,1.0
61.29645597018248,63.286502838134766,62.91582166576392,62.49959349136039,62.69296920114811,3.0
56.75514443853158,55.31803894042969,55.3438767515032,55.80568671015484,59.16775413490552,2.0
,,,,,
46.08574118438502,46.52606964111328,46.36324822899409,46.3250196848308,52.18099712934031,1.0
61.983041723171944,60.04319763183594,60.53618990780729,60.85414308760505,61.73226680019043,3.0
69.3051681557124,76.52448272705078,76.01084215770297,73.9468310134887,75.65562454675388,4.0
63.6292212782174,65.81234741210938,65.54223586398415,64.99460151810365,69.76333048714486,4.0
59.8727111868806,58.16191482543945,58.52789053801156,58.85417218344387,54.0639287652757,1.0
64.71265803176084,66.35531616210938,68.20882591884991,66.42560003757337,75.7178011019568,4.0
53.671725212355824,52.347320556640625,50.70656709930854,52.24187095610167,37.8589736987404,0.0
64.87230879596649,66.39403533935547,66.71519172197405,65.99384528576535,63.82097239893468,3.0
,,,,,
58.096238401823065,52.22373580932617,50.929928378943565,53.749967530030936,59.58496143945276,2.0
,,,,,
53.91337129896504,55.4853630065918,54.87827416042365,54.7590028219935,46.14179457637373,0.0
,,,,,
56.64362800396539,55.71845245361328,55.55751477253855,55.97319841003908,50.21968259985886,1.0
49.40601020192598,47.86228942871094,47.216264005555146,48.161521212064024,44.36326365455292,0.0
50.11054226168821,48.337890625,49.20969123468855,49.21937470712559,49.43621718616874,1.0
69.01933664182053,62.731563568115234,63.50756345045656,65.08615455346411,63.855722955538106,3.0
55.33523179376169,55.30050277709961,55.43130726765559,55.35568061283897,45.48148121155253,0.0
54.65394285135113,56.843849182128906,56.47679112178197,55.99152771842066,44.4914637777709,0.0
48.68757423712126,47.310218811035156,48.173066444936715,48.05695316436438,45.17215847376883,0.0
48.71953567620815,51.0052375793457,50.564201358486244,50.0963248713467,48.1812233885206,0.0
44.517424834249574,48.78660583496094,49.997678659961736,47.76723644305741,50.80317507335592,1.0
53.44821489714495,55.094635009765625,55.48204799179317,54.67496596623457,62.09285344123372,3.0
67.97996371043871,67.46757507324219,67.90990464803099,67.7858144772373,73.6337176779236,4.0
54.666081086402784,53.56105422973633,53.63592656819737,53.95435396144549,56.5822098546224,2.0
66.11096304570661,68.00739288330078,65.52260634806572,66.54698742569104,57.32347363170202,2.0
65.17647412494902,67.65074920654297,67.05351107320318,66.62691146823174,63.2635571013223,3.0
73.38315712840486,71.28230285644531,66.35666304071404,70.34070767518807,77.38211421285389,4.0
61.670105382571386,57.79131317138672,57.367034243194965,58.94281759905103,44.9856716052735,0.0
73.53514194064358,77.75067138671875,77.0734097925215,76.11974103996128,66.84480064134807,3.0
51.45689561213431,50.82850646972656,50.29834624546707,50.86124944244265,50.56861184184051,1.0
68.4314591021606,68.66130828857422,67.73879580267354,68.27718773113612,69.44000085277656,4.0
61.81500012579904,65.67967987060547,65.69110299891457,64.3952609984397,76.33434851598592,4.0
48.32584414608983,47.23826217651367,48.19887681964732,47.92099438075027,37.53092935044034,0.0
53.68501666920226,54.96034240722656,55.25536542808041,54.633574834836416,63.04921686314106,3.0
56.79646521888688,56.55500411987305,57.66743069163651,57.00630001013214,59.88386206227205,2.0
65.40306245205042,67.0075454711914,65.64120015793074,66.01726936039086,54.86552757958385,1.0
67.58093318026336,71.74456024169922,72.39147911967432,70.5723241805456,91.36782955610131,4.0
66.7758511305649,70.94684600830078,71.05799986984808,69.59356566957125,63.75312031349318,3.0
67.1158150392002,67.05525207519531,67.02823036380876,67.06643249273475,72.54447119032125,4.0
51.69241049129237,54.81306457519531,56.129678043364954,54.211717703284215,55.3064869830752,1.0
52.34026204903754,52.77566909790039,52.09704184931849,52.40432433208547,53.1722999205877,1.0
59.005279731728336,59.740264892578125,60.45876052843093,59.7347683842458,59.23699337580909,2.0
51.5718394880289,50.451072692871094,51.750044631704384,51.25765227086813,48.9417024047254,0.0
68.08300464641417,71.4403076171875,71.14788689420236,70.22373305260135,56.13960543261403,2.0
53.33539440741439,54.24148941040039,55.003306523252576,54.19339678035578,56.83130518882692,2.0
,,,,,
50.183602730825214,49.84365463256836,49.66573988483736,49.897665749410315,55.9571678821389,2.0
58.38237498621711,58.66516876220703,59.00422630193579,58.68392335011998,55.17004013079798,1.0
52.63537773927366,51.354347229003906,52.56755835111375,52.185761106463765,53.82922753210309,1.0
62.711989141580716,61.08521270751953,60.521480495260555,61.4395607814536,67.66683257263078,3.0
50.76853064756417,51.9261360168457,52.515106526545075,51.73659106365165,37.48144376054469,0.0
57.62953085157414,55.78246307373047,55.64901650303275,56.353670142779116,60.60105255081167,2.0
70.06393084567294,70.27900695800781,68.30343374322094,69.54879051563388,71.6620574023894,4.0
59.10059564173792,61.41259765625,60.21862254853117,60.24393861550637,65.5190299833414,3.0
,,,,,
55.324409569132165,60.05263137817383,57.497819778626805,57.62495357531092,54.91042547295467,1.0
57.36621386535514,56.992881774902344,56.422482532594785,56.92719272428409,64.81294338963991,3.0
,,,,,
58.10319720388231,56.363243103027344,56.26749446232787,56.91131158974584,58.92852935625765,2.0
69.7097426106134,66.79557800292969,69.01887889515871,68.50806650290059,74.21568275755574,4.0
,,,,,
51.56577978587841,52.3054084777832,49.94662354298856,51.27260393555006,43.18857525977764,0.0
,,,,,
71.19677953056903,71.90496063232422,71.49516216805267,71.53230077698197,70.15452039116876,4.0
68.9738548940908,68.3407211303711,67.1966789392367,68.17041832123287,65.99789010576994,3.0
56.4061763229279,58.40548324584961,58.947623968296874,57.919761179024796,61.32334979216032,3.0
57.40739522506149,55.95194625854492,55.95105236835121,56.43679795065254,54.674339783648776,1.0
54.514169717184814,57.2579460144043,56.89660835173782,56.222908027775645,65.18526952063483,3.0
49.212834167178926,48.8197135925293,47.73863356062028,48.590393773442834,43.90582228639565,0.0
59.45488863502094,60.979976654052734,62.37921290603669,60.93802606503679,68.2721199276305,4.0
50.20959698319549,49.86383056640625,50.50273357921455,50.19205370960543,53.77365312152641,1.0
59.15300886417865,58.7235107421875,56.62259892420447,58.16637284352354,60.61548711952546,2.0
48.10527100721755,49.1404914855957,51.179834920639216,49.47519913781749,58.17411574694172,2.0
73.1930104752569,68.81698608398438,68.28823787734748,70.09941147886292,86.34635976148789,4.0
70.25205337475107,69.90350341796875,71.32548059543552,70.49367912938511,74.38541190937718,4.0
59.87680616304204,63.842288970947266,62.7761361411567,62.16507709171534,62.571777426578905,3.0
54.53864480179153,52.263526916503906,52.74194623929718,53.181372652530875,58.91973264219397,2.0
,,,,,
53.26465407503319,56.40021896362305,57.35420861956594,55.673027219407395,52.93307149496995,1.0
69.43980999133187,67.87748718261719,67.08531963407047,68.13420560267319,63.40330755208804,3.0
48.941388711814,49.285701751708984,49.891933778547134,49.373008080690035,52.28010418450854,1.0
47.98686383598197,46.80476760864258,49.863795642727595,48.21847569578406,48.35202168882833,0.0
60.16717827232232,58.62517547607422,56.58966401218025,58.46067258685893,61.35139019515278,3.0
44.873158166391704,47.674888610839844,48.58933369172653,47.04579348965269,41.4512557401314,0.0
59.07534564572115,60.37204360961914,60.65109654974454,60.03282860169494,58.84005401573501,2.0
58.238630306444065,57.63307571411133,57.28250498606494,57.71807033554011,55.68069465066831,2.0
63.59582765434464,63.964080810546875,63.61748021468418,63.725796226525226,61.6664702610264,3.0
56.826563301283215,54.837764739990234,56.461865909493206,56.042064650255554,41.086285359053335,0.0
60.5021026310541,56.45596694946289,57.029669541382276,57.99591304063309,81.46638167235702,4.0
55.08741710470925,52.579524993896484,54.589819431832645,54.08558717681279,52.44734468178199,1.0
56.53959327722211,52.72093963623047,51.934918981754386,53.73181729840232,48.39746739325077,0.0
48.66090619848052,50.54983901977539,51.436072873136226,50.215606030464045,51.68041014422043,1.0
50.108072311452766,51.00458908081055,51.25290453724582,50.78852197650304,40.36723507374732,0.0
53.95216036693791,53.960941314697266,54.80986489776883,54.24098885980133,51.62202471199915,1.0
50.369869201962395,48.0867919921875,49.53932725154757,49.33199614856582,49.19915397724778,0.0
55.28344310250731,49.47121810913086,50.1430192412619,51.63256015096669,50.0741538095359,1.0
57.136703619489914,56.43411636352539,56.54135253751928,56.70405750684487,55.20021678677635,1.0
48.840286316609735,49.50007629394531,48.87947268095616,49.073278430503734,42.71717416296981,0.0
44.69101125035687,47.3631477355957,48.04890627726352,46.70102175440536,45.216685414268014,0.0
50.448386057767486,49.09013366699219,46.262293747292425,48.600271157350704,58.97989983615112,2.0
60.79890987065548,58.8730354309082,59.4452354355151,59.7057269123596,58.045672864809504,2.0
46.75864714445844,48.28401184082031,48.68984058281422,47.910833189364325,59.09940135650842,2.0
54.54802504339711,55.39418029785156,55.803591613691964,55.24859898498022,49.77118844499783,1.0
,,,,,
,,,,,
52.45675613835348,50.67644500732422,49.73101089046801,50.95473734538191,59.53616628847809,2.0
55.77768049477988,55.66627502441406,55.63329720632992,55.69241757517462,50.88493458208417,1.0
55.10271985211122,52.16659164428711,51.046326487229685,52.77187932787601,50.92689744358936,1.0
57.780738625623236,56.93980407714844,58.91682382659229,57.87912217645465,46.02722697071277,0.0
53.40584704437633,54.304134368896484,55.779371873435636,54.49645109556948,58.249397094584765,2.0
45.8479703065641,47.566497802734375,48.01406738395314,47.1428451644172,53.344325324870326,1.0
68.16107692946191,68.1013412475586,68.44267921425315,68.23503246375788,59.16967209662798,2.0
69.65666641586193,67.1112060546875,67.28652217168872,68.01813154741272,70.80002536656373,4.0
51.122064037728535,51.64051818847656,51.930161415443244,51.56424788054945,47.38732589266802,0.0
55.29506389952331,53.6495475769043,52.82075145050723,53.921787642311614,59.81125689443535,2.0
52.247344368516565,49.7686767578125,49.283575263143064,50.43319879649071,60.16299799625087,2.0
66.1439455029933,62.91867446899414,63.19964260641382,64.08742085946709,65.29903140979224,3.0
59.02332330201207,58.9090576171875,57.42641262747645,58.45293118222534,56.008120787758,2.0
,,,,,
49.47980934018781,50.90175247192383,52.25557275629591,50.879044856135856,57.88657139048114,2.0
47.320902715516176,48.479698181152344,48.442655850807476,48.081085582492,47.02799439457113,0.0
,,,,,
57.1179542594628,55.63422775268555,55.567637837628624,56.10660661659233,60.28682612862493,2.0
76.45226711370573,79.57001495361328,76.87974040727816,77.63400749153239,85.05216562728829,4.0
42.16266407707011,44.870235443115234,46.06877085296715,44.3672234577175,51.92063552910056,1.0
63.295112846947184,64.3755111694336,64.63980306124584,64.1034756925422,57.90652820825756,2.0
72.41220870293604,70.87452697753906,70.59965234820821,71.29546267622777,81.47203023877515,4.0
55.767031537823364,51.46589279174805,51.25300527725625,52.828643202275885,65.25966899767279,3.0
43.634609086374255,46.023231506347656,45.41559039014061,45.02447699428751,49.42826641304121,0.0
55.921014559179945,56.426063537597656,56.51776425738268,56.288280784720094,67.13891148368242,3.0
,,,,,
51.45447533343461,49.3698844909668,49.17129939153021,49.9985530719772,53.074097557260245,1.0
,,,,,
58.46969718225698,56.75987243652344,56.87547112028318,57.368346913021206,60.175916930065256,2.0
63.820084864811484,65.1522216796875,66.04701559903701,65.006440714512,54.50141357837218,1.0
53.63059547562428,55.40109634399414,57.2610225629489,55.43090479418911,45.13430875846582,0.0
59.78834798530354,67.86334991455078,61.048196903194686,62.89996493434967,77.65454440798032,4.0
44.889995898313245,49.996673583984375,49.845258499688164,48.243975993995264,60.33803668984737,2.0
62.37747141905495,64.62255859375,65.510851056915,64.17029368990664,63.84251173095416,3.0
,,,,,
71.38117125490949,69.61430358886719,70.72845178071888,70.57464220816519,68.74849891486456,4.0
46.80217072754475,47.2547492980957,47.71584532462046,47.25758845008696,47.90639154413261,0.0
71.32572708637146,70.33405303955078,72.25302182189115,71.3042673159378,60.94584847592421,3.0
54.085468392357946,55.57875061035156,56.43755788454916,55.367258962419555,50.293890914164095,1.0
67.2592902139245,66.61009216308594,65.85877429548692,66.57605222416578,67.05899374476991,3.0
51.486998985159,49.741600036621094,47.26187044732231,49.49682315636747,46.33470107110702,0.0
59.34226588311275,59.543025970458984,58.68542200691209,59.19023795349461,61.03390842215914,3.0
52.48748580027146,54.3372688293457,56.078800673456314,54.30118510102449,54.72237380133443,1.0
58.96092010815326,57.92229461669922,58.17517274459981,58.352795823150764,53.56887768313336,1.0
50.67604722284607,51.7867431640625,52.43497707054562,51.63258915248472,52.114113349918,1.0
66.1035613411219,64.12142944335938,66.07655759235482,65.43384945894537,64.20483695068148,3.0
67.14795686165353,67.06108093261719,66.16347560291193,66.7908377990609,68.65476325326502,4.0
55.724021986058624,54.95946502685547,53.8263228031521,54.83660327202207,55.18110184231573,1.0
,,,,,
71.06141736897159,74.15099334716797,70.89450780727886,72.03563950780614,81.55692661936432,4.0
,,,,,
68.79464020261584,70.21775817871094,67.71745415315307,68.90995084482661,69.48124888287838,4.0
70.26934279059323,68.11968231201172,67.79025433308043,68.72642647856179,65.6436448449174,3.0
47.889667734177856,50.87042236328125,50.904583719103144,49.88822460552075,44.89618550605222,0.0
43.544121355295914,44.87406921386719,47.41258682302853,45.27692579739721,40.571538565947165,0.0
59.91604115227628,59.2378044128418,59.76289478102681,59.63891344871496,57.51844154831547,2.0
60.65713954874588,61.9836311340332,60.55363949267235,61.06480339181715,76.72067778888534,4.0
63.03357505877998,60.841094970703125,61.17610813961331,61.68359272303215,65.60901075099962,3.0
,,,,,
51.81958020527623,50.89679718017578,51.65266086085204,51.456346082101355,51.099860617634256,1.0
60.58905635908274,57.48346710205078,56.30879807118281,58.12710717743878,55.534355725040285,2.0
60.439053931700556,58.3195686340332,58.475319454994334,59.07798067357603,67.99426169358975,4.0
56.58179850301562,50.718421936035156,50.539608154489194,52.61327619784666,47.22628847957872,0.0
61.16988075809247,60.191165924072266,61.849024348532325,61.07002367689902,55.11778745159106,1.0
56.29166400915915,55.99490737915039,56.1519491971544,56.146173528487985,54.17662154243297,1.0
,,,,,
51.93114934394066,52.62596893310547,51.77942355236212,52.11218060980275,54.39814660958466,1.0
,,,,,
57.35012751100751,65.25421142578125,62.12847858172082,61.577605839503185,49.87675198989376,1.0
48.7612285810643,51.14546203613281,50.49240187499768,50.1330308307316,51.31048723677388,1.0
,,,,,
67.14388845509856,69.74830627441406,70.24190594124171,69.04470022358477,60.61619317044314,2.0
49.030763832664135,51.45805740356445,52.530868529598756,51.006563255275786,41.51522538491981,0.0
60.68102094889912,59.86249923706055,58.81101424379103,59.7848448099169,67.29540385859517,3.0
,,,,,
59.14673219937174,61.32829666137695,63.029969064693915,61.1683326418142,72.07128369092804,4.0
53.919176942632845,55.05051803588867,56.38284872401181,55.11751456751111,62.49515103708276,3.0
69.0041452476836,69.98639678955078,70.45176908338745,69.81410370687394,62.6378446564384,3.0
55.89905136210732,58.3196907043457,60.027430672454315,58.08205757963577,42.08128068151413,0.0
42.37122152325782,43.3576774597168,44.367677754625255,43.36552557919996,29.19597164339167,0.0
66.40082319840826,68.93904876708984,66.56167573107487,67.30051589885765,67.86634772952294,4.0
59.76902310412963,61.82689666748047,61.477145091364,61.02435495432471,77.56313692113001,4.0
62.51154446311984,63.38383865356445,60.7046812857435,62.20002146747593,54.973517435566976,1.0
55.70750256256817,54.1048469543457,55.62483353441041,55.145727683774766,54.406085213766346,1.0
64.89121622940281,63.150611877441406,61.624234730419026,63.222020945754416,54.6794819171335,1.0
52.301457463073255,52.67702865600586,53.53453446923806,52.83767352943906,55.1685394302168,1.0
57.29159393010466,54.68770217895508,54.94555103670173,55.64161571525383,46.26484499026172,0.0
51.16258129573195,50.405982971191406,48.62635964933985,50.06497463875439,50.94778318559443,1.0
67.6694808872477,66.39508819580078,65.89106225937735,66.65187711414195,75.83572753364365,4.0
,,,,,
58.376431201616505,58.32551193237305,59.913361617966856,58.87176825065213,66.76274784530676,3.0
65.55659461993152,66.50836181640625,67.41225982160447,66.49240541931408,66.44033270633706,3.0
47.315192255476184,50.011932373046875,51.346834469419086,49.55798636598072,50.25983389172323,1.0
56.520846654892985,57.798095703125,57.412586255431954,57.24384287114998,72.35548127355864,4.0
49.162749184605694,48.14936828613281,48.036640081296085,48.449585850678204,50.09366519143469,1.0
57.44004008211719,61.8946533203125,58.94970434470887,59.428132582379526,60.12265851790884,2.0
62.398049022666065,61.80308532714844,62.02124710145813,62.07412715042421,63.89866742939765,3.0
,,,,,
56.23354585393729,55.14826202392578,56.93499438635053,56.10560075473787,67.07510653817789,3.0
70.2327631191712,69.98357391357422,70.77696152998838,70.33109952091127,64.43178364976099,3.0
64.36147974175331,66.82586669921875,66.47732110481769,65.88822251526325,59.98309712983807,2.0
75.4577869153237,74.53759002685547,73.02501639101234,74.34013111106384,54.52572163259123,1.0
,,,,,
,,,,,
50.34877154393129,50.16033172607422,51.9051696741691,50.80475764805821,44.49331132482863,0.0
48.945155934884625,51.079322814941406,49.84722890779177,49.9572358858726,59.07902358776586,2.0
72.18407933547968,70.33796691894531,71.98929927222134,71.50378184221545,85.19536427724435,4.0
57.73860717563402,60.012393951416016,60.19876209166181,59.31658773957062,56.7315337395107,2.0
47.730437585404154,50.53157424926758,49.97963048428667,49.41388077298614,46.99588380306957,0.0
49.9054455586542,51.420780181884766,50.48764685231738,50.60462419761878,53.316926598340245,1.0
49.18558563042211,49.86896514892578,50.12855577486935,49.72770218473908,64.05890726527377,3.0
55.434369990955204,52.79780197143555,52.99005978652426,53.74074391630501,48.22525604082699,0.0
71.40905028679435,72.43997192382812,71.12647858824087,71.65850026628779,74.16526123034228,4.0
54.454114813994906,52.196014404296875,50.63475952297667,52.428296247089484,54.535393936929125,1.0
71.4207631640844,70.34345245361328,68.74800337914861,70.17073966561543,95.36080173247493,4.0
62.94879587063544,62.793052673339844,62.992145939753996,62.91133149457644,65.23622846799901,3.0
46.59056929673327,46.618255615234375,47.12523340743246,46.77801943980003,47.873693156915145,0.0
55.823374947385034,52.12557601928711,51.3098319844429,53.08626098370501,45.65251630947717,0.0
50.63588711948132,51.0706787109375,51.59368180717114,51.10008254586332,58.475900629700455,2.0
58.798907696974,57.599700927734375,58.175971908145875,58.191526844284745,65.39383472182439,3.0
49.79606975441921,50.030487060546875,51.03024489438902,50.28560056978503,41.69296512102663,0.0
56.71078798661411,60.62712097167969,57.93250593494899,58.42347163108093,68.63274832369325,4.0
,,,,,
44.232094978303095,47.33417510986328,48.057963708254576,46.54141126547364,42.67796500928736,0.0
68.79483219526315,70.15017700195312,69.58037385696666,69.50846101806098,74.83727415584721,4.0
53.77101462360763,52.06797790527344,51.07832802302481,52.30577351730196,59.556574594509634,2.0
53.894563971538545,54.94643020629883,56.324939298826635,55.055311158888,50.18133878541119,1.0
45.3422137992801,47.397342681884766,47.745296905850715,46.82828446233853,43.63685891694934,0.0
57.159467715789276,55.96793746948242,56.05397514677711,56.39379344401627,49.95075123298819,1.0
54.252810430069616,57.512062072753906,56.12523605298308,55.9633695186022,57.55812045834156,2.0
67.48813879354311,65.00181579589844,65.7905436004567,66.09349939663275,70.43456681358118,4.0
49.03428541223036,46.28702163696289,45.492969499519205,46.93809218290415,47.8099347617534,0.0
69.21572554873096,68.54242706298828,68.57221807159212,68.77679022777045,73.8313483003796,4.0
70.39054463024829,71.16596221923828,68.82909878567351,70.12853521172002,64.18913970258636,3.0
50.404168693938054,49.29147720336914,51.909128616144066,50.53492483781708,53.28999827055195,1.0
50.24443287511273,52.74100875854492,52.16414755596775,51.716529729875134,41.37292850956943,0.0
75.14106354284762,75.905517578125,76.02950067597014,75.6920272656476,60.71070304260278,3.0
45.84529625153761,47.39902114868164,48.183136598215405,47.14248466614489,36.95963391834981,0.0
50.60708184221684,52.52351379394531,53.40479146269182,52.178462366284656,47.15317021299244,0.0
54.62058990272623,56.54066848754883,56.22856863825679,55.79660900951061,62.25265686934991,3.0
57.74814035881828,58.05769348144531,58.9625956564466,58.25614316557007,46.94613071232479,0.0
54.880994835620136,55.70081329345703,56.078142056510785,55.553316728529325,51.41348731979922,1.0
66.19863123213455,67.25440979003906,67.62257600749099,67.02520567655488,68.80720145554555,4.0
68.77331293412527,68.83090209960938,68.02401898348407,68.54274467240624,62.62187171073858,3.0
45.29539742198273,49.930198669433594,49.86827656457492,48.36462421866375,50.76655493001056,1.0
,,,,,
65.74045364564535,67.56941223144531,65.99410657523042,66.43465748410703,59.97471945128407,2.0
47.691172185197395,48.8337287902832,48.143833472154824,48.222911482545136,49.902545998536446,1.0
65.48512122088972,64.33010864257812,63.911282394634476,64.57550408603412,62.09703627959179,3.0
54.35905504541171,54.10554122924805,54.18449602316635,54.216364099275374,45.66199642216525,0.0
50.16413010036201,51.306575775146484,49.674464279701766,50.38172338507008,46.320925494303474,0.0
57.85854968502742,58.690608978271484,57.455228957963804,58.0014625404209,66.37240121859575,3.0
54.39666126817954,54.123069763183594,51.31435836099165,53.27802979745159,57.58684436792944,2.0
49.51396509075152,50.203731536865234,50.89464544849301,50.204114025369925,52.1653071828629,1.0
58.16899056680338,58.86465072631836,59.285044181552784,58.77289515822485,51.513869415504615,1.0
,,,,,
49.4609680978251,48.61709213256836,49.309933267076765,49.12933116582341,56.07982210498752,2.0
44.45998419861737,47.35735321044922,48.41358796106838,46.74364179004499,54.52533991545007,1.0
67.67055241997325,66.56073760986328,67.0610844907585,67.09745817353168,79.34841180046062,4.0
65.0602302125191,64.27275848388672,63.87886363664586,64.4039507776839,52.0707180838133,1.0
64.63031215983297,65.43930053710938,65.2789879705453,65.11620022249588,55.26420877370351,1.0
64.45412244379877,62.809993743896484,62.65045662451225,63.30485760406916,69.64129432249699,4.0
,,,,,
59.51702675952039,59.93096923828125,59.78784208479554,59.74527936086573,56.990457676824285,2.0
54.044610063570595,56.4658088684082,56.91556137404545,55.80866010200808,60.93132650813747,3.0
50.31853613721155,51.380279541015625,52.49423608654696,51.39768392159139,41.68831176961954,0.0
65.2818662124409,61.870147705078125,62.89454916227289,63.348854359930634,42.232287022318616,0.0
53.11981689599097,54.044761657714844,53.61854273582465,53.59437376317681,48.302168785746765,0.0
74.21566047108813,77.41722106933594,77.20205273321793,76.27831142454733,73.17936223300026,4.0
58.42862277308707,57.973297119140625,56.37081627174321,57.590912054656975,50.34049250748677,1.0
59.401671076494594,57.54185104370117,55.773951070193405,57.572491063463055,70.4569585283456,4.0
63.25992346660477,64.89700317382812,63.88782313290281,64.0149165911119,61.957039044465816,3.0
49.889348142440895,52.1236572265625,54.041113444309346,52.01803960443758,57.0650909958984,2.0
53.55171777844409,53.08173751831055,54.307074520184806,53.646843272313156,56.55406099908699,2.0
64.40593289563586,67.36933898925781,65.55363478232057,65.77630222240475,72.12419978105699,4.0
60.83527200512425,59.97834014892578,59.85533121041437,60.22298112148814,67.043245866023,3.0
70.40274567470058,69.96641540527344,69.8091150484934,70.0594253761558,66.78118756654189,3.0
48.248881342093796,48.6289176940918,49.18554556722709,48.68778153447089,44.27943829362176,0.0
75.1661252272081,71.91287231445312,73.48959165119035,73.52286306428387,68.41674004318305,4.0
52.72206672617943,54.8810920715332,55.54320682695858,54.3821218748904,63.09353269659788,3.0
47.33203731353794,45.62247848510742,45.666346705786175,46.206954168143845,50.71085800884452,1.0
47.77400875483408,48.044918060302734,47.18476542410185,47.66789741307955,44.75519134087841,0.0
72.17819842509186,70.8773193359375,71.63427981615219,71.56326585906051,58.85347726479677,2.0
53.96393798159043,53.33476257324219,52.88926632626415,53.39598896036559,53.9653316754054,1.0
46.94429802748608,47.38629913330078,50.290651451074076,48.20708287062032,43.48900199609633,0.0
44.09286611798248,46.50056076049805,47.6800655671868,46.09116414855578,40.3332596093665,0.0
51.960688407494764,54.44180679321289,55.43370397528735,53.94539972533167,57.745549307490336,2.0
72.21456746694875,67.02375793457031,66.33428961666698,68.52420500606202,71.62315145232712,4.0
,,,,,
62.91045292516899,62.36661911010742,62.43822067757428,62.57176423761689,71.86205472898531,4.0
69.01582350213526,67.4709701538086,71.21025238059102,69.23234867884496,72.37311406519215,4.0
57.1166707198576,54.21078872680664,55.8415019614918,55.72298713605202,66.37420434250683,3.0
41.983755465244876,43.54652786254883,43.5874760950865,43.03925314096008,53.61558694704269,1.0
53.43218081544927,53.39847946166992,50.624889094195545,52.48518312377158,50.4269823351429,1.0
53.916309274721314,50.8675422668457,49.5637622826036,51.449204608056874,50.061498262691735,1.0
53.984733546922875,54.322227478027344,53.990554943899056,54.09917198961642,63.41907803117529,3.0
71.3380884842083,66.05863952636719,67.08720585514777,68.16131128857442,83.70867112513004,4.0
55.029295429338724,52.65016555786133,53.9944193911994,53.89129345946649,51.982568319510094,1.0
58.25295940127043,55.435089111328125,54.38730796124713,56.02511882461524,47.33628976666484,0.0
42.96183147142557,46.93989181518555,48.47194744153516,46.124556909382086,39.68478305592021,0.0
72.39602898411195,72.53711700439453,74.40252553632655,73.11189050827768,74.87622328560641,4.0
68.82070123038851,68.33379364013672,66.99123868363313,68.04857785138613,65.02440236895607,3.0
46.098659289940805,48.268009185791016,48.820614988719306,47.72909448815037,49.0421106354959,0.0
,,,,,
57.09608270225628,56.42981719970703,58.90278836918775,57.47622942371703,48.40410791571709,0.0
74.3269438741124,73.91046905517578,72.78279369255479,73.673402207281,70.41936344142475,4.0
,,,,,
63.32410547339206,63.711341857910156,64.61745309875015,63.8843001433508,66.30291228820641,3.0
56.28720236882077,53.42489242553711,52.9010275169533,54.20437410377039,47.544685181897634,0.0
52.026272026258354,51.561832427978516,51.46017667642713,51.682760376888005,45.76324151961148,0.0
56.90426700580324,57.47410202026367,57.333446921717105,57.23727198259467,73.62172443693309,4.0
69.53234738869118,71.63028717041016,69.0843523219396,70.08232896034697,73.3060935490867,4.0
47.561282123244986,49.04416275024414,50.50529253146026,49.036912468316466,53.63597726186017,1.0
59.03939605291254,56.38764190673828,56.89220437829875,57.439747445983194,65.2054605577522,3.0
47.20320813632652,50.034523010253906,49.75055845936238,48.99609653531427,47.74744983847052,0.0
65.81287385950014,63.84139633178711,66.95195699165795,65.53540906098173,58.36025172489981,2.0
63.87777182626065,67.90568542480469,65.02550167433655,65.6029863084673,65.15786026152676,3.0
67.25469996604369,65.22826385498047,66.68757014373455,66.39017798825292,61.57373794755565,3.0
50.39554013000662,51.60498809814453,52.18811507656063,51.396214434903925,52.9210028301064,1.0
57.283134480696454,57.549339294433594,57.60905302509484,57.480508933408295,62.42519422366662,3.0
60.74327766896691,62.32733154296875,60.98226046382554,61.350956558587065,72.01872515250993,4.0
57.060404189925336,57.86827850341797,57.72778481795444,57.55215583709926,58.82882874792693,2.0
51.44855010775282,49.68950271606445,49.86310333035748,50.33371871805826,49.3714840815849,0.0
71.6022443675987,71.23673248291016,70.0813950028222,70.97345728444368,65.21179293257241,3.0
57.778976767686366,63.11817169189453,63.428837442933805,61.44199530083822,76.27440491437511,4.0
63.02184007963611,63.55958557128906,62.92738705992288,63.16960423694935,63.61909830977877,3.0
59.511383108919254,61.468719482421875,61.63262177150116,60.87090812094743,71.21909430599801,4.0
68.34032767909032,64.22196197509766,68.33842362269078,66.96690442562625,53.75867037764705,1.0
45.862626690840784,47.98908615112305,47.500215901827424,47.117309581263754,51.30984108502464,1.0
47.90717981320072,50.991817474365234,50.354947098887266,49.751314795484404,46.63759511062906,0.0
48.10073794637713,50.045658111572266,49.084492793686856,49.076962950545415,52.730857057228896,1.0
49.94167159967124,51.50566101074219,51.53516109235953,50.994164567590985,52.39674850482184,1.0
,,,,,
,,,,,
,,,,,
60.65364373255756,63.453529357910156,62.67257435395469,62.25991581480747,48.727455586134575,0.0
57.265165200957675,55.05502700805664,57.08583510295472,56.46867577065635,57.1587674628116,2.0
66.2469969959304,66.36972045898438,69.04948078361203,67.22206607950893,67.18012151691568,3.0
61.6360332891155,64.5387954711914,65.14160373150973,63.77214416393887,58.693603172077054,2.0
,,,,,
64.84325364350052,64.86775207519531,66.15431735759631,65.28844102543071,62.15832560036181,3.0
70.33322461999255,69.92826080322266,69.7634065346194,70.00829731927821,66.0413319124875,3.0
55.749761670444485,59.23080062866211,59.6114659146456,58.1973427379174,44.728810005810026,0.0
53.849873762123046,54.80880355834961,53.49947921443322,54.05271884496863,46.52376434753272,0.0
48.62507122364961,49.06330871582031,50.346672255202854,49.34501739822426,60.01386236903052,2.0
53.14316898787342,48.977882385253906,50.50863907198799,50.87656348170511,44.84874329788149,0.0
76.70297332389927,74.80995178222656,76.27025077820821,75.92772529477801,78.5363970129302,4.0
73.91835885367324,72.70109558105469,72.00212948466803,72.87386130646532,78.18796588556984,4.0
56.584330987287125,56.862186431884766,57.18076979917546,56.87576240611579,54.085326758433546,1.0
57.89893639802592,56.739830017089844,57.883864152126,57.507543522413926,67.65421047556244,3.0
54.53864480179153,52.263526916503906,52.74194623929718,53.181372652530875,60.92011473026567,3.0
59.50365980874538,58.28993606567383,60.28806528569992,59.36055372003971,48.33416884492748,0.0
,,,,,
46.03918280040801,45.432674407958984,45.90001411994149,45.79062377610283,62.16429791944386,3.0
55.144183695672154,55.09712219238281,55.022259014132295,55.08785496739575,51.59461606944024,1.0
48.205397976827776,49.43044662475586,49.67453770907768,49.103460770220444,52.054486722435165,1.0
57.96922645975734,56.572731018066406,56.340512396633514,56.96082329148575,45.494489685071,0.0
67.55345301624082,67.07492065429688,66.73441804603063,67.12093057218944,77.24514854976375,4.0
64.86876222837701,68.18714904785156,67.65829996075891,66.90473707899584,72.67215273279612,4.0
52.98964798526037,58.496150970458984,56.190122027792725,55.89197366117069,50.548321279236006,1.0
49.18793148650417,50.68953323364258,49.643522011788924,49.84032891064522,48.42517797721082,0.0
56.368428736934206,53.42223358154297,54.163498763232596,54.6513870272366,54.58401146583054,1.0
51.80932446709548,52.72041320800781,55.190166926315754,53.239968200473015,51.33891299424482,1.0
62.659418502307986,60.07615280151367,61.157523626506475,61.297698310109375,59.92251651412573,2.0
58.84513921848853,58.218650817871094,56.56744830475629,57.87707944703863,39.92571237036335,0.0
48.10675723836655,46.797080993652344,48.374475432382724,47.759437888133874,53.553551963149694,1.0
62.55693815977547,63.662841796875,64.69792194668705,63.63923396777917,50.711461301686086,1.0
69.86841320508309,64.42111206054688,65.64440479265632,66.64464335276209,60.93120940515709,3.0
53.39758290765228,52.20851516723633,52.180220554446656,52.59543954311175,49.823330961081616,1.0
54.46368590569968,55.356021881103516,55.75913764291995,55.19294847657438,54.11769546470206,1.0
60.58905635908274,57.48346710205078,56.30879807118281,58.12710717743878,56.48994676401393,2.0
67.71106208821946,63.396202087402344,63.01450581207639,64.70725666256607,52.26780086867976,1.0
54.90953024819677,54.224525451660156,54.21201341880808,54.44868970622167,43.63225017809424,0.0
45.73330274047953,46.56514358520508,47.950885463412995,46.749777263032534,56.914454066405845,2.0
73.75261088422796,69.14679718017578,70.48140141187328,71.12693649209234,69.35607102183413,4.0
58.77335392146832,58.7235107421875,56.62259892420447,58.039821195953415,69.74779875294995,4.0
45.43727616141027,49.53290557861328,50.67261743469662,48.54759972490672,47.168567846647534,0.0
53.84357628253827,52.57048797607422,54.07196117055961,53.49534180972403,53.39943160819104,1.0
55.53829495819471,55.143497467041016,55.161165688631115,55.28098603795561,57.62500922518241,2.0
59.42687670871808,63.4970588684082,62.77343399584831,61.89912319099153,72.20268894949459,4.0
58.957607002744446,57.512569427490234,57.429634907421374,57.96660377921868,54.26048260925351,1.0
,,,,,
70.04964526973124,66.31361389160156,68.37861554861054,68.2472915699811,58.04480917543852,2.0
53.48094165718946,54.56510925292969,55.52788885231332,54.52464658747749,56.42045895041031,2.0
59.692052843074286,58.54368591308594,59.08679034870049,59.107509701620245,54.98822499629412,1.0
62.024640960267924,61.171836853027344,62.28574349459891,61.82740710263138,70.7502838571727,4.0
48.413896568267745,50.02116775512695,50.94932526299061,49.7947965287951,59.091175944423085,2.0
73.14643832601465,73.50415802001953,72.09184341513506,72.91414658705641,61.61473443563773,3.0
,,,,,
62.37554718967974,60.23212432861328,61.709757589446234,61.439143035913084,52.08059415150798,1.0
58.62804407586627,57.92795181274414,57.93510568714163,58.16370052525068,69.10716451525947,4.0
69.33852558100996,67.92543029785156,68.95302048936611,68.73899212274254,72.63344780220717,4.0
69.7436339558797,70.78775024414062,71.85558688190922,70.79565702730984,59.145430894561294,2.0
,,,,,
,,,,,
,,,,,
54.669383906951154,52.96744918823242,53.106566040733604,53.58113304530573,62.01110040673654,3.0
,,,,,
70.4361986509737,69.4253158569336,69.40451378339233,69.75534276376654,75.63802236057451,4.0
,,,,,
50.38949096663952,51.26771926879883,51.87712058463067,51.17811027335634,56.13746856505674,2.0
50.34405816571267,51.28777313232422,51.537846168540675,51.056559155525854,52.42096274432154,1.0
71.72224366411496,70.89840698242188,71.70506028880439,71.44190364511374,66.59882295026715,3.0
61.61913123575287,61.915592193603516,64.61164548252164,62.71545630395934,64.58128252705212,3.0
55.287484421633614,56.058799743652344,55.75814637005316,55.701476845113035,63.057607713044206,3.0
57.56926791403343,56.1692008972168,56.0733170524949,56.60392862124837,54.18559151222443,1.0
69.57776933594546,68.16307067871094,70.70157321802029,69.48080441089222,72.04746511253413,4.0
68.79388165354706,64.83589935302734,66.1519993214022,66.5939267759922,72.90118019915252,4.0
59.77914922332783,59.17338180541992,56.61408223878951,58.522204422512424,77.16015315563615,4.0
60.00297373650728,59.32059860229492,62.259644918838816,60.52773908588034,72.2831503680247,4.0
,,,,,
67.54311865152665,70.54817962646484,71.10901954501331,69.73343927433494,81.34641400483146,4.0
,,,,,
,,,,,
67.41521997726156,68.94609832763672,69.16480176217166,68.50870668902331,73.86284837979824,4.0
69.15004096026888,74.87950897216797,71.69300683302919,71.90751892182202,67.94472309115932,4.0
52.86190128519264,50.173133850097656,49.73175567004819,50.92226360177949,44.84218695330086,0.0
52.537975323754004,54.604331970214844,55.31036080417261,54.15088936604715,45.280450013520586,0.0
53.32077007516178,48.65229034423828,52.41868000899776,51.46391347613261,55.57744974432174,2.0
60.01413330401808,57.904109954833984,59.78494613006578,59.23439646297262,58.58335449684926,2.0
48.82709937067301,51.193443298339844,51.69733255259348,50.57262507386878,43.07313892253226,0.0
58.198697119094966,56.14195251464844,55.58885167461457,56.643167102786,55.59586908974242,2.0
,,,,,
57.33789727839298,58.25435256958008,59.117980728569094,58.23674352551404,63.45863670727103,3.0
62.50144744203456,59.935577392578125,59.57964615361335,60.67222366274202,66.55226193275871,3.0
51.2909349975672,47.62083435058594,47.88934268595967,48.933704011370935,55.86012385256002,2.0
68.63966903223363,70.58038330078125,68.40885193963994,69.20963475755161,70.65556306851255,4.0
59.22750841025178,57.2117805480957,57.46425410565202,57.967847687999836,63.21947502926963,3.0
52.47349502008089,54.629268646240234,55.48584456846885,54.19620274492999,49.33664773930248,0.0
65.55460894539611,71.50263214111328,69.68195052305467,68.9130638698547,71.41041061074533,4.0
53.205754322096034,56.80294418334961,54.78909188996268,54.93259679846943,60.27918672010421,2.0
59.36249911818741,60.43019485473633,59.27993768325577,59.690877218726506,68.4864919936336,4.0
54.69754200402841,53.185909271240234,52.50453214153759,53.46266113893541,46.67215663121469,0.0
52.135846496216494,51.656925201416016,50.665462317904385,51.48607800517897,49.630829427215176,1.0
48.49300411228079,49.293373107910156,49.70085131552196,49.16240951190431,41.77717703153096,0.0
50.15762516369585,49.69199752807617,50.29794463073365,50.04918910750189,62.45183201310831,3.0
56.31802113314774,55.642738342285156,56.17939745870329,56.0467189780454,58.7660530190149,2.0
44.92297705583513,47.42250061035156,48.09362708312762,46.813034916438106,47.20079846656474,0.0
57.996634726927844,56.64091491699219,56.78247492788687,57.140008190602295,62.68187571062872,3.0
45.061704774434936,44.42778396606445,45.403107460321344,44.964198733606906,35.13612359650498,0.0
45.39321312611736,48.56535720825195,48.82107034294367,47.59321355910433,48.8489289222903,0.0
55.884882799780435,57.77861404418945,56.8169726647751,56.826823169581665,55.13913057435363,1.0
55.36833082486718,56.33378601074219,56.48344320749453,56.061853347701295,61.71645064859422,3.0
49.9587967567958,52.25465774536133,52.76885207133627,51.66076885783114,62.459561949618376,3.0
,,,,,
47.91397105267776,49.46380615234375,49.065116137837975,48.81429778095316,57.58208848082624,2.0
51.75475229882801,49.39140701293945,49.46183515540017,50.20266482238921,52.52615091964251,1.0
71.76061046601104,74.43017578125,68.66851335108979,71.6197665327836,60.44280368360196,2.0
50.741257176342785,49.031070709228516,49.88515052177601,49.88582613578243,54.48762663684545,1.0
59.455598812850354,58.63325119018555,58.4472042558676,58.84535141963449,61.97463014351863,3.0
62.98464491712419,58.14329147338867,60.989497166846604,60.70581118578648,70.47415334503017,4.0
,,,,,
48.83974765426328,49.591094970703125,50.57234014128252,49.66772758874964,63.14216354539227,3.0
49.32934930651649,51.61715316772461,50.86856390846907,50.60502212757006,51.24869927804343,1.0
63.67302911345238,60.93111801147461,61.79730194203151,62.13381635565283,56.17787548820559,2.0
59.053430622278064,56.86209487915039,57.26247554712358,57.72600034951734,55.60874123289581,2.0
66.43989101411553,67.2923583984375,68.20901621827126,67.31375521027478,73.86360600835685,4.0
55.761575770072184,55.922523498535156,56.16238404596663,55.948827771524655,56.60591891948605,2.0
62.50868970306668,64.30433654785156,62.21964076238186,63.01088900443337,57.908174455247966,2.0
60.66000777199828,57.716609954833984,58.96005980353635,59.11222584345621,70.97685380804276,4.0
53.47181350287281,54.145530700683594,54.66613076458825,54.09449165604821,50.4500812141553,1.0
63.155493483716334,64.50249481201172,64.3383740734007,63.99878745637625,63.84250243698644,3.0
52.20934689457432,50.883968353271484,50.79782493831669,51.29704672872083,49.726434565048685,1.0
54.37125299315273,55.830223083496094,56.26830955645184,55.48992854436688,54.98764544349231,1.0
55.19163525033313,58.15251541137695,56.989112074317255,56.777754245342436,65.20232824273907,3.0
64.59051788418783,65.820556640625,64.11579683545465,64.84229045342249,64.05533529281932,3.0
58.193700840129324,61.78750991821289,63.330414536664534,61.103875098335585,59.23029345117423,2.0
51.54557089213865,49.118282318115234,49.154884380124756,49.939579196792884,51.39346419467277,1.0
65.80444775597324,64.40625762939453,62.56626720779106,64.25899086438629,59.533576377021774,2.0
65.05509292395995,67.95893859863281,69.33151114271544,67.4485142217694,63.98477656127695,3.0
52.14051972671429,51.41568374633789,53.56605788708222,52.374087120044805,55.50112221289148,2.0
65.50420789610271,65.38715362548828,67.93570095733664,66.27568749297588,65.35835268234221,3.0
48.67033154804744,46.255287170410156,46.359180349057276,47.09493302250496,50.524629290111136,1.0
,,,,,
49.15647478967361,49.999542236328125,49.47589553851319,49.54397085483831,50.888317595958256,1.0
,,,,,
50.76047998094533,50.75788116455078,49.72624810765014,50.41486975104875,54.53294462714347,1.0
55.743378436537775,57.02820587158203,56.37116301324575,56.38091577378852,42.47956936490684,0.0
48.48620743598182,49.095115661621094,48.53759381274347,48.706305636782126,52.15117502631131,1.0
46.3090155935338,45.9870491027832,45.988218205707966,46.094760967341664,39.61570937869855,0.0
57.55911369334363,54.839717864990234,55.51065791624621,55.96982982486003,58.541592992733136,2.0
,,,,,
55.337360338063625,55.80265808105469,54.69581598446708,55.27861146786179,47.89938141713273,0.0
69.03029957891529,67.0873031616211,68.86482793207611,68.32747689087083,72.08028655413553,4.0
,,,,,
55.18694006270507,55.65621566772461,56.692893572888124,55.8453497677726,59.19420017655206,2.0
53.75469371507234,54.62278366088867,55.19939725711455,54.525624877691854,54.8221753630264,1.0
65.91758713719942,65.9903564453125,67.52580013039119,66.4779145709677,60.27533008603565,2.0
,,,,,
56.104074817985314,52.33918762207031,54.255587621524946,54.232950020526864,52.18148612718398,1.0
,,,,,
57.56298902769631,56.24612808227539,55.8046029154729,56.5379066751482,71.45369278282797,4.0
65.53631672310387,61.548927307128906,64.08152486439157,63.722256298208116,53.29952885420781,1.0
50.85969307664761,49.738067626953125,52.16679590927706,50.92151887095926,58.4933383650605,2.0
69.3561801741446,68.17337799072266,67.7895032758895,68.43968714691893,77.39846505642466,4.0
50.17803386532899,52.20100784301758,54.59564073566674,52.32489414800443,49.91860232881216,1.0
60.836384766123906,64.44203186035156,62.68912030566539,62.65584564404696,83.50216860369842,4.0
69.1128428071502,68.03326416015625,69.88444691824668,69.01018462851772,70.01694157719298,4.0
60.120496802935364,60.189212799072266,60.020745119666266,60.1101515738913,41.50969976264796,0.0
55.52658322558362,55.10700225830078,56.07644919557546,55.57001155981996,56.20191633920117,2.0
54.69250959082713,54.27511215209961,54.36346256138508,54.44369476810394,65.41640701212125,3.0
49.82788631442728,49.87728500366211,51.83563325299718,50.51360152369552,65.42321894382954,3.0
,,,,,
51.04484336577806,50.567745208740234,49.979750327646535,50.530779634054944,48.18371545746934,0.0
,,,,,
60.13804161523332,58.83397674560547,57.94419845176372,58.9720722708675,55.23258425688179,1.0
56.88702519376825,55.293968200683594,55.27779425047022,55.8195958816407,49.29726802655572,0.0
60.0507241212224,56.969383239746094,56.42410560376286,57.81473765491045,56.86183183116297,2.0
53.6396694317137,55.39871597290039,53.19135109906077,54.07657883455829,64.83110991796234,3.0
70.04547498351766,72.95968627929688,70.26624353206148,71.09046826495869,67.79038974984037,4.0
,,,,,
,,,,,
45.2620364485134,52.31621170043945,49.39344883065155,48.99056565986813,53.9950044144404,1.0
82.11787357422091,79.9258041381836,75.84192396136972,79.29520055792473,60.263826913676006,2.0
55.29740173101678,54.18178939819336,54.71839477125025,54.732528633486794,46.91076390217695,0.0
55.35162333596819,56.43638229370117,54.13849948504673,55.3088350382387,55.57615953204933,2.0
56.39436872796992,55.97955322265625,56.836915993918275,56.40361264818148,63.62554003939325,3.0
64.5140343191541,65.43574523925781,64.7783412232746,64.90937359389551,65.96026332796676,3.0
62.659418502307986,60.07615280151367,61.157523626506475,61.297698310109375,63.676111422866704,3.0
53.43116617930972,51.296234130859375,50.798228966262236,51.8418764254771,54.02836927231525,1.0
55.501073507996395,55.59891891479492,55.890216117441476,55.66340284674427,47.41425501459221,0.0
47.63802527538203,48.8337287902832,48.143833472154824,48.20519584594002,44.7310899560905,0.0
61.52258181649506,61.58378982543945,62.12954293307507,61.74530485833652,50.27813421721947,1.0
47.04353565441165,48.61709213256836,49.309933267076765,48.32352035135225,40.64270515231862,0.0
57.06333632739229,58.31330490112305,57.361226833481155,57.57928935399883,73.16565854730416,4.0
64.9916232261908,67.9897689819336,69.26252188675855,67.41463803162766,74.15696662098456,4.0
50.202539716636835,51.0634880065918,51.00811471833271,50.758047480520446,49.47378309961538,1.0
51.547036832799705,53.88356018066406,54.31370790166354,53.24810163837577,45.29478966243274,0.0
69.19172020706063,65.24767303466797,67.41661774067342,67.285336994134,73.08971232587119,4.0
52.42607679251213,51.820289611816406,50.84028232345572,51.695549575928084,46.47038480437165,0.0
,,,,,
52.1697753679214,50.1826286315918,49.24507454274258,50.53249284741859,41.81576619812408,0.0
48.06622553066972,48.58443069458008,49.07195825343193,48.57420482622725,47.00156018493781,0.0
47.15660508102445,48.302791595458984,49.16128978543765,48.20689548730703,47.770106215885,0.0
63.792658588850024,60.31673049926758,59.89462377691796,61.33467095501185,74.41143102924384,4.0
58.399959703863026,60.43675994873047,59.620924366632295,59.48588133974193,56.10256839304801,2.0
68.04980586222817,70.92650604248047,68.21616191169029,69.06415793879965,76.23485738610567,4.0
61.672557969172615,58.691986083984375,58.463930277976715,59.60949144371124,65.21193504839587,3.0
50.9155458001369,49.346866607666016,49.77176402397727,50.01139214392672,51.14740272596039,1.0
59.94114546793084,68.73241424560547,60.819374132915776,63.1643112821507,80.70818859623222,4.0
71.48053237734294,68.6432876586914,67.98796300236012,69.37059434613148,77.97793060115364,4.0
52.73265910181513,51.33205032348633,54.928081406437826,52.997596943913095,52.80200316242186,1.0
58.3536887299798,56.02619552612305,56.717330422651585,57.032404892918144,60.57584551808049,2.0
48.43943976361396,46.81525421142578,47.81942404310002,47.69137267271325,51.32126907864773,1.0
62.771597093388955,69.42481994628906,63.37012379331867,65.18884694433223,89.05686887749624,4.0
50.267747391513794,51.08727264404297,49.916917057321655,50.42397903095948,70.90507396144609,4.0
,,,,,
58.39524490841477,55.41587829589844,57.168198856267125,56.993107353526774,73.48071979461118,4.0
47.72450797864201,46.97056579589844,46.61888057001074,47.10465144818372,54.20686733934773,1.0
68.72975777724336,68.21537780761719,70.15426220755633,69.03313259747229,76.97930871234095,4.0
53.84021789394772,47.98360061645508,49.49339655898173,50.439071689794844,52.6781224387892,1.0
57.16006425152433,59.10077667236328,58.27930124662372,58.180047390170444,60.16955900144233,2.0
45.09009257807297,45.28413009643555,45.94079292501619,45.43833853317491,47.18732605262906,0.0
58.84019570969475,58.13612365722656,57.20810724654552,58.061475537822275,54.91924657372184,1.0
73.26282211527628,71.27391815185547,73.06365747123083,72.53346591278752,70.27158619105299,4.0
50.075064555573064,49.177757263183594,49.00293167395467,49.418584497570436,52.829764794404525,1.0
58.97087148256087,58.57466125488281,57.740567202428835,58.42869997995749,46.17533654326999,0.0
56.38505783219425,51.447933197021484,53.53484425549952,53.78927842823841,47.11763494576397,0.0
63.34676873583245,61.37788772583008,60.67819047738616,61.80094897968289,71.06793798533299,4.0
55.443593316189954,54.41205978393555,54.469000372421185,54.7748844908489,38.83492476596921,0.0
59.958734640643,57.55392837524414,56.1639681737319,57.89221039653969,58.34984334789262,2.0
67.38217181532556,70.4383544921875,70.8112995578185,69.54394195511053,72.002425407014,4.0
61.18493705069962,61.38325500488281,64.63732642271374,62.40183949276539,65.31007901664805,3.0
52.62015624585359,53.864227294921875,53.90726474460745,53.46388276179431,61.51344698060267,3.0
61.12301756406288,58.89213943481445,57.96075976293846,59.32530558727192,65.65612638791498,3.0
57.65785915790036,56.28230285644531,54.914897371861464,56.28501979540238,61.784525648654586,3.0
60.25600517691146,56.61505126953125,55.03844752485601,57.30316799043291,61.8945651139158,3.0
63.64501524795304,66.18500518798828,65.85936938416236,65.22979660670123,56.48067779717453,2.0
61.12227345273929,61.05953598022461,61.572083491120644,61.25129764136151,55.9643202512296,2.0
60.427394680572945,62.83150863647461,59.11853747204088,60.79248026302948,51.89324133943947,1.0
51.3195128946986,53.6314811706543,54.44996181708064,53.133651960811186,49.95435016278285,1.0
45.56732038717094,45.39369201660156,46.05439420845007,45.67180220407419,46.95770397177489,0.0
52.88295682629438,50.80329895019531,54.83322980104587,52.839828525845185,60.30355575066781,2.0
51.97744332920279,51.62836456298828,52.71889069928527,52.10823286382546,68.93178735121853,4.0
58.68271151573117,57.490806579589844,56.437896862726184,57.53713831934906,64.23690445479802,3.0
59.03202068217534,60.02362060546875,60.432445834857404,59.82936237416717,61.410685346312334,3.0
67.25731550482388,69.10075378417969,66.05868902484578,67.4722527712831,48.85457366843619,0.0
65.99822655172088,66.83311462402344,66.37845111959797,66.40326409844742,62.541809272286216,3.0
,,,,,
45.60882828944692,49.73413848876953,50.5230750387576,48.62201393899135,44.397508791992735,0.0
54.304275559964424,54.2020378112793,55.52627919153177,54.6775308542585,57.53029177480839,2.0
69.13515643791658,72.4378662109375,72.2541590406734,71.2757272298425,65.95642302992012,3.0
65.37093342283892,64.68189239501953,64.77841106560618,64.94374562782154,70.53993306693313,4.0
57.42617170300776,56.57522201538086,55.381362296676535,56.46091867168838,60.69074537198277,3.0
58.5891316400709,55.838932037353516,54.97489998633662,56.46765455458702,55.180938372138975,1.0
,,,,,
72.16415312863073,72.54072570800781,71.78533156633503,72.16340346765786,76.51866565649144,4.0
,,,,,
47.56694667062299,48.83219909667969,49.555997424356065,48.651714397219585,50.175612757560216,1.0
65.85477788656213,66.32007598876953,65.54050329753095,65.90511905762088,60.309499370203824,2.0
54.276970462604595,52.52749252319336,50.98897654862061,52.59781317813952,65.20493190302206,3.0
63.02447245145622,64.18781280517578,65.39826327499209,64.20351617720803,54.19699781352052,1.0
,,,,,
62.15950477234409,64.36180114746094,63.59929512778078,63.37353368252861,60.96988007164666,3.0
67.77653804946812,68.696533203125,68.00661345884149,68.15989490381153,56.61002921266858,2.0
57.659814354348796,56.73895263671875,56.830636969761805,57.07646798694311,49.07678548886352,0.0
58.46590850840341,56.87849044799805,56.21046544663645,57.18495480101263,62.10468502805097,3.0
68.05746697393833,65.85637664794922,66.41106850264222,66.7749707081766,71.90327583648772,4.0
54.18403751858146,59.371543884277344,58.69068319792834,57.41542153359572,44.64575627770634,0.0
71.02057567684737,70.5657730102539,69.52952458812572,70.37195775840901,87.67929081075187,4.0
69.49182698844163,71.0123291015625,70.0239995219218,70.17605187064197,69.40886464338101,4.0
57.331828563669845,57.862979888916016,59.775967864732216,58.3235921057727,59.935567941111294,2.0
51.770291167710496,54.12294006347656,53.176798585381796,53.023343272189614,54.99809754323504,1.0
56.32114517271513,56.33480453491211,56.922276018453026,56.52607524202676,66.29676010066247,3.0
49.170877279861195,50.89318084716797,52.51923755078054,50.8610985592699,44.49547773928166,0.0
47.39736482013173,52.27798843383789,51.5321362274716,50.40249649381374,36.85968225764274,0.0
53.059287476111415,51.71421432495117,48.56002123478119,51.111174345281256,40.278259752154725,0.0
58.49565116597365,56.251102447509766,55.940948922029385,56.89590084517093,54.583298064602126,1.0
51.471631144765134,51.22773742675781,50.9704140852498,51.22326088559091,54.20717090684272,1.0
61.42085971639916,60.64498519897461,58.79154816681193,60.2857976940619,66.5922025939395,3.0
59.040365878277676,57.71220016479492,58.12293190537928,58.29183264948396,62.18694085615846,3.0
68.62046551352255,68.96866607666016,67.84902587912936,68.47938582310402,72.71519254661304,4.0
,,,,,
62.50933517852039,62.27391815185547,63.427222040870014,62.73682512374862,59.90596464068039,2.0
50.674393276482185,50.58732604980469,50.41821900720037,50.55997944449575,47.67913737708794,0.0
54.37726829164788,55.60232925415039,53.33390081096697,54.43783278558842,40.92293665606031,0.0
55.53121139142667,48.04726791381836,49.87292409944899,51.15046780156467,50.08041397471916,1.0
56.789908766423224,53.972938537597656,54.741878482457324,55.16824192882607,51.05166374101965,1.0
51.47870564871169,51.077369689941406,50.69333403920993,51.083136459287665,39.1521667878727,0.0
59.60777380861878,59.67560958862305,58.8434444436457,59.37560928029584,56.04506491637407,2.0
57.121518032801276,55.08054733276367,55.12361532342618,55.775226896330366,59.625161892613335,2.0
59.373948031994246,57.02293395996094,56.82515965302615,57.74068054832711,65.3759537745421,3.0
52.528449571191366,54.317012786865234,55.36591206839667,54.0704581421511,70.6345195644775,4.0
56.133908580539405,55.99192810058594,56.090097336600614,56.071978005908655,48.00069905721931,0.0
57.94845321919439,55.08156204223633,55.430803352501954,56.15360620464423,55.619275246000406,2.0
66.2391552656699,67.93392944335938,67.89917416907164,67.35741962603363,54.55076601909574,1.0
70.74656427824118,70.02011108398438,68.63627658986168,69.80098398402907,75.03739114737344,4.0
65.32390920911904,64.07691192626953,66.93936802333852,65.4467297195757,64.07858996333445,3.0
,,,,,
57.30572013083324,56.22670364379883,56.258173840604364,56.59686587174548,53.68612676092194,1.0
45.2728604053112,45.77726745605469,45.226734866347805,45.4256209092379,55.950350035548965,2.0
54.28239717230755,57.3812255859375,58.02925121824865,56.5642913254979,54.91211922035001,1.0
74.99974256793266,74.91529846191406,73.2186221169389,74.37788771559521,74.58304395994001,4.0
62.75386254294659,63.7091178894043,62.7026631454058,63.0552145259189,76.33813706370609,4.0
55.28929413782987,57.42738723754883,56.21897278093363,56.31188471877078,59.87567700749512,2.0
,,,,,
48.05783753129275,47.69526672363281,48.06621001239455,47.93977142244004,43.91699602953647,0.0
48.90370118021393,48.68216323852539,48.4080092068064,48.664624541848575,64.55865557176276,3.0
56.894351816842885,55.697940826416016,53.67797910614307,55.42342391646733,55.18686825409531,1.0
45.30955652979945,48.726531982421875,49.811577004498794,47.9492218389067,50.55762929039168,1.0
45.84017225475453,49.07494354248047,49.23653353586239,48.05054977769913,55.12063817201116,1.0
51.199328070620126,49.68950271606445,49.86310333035748,50.25064470568069,42.23682992907474,0.0
53.03710115557072,51.08576583862305,49.373016388075904,51.16529446075656,55.76850320369847,2.0
56.36680942505959,56.559539794921875,55.77115952882172,56.23250291626773,49.52800769765427,1.0
,,,,,
78.62980270223916,78.84680938720703,73.36692612195758,76.94784607046792,92.68506422741136,4.0
56.52524327488058,56.64296340942383,58.31218791819206,57.16013153416549,74.14511451727462,4.0
51.51348172201216,55.23484802246094,54.96571562735929,53.904681790610795,56.93923090224007,2.0
57.171601369234835,58.00091552734375,57.665222339635136,57.61257974540458,59.0975233530876,2.0
63.17241707025015,61.97282409667969,62.920407472846776,62.688549546592206,76.68071856782696,4.0
53.91492384468613,55.483768463134766,55.78678147784512,55.061824595222014,70.07935065646632,4.0
53.15725105400861,55.41891860961914,57.00606415656821,55.19407794006532,51.15511977783423,1.0
64.85802086158729,67.83150482177734,66.78260108593992,66.49070892310151,57.80606900421072,2.0
,,,,,
54.064995862492225,49.883487701416016,50.82912412457842,51.59253589616222,63.81759055959776,3.0
50.90335443061651,50.84831619262695,51.102311454260956,50.95132735916815,60.60633410033415,2.0
60.89327574531764,61.21039962768555,59.676207406489056,60.59329425983075,61.53390488257677,3.0
53.55960499363079,54.86349105834961,56.576886864151405,54.99999430537728,38.87553276635391,0.0
46.23828031368242,49.46282196044922,48.940345365051066,48.21381587972757,45.30890502331955,0.0
52.828578059883036,57.50157928466797,55.92196995248243,55.41737576567781,48.27236567209767,0.0
49.391020531565964,52.41533660888672,51.99589891768556,51.26741868604608,51.89960430587525,1.0
55.19852760355641,53.07929229736328,54.80259532540415,54.36013840877462,57.92739118870398,2.0
60.81800256155245,60.02519989013672,60.93241806872621,60.59187350680512,59.11838301861604,2.0
,,,,,
53.05962144940598,50.651893615722656,52.06599565858205,51.925836907903566,49.34009707217602,0.0
57.77417341747296,57.274078369140625,57.06690645675698,57.371719414456855,53.126871137449534,1.0
46.01683758822101,48.86189651489258,49.283427847062285,48.05405398339195,51.41245672624986,1.0
48.03023173560378,48.45168685913086,48.99323722681615,48.49171860718359,52.03383993633287,1.0
67.05928936001585,68.32735443115234,66.43147021654211,67.27270466923676,75.28044817221273,4.0
59.48005464508326,60.74259948730469,58.093903747424264,59.43885262660407,70.72212274404927,4.0
57.04054509389576,61.079166412353516,59.856112187797414,59.325274564682225,65.12988635553442,3.0
64.65457276768036,64.20757293701172,64.754025962495,64.53872388906235,65.09505223099846,3.0
55.786259640020944,56.30084991455078,56.47785652500775,56.188322026526485,56.453506860519234,2.0
68.69290354955663,67.43418884277344,68.32461214708285,68.1505681798043,62.31246268322584,3.0
59.836761412392725,56.899879455566406,57.138677204408864,57.958439357455994,55.28327368562889,1.0
59.45732805464344,57.85930252075195,58.51803713295822,58.61155590278454,52.37500396377298,1.0
52.944114682486344,57.63993453979492,58.1907690661978,56.25827276282636,65.87213410878252,3.0
45.99461704504728,49.816871643066406,51.7969361823674,49.20280829016036,52.14398558009714,1.0
63.401616875255144,59.11045837402344,58.18369939480498,60.23192488136119,62.690904696992895,3.0
74.48790880762111,73.3180923461914,74.47885891422621,74.09495335601291,86.42693973739007,4.0
54.31064697955865,52.32020568847656,52.814284210040015,53.14837895935841,55.38448038465668,2.0
78.87377508928574,80.49903869628906,76.23434983110704,78.53572120556062,82.93926472022886,4.0
70.28712960897357,71.96219635009766,72.37833428378677,71.54255341428599,62.77369888092383,3.0
53.946918835453836,55.45695114135742,56.37116301324575,55.25834433001901,51.353256617167006,1.0
50.62597606970301,51.66676712036133,51.05536101739102,51.11603473581845,47.89546305474791,0.0
,,,,,
63.50910299572208,60.78205490112305,60.329097205320004,61.540085034055046,68.32992792970461,4.0
56.86787458773152,56.04180145263672,56.14417476593875,56.351283602102335,69.00901937654588,4.0
49.37103788242938,51.76176834106445,53.164223067068065,51.43234309685397,66.06220834013806,3.0
70.14491193326471,67.9032211303711,67.26085890544778,68.43633065636119,55.75355365552132,2.0
55.812391249259306,57.19071960449219,56.8624534284914,56.62185476074763,55.67798530639435,2.0
48.316934138376844,49.07234573364258,47.8377259356981,48.40900193590584,55.479486280076216,2.0
50.06783857636588,47.20151901245117,48.50819860551192,48.592518731442986,62.29955672735379,3.0
,,,,,
71.23801131733508,72.07264709472656,73.03098906064164,72.1138824909011,67.62121557096677,3.0
53.98081796098758,53.96701431274414,55.61701146984124,54.52161458119098,62.14232760796906,3.0
70.74426090809791,71.28545379638672,71.45309756443116,71.16093742297193,67.17306516868439,3.0
,,,,,
69.25123702900918,69.96627807617188,70.03260425574663,69.75003978697588,80.48666185420181,4.0
57.005796970805896,62.30715560913086,62.630571386282064,60.64784132207294,51.60497635542821,1.0
50.10279776164446,51.99595642089844,51.61336499878167,51.23737306044152,61.92222664393179,3.0
53.59533168775321,51.82032012939453,51.65782758183939,52.357826466329044,50.23214539127046,1.0
45.884275324091895,47.78996276855469,49.29585221563748,47.65669676942802,42.99160760421524,0.0
53.45216853751596,49.042991638183594,48.93825260610375,50.4778042606011,50.35600430176096,1.0
59.69861931107903,60.12806701660156,61.582164783760454,60.469617037147,73.08188115191749,4.0
48.213096561195755,45.695655822753906,48.032478687915955,47.31374369062187,54.859390075997815,1.0
60.333785115120506,57.97980499267578,55.79065507341312,58.03474839373647,67.64176961141743,3.0
72.93565986062775,71.66121673583984,69.5661963065336,71.38769096766707,76.29515518840988,4.0
54.84673122002271,56.14939880371094,56.14266474963314,55.71293159112226,58.224425410019336,2.0
58.146481001197316,52.95610427856445,57.511474523505136,56.20468660108897,30.66751033658249,0.0
57.83268360693888,56.72692108154297,56.42410560376286,56.9945700974149,58.21587666695071,2.0
59.1550391154721,56.38128662109375,56.12521574016239,57.22051382557607,53.92038132853192,1.0
51.91555577629711,55.23111343383789,54.93451969506481,54.02706296839994,52.02893643120882,1.0
56.015218745735645,57.396793365478516,56.70081013446324,56.704274081892464,54.246312004259686,1.0
56.43187883004581,56.812007904052734,55.21116132892704,56.15168268767519,52.95308843045557,1.0
56.348161202705406,55.568119049072266,56.547986736797306,56.15475566285832,54.41175330951213,1.0
51.342252572774086,54.54737854003906,55.35247797223414,53.747369695015756,61.49178795578677,3.0
54.38332497612242,55.33443832397461,57.18396328533601,55.633908861811,55.52492771408447,2.0
,,,,,
58.36836351222807,61.40514373779297,61.56341923890605,60.445642162975695,66.07146125018122,3.0
54.22060012280651,56.362464904785156,56.32539898298913,55.6361546701936,57.49032945670323,2.0
50.93072885363421,54.345115661621094,56.69775770320859,53.991200739487965,50.28087139023271,1.0
51.39917026265351,49.01443862915039,49.92227775758066,50.11196221646153,62.74065320264896,3.0
,,,,,
63.42072860265638,62.96406555175781,61.86907892532038,62.7512910265782,68.05825601351077,4.0
,,,,,
59.776820488161505,61.647212982177734,60.26124889708656,60.561760789141935,59.61205492910669,2.0
65.67921090205812,66.20842742919922,64.8564796799401,65.58137267039915,66.88011160233266,3.0
49.694485750728504,48.54099655151367,49.93929996462174,49.39159408895464,49.30290174387578,0.0
51.6419136092034,50.296871185302734,50.04061092766483,50.65979857405699,56.93288836021769,2.0
56.098644511123034,57.80959701538086,57.63427958248471,57.18084036966287,53.437790765447495,1.0
50.41278251694027,51.52027130126953,50.80246393080587,50.91183924967189,50.8822891146569,1.0
53.51124530341931,49.98429870605469,52.90631011979309,52.13395137642237,61.79630323890811,3.0
61.224100265651686,59.55897521972656,60.49663567027618,60.426570385218135,62.83448434231488,3.0
51.059514732663224,48.5638427734375,51.5275204968807,50.38362600099381,60.76303418622195,3.0
48.726087750743154,50.867401123046875,52.65042527909773,50.747971384295916,43.90644526500145,0.0
71.41048617584944,69.72496795654297,70.37136371012458,70.50227261417233,58.48711185830834,2.0
52.73590567152371,50.60763931274414,49.44160894883809,50.92838464436864,54.20457208091797,1.0
53.52798801675661,50.77077865600586,50.37026565505751,51.55634410927333,34.93354963937977,0.0
69.05314487976948,66.17893981933594,67.35936156981944,67.53048208964162,65.28270981345872,3.0
57.961967189659724,58.368186950683594,59.20014257258944,58.510098904310915,58.41870749675799,2.0
63.63893216134506,62.08768844604492,62.42133180285481,62.71598413674827,76.67596022143039,4.0
62.58309258706389,62.92948913574219,60.43899911606793,61.98386027962467,64.64316148006283,3.0
66.80956955764289,67.13212585449219,68.63698653450636,67.52622731554716,47.80570417539322,0.0
,,,,,
60.58942413193458,59.18334197998047,60.50631798204183,60.09302803131896,47.37864078519985,0.0
60.34573172145004,61.47148895263672,64.92319179597109,62.246804156685954,66.21662969273586,3.0
57.4720327830011,56.251102447509766,55.940948922029385,56.55469471751341,58.65178541649077,2.0
54.751331677188304,49.99911117553711,49.546199488172675,51.43221411363269,49.046449609691535,0.0
59.782817759209735,57.668270111083984,62.421095150432485,59.95739434024207,57.09961628881411,2.0
54.60021969783625,53.1040153503418,52.94451987555923,53.54958497457909,57.1056835510044,2.0
48.04225231759551,49.62899398803711,50.57304623632014,49.41476418065091,46.50557449900679,0.0
,,,,,
66.78930929028806,64.8647689819336,65.96565098131364,65.87324308451176,78.96694975623585,4.0
47.869089898161654,49.88241958618164,50.64019711136415,49.463902198569144,39.03293239067832,0.0
64.38182848477486,67.68516540527344,63.97682661391077,65.34794016798635,52.3028370764411,1.0
46.46481401616731,49.60297393798828,49.09361936950227,48.387135774552625,40.901359207621965,0.0
71.07310398808795,70.18148040771484,69.20913595355016,70.15457344978432,70.90423353262794,4.0
64.16785164545159,63.813255310058594,65.29889652249295,64.42666782600104,56.62955267136778,2.0
51.528277716390846,48.84389114379883,48.812186164573845,49.728118341587844,52.27771343380301,1.0
55.75803467513682,50.863922119140625,50.20200343517565,52.274653409817695,60.418056436731845,2.0
70.08460568009926,69.07614135742188,66.65994996909649,68.60689900220588,76.91341645836543,4.0
53.19390363557608,51.25273895263672,50.11286815314796,51.51983691378692,55.526330316580506,2.0
64.30882750919282,63.05512237548828,64.76468636752168,64.04287875073426,56.86028693557088,2.0
60.32063787500345,58.075923919677734,58.70333113895297,59.03329764454472,39.43069842564405,0.0
51.553887661314945,51.19119644165039,51.99369189963126,51.579592000865524,46.306509528534384,0.0
61.815234627907905,59.48064041137695,60.988792203288874,60.76155574752457,60.66489880291228,3.0
56.579890349765165,57.58222961425781,58.40426484382651,57.52212826928317,58.116583301006685,2.0
55.34744731442749,55.277931213378906,55.44800995084326,55.35779615954988,51.37493404768338,1.0
50.01764816017024,49.69533920288086,48.57499459787557,49.42932732030889,46.93480071586501,0.0
54.21225803483144,57.91600036621094,56.892184805262154,56.34014773543485,38.853455556809934,0.0
53.09338074634525,51.532779693603516,50.992392003318535,51.872850814422435,56.88825207064609,2.0
67.45749212655248,69.44205474853516,71.09364153551587,69.3310628035345,71.7780287086598,4.0
,,,,,
56.36455614061835,52.80698013305664,51.1887853860627,53.45344055324589,52.50869372191039,1.0
68.99734096597103,68.87879943847656,69.09596303785077,68.99070114743279,74.00377348205164,4.0
74.69007658222924,72.62675476074219,74.06709828752622,73.79464321016587,85.57002282143242,4.0
46.15900283192862,48.14628601074219,45.951279587074026,46.75218947658161,37.881286535814105,0.0
59.17126808830684,57.45852279663086,57.309133749263985,57.97964154473389,46.15399243560222,0.0
,,,,,
59.28787153810438,60.44508743286133,61.98336307956991,60.572107350178534,62.041180410383525,3.0
,,,,,
47.034250213725876,46.50005340576172,46.17744247491822,46.570582031468604,39.60299832755948,0.0
,,,,,
,,,,,
56.00770678407128,55.74560546875,56.15943110410176,55.97091445230768,48.711931385041446,0.0
70.50619664343249,67.33486938476562,66.43072964676514,68.09059855832108,67.2017588420232,3.0
54.372917928183206,55.43727493286133,55.95922574365975,55.25647286823476,60.78445053774469,3.0
59.08518690938808,56.24789810180664,56.69549649176678,57.34286050098717,67.92740424492115,4.0
49.37110231177032,48.982425689697266,47.58088941380224,48.64480580508994,39.71977673043688,0.0
62.3337778682073,59.390525817871094,60.329097205320004,60.68446696379947,56.01175648084533,2.0
,,,,,
48.42896566756899,49.06654357910156,49.060905011907934,48.85213808619283,56.85673640479387,2.0
60.51978685813597,60.86069107055664,61.40082254599104,60.92710015822789,61.42927441758524,3.0
57.92260523162461,60.15553665161133,60.15145223099337,59.40986470474311,53.50942088426863,1.0
,,,,,
70.4142116160202,69.24114227294922,71.69212552243135,70.44915980380024,72.93711471105502,4.0
59.679985270196255,57.79354476928711,57.227150515192825,58.23356018489206,47.95028822515675,0.0
56.39951486913103,59.29829788208008,62.2200245832435,59.30594577815154,65.770406685865,3.0
68.07667714648532,67.277587890625,69.0773342806915,68.14386643926727,62.5026994581145,3.0
63.866742883674206,67.54057312011719,65.6700524304011,65.69245614473083,71.38319904139564,4.0
50.219663002558775,50.238868713378906,50.5175820418197,50.325371252585796,53.75055170979165,1.0
50.3581289010867,48.971412658691406,48.83963469203208,49.389725417270064,50.49344970686765,1.0
53.79413077969798,53.18546676635742,52.62899583179985,53.20286445928508,52.88543605339633,1.0
57.93229169557885,56.251102447509766,55.940948922029385,56.708114355039335,51.90017687568408,1.0
55.14296260263234,58.37640380859375,57.96565924868383,57.16167521996997,61.37978063872704,3.0
59.47375014980458,60.3240966796875,61.37207901064415,60.389975280045405,64.15311141582048,3.0
53.15748693299431,51.57212448120117,48.97088607563269,51.233499163276065,34.12857722879823,0.0
47.37561181867386,46.48991775512695,47.675736116316884,47.1804218967059,39.593029283884185,0.0
,,,,,
,,,,,
42.0481782132352,46.00943374633789,46.886532038576505,44.98138133271652,45.353897908106745,0.0
,,,,,
70.15719381393976,69.22779083251953,70.95466074184316,70.11321512943414,68.9834207712966,4.0
,,,,,
76.34259277637422,72.97101593017578,74.561813143241,74.625140616597,78.0090944635804,4.0
,,,,,
70.0604661511391,71.39088439941406,69.80472684197234,70.41869246417518,68.73730707959442,4.0
74.61607138976758,71.17105102539062,74.48260313528968,73.4232418501493,64.1721653370091,3.0
43.96972748603236,45.339820861816406,43.71704888667079,44.34219907817319,54.11967990471849,1.0
66.7758511305649,70.94684600830078,71.05799986984808,69.59356566957125,66.40326628166365,3.0
58.83013936066156,59.8317985534668,58.77463742376979,59.14552511263272,61.740016158864975,3.0
73.73662601923618,71.73065948486328,72.92632645057422,72.7978706515579,74.28341220070345,4.0
56.692944912269084,57.10421371459961,59.055610070658375,57.61758956584236,57.41826764352236,2.0
52.55428194164852,54.67729187011719,55.28466776916102,54.17208052697558,57.66993803996292,2.0
,,,,,
54.57611389359387,51.02590560913086,50.3454104876625,51.9824766634624,56.935626548526656,2.0
59.51933480447037,64.38774871826172,62.611162565435684,62.17274869605592,66.48493411157439,3.0
57.287821015963566,52.48798370361328,53.0430957918173,54.272966837131385,63.158275450455285,3.0
66.92695806604955,68.24443054199219,69.66551748637976,68.2789686981405,64.34537342925292,3.0
55.21859863890057,55.87581253051758,56.48599391541228,55.86013502827681,61.43057550884363,3.0
69.0613556975239,63.51575469970703,66.20274408137693,66.25995149286928,54.392281614376834,1.0
56.58708006002072,55.623390197753906,55.738149445759056,55.982873234511224,67.43200450407241,3.0
52.63662975148737,51.55400466918945,51.13336993416799,51.7746681182816,48.4439796548827,0.0
48.76859027859287,47.82688522338867,49.00282427638863,48.53276659279006,51.10311271432492,1.0
67.76458970274152,69.33460998535156,67.76259982217277,68.28726650342195,64.62337707580552,3.0
48.94280411280356,48.27491760253906,48.353939669614135,48.523887128318925,41.2785445314759,0.0
,,,,,
62.179163121074126,63.3190803527832,63.39815294447176,62.96546547277637,58.31665552736512,2.0
55.67791012042093,52.694358825683594,59.351282863466515,55.90785060319035,42.173741503831394,0.0
57.227294525066,54.10212707519531,58.150428043012944,56.49328321442476,78.12531916053193,4.0
60.30783146751596,57.68601608276367,56.30421232081905,58.09935329036623,56.77815542718103,2.0
75.32602232406126,73.66070556640625,72.58290121266143,73.85654303437632,80.48409450003255,4.0
57.59153465344705,56.17240524291992,56.27033425663775,56.67809138433491,62.25672568049339,3.0
52.43161083299196,53.0180778503418,54.13172393884745,53.19380420739373,54.66133505140042,1.0
53.86675458379765,51.61626434326172,49.26316427371421,51.582061066924524,61.16969374353404,3.0
45.09887976864831,44.32342529296875,45.74354593985758,45.0552836671582,44.7058616886205,0.0
57.26402947758709,56.012447357177734,55.71505616987242,56.330511001545744,59.52910369043359,2.0
,,,,,
55.60524364830281,55.26863098144531,56.11902242351804,55.66429901775538,45.97758877192914,0.0
53.01014605233499,54.139495849609375,53.897800044311396,53.68248064875192,59.497672995749134,2.0
48.101949967372576,48.298397064208984,50.692665520809676,49.03100418413041,58.72754859621806,2.0
71.16507524620977,72.29544067382812,71.05040275333155,71.50363955778981,69.89818348146837,4.0
59.406365158935756,61.722511291503906,58.92240790687073,60.017094785770134,65.55250704433651,3.0
62.3769117841433,62.309410095214844,60.817663159702086,61.83466167968675,69.6732630199711,4.0
56.03740966452859,55.3250617980957,55.399342102912534,55.58727118851228,57.2054847188767,2.0
64.72693496807143,63.37964630126953,64.16091396565346,64.08916507833148,50.8932203434221,1.0
51.02491669908955,52.14256286621094,51.76054824024302,51.64267593518117,48.454846796416,0.0
59.98422486979245,58.26531982421875,58.81564135870066,59.02172868423728,53.26323941291178,1.0
51.68829796902246,50.69327163696289,50.692902886505344,51.02482416416356,49.12074877511974,0.0
61.75888694692487,62.34510040283203,64.11344327776841,62.73914354250843,61.625131534925785,3.0
69.93638397789846,68.52763366699219,67.62509880731612,68.6963721507356,60.30241630265757,2.0
57.914185440686744,56.08634948730469,55.911028051860676,56.637187659950705,68.98312295421202,4.0
57.15815618835579,55.79185104370117,55.160474513495195,56.03682724851739,56.32046981476304,2.0
,,,,,
50.46273258389482,51.42582321166992,49.0111072350368,50.29988767686718,60.13415629443149,2.0
53.51139057673378,50.59446716308594,50.42123873338531,51.509032157735014,46.11963413312399,0.0
65.76554282454794,63.83523941040039,63.80998799430656,64.47025674308496,62.5857674978187,3.0
56.27700515857615,54.962886810302734,55.33159425036021,55.523828739746364,53.73999021304566,1.0
61.47134237574907,66.26375579833984,63.67770613531282,63.804268103133914,63.86250472592823,3.0
56.38812118920192,53.93404769897461,55.455624272835934,55.25926438700415,50.04111643148028,1.0
,,,,,
65.2541790176559,65.18974304199219,64.42997695157077,64.95796633707295,63.57671848655552,3.0
66.17072047325505,64.59827423095703,65.23387766350164,65.33429078923791,68.93257053212713,4.0
65.35054418568231,65.89361572265625,66.31320467236992,65.85245486023616,59.55901681549925,2.0
53.77231616230718,52.30929946899414,52.40555051425425,52.82905538185185,51.29149356487626,1.0
64.30911501810462,61.93406295776367,61.21970024233238,62.487626072733555,48.68494309136857,0.0
55.54555917305308,55.868568420410156,57.26009654399412,56.224741379152455,62.69329000367146,3.0
64.00422386292048,59.1030158996582,66.53629220048157,63.21451065435341,63.06528390201518,3.0
50.70094971522427,54.5621337890625,55.49928866566426,53.58745738998368,53.28250801525633,1.0
78.27322579562286,77.30066680908203,76.02149446679935,77.19846235716808,73.86934956668108,4.0
60.0654411727023,57.562496185302734,55.876418966116105,57.83478544137372,64.09341937727639,3.0
70.4079692682232,66.69615936279297,65.90596514683126,67.67003125928248,69.52775264175406,4.0
72.47233711341251,71.8807601928711,73.69452686189366,72.68254138939243,87.26819402482865,4.0
,,,,,
,,,,,
76.88004223347626,72.805419921875,76.25502233162138,75.31349482899088,73.78943635024926,4.0
,,,,,
61.12138696210347,60.145164489746094,58.6480641301772,59.971538527342254,64.31140505041024,3.0
54.47627631949292,52.92814636230469,53.01419319247784,53.472871958091815,66.13996025299868,3.0
52.71268626303796,56.1424446105957,55.99022864214494,54.94845317192621,57.497791280866224,2.0
53.79736361930356,55.61164855957031,54.722325827004184,54.710446001959355,56.751321281858914,2.0
59.84818703498952,55.94207763671875,55.82771294077571,57.20599253749466,64.90948067988253,3.0
69.85467395274365,70.48004913330078,72.08099824823007,70.80524044475817,78.33509910297987,4.0
54.212113267014075,56.57783889770508,57.6328371418818,56.14092976886698,57.32590879788501,2.0
62.017889339312255,62.42998123168945,61.45196839523991,61.96661298874721,61.95415381949401,3.0
58.253341583077855,53.62859344482422,51.93197447230558,54.60463650006921,51.17503577343951,1.0
70.82252378617055,69.64684295654297,69.94465740725688,70.13800804999015,75.07061199084896,4.0
59.19856402540457,59.505889892578125,59.70852211882029,59.470992012267665,50.47323159601542,1.0
46.767099109794025,50.64229965209961,51.89787920271377,49.76909265486913,60.05603027380471,2.0
49.3954937334245,49.308597564697266,49.87982244960815,49.52797124924331,54.2197204790141,1.0
59.95652215451196,57.09933090209961,56.37196599789572,57.8092730181691,58.16516852387865,2.0
62.16629436645065,61.15816116333008,62.21655886671046,61.847004798830405,77.87339494631534,4.0
75.11880249844043,75.98806762695312,74.42991138385989,75.17892716975116,79.30077486997685,4.0
71.6187279127363,70.6723861694336,70.8158379799721,71.03565068738067,63.57195717182547,3.0
59.34770926066052,56.83433151245117,55.47781998856379,57.219953587225156,53.87312751144085,1.0
55.613329783944586,56.333778381347656,56.42510929468718,56.124072486659806,55.66709042361574,2.0
,,,,,
64.79202811270247,68.27320098876953,66.71519172197405,66.59347360781534,62.65633509859621,3.0
54.85817937897952,56.09642028808594,57.73953957045778,56.23137974584108,49.51750530886929,1.0
55.01060053214573,54.78968811035156,54.21303626907607,54.671108303857785,61.87916241232457,3.0
,,,,,
44.347769655704234,49.29026794433594,49.24206940971463,47.626702336584934,41.38582846919148,0.0
75.00332129369647,74.28874969482422,74.81009432619781,74.70072177157283,69.97329325151244,4.0
59.68533735827451,60.394622802734375,59.2114614539794,59.76380720499609,54.49221679724285,1.0
54.5235388762927,57.12200927734375,56.458393917124766,56.0346473569204,51.81671270355673,1.0
54.57064262911711,56.23554992675781,56.20855477233039,55.67158244273511,52.16692222662509,1.0
51.051700147610376,49.83932876586914,50.04448000078382,50.31183630475444,48.423447502565416,0.0
,,,,,
58.531252742360316,59.75148391723633,59.661076912449445,59.31460452401537,52.49016607145137,1.0
56.193932939442675,54.98343276977539,55.679559085591904,55.618974931603326,57.345964985000286,2.0
,,,,,
54.71975100915404,55.053924560546875,54.49161877715685,54.755098115619255,48.19841097474983,0.0
50.897816936750274,48.92264175415039,50.49121509671381,50.103891262538156,50.50315076813753,1.0
58.20590761630341,58.6727409362793,58.3275973423939,58.40208196499221,49.3245087136437,0.0
64.93501040563955,67.67203521728516,64.03972049241585,65.54892203844686,75.74339596172057,4.0
61.12190055261826,61.65488052368164,60.46516154360095,61.08064753996695,57.90419006581197,2.0
56.686956212642485,53.778900146484375,58.82466327614111,56.43017321175599,41.52427259479372,0.0
70.91416655485345,69.61210632324219,72.7283401143584,71.08487099748469,63.67505160937022,3.0
55.168210142653585,54.32305908203125,53.83120155683234,54.44082359383905,57.46982819833151,2.0
69.59699024902697,68.97486877441406,69.51091963759363,69.3609262203449,62.83469759821184,3.0
47.84594957652951,48.08024597167969,48.758426687117556,48.22820741177558,38.98993749715967,0.0
,,,,,
54.1278223329599,53.895294189453125,54.67644941696739,54.23318864646014,78.39702162441293,4.0
58.29042099320457,56.4691276550293,55.891076011997455,56.883541553410446,66.29035908233077,3.0
57.096911891169064,55.33368682861328,56.92715815800844,56.45258562593026,45.35432497104388,0.0
53.17960084478627,52.00875473022461,51.29409608258387,52.16081721919824,67.31763041464392,3.0
74.02202766960755,73.45020294189453,74.36525699169812,73.94582920106673,74.5292834723318,4.0
56.99833781667434,53.96361541748047,53.699039445040576,54.88699755973179,54.82031694341849,1.0
47.63713607890273,47.55048370361328,46.826009405897125,47.33787639613772,45.22268553965901,0.0
68.3999598644666,64.59544372558594,64.2342622341887,65.74322194141375,66.06507508344467,3.0
,,,,,
57.625440916701905,57.345909118652344,57.011362388286074,57.327570807880115,69.81754231359275,4.0
63.26209715713881,62.89879608154297,58.661804157911696,61.60756579886448,44.24872927223417,0.0
,,,,,
69.79580887510382,66.39918518066406,65.10276633479808,67.09925346352199,75.43140782159317,4.0
62.28088703699443,59.93662643432617,62.36471147717028,61.52740831616364,72.87987315377636,4.0
52.98683038759465,54.14340591430664,53.56775354601186,53.56599661597105,45.74451392418391,0.0
68.62011544884348,68.01647186279297,68.69920944471961,68.44526558545202,60.65648558194416,3.0
67.18195077324465,66.39071655273438,66.82490042336009,66.7991892497797,69.47606760166951,4.0
70.73895808698072,71.7057876586914,70.02778711542358,70.82417762036523,71.9456673283546,4.0
57.71778380884189,57.42032241821289,58.21726925769529,57.78512516158336,52.77793435319139,1.0
,,,,,
60.3747247499252,56.76605987548828,54.23177515528639,57.12418659356663,61.55691128053191,3.0
50.17928089920076,51.15361404418945,50.16629231725449,50.499729086881565,45.08144515602708,0.0
57.88252960423375,57.51210021972656,56.93920223475729,57.4446106862392,46.94045266109581,0.0
52.940383125106955,58.66758728027344,55.444605329308956,55.68419191156312,49.45666489816519,1.0
71.1066530039818,76.09504699707031,74.31704457027602,73.83958152377606,72.11769114945268,4.0
48.29163850912627,50.159889221191406,49.09097767829702,49.180835136204905,47.91105242496948,0.0
56.1599470891527,57.32754135131836,57.181257301248,56.88958191390635,67.70999790102825,3.0
62.775877900313716,63.25061798095703,60.75034926864257,62.25894838330444,61.75500147158328,3.0
51.486998985159,49.741600036621094,47.26187044732231,49.49682315636747,47.55078657059316,0.0
68.85757093848717,70.39387512207031,65.89637611218178,68.3826073909131,69.78582413666707,4.0
,,,,,
70.90733308873551,74.24597930908203,76.47497923718778,73.87609721166844,67.0767943734197,3.0
51.761208289393714,50.74839782714844,51.17388759131737,51.22783123595317,72.98799994979372,4.0
69.94562432116412,71.06437683105469,68.28537464530075,69.76512526583984,74.70233698619376,4.0
59.550303530225875,61.46246337890625,61.223993056341435,60.74558665515786,57.58217956627826,2.0
,,,,,
67.85969602958714,70.65158081054688,70.0327989300875,69.51469192340717,67.69365774524532,3.0
,,,,,
51.48336773413414,52.939918518066406,53.01363332687968,52.47897319302674,53.34210871480807,1.0
,,,,,
55.57482583258643,55.23162841796875,54.903895400199204,55.23678321691813,51.45665162734123,1.0
69.97482391663954,70.18245697021484,69.07450981687239,69.74393023457559,65.89271014404555,3.0
,,,,,
50.29213781854015,47.31501388549805,47.86475207426108,48.49063459276642,42.047422332747765,0.0
64.44582788058152,61.332332611083984,62.202312239221634,62.660157576962376,58.23357300779134,2.0
57.79321197845918,60.31849670410156,59.45541449055648,59.189041057705744,62.7469925623244,3.0
54.36284560617174,54.13663101196289,55.084338238592224,54.52793828557562,50.89937947301826,1.0
62.485039596632404,68.66094970703125,68.89104950113668,66.67901293493345,55.86311938395703,2.0
47.044094725347556,46.27460479736328,46.42085909790235,46.57985287353773,48.606321869391024,0.0
59.44011789961022,61.81550979614258,62.03755432517624,61.09772734030968,62.78133664232638,3.0
56.12052882794211,56.12885665893555,56.082520358630894,56.11063528183618,51.65397025126354,1.0
,,,,,
51.80358304055271,53.803375244140625,54.076546291639104,53.22783485877748,50.45041971627923,1.0
62.22815056308734,64.36253356933594,63.76898040222507,63.45322151154945,65.57524609974706,3.0
57.74636941071984,51.77058410644531,50.787547957091704,53.43483382475228,45.33967281375101,0.0
59.073534133883186,56.471561431884766,57.20556360207673,57.58355305594822,67.76352095650228,3.0
46.29347463240803,48.82438659667969,48.344049274198426,47.82063683442871,42.53074653982194,0.0
50.7352008542698,51.38553237915039,51.09755294707934,51.072762060166504,46.50565964316817,0.0
,,,,,
68.74728955159985,72.2852783203125,70.25774468247151,70.43010418479463,73.53830076572086,4.0
70.3688591633725,69.44344329833984,68.77448416499735,69.5289288755699,74.16660156878469,4.0
46.55492623995165,50.64229965209961,51.89787920271377,49.69836836492167,56.37569040810953,2.0
48.8103212456319,49.4127197265625,49.5164318473984,49.246490939864266,54.34719114216881,1.0
44.728150170944964,45.608924865722656,45.834097748505954,45.390390928391184,45.34478072253899,0.0
68.20569923371245,68.58734893798828,69.5949070549959,68.79598507556554,61.31721276237384,3.0
53.16113993323524,52.3187370300293,52.050218040893476,52.51003166805267,54.28388655785066,1.0
47.15660508102445,48.302791595458984,49.37457946036022,48.27799204561455,50.64895335690003,1.0
44.766533534454524,46.93968200683594,48.335874793259364,46.68069677818327,35.92192579578152,0.0
52.182455934815316,51.57572937011719,49.946269419507246,51.23481824147992,52.36403904004673,1.0
65.18610103632015,64.57664489746094,65.94088338176485,65.23454310518198,60.391167438491294,2.0
66.00868005880059,62.24940490722656,61.09410390434796,63.11739629012504,48.62253456095767,0.0
60.91954177692404,56.9651985168457,60.43988816325461,59.44154281900811,54.39926553883041,1.0
54.92164777722878,55.266788482666016,54.16376471057945,54.784066990158074,53.2424366535741,1.0
53.64818040715603,52.85988998413086,50.337048208325434,52.281706199870776,62.45578385421261,3.0
52.68341399762182,51.84568786621094,51.470829123561465,51.99997699579807,68.72065741934874,4.0
,,,,,
64.03305130068583,64.06124877929688,64.70130312748371,64.26520106915547,54.57377295353805,1.0
67.66198051211627,67.47108459472656,65.8244349225392,66.98583334312734,71.68748368784688,4.0
74.95112551594556,73.95980834960938,73.1200056714747,74.01031317900988,75.39865310809986,4.0
69.37442128004763,72.55801391601562,71.17514761301557,71.0358609363596,73.12815251093441,4.0
56.32097547937245,56.95812225341797,56.06142915353518,56.44684229544186,43.30430301941264,0.0
70.2970858541533,72.335693359375,70.83723023901089,71.15666981751306,89.75569613169316,4.0
,,,,,
,,,,,
54.329444385855986,52.772464752197266,51.316048426780284,52.80598585494452,43.98859061696922,0.0
73.81773172668721,72.8753890991211,73.64637932439096,73.44650005006643,72.67201620467652,4.0
64.795044427301,63.236061096191406,62.993383532643676,63.67482968537869,58.92645612896886,2.0
53.488395058991586,49.04291534423828,48.430662599618884,50.320657667616246,54.75527243854393,1.0
55.05182711058716,53.89637756347656,54.68850751930322,54.545570731122304,60.98148500426046,3.0
63.150722758015725,62.99298858642578,62.586600615734675,62.910103986725396,80.64384638280343,4.0
58.678879442049876,58.278804779052734,60.69871149199451,59.21879857103237,66.3911613382777,3.0
,,,,,
57.39582860593462,55.06322479248047,55.415854356890165,55.95830258510176,51.73447860883844,1.0
,,,,,
56.30923421870289,55.05751037597656,54.73924850506353,55.368664366580994,55.31237355046431,1.0
58.86971479287988,59.399784088134766,61.305220368560654,59.858239749858434,56.68469969044652,2.0
46.474624068589485,48.49186325073242,48.31836316625555,47.761616828525824,52.57112991121178,1.0
,,,,,
54.75568018139666,52.937503814697266,52.675940389319635,53.456374795137855,43.29495706762046,0.0
59.0528534793472,57.81882858276367,56.27041615547547,57.71403273919545,63.63323562066049,3.0
50.04711091862318,49.72697067260742,49.05586085147321,49.60998081423461,50.11038974035195,1.0
69.14594170693574,67.00588989257812,68.61006509659802,68.25396556537062,60.62345071605048,3.0
48.859657150775966,47.128761291503906,48.826206252761004,48.27154156501363,43.04180412278187,0.0
57.09215909842852,57.16986846923828,55.57340412987693,56.61181056584791,52.16758565515333,1.0
55.53032578863711,50.095298767089844,54.191850089713306,53.27249154848008,50.43567640842375,1.0
63.87856616142595,62.1077995300293,62.79473557522804,62.9270337555611,57.60274784403554,2.0
52.8413630141325,53.14976119995117,54.33725989747684,53.44279470385351,60.05555655171612,2.0
,,,,,
50.46505101993247,50.37628173828125,51.66930978012804,50.83688084611392,55.886408466173606,2.0
51.167000226727794,51.240360260009766,51.59881855517402,51.33539301397053,44.64218570076199,0.0
55.07179017212578,56.54071044921875,56.322957357246274,55.978485992863604,57.446553738933545,2.0
54.14463523310983,54.88549041748047,54.41646876925039,54.482198139946895,55.023914265225606,1.0
53.45354234635869,57.56474685668945,57.36822097671584,56.12883672658799,55.58440287554196,2.0
,,,,,
62.07684409537434,61.940643310546875,63.44723101428648,62.488239473402565,54.70440100887745,1.0
47.68175397182556,49.852535247802734,49.945804968721006,49.16003139611644,57.23024574207415,2.0
58.837619313108114,64.21916961669922,63.55813558289162,62.20497483756632,56.41594060631449,2.0
54.46640936613116,57.65277099609375,57.13242373291474,56.417201365046544,48.49455980017384,0.0
45.42476014859877,48.36819839477539,48.6402526975703,47.477737080314824,48.120070993235466,0.0
64.51052647273342,66.5576171875,67.25583762505903,66.10799376176415,61.39364293612725,3.0
,,,,,
58.074928965798996,55.95051956176758,55.22397910137667,56.416475876314415,69.1807570703723,4.0
48.08088261425012,52.17694854736328,51.065494791695016,50.44110865110281,49.617370546919375,1.0
61.140145414482404,62.02622985839844,63.57458847711454,62.24698791666513,71.1948452504443,4.0
52.423468695126274,50.623023986816406,49.28263038147086,50.77637435447118,66.99510407388729,3.0
53.633048265029544,56.0818977355957,54.965841477219215,54.893595825948154,42.619405746262665,0.0
62.774723647790466,59.022422790527344,59.94289789902064,60.580014779112815,46.89065520406135,0.0
,,,,,
44.6400018437869,43.21575927734375,45.59798431806265,44.48458181306444,39.55095631650063,0.0
47.488175615386716,48.452457427978516,50.02573940771356,48.655457483692935,42.23704252235398,0.0
54.46245579131545,55.15697479248047,57.94679337963329,55.855407987809734,61.26714642900478,3.0
49.94583402171796,51.165103912353516,50.93439515720014,50.681777697090546,59.65381347010392,2.0
47.45847192494832,49.65566635131836,50.505075445959896,49.20640457407552,53.21256168177484,1.0
57.41571920207543,59.493289947509766,59.3357910581071,58.74826673589744,67.85999078592596,4.0
56.44968263720252,55.83929443359375,56.05776071189702,56.11557926089775,59.77889499340463,2.0
53.201543736478406,55.452537536621094,53.502496520813814,54.05219259797111,50.53517655952083,1.0
46.2535819807161,48.045867919921875,47.857295529234364,47.38558180995744,48.31560227051931,0.0
50.92578164541799,49.147953033447266,49.532618540407306,49.86878440642419,39.51645898778254,0.0
52.07572314659664,50.238868713378906,50.71118387898947,51.008591912988344,48.410558311620655,0.0
57.42471068219007,61.08236312866211,61.7984638575145,60.101845889455554,62.498175028474805,3.0
64.35658165970705,66.43699645996094,65.34620510346603,65.37992774104468,61.97371420750546,3.0
55.83910782948878,52.53026580810547,51.55670388020646,53.30869250593357,48.89108442288723,0.0
66.51011606394096,63.421688079833984,63.875325040980385,64.60237639491845,60.96579031224881,3.0
65.20514751042779,68.02500915527344,67.81072030562615,67.01362565710913,69.54020764170552,4.0
61.436681464544705,61.18486785888672,60.92988601926911,61.18381178090018,55.82560171252768,2.0
48.75907102372261,49.86949157714844,50.16055678437747,49.59637312841617,56.655454640467,2.0
55.58087044890096,58.38191223144531,56.6040912170753,56.855624632473855,46.8144533350663,0.0
68.22009074646212,69.72499084472656,70.14030728851867,69.36179629323578,84.98429316765483,4.0
60.524098616139064,58.56507110595703,58.14809865403216,59.079089458709426,54.89800526580581,1.0
48.42820330572598,45.53523635864258,45.098162731020786,46.35386746512978,53.32838936685581,1.0
67.02596594465116,67.5179443359375,68.08030711673086,67.5414057991065,62.9033843315623,3.0
61.94632988626078,65.07038879394531,66.03169996096027,64.3494728803888,63.31020209099815,3.0
57.43713371771068,58.12123107910156,59.31320930991642,58.290524702242884,42.707616719692616,0.0
63.24792341945916,62.35338592529297,62.34827934292793,62.64986289589336,62.03532895454931,3.0
,,,,,
49.3502677273398,46.16646957397461,47.28423066436342,47.600322655225945,48.97389907607735,0.0
52.717618116482946,55.320133209228516,56.26303491591809,54.76692874720985,63.93753512590653,3.0
45.35871594496061,48.223716735839844,48.45363168369256,47.345354788164336,50.2797558778442,1.0
53.36678995665557,52.796104431152344,52.011123069367365,52.7246724857251,46.13883785873988,0.0
54.60299448772506,54.46089553833008,55.33742436051435,54.80043812885649,43.87203015423189,0.0
,,,,,
52.39492866781975,53.1947021484375,54.43954726764478,53.343059361300675,50.178902766274085,1.0
62.051035854714755,61.957942962646484,62.97291262519875,62.32729714752,57.2888213101764,2.0
56.05005846025849,55.350311279296875,56.26510884612343,55.888492861892935,55.62346686190324,2.0
61.96801274464364,62.349205017089844,61.59564113144563,61.970952964393035,62.92630275733337,3.0
57.804448129205845,60.01347732543945,59.316987716512614,59.044971057052635,47.78082781046646,0.0
,,,,,
,,,,,
57.21838122848019,56.4960823059082,55.779385949295495,56.49794982789462,55.31851637834895,1.0
56.28095128867021,56.46037673950195,55.92673058896204,56.2226862057114,35.85338505439889,0.0
69.96700098202481,67.90196990966797,67.22110923219968,68.36336004129748,65.81331138001202,3.0
69.39179564691734,69.34176635742188,70.92637062306251,69.8866442091339,70.17980097888488,4.0
49.7839108451029,52.544681549072266,52.20443691617751,51.51100977011756,50.111256123623015,1.0
57.81385116354097,56.87055587768555,56.04077471850688,56.908393919911134,52.17901870544746,1.0
65.19745094289573,65.9964599609375,65.12297978244042,65.43896356209122,47.3512639531438,0.0
50.96598127405123,51.60791015625,52.15085241086749,51.5749146137229,51.88730718605642,1.0
58.651689743269735,56.828895568847656,57.768128631176644,57.749571314431336,64.89906164602698,3.0
49.54534276079352,52.59640121459961,50.460724684424555,50.867489553272556,65.28571018047765,3.0
63.81898641206435,65.05525970458984,66.05370514435285,64.97598375366901,57.388968159572045,2.0
60.28446522199026,56.57978439331055,58.473231275102826,58.44582696346788,60.26192864748507,2.0
72.6435952496769,69.4476318359375,69.33786381560525,70.47636363373988,74.88604265737628,4.0
55.82484075890131,56.31037139892578,57.15784017298,56.431017443602364,46.86612955984504,0.0
53.49908718772708,55.08380889892578,54.86154957730454,54.4814818879858,63.9053569859105,3.0
47.65350414084182,46.10848617553711,46.700160213743835,46.82071684337425,42.50872550034073,0.0
,,,,,
54.31733564699211,54.44361877441406,55.17626760868831,54.64574067669816,54.418324233287386,1.0
77.38686914755657,76.58689880371094,74.52323151868013,76.16566648998254,63.0762139266535,3.0
59.80908975385717,59.408199310302734,59.31780216279199,59.51169707565064,62.72223562993482,3.0
48.5003896453851,49.09841537475586,50.6161804529386,49.404995157693186,47.59431128035804,0.0
71.23813616332266,71.2529525756836,70.1941147932237,70.89506784407666,51.56130776652256,1.0
46.88543459619794,49.18075180053711,48.656459529308634,48.2408819753479,59.47920947355495,2.0
62.72799154910161,60.61374282836914,61.7567639378383,61.69949943843634,66.22165103486829,3.0
64.15491191006556,66.51953887939453,66.75510184205143,65.80985087717052,68.66960577573496,4.0
66.65700087351019,66.77037048339844,66.5721769957832,66.66651611756394,80.16350017565465,4.0
74.96508888533336,74.5972671508789,74.09700644098325,74.55312082573184,66.82280382783036,3.0
45.85056885078924,48.40571975708008,44.47077478436299,46.24235446407744,47.08954935313894,0.0
67.65042359310178,69.30000305175781,67.79470079093194,68.24837581193053,78.67662966037209,4.0
74.5416030679371,76.48615264892578,75.7092864370606,75.57901405130782,74.57770716174629,4.0
70.02728806240326,72.45121765136719,73.21812852628025,71.8988780800169,84.37965351389855,4.0
60.662988412501555,56.85294723510742,57.603778232315165,58.373237959974716,50.43360301170623,1.0
58.344175901356174,59.506866455078125,58.58937872370045,58.81347369337825,64.65287477784119,3.0
61.34276311759431,62.27370071411133,60.26322820314469,61.29323067828344,56.69329897102285,2.0
,,,,,
56.2159037159707,56.12820053100586,55.67088425336006,56.00499616677888,51.97532163882576,1.0
50.80246046477186,49.22834777832031,49.54369465204409,49.85816763171209,51.422048059830864,1.0
63.611054181173266,61.64528274536133,64.16254564604904,63.139627524194545,75.57849205307251,4.0
62.650546960124935,62.493377685546875,64.89818355009153,63.34736939858777,64.15510122154906,3.0
,,,,,
49.59708651683861,50.14912033081055,48.22619937456717,49.324135407405436,49.665871661509215,1.0
58.451426944376145,55.739994049072266,56.684095901356166,56.958505631601525,59.47696702459108,2.0
67.09597512922494,70.54904174804688,70.89120792283832,69.51207493337004,63.63861250142573,3.0
57.50068192314734,58.771034240722656,59.976700424059935,58.749472195976644,87.87663102444172,4.0
57.23552046557167,56.31971740722656,54.77856597508919,56.11126794929581,58.41952596577037,2.0
58.4640864119598,58.21446228027344,58.106477215652795,58.26167530262868,55.49842352088332,2.0
65.62835080332975,69.0886001586914,68.69975509048152,67.80556868416757,66.81137732277473,3.0
44.8350060018047,46.471675872802734,46.700123209291924,46.00226836129979,58.46871766960697,2.0
55.34518063378687,52.796104431152344,52.011123069367365,53.38413604476886,58.75906987080735,2.0
62.74875470531038,59.544185638427734,60.696990528373014,60.99664362403704,50.97338714575919,1.0
69.87195338638612,71.4034652709961,69.97905420745738,70.41815762161319,69.89898650163708,4.0
51.54064533193137,54.5467643737793,54.02113072830257,53.369513478004414,43.81648581824496,0.0
,,,,,
52.19982955207794,52.45618438720703,53.158075907118494,52.60469661546782,48.01153012152462,0.0
51.368629499102255,54.073490142822266,55.27143297928139,53.57118420706863,45.60498969881584,0.0
57.17649428811625,56.57634353637695,56.31735986822954,56.69006589757425,67.66940833775494,3.0
66.36405398835319,67.71887969970703,66.96070099097878,67.014544893013,64.97577318561451,3.0
51.62329705525733,51.34488296508789,51.77770986771255,51.58196329601926,65.69807787837854,3.0
65.95864669701197,65.45709991455078,64.51787388100864,65.31120683085713,76.34481465009652,4.0
55.870083258338646,54.24947738647461,55.39208472295417,55.17054845592247,55.10709195207044,1.0
50.772746234662854,53.71125030517578,55.26783085465973,53.25060913149945,47.36227650799894,0.0
53.56171833253778,54.641761779785156,55.20085873594182,54.468112949421574,56.58240534785745,2.0
51.61434394604448,51.719696044921875,50.987861707701214,51.44063389955585,57.5724787362816,2.0
,,,,,
54.76099957628903,54.89645004272461,54.394480511061765,54.68397671002513,60.98735013693355,3.0
73.58164440372738,72.0489273071289,71.76078916444415,72.46378695843349,68.60286220632723,4.0
47.21547689710715,48.965858459472656,47.55802414590666,47.91311983416216,54.781698954903455,1.0
57.35183183383825,57.16875457763672,58.6121945094353,57.71092697363675,56.210532932249855,2.0
71.43392800169035,72.1055679321289,71.11082354806818,71.55010649396247,87.5648108586257,4.0
54.23236411091704,50.40778732299805,50.245426142000106,51.6285258586384,68.12244852568382,4.0
60.805641592139786,62.61488342285156,60.969881006434534,61.46346867380864,78.81864734990538,4.0
67.45801497769226,66.78799438476562,68.27800393248617,67.50800443164802,63.94675779039439,3.0
49.158734064140944,49.554317474365234,49.046786452549505,49.25327933035189,83.32854013611987,4.0
59.76410138124138,57.94157409667969,57.84342673238395,58.516367403435005,52.27755920982772,1.0
52.10555781702171,54.342254638671875,54.609372433140976,53.68572829627819,55.8653956439445,2.0
69.11999337043478,74.55592346191406,73.43068947671286,72.36886876968724,70.86475765796587,4.0
46.842158568850834,47.20342254638672,46.60830303830935,46.8846280511823,44.770635129243225,0.0
59.73701795406198,59.10566329956055,59.02072437853855,59.28780187738703,42.22720752513335,0.0
68.55398804789493,69.03667449951172,68.97469276943154,68.85511843894606,67.13806722243581,3.0
,,,,,
,,,,,
61.55319255501238,61.9646110534668,61.80134553486838,61.77304971444919,55.04731982172,1.0
,,,,,
56.767453092226,55.06322479248047,55.39841837996592,55.74303208822412,51.91288325339124,1.0
57.09301532012393,56.896610260009766,54.64667201217906,56.21209919743759,44.50359648299303,0.0
54.66654011909679,50.89619064331055,52.65383379886036,52.7388548537559,57.9721884555237,2.0
,,,,,
50.80476795272691,50.28036880493164,49.4652766134366,50.18347112369838,48.1419842885688,0.0
,,,,,
,,,,,
64.70783545879435,64.88105010986328,64.41428443479184,64.66772333448317,68.978193158956,4.0
61.51713981297357,64.38255310058594,63.52714828773053,63.14228040043002,71.08513809225684,4.0
63.68904705296966,66.72906494140625,66.1175838394047,65.51189861126021,70.8189507060632,4.0
52.70922433924408,54.23149490356445,54.96872340658924,53.96981421646592,68.48759949545243,4.0
57.50953712759071,57.548797607421875,57.37078333837834,57.47637269113031,65.8525742333323,3.0
,,,,,
56.56146295340304,56.720909118652344,56.72172071825179,56.66803093010239,48.564426503290896,0.0
66.96669452950017,67.28600311279297,66.07707844204744,66.77659202811351,65.73510024873603,3.0
,,,,,
55.515440515130926,56.281646728515625,56.344709342743585,56.04726552879671,60.211931289695045,2.0
52.27313517260124,56.30561447143555,54.96845083192475,54.515733491987184,49.52392189144848,1.0
66.9787428007463,69.50994873046875,64.7381223071907,67.07560461280191,67.3534554027564,3.0
66.08833988590433,66.35908508300781,65.07612560497542,65.84118352462919,75.70880023889706,4.0
59.77322493198483,58.339996337890625,57.28667569554244,58.46663232180597,49.204527239343136,0.0
63.69691251879187,65.34838104248047,64.82700587125835,64.62409981084356,65.8851451480099,3.0
52.13523962856042,52.9295539855957,52.347323856763694,52.470705823639946,55.38677556267996,2.0
71.85022857356265,68.00257110595703,68.84832049547767,69.56704005833245,78.73113926349605,4.0
,,,,,
57.95089787337893,55.31777572631836,54.2538326423631,55.84083541402013,55.81098338797897,2.0
65.34992567033038,65.10860443115234,66.34460031715074,65.60104347287782,45.89062191698064,0.0
53.66737433234587,54.68343734741211,55.69413287640869,54.681648185388894,54.10818299746639,1.0
49.40620627905526,53.2545166015625,50.708469931505284,51.12306427070768,49.788835244729455,1.0
70.56873477566901,67.5699234008789,71.51016411243708,69.882940762995,74.46320626170319,4.0
49.17881931587464,53.82036209106445,53.684402281562356,52.22786122950049,44.92997911009332,0.0
64.81781228486962,67.437255859375,64.0805195466249,65.44519589695649,75.174295917843,4.0
57.872983565542384,56.60121154785156,57.24762287196515,57.2406059951197,61.84289308648482,3.0
53.3005158233443,51.39200973510742,49.50084787972991,51.39779114606054,43.25811112612695,0.0
50.20959698319549,49.86383056640625,50.50273357921455,50.19205370960543,51.15717885682688,1.0
68.5656866717034,66.21670532226562,66.02817012328705,66.93685403908536,65.76619555392251,3.0
53.122831939055374,54.54779815673828,55.22356300645764,54.29806436741709,48.32699213781847,0.0
56.38392107530771,58.97561264038086,61.199482765417294,58.85300549370195,76.08076798982638,4.0
51.406875542139254,53.158119201660156,52.66631073397493,52.41043515925811,60.59032434812443,2.0
52.723938777317514,49.96300506591797,50.21401615997684,50.96698666773744,56.966989595798296,2.0
55.42785887502584,55.041866302490234,58.398544542837904,56.28942324011799,55.61148357797919,2.0
57.793028780920295,55.99274826049805,56.15943110410176,56.64840271517337,52.44639300831156,1.0
57.92359995453238,55.30567932128906,56.753867499093346,56.661048924971595,69.78809294461605,4.0
52.55590855690602,53.085906982421875,53.72671196712783,53.12284250215191,48.92027994651136,0.0
52.17538525177895,50.1566047668457,48.98883705756184,50.440275692062166,56.271022579858574,2.0
51.007550957803296,49.95376205444336,50.445302595797806,50.468871869348156,35.04766335783392,0.0
43.212214804084084,47.028926849365234,48.16299726755192,46.134712973667085,40.86865273583418,0.0
,,,,,
66.2152476273502,67.19857025146484,67.60557829969915,67.00646539283807,57.97421570974464,2.0
67.74099842291872,65.24949645996094,67.49263715373833,66.82771067887266,56.30278315889388,2.0
64.32668001321703,65.98035430908203,67.3076921250081,65.87157548243572,60.4921046022005,2.0
66.42770376791864,63.87823486328125,61.359572528629094,63.88850371994298,70.30915670414848,4.0
66.69965314279148,66.4133071899414,67.00189827462795,66.70495286912028,73.08954191286834,4.0
,,,,,
,,,,,
59.94796532508324,60.39382553100586,60.4308197909122,60.25753688233377,67.8291500435605,4.0
68.04273277381012,71.35504150390625,69.43114280467258,69.60963902746299,56.2666479395687,2.0
52.63955279021187,53.01125717163086,54.031518728682364,53.227442896841694,56.049866179924,2.0
64.05388364172308,61.74267578125,62.835278485413575,62.87727930279556,58.657920128812805,2.0
59.2626125538975,57.17912673950195,56.03659099417108,57.49277676252351,51.680909524698286,1.0
52.05925986995055,55.473548889160156,55.47522623093252,54.33601166334774,57.73387881012023,2.0
58.130725741659894,61.45304870605469,60.342517974119936,59.97543080727818,69.27333598449293,4.0
68.7617276935626,67.09443664550781,69.34302897953475,68.39973110620171,59.896622433048194,2.0
47.34405660672095,45.72920608520508,46.24468316090546,46.439315284277164,35.568976539382874,0.0
52.94495330616695,51.68291473388672,50.996750330554526,51.87487279020274,57.60600738814284,2.0
66.8930149762943,67.85250091552734,66.78287362098241,67.17612983760135,70.93175701796248,4.0
69.21208618286346,64.57077026367188,65.04958690404337,66.27748111685956,65.5550445979477,3.0
51.06076552966809,53.2868537902832,54.476266149489604,52.941295156480294,55.23934300039436,1.0
57.6073717328039,56.50523376464844,55.559635204162674,56.557413567205,45.46291236969401,0.0
62.67618023315235,65.40778350830078,66.54507354734136,64.8763457629315,64.92597683485634,3.0
49.283385468548246,49.9189567565918,50.19816159041358,49.80016793851788,32.0856618396639,0.0
55.24840087516058,55.244903564453125,56.204770272553795,55.56602490405583,42.46168178981358,0.0
65.60322131735596,63.653812408447266,63.876789045126024,64.3779409236431,63.0095172843352,3.0
56.37832011822469,57.968116760253906,57.76594105724064,57.37079264523974,51.20465598893697,1.0
57.88252960423375,57.51210021972656,56.93920223475729,57.4446106862392,47.82553796774039,0.0
63.77179060754394,64.06124877929688,65.03674171659726,64.28992703447936,57.3110704225756,2.0
58.01076671984879,56.42198181152344,56.478790702893114,56.97051307808845,50.66754614585102,1.0
69.35443337770327,68.31653594970703,66.69238498244204,68.12111810328412,77.24033113501862,4.0
,,,,,
59.23389991830097,59.75685119628906,59.74487517764789,59.57854209741263,57.35446112409778,2.0
46.89981886532847,49.03958511352539,49.97745763128812,48.638953870047324,34.90798873305113,0.0
56.87571909664839,54.88841247558594,54.836629844821694,55.53358713901867,56.40151736712103,2.0
55.72862861702916,57.28596115112305,57.837869609563974,56.950819792572055,58.75886259670784,2.0
55.755017087703806,54.56657791137695,57.19506153305311,55.83888551071129,65.2938387506131,3.0
60.316037867752144,60.61545181274414,59.87179769927683,60.26776245992437,63.70485679788475,3.0
54.22605912321581,53.910518646240234,55.0198016733245,54.38545981426018,45.85695159128026,0.0
77.77154807095421,74.75269317626953,75.03924056997386,75.85449393906588,69.59143590353027,4.0
61.36992296865625,58.146244049072266,57.185829237041226,58.90066541825658,64.49594239531986,3.0
57.50926432598244,57.419464111328125,56.098536435505075,57.00908829093854,26.69402490234392,0.0
59.42710275350905,60.27461624145508,61.289031073911886,60.33025002295867,61.31429852425359,3.0
61.68850608932313,61.9947624206543,61.1742381633809,61.61916889111944,58.492022869377,2.0
52.90483564690117,54.73063659667969,52.917861935062426,53.517778059547766,58.33777832798197,2.0
,,,,,
71.49262476962217,71.17427825927734,70.23709714868447,70.96800005919467,69.7229036819942,4.0
49.46987912628566,51.80245590209961,51.70360390376154,50.99197964404894,39.12628949822782,0.0
59.07396555443063,60.676151275634766,58.40120217918475,59.38377300308338,61.29229029409091,3.0
55.50813409273813,47.65206527709961,54.890822678250984,52.68367401602958,39.44619479886816,0.0
72.07926569355519,70.89057159423828,71.26022614751666,71.41002114510337,67.83242003270092,4.0
,,,,,
56.48505199673029,56.784542083740234,55.522380139752364,56.26399140674096,49.79942078005038,1.0
65.63555437861238,65.71923065185547,66.40940119679212,65.92139540908666,69.1241230769213,4.0
,,,,,
74.54372205679965,71.73287963867188,68.66862480319858,71.64840883289004,73.8085672826985,4.0
58.26664970512987,60.26072311401367,59.8554988264612,59.46095721520158,57.65155844500464,2.0
53.78799000554741,52.539669036865234,51.83501070415976,52.72088991552414,71.2189205866777,4.0
55.98793019463363,50.448402404785156,52.96502171420568,53.133784771208155,46.17585305942103,0.0
72.67847721235245,71.53549194335938,72.41421508384701,72.2093947465196,76.40370026523576,4.0
60.41964932528641,60.10225296020508,60.1269342969669,60.216278860819465,63.003559779956994,3.0
55.26873426413298,55.90694046020508,56.27481779220036,55.81683083884614,57.24931576117317,2.0
56.29246261282835,54.66291046142578,54.121115808688586,55.025496294314244,53.20955543916389,1.0
68.94576012019529,69.65080261230469,69.59887941337091,69.3984807152903,70.3017916650948,4.0
59.514091074665075,58.70866394042969,59.029021374686565,59.08392546326045,60.2283964720062,2.0
46.35338865482452,52.00130844116211,52.77314269656804,50.37594659751823,52.569878208653975,1.0
57.529081959275175,57.639041900634766,57.45986504073276,57.5426629668809,66.80110939933856,3.0
65.17585327204502,68.1399154663086,68.27699577727469,67.19758817187609,58.0344569912183,2.0
60.07449771896924,61.28890609741211,60.030474576736744,60.46462613103936,58.81182536688388,2.0
71.26993140982647,69.82196044921875,70.0550207938917,70.38230421764564,56.84482696858032,2.0
,,,,,
65.7793865591531,63.69853973388672,62.610068256395735,64.02933151647852,67.19640015072044,3.0
62.18012756153564,59.887516021728516,60.969957943716246,61.0125338423268,45.53627623577545,0.0
52.2274158225114,49.339996337890625,49.410410628647135,50.32594092968305,55.67817148844767,2.0
60.831283361453714,58.17820739746094,60.481375502189806,59.83028875370149,41.697127325814776,0.0
61.90708016053018,58.171043395996094,57.82209701394216,59.30007352348948,65.56324153639022,3.0
55.145288588939934,52.89349365234375,54.49102787851119,54.17660337326496,40.66799582025961,0.0
63.845743261948776,62.87458419799805,63.59219707284435,63.43750817759706,58.988938894645855,2.0
56.48545689758658,54.21201705932617,55.634327994678095,55.44393398386362,63.75908828194502,3.0
66.46432628178141,67.1360855102539,66.53959498758172,66.71333559320568,62.40451139871442,3.0
62.02420087277329,59.61819076538086,61.428199458710615,61.02353036562159,62.125107119926994,3.0
57.38853252328952,56.88212966918945,55.44993248306075,56.57353155851323,55.35817195514442,2.0
60.67074580330947,62.964637756347656,60.75809092288602,61.464491494181054,57.615850609210426,2.0
57.16923024796968,56.23350143432617,55.565574474023265,56.322768718773034,58.00977883681725,2.0
68.76582170802823,68.28145599365234,68.63521542245181,68.56083104137745,61.800179730622354,3.0
46.298323237911,46.19382858276367,45.75772900564073,46.083293608771804,46.05581552154429,0.0
53.55510364904138,56.80036163330078,57.235818310523925,55.86376119762203,61.94473767309504,3.0
58.0074705247204,60.28896713256836,59.124123446454476,59.14018703458108,59.981219613239375,2.0
58.94230356273366,64.97164916992188,61.025720765888636,61.64655783284805,62.37055653667619,3.0
68.62881854647206,74.29753875732422,69.93342920807787,70.95326217062473,78.18670599139753,4.0
51.44182974653609,53.42106246948242,50.8773069148783,51.913399710298926,45.54463080044992,0.0
52.292104806360605,52.62491989135742,52.67826855528887,52.53176441766897,56.5031736280592,2.0
46.50146272308051,50.465606689453125,51.02617555942397,49.3310816573192,54.34408366862745,1.0
,,,,,
60.612939570399234,56.45131301879883,56.52544559741769,57.863232728871914,57.83099300192582,2.0
49.57328639074853,50.57210922241211,50.671300833575565,50.27223214891206,61.11899635737549,3.0
71.5144603586174,72.07875061035156,70.68860375208783,71.42727157368559,64.87756968661947,3.0
55.34685100442051,55.675472259521484,56.97058030158409,55.99763452184203,58.30176706113256,2.0
48.004785090373595,47.77235412597656,46.821814324258455,47.5329845135362,54.19176806102342,1.0
66.22985121284559,69.2061538696289,68.18235614189179,67.87278707478877,71.9621435546161,4.0
56.43089313062871,53.27060317993164,53.35052920067831,54.35067517041288,58.59474276044093,2.0
48.15600150803189,48.41647720336914,48.75745265339887,48.443310454933304,40.86784624573714,0.0
52.57578791167926,53.212398529052734,53.33944729056064,53.042544577097544,51.91110048025144,1.0
49.65661708245353,50.25592041015625,51.27785166774626,50.39679638678535,47.08340357488977,0.0
49.114319404946905,50.383522033691406,50.52428279901993,50.00737474588609,51.60957013571728,1.0
53.434791137041366,52.0557746887207,51.59523050076507,52.36193210884238,58.90610739617107,2.0
,,,,,
54.62693192278459,53.07849884033203,52.305361817823716,53.33693086031345,63.37259034082405,3.0
65.2367237827329,67.24227142333984,66.76515244135099,66.41471588247458,59.22263637668653,2.0
63.71242288403662,63.439109802246094,63.173974267965676,63.441835651416135,66.96484211249445,3.0
60.43146400177768,60.82357406616211,62.49705538048603,61.25069781614193,66.3200879482337,3.0
53.693863392325675,55.47117614746094,56.95781858948224,55.374286043089604,45.39494417095899,0.0
62.207812179324186,60.9940299987793,59.74873638303269,60.98352618704539,48.49955805557591,0.0
53.312032677286034,52.366825103759766,52.212595190684944,52.630484323910245,46.98451910679232,0.0
52.71432775358503,54.60979080200195,54.456990853667286,53.92703646975142,63.73432621057319,3.0
52.549946295569264,55.157711029052734,55.56316240895521,54.42360657785907,51.56802721535461,1.0
66.18549171380819,67.06668090820312,67.91881978459183,67.05699746886772,63.95994039505632,3.0
53.825815288069506,45.05582809448242,47.29814407112752,48.72659581789315,33.19749278272354,0.0
50.28328857411292,49.83367919921875,49.69241234825428,49.93646004052865,55.34892371141379,2.0
,,,,,
53.087482947261734,51.70515441894531,52.39679724008196,52.396478202096326,56.30596320479166,2.0
55.768157264777436,55.0220832824707,55.47900105873921,55.42308053532912,55.42189348698332,2.0
47.50802357563727,48.41221618652344,48.98120363506382,48.30048113240818,48.660841550549456,0.0
52.88109942609392,53.88356018066406,54.31370790166354,53.69278916947383,56.277669007369134,2.0
,,,,,
62.081011109756425,58.586483001708984,56.495276304925184,59.054256805463524,67.5932253052706,3.0
69.09372891149755,70.7520751953125,70.69912921281605,70.18164443987537,69.71804778728702,4.0
49.77270440199278,49.945247650146484,51.06675371406492,50.261568588734725,46.71398105698988,0.0
48.8761806685097,50.576839447021484,49.56049266461554,49.67117092671557,52.91475056537463,1.0
76.4031992057083,75.69335174560547,74.40209505338112,75.49954866823163,75.18988833512458,4.0
54.63585224367187,53.13357162475586,53.48059691360412,53.75000692734394,51.337739335590186,1.0
,,,,,
56.89121746555919,56.30219268798828,55.249595084283015,56.147668412610166,69.56623269638008,4.0
58.40827858909734,57.708953857421875,58.254815716880785,58.124016054466665,54.14747550036054,1.0
74.79337718719314,73.61869049072266,75.75234087703942,74.7214695183184,70.11445712255257,4.0
48.19222876986268,47.35823059082031,47.635331697475145,47.72859701938604,44.93686037039871,0.0
67.6258001047193,68.90306091308594,65.25471697678302,67.26119266486275,77.50524233858692,4.0
,,,,,
51.14546939755149,53.4306755065918,54.29735252486139,52.95783247633489,51.45370580636325,1.0
62.47622784252726,61.180912017822266,60.42867508466217,61.3619383150039,64.55495729999714,3.0
57.258747760889634,58.513633728027344,60.686493387884724,58.8196249589339,48.41944884517321,0.0
58.0845075129231,58.73027038574219,58.46309692364417,58.42595827410315,46.38282144474655,0.0
57.671269068227254,55.40806198120117,56.51510914850474,56.531480065977725,51.38473772037446,1.0
50.96672814910424,49.07008743286133,49.27915473453498,49.77199010550018,59.74387789972965,2.0
56.92988751039248,57.640018463134766,57.8120681632459,57.46065804559105,53.29246059209691,1.0
69.87106617426961,70.47224426269531,71.24025933810114,70.52785659168869,67.16296269272748,3.0
52.95875736605558,54.529273986816406,54.29865593479691,53.928895762556294,60.64560051555353,3.0
51.90471442002352,52.90309524536133,52.32273275881232,52.376847474732386,47.76586896392654,0.0
64.90938168280937,62.797298431396484,63.52126965807692,63.74264992409426,64.5120637722141,3.0
66.75495063481368,70.58328247070312,68.72815407434568,68.68879572662082,61.93416594399535,3.0
60.374711558827585,60.333316802978516,60.48904801556346,60.39902545912318,71.92028025436356,4.0
,,,,,
68.77271938887537,68.59934997558594,67.42249128440683,68.26485354962271,72.83194161238835,4.0
58.68252556856336,53.8441047668457,51.2348209375365,54.58715042431519,57.82195837357219,2.0
,,,,,
50.744231083966184,49.69231033325195,50.12391489072907,50.18681876931574,54.83743195479596,1.0
60.096719898130665,60.61833190917969,59.58420443744653,60.09975208158562,52.71467493726392,1.0
54.19112901653707,55.09172058105469,55.04440841591898,54.775752671170245,56.60431313110029,2.0
49.9770211422369,51.18838882446289,50.89119905899841,50.6855363418994,51.82014600812966,1.0
72.47670925020405,74.3850326538086,73.41427888275706,73.42534026225657,74.5371155763639,4.0
71.48020011205266,73.10091400146484,73.36430862453858,72.6484742460187,70.6504493880426,4.0
,,,,,
53.276923468457674,53.8861198425293,53.316404994011194,53.493149434999395,46.47446762038864,0.0
59.5963608475056,60.634620666503906,60.15836395837189,60.12978182412713,66.3111872951404,3.0
,,,,,
68.23351317685893,66.4499740600586,66.07501998533563,66.91950240741772,69.9507598848457,4.0
53.63269752141778,49.413692474365234,48.772921298378165,50.606437098053725,51.62287862187669,1.0
57.18773364045003,58.90690994262695,58.62623617989109,58.240293254322694,60.70147796961108,3.0
56.46247627611181,52.512115478515625,54.904857467192876,54.6264830739401,54.50772054195563,1.0
57.06886916134937,56.95458984375,55.98239891097187,56.668619305357076,48.94246804467998,0.0
58.519700733296546,57.12823486328125,57.65747331476796,57.76846963711526,67.01312432415382,3.0
68.59265104004595,67.5190658569336,66.09843196795654,67.4033829549787,81.19557819969482,4.0
55.35415603581225,54.051025390625,54.19803103161411,54.534404152683784,57.37478922636013,2.0
56.088736509306074,54.2845573425293,54.62821584460687,55.00050323214742,52.55265397841765,1.0
60.66748509921256,57.180511474609375,61.94789706860656,59.93196454747616,55.35834249423231,2.0
67.04637238312532,65.30170440673828,64.60909071076894,65.65238916687751,66.10344895659178,3.0
53.27752712550108,52.4739990234375,51.22627863278678,52.32593492724178,54.70059805076685,1.0
65.95877267843392,66.48435974121094,66.17395668506502,66.20569636823664,64.20413491100626,3.0
62.96234657329506,62.682403564453125,62.65075738472235,62.765169174156846,72.37798926284229,4.0
54.753791345681066,53.35236358642578,50.42985621630067,52.84533704946917,63.98196084336457,3.0
51.75683647122886,48.8114128112793,50.5351695838907,50.36780628879962,36.48151010383347,0.0
59.91027394523766,57.27610778808594,58.35528978458207,58.51389050596856,52.08132045651323,1.0
57.21486947358848,56.446231842041016,57.679696848136174,57.11359938792189,60.42794263148011,2.0
63.60932352837522,67.3428726196289,67.01633975834069,65.9895119687816,50.41604363248624,1.0
68.6700318466913,68.68247985839844,67.53528347080257,68.29593172529744,58.88565604668455,2.0
54.45394278845175,53.31803894042969,52.752983465620915,53.50832173150078,47.78925290818938,0.0
53.77215779573885,54.80949020385742,55.122235705785684,54.567961235127314,61.87320249546813,3.0
64.46418613705296,66.74568176269531,66.81297504993388,66.0076143165607,83.5980357082154,4.0
63.02856278483154,63.2104377746582,60.82179512907775,62.35359856285583,74.03229822215665,4.0
58.98603095421414,57.29774856567383,57.726238411852606,58.00333931058018,49.06721797508649,0.0
55.133901066442725,55.96015930175781,57.06409506909827,56.0527184790996,53.45720235648513,1.0
,,,,,
58.48767358336489,60.57701110839844,60.87051911826652,59.97840127000995,61.39852803884113,3.0
,,,,,
48.56003327875799,48.86158752441406,50.20699368287859,49.209538162016884,39.68656983638639,0.0
66.33434713713264,63.3714599609375,67.9491152194709,65.88497410584701,54.149108434226754,1.0
63.64803875180314,63.94218063354492,62.91786895334412,63.502696112897404,87.6534692408321,4.0
55.71288734449824,55.130306243896484,55.48001065996519,55.441068082786636,59.82185475368973,2.0
52.24482254065368,54.48978805541992,54.044398523127505,53.5930030397337,48.70052708785192,0.0
66.69235232049839,67.22501373291016,67.15003615936254,67.02246740425703,59.84657359081035,2.0
56.927843119640045,56.71292495727539,56.49061482811647,56.710460968343966,54.77652289718616,1.0
,,,,,
56.1361075921687,54.57551574707031,53.96349338267932,54.891705573972764,67.17587429651206,3.0
,,,,,
,,,,,
,,,,,
51.626596493821026,52.281494140625,55.396943448157074,53.101678027534376,54.50538277899242,1.0
65.8914851151715,64.83200073242188,65.35034764283894,65.35794449681077,63.8528354532934,3.0
42.2076168902278,47.25682067871094,47.24237119545815,45.56893625479896,38.8319949186435,0.0
47.9215599034157,50.53219223022461,47.12523340743246,48.52632851369092,50.22281473794512,1.0
56.66441925473802,54.010597229003906,53.80507006100021,54.826695514914036,48.36125728920005,0.0
49.586372491393554,49.20020294189453,49.03175112499386,49.27277551942731,49.51918528352116,1.0
53.91073259514953,54.84919738769531,55.37319425238468,54.711041411743174,55.62702657521126,2.0
,,,,,
57.39344533612835,55.4891471862793,54.50567658019441,55.796089700867356,56.74781623371306,2.0
58.0845075129231,58.73027038574219,58.46309692364417,58.42595827410315,60.95220863520748,3.0
68.66273079961883,70.15635681152344,69.10840152293214,69.30916304469146,59.29911696010894,2.0
,,,,,
61.96740453010867,66.72624206542969,66.93112613852283,65.2082575780204,61.76304844663583,3.0
55.31079903704995,52.904720306396484,54.34741868279885,54.18764600874843,56.76068426606391,2.0
59.92362732238449,60.17346954345703,60.54352520279164,60.21354068954438,64.75147267408094,3.0
47.23524895796136,53.486053466796875,51.11762676515646,50.61297639663823,48.84396550688779,0.0
52.742163962047805,51.5864143371582,51.94268766722486,52.090421988810284,64.4769707157079,3.0
,,,,,
73.76898151392601,74.14279174804688,73.97061183057455,73.96079503084916,86.89944776393381,4.0
69.3972059494487,69.54487609863281,68.39475558997592,69.11227921268582,61.63940389993158,3.0
59.20195751467119,57.37722396850586,56.88038330788615,57.8198549303544,55.43437635078171,2.0
67.53072112314109,66.2169418334961,67.82764885734171,67.19177060465965,86.31623795359087,4.0
60.52521926038034,59.168601989746094,58.694324497515126,59.46271524921385,59.05277754716767,2.0
,,,,,
59.3626785207886,57.06048583984375,56.617739251884714,57.68030120417236,64.35029728839456,3.0
61.55242538394922,61.52388381958008,61.37138270200075,61.482563968510014,61.90946923517633,3.0
47.601562737116915,49.3968391418457,48.33220975782827,48.44353721226363,52.14311557802091,1.0
54.91308487769546,55.96980285644531,55.7381144312339,55.54033405512488,49.28089145628827,0.0
60.371750636445846,59.06915283203125,59.88062503278594,59.77384283375434,55.91501587947233,2.0
58.017758665775595,63.408905029296875,62.68575209283018,61.37080526263423,70.27175378885191,4.0
69.59978455880112,72.42417907714844,71.91954096446412,71.31450153347122,59.88746810738283,2.0
57.39082577282106,55.23497772216797,56.12541329659361,56.25040559719421,52.62823855772924,1.0
54.53333468725165,52.90659713745117,52.89906328398414,53.446331702895655,42.78402332732793,0.0
78.91157410429835,78.85595703125,78.06649736596302,78.61134283383713,82.15610243643707,4.0
75.71547384790563,73.59268188476562,74.85865604434338,74.7222705923382,74.94734963279704,4.0
64.01857511652395,64.3458251953125,64.15369632725093,64.1726988796958,68.24258049994569,4.0
,,,,,
59.782817759209735,57.99101638793945,60.71792546605286,59.497253204400685,57.520823861514046,2.0
45.74473512787748,48.74375534057617,48.6738012876781,47.72076391871059,53.121501344001786,1.0
57.71996247011364,56.40746307373047,53.52701544929019,55.8848136643781,62.90275927198932,3.0
48.09717993526052,49.1871452331543,51.01541251175373,49.43324589338952,45.60914866426432,0.0
57.885230602237144,63.466217041015625,61.248955003617745,60.86680088229017,56.16728244350784,2.0
55.146477122743576,55.584136962890625,57.28325476839169,56.004622951341965,53.72515350789634,1.0
56.93221453967258,58.5070915222168,57.16599235178306,57.535099471224136,51.62320496884464,1.0
51.34176226391841,49.08104705810547,49.707474967355296,50.04342809645973,46.21956510410141,0.0
62.99016280513774,65.38294219970703,64.96364581151838,64.44558360545439,55.4472733627694,2.0
,,,,,
67.31591007420883,67.46886444091797,67.70367878190599,67.49615109901093,61.40624913538292,3.0
,,,,,
51.82169642342745,52.84518051147461,50.95573683882784,51.874204591243306,50.19366474383961,1.0
,,,,,
,,,,,
60.58372616146295,61.15099334716797,63.32955128030424,61.688090262978385,67.92841471191237,4.0
61.176450517322664,58.8564453125,58.17741397527873,59.40343660170046,67.15875610899894,3.0
50.5513886757988,50.34345626831055,50.84499557798793,50.57994684069909,48.33662613379377,0.0
58.22173846887209,57.352752685546875,56.607587270143064,57.394026141520676,56.59254266405713,2.0
60.34967390347214,59.31534957885742,59.36501901464814,59.6766808323259,50.99475960447474,1.0
,,,,,
,,,,,
57.44778446479338,56.968807220458984,58.17669639226625,57.53109602583954,59.65166797658985,2.0
55.89858442523624,58.99272155761719,59.67518678601163,58.18883092295501,51.70616440770484,1.0
56.68860339184874,57.374759674072266,57.26473986768809,57.10936764453637,55.01502236976345,1.0
52.80449606216621,51.6767463684082,50.49924979002122,51.66016407353188,43.22037261893843,0.0
58.676658778062105,58.710845947265625,58.14581061582938,58.51110511371905,63.93728150425855,3.0
,,,,,
51.278984062241754,49.383567810058594,48.72708204220512,49.79654463816849,55.49658925280942,2.0
59.363805692277246,57.4210090637207,56.120817825223796,57.635210860407255,53.06879757112211,1.0
,,,,,
62.18895636165699,57.81753921508789,57.8783046110726,59.29493339593916,58.45044661100554,2.0
58.66739681122029,57.7437629699707,57.201308732370016,57.87082283785367,62.18644289778209,3.0
57.50351323071451,56.2850456237793,55.56606630173814,56.45154171874398,56.79337751470008,2.0
67.94755616107891,68.05253601074219,67.69795029404946,67.89934748862352,55.10061502367897,1.0
67.24109956657354,68.13819122314453,68.72691291878878,68.03540123616897,69.29724625806892,4.0
68.42598057679439,66.38397979736328,68.63923751854942,67.81639929756903,74.37557073715996,4.0
60.07202299356104,61.55297088623047,60.77973895941884,60.801577613070116,57.95611434978108,2.0
,,,,,
67.9875420967875,67.5230712890625,66.80906966297353,67.43989434960783,63.79544211303779,3.0
67.91828824414107,68.25666809082031,67.80834775475411,67.99443469657183,60.455812434262505,2.0
62.446308049046756,65.5793685913086,63.29411260767216,63.77326308267584,55.87237108444033,2.0
58.635451725285954,57.01294708251953,56.57800305523465,57.40880062101338,55.73274548071279,2.0
56.4912543077125,54.0711555480957,57.4101687288569,55.9908595282217,54.3214507117777,1.0
67.66877863898452,71.98706817626953,68.50563145145534,69.38715942223646,74.21747850012648,4.0
56.79749624880017,58.22348403930664,56.324769742898226,57.11525001033501,61.34291407347256,3.0
51.71523645298888,49.703712463378906,47.2068099465475,49.54191962097176,46.68540584252446,0.0
49.75077205085626,48.95095443725586,50.658510245100544,49.786745577737555,35.36880234775074,0.0
71.24837322831763,68.93921661376953,69.74252657549188,69.97670547252635,80.48490471852256,4.0
55.81613385631527,59.61281967163086,59.48636377700362,58.30510576831657,66.57333968536165,3.0
75.83815620227514,76.53768157958984,74.64884275782777,75.67489351323091,97.8498839984301,4.0
60.638422449115666,62.58898162841797,61.97829366625852,61.73523258126405,69.36943084542277,4.0
,,,,,
46.41953081180147,46.26668930053711,47.400959176632696,46.6957264296571,45.81985197830935,0.0
54.428471348241494,54.8798713684082,54.175455581422916,54.49459943269087,51.3446082333472,1.0
43.98790402142121,45.764549255371094,48.039965767984164,45.93080634825882,43.05825830070221,0.0
53.364494354170574,50.72148895263672,52.19742409727604,52.09446913469444,53.16889952048477,1.0
54.931329805647884,50.815948486328125,50.66151486690603,52.13626438629401,60.90354762503074,3.0
56.967904046317344,57.24870300292969,56.51776425738268,56.91145710220991,59.75532315067631,2.0
56.421317555140774,55.85195541381836,55.9196068546349,56.064293274531344,51.88099430900158,1.0
74.74556716781272,72.35829162597656,69.87898314391833,72.32761397923586,70.68113358900187,4.0
52.437488909294835,51.21120834350586,50.627943410906475,51.42554688790239,59.620063381838605,2.0
47.86107723497709,49.999542236328125,49.47589553851319,49.11217166993947,49.03608233833801,0.0
64.62524298649326,65.82858276367188,67.80513086192876,66.08631887069795,59.94390843469599,2.0
67.67987366435884,70.06876373291016,72.45060693246863,70.06641477657922,75.59977751575869,4.0
51.83230619157995,53.39142608642578,50.85652360344373,52.02675196048316,57.10659900140924,2.0
68.73838921616264,68.6382064819336,67.45852337910064,68.27837302573231,61.13703598006595,3.0
56.045034576715125,56.31084442138672,56.92022690971735,56.425368635939726,70.06734715751912,4.0
48.74362651719804,50.27962875366211,51.92837864998467,50.31721130694827,47.52162233005268,0.0
61.53163652821387,57.9296989440918,59.240172952346846,59.567169474884174,62.39641590363988,3.0
,,,,,
54.149744171009864,53.19520568847656,53.86047841451415,53.735142758000194,54.68184318210909,1.0
,,,,,
62.40889222414198,62.82826232910156,63.43698675281748,62.891380435353675,65.4822134972491,3.0
50.551026418701454,50.402339935302734,50.79381647929741,50.58239427776721,51.60290893366453,1.0
56.25191883098918,54.405921936035156,54.798281908739725,55.15204089192135,60.34241753165527,2.0
78.0174753446791,75.52386474609375,73.67802837931201,75.73978949002829,66.48816857670383,3.0
53.457261954371404,55.08382797241211,56.05671670765032,54.86593554481127,56.63256041693335,2.0
61.391282527772894,60.49189758300781,59.093466131573834,60.32554874745151,59.65128065297901,2.0
70.2943948138725,69.32861328125,68.95159956978611,69.5248692216362,81.85535897840086,4.0
48.356946102236414,46.680335998535156,47.876818332468325,47.63803347774663,50.613537882931546,1.0
60.59825585752636,56.956626892089844,62.10411994566088,59.886334231759015,57.78338643283699,2.0
52.93104432353227,51.68639373779297,51.62430417043616,52.08058074392047,41.69541952594479,0.0
46.23547411531554,46.16029739379883,46.993125033656156,46.46296551425684,53.931703351764696,1.0
,,,,,
54.73672782814043,51.59367370605469,50.853060685414654,52.39448740653659,49.7375405995175,1.0
70.03087225764659,69.85631561279297,67.28775951976003,69.0583157967332,73.62223096116792,4.0
58.59267258071253,59.61570739746094,59.11833276598568,59.10890424805305,58.278108023195166,2.0
60.20908536928557,57.988643646240234,59.89307441781033,59.363601144445376,46.18624681278575,0.0
57.69642533599863,57.33746337890625,56.9075902082682,57.313826307724355,58.54421093585991,2.0
,,,,,
57.32264893647561,54.702972412109375,55.67088425336006,55.89883520064834,54.35111303563907,1.0
60.916125801466336,62.41585159301758,61.435579695681334,61.58918569672175,63.07655314329272,3.0
63.195828496165234,57.048675537109375,56.922131833675664,59.05554528898343,39.6203899272875,0.0
54.85338445961439,53.817378997802734,54.36252853928074,54.34443066556596,58.48623692106196,2.0
,,,,,
45.275085300187534,45.36083221435547,48.52249565114878,46.38613772189726,27.78773605810212,0.0
57.11778042991229,57.632938385009766,61.094501685236466,58.61507350005284,58.57888982491624,2.0
51.02209194880282,51.229637145996094,51.13767175320838,51.1298002826691,47.96449981260172,0.0
71.0238042625689,76.84888458251953,73.61534834956072,73.82934573154971,56.93434315138513,2.0
66.51861424439699,66.20909881591797,64.98118518175718,65.90296608069072,47.82377956054991,0.0
67.66659544620227,66.92830657958984,67.57407629139378,67.38965943906197,69.73256443391931,4.0
54.23933920592694,55.12078094482422,54.978746357615044,54.7796221694554,53.95111105172594,1.0
57.21754970763919,56.419063568115234,55.616406397867685,56.4176732245407,49.47827324140459,1.0
55.633375802301174,57.01487350463867,57.286780247591764,56.645009851510544,52.77531367947657,1.0
52.49576725481377,52.12722396850586,52.968602765424805,52.53053132958147,55.3023406596802,1.0
67.82672215622343,64.26091766357422,64.16738785193095,65.41834255724287,74.71289129420896,4.0
62.93902449854268,62.953636169433594,62.86085444581893,62.917838371265056,70.22068321892849,4.0
64.90938168280937,62.797298431396484,63.52126965807692,63.74264992409426,69.22195133921589,4.0
48.22340575153925,45.6675910949707,51.48410369871093,48.45836684840696,50.23850804430774,1.0
51.96293216589909,51.72346496582031,52.929625345831184,52.20534082585019,47.668948950883134,0.0
56.45816846662896,54.823974609375,54.76697736813077,55.349706814711574,56.953587227250615,2.0
44.16184255434732,46.50056076049805,47.6800655671868,46.11415629401072,40.79624567985959,0.0
54.014113693774334,55.28071975708008,55.82281213293616,55.039215194596856,58.96808018190317,2.0
49.63269552640736,50.11054611206055,48.69717880867183,49.480140149046576,67.6835168359155,3.0
52.30379682161095,53.96485900878906,54.14999822087219,53.4728846837574,58.84576434145255,2.0
55.763852204315434,55.54228973388672,54.19115287313717,55.1657649371131,55.55926418302549,2.0
46.53037626164735,49.22846603393555,50.04077720430621,48.5998731666297,52.70253016374257,1.0
54.579748329933864,51.997188568115234,49.47478853245668,52.01724181016859,58.37104910985778,2.0
59.01437676365057,56.23445129394531,54.926385692492325,56.7250712500294,63.17612725255297,3.0
,,,,,
,,,,,
53.80461177927484,52.456302642822266,51.5688183758241,52.609910932640396,58.49580493261039,2.0
53.64262088666732,52.29309844970703,53.493062952181155,53.1429274295185,47.285576639328895,0.0
51.16098910612745,52.40080642700195,52.878359040206746,52.14671819111205,46.56474339548863,0.0
53.1588115702751,50.34345626831055,50.84499557798793,51.44908780552453,56.07311233745843,2.0
61.22539152707136,59.032371520996094,56.57195266339282,58.943238570486756,75.54501728537788,4.0
51.24051366209057,50.99790573120117,50.597725065648994,50.945381486313586,66.35457072119243,3.0
55.89470623593251,52.24794006347656,51.54047150283264,53.22770593408057,57.48313838051853,2.0
59.37104945186201,63.046485900878906,59.325736703678075,60.581090685472994,70.87272958514616,4.0
54.73967942055886,53.88881301879883,54.11092869804114,54.24647371246627,56.61157419787624,2.0
59.871342840242626,56.92052459716797,56.327442689244705,57.7064367088851,52.07958180915109,1.0
48.11456930782206,49.83841323852539,50.01392223012823,49.32230159215856,44.52184075821726,0.0
55.473537005911,56.28150177001953,56.17751829716505,55.97751902436519,59.96419524366261,2.0
74.79365196036865,75.82274627685547,74.13882735952701,74.91840853225038,74.92697244961303,4.0
,,,,,
55.41444781589528,55.23249816894531,53.403943559108725,54.683629847983106,59.18250244571136,2.0
54.75748099191599,54.13663101196289,55.084338238592224,54.659483414157044,47.53705422537961,0.0
60.61918364324939,64.76517486572266,63.284012865968265,62.889457124980105,58.29442298448405,2.0
53.51278045709257,52.002227783203125,51.047524316893224,52.18751085239631,61.94423987210944,3.0
60.16723359087561,56.17250061035156,56.87745783182808,57.73906401101842,54.22771167407823,1.0
,,,,,
59.068591484651215,59.14030838012695,59.12499295531526,59.1112976066978,54.48687006881111,1.0
49.39590164694629,49.2120475769043,48.37413939793815,48.99402954059625,56.56994974368943,2.0
47.14636281069916,50.78124237060547,49.22225131395511,49.04995216508657,63.40182349039715,3.0
48.78323421451345,49.898101806640625,48.68875309673402,49.12336303929603,57.08002026100422,2.0
,,,,,
56.980228891020126,56.54793930053711,56.85324789298755,56.79380536151493,65.99693656318388,3.0
66.2248987585413,64.68411254882812,63.60089094335329,64.83663408357425,60.72137397696774,3.0
54.133100790469484,56.855464935302734,54.712308599745334,55.23362477517252,40.940766159416846,0.0
63.84336913957327,61.558128356933594,62.86640226296441,62.75596658649042,47.44393033574156,0.0
52.626349994052674,51.719390869140625,53.6207374365489,52.65549276658073,45.39102429872845,0.0
71.33048489246995,70.66441345214844,70.21337797933688,70.73609210798509,76.60512768703452,4.0
53.80936808259381,52.0520133972168,51.349301127917144,52.403560869242575,53.18048998671503,1.0
46.22558743023971,49.001033782958984,49.96139784115801,48.396006351452236,55.66352656123578,2.0
71.12633555592794,70.10153198242188,69.33785544979864,70.18857432938282,74.03147254541086,4.0
54.04733656427687,55.483768463134766,55.78678147784512,55.10596216841892,52.865765133837954,1.0
,,,,,
68.5058738391788,67.01127624511719,71.75260731236762,69.0899191322212,57.25733393677227,2.0
66.44479385673073,63.78626251220703,63.67393845169524,64.63499827354433,61.60121483196412,3.0
60.036052395902445,61.79738998413086,62.8598998835369,61.564447421190074,60.221239193970206,2.0
67.75892480190956,65.66578674316406,66.72887590722779,66.71786248410046,69.95219768149329,4.0
58.53962853936442,58.814884185791016,58.335343652862164,58.563285459339205,81.1387284503807,4.0
71.56505348780411,69.6761245727539,70.16857766144055,70.46991857399952,76.57025828863823,4.0
56.49598840267207,50.96262741088867,49.75029460936037,52.40297014097371,58.566401651161215,2.0
53.9584748919838,55.61272048950195,54.265494987114586,54.61223012286678,53.90167212193303,1.0
53.5464074758984,56.02613830566406,55.7628174665753,55.11178774937925,58.87221664870303,2.0
55.715414856656835,59.32809829711914,59.776363849043264,58.27329233427307,40.90046852043855,0.0
57.90557285046178,55.79935073852539,55.39508902581617,56.366670871601116,58.62832535129223,2.0
,,,,,
63.59909349652228,62.11309051513672,62.02385332575578,62.57867911247158,56.90173045567362,2.0
54.06213628608177,54.029239654541016,55.22439189300418,54.43858927787566,56.274998542017016,2.0
59.10012151884273,61.1657600402832,60.75228918868714,60.33939024927103,104.29551579332332,4.0
62.47622784252726,61.180912017822266,60.42867508466217,61.3619383150039,64.32970818939717,3.0
53.63189773194545,53.37372589111328,52.48412979547286,53.16325113951053,42.58643101305153,0.0
,,,,,
59.882050495891065,58.932762145996094,57.21979993234941,58.67820419141219,59.06132116281543,2.0
,,,,,
69.10541959072928,66.52961730957031,70.07571284388588,68.57024991472849,58.43531252133317,2.0
73.560942257768,74.86028289794922,76.24537219219549,74.88886578263758,90.69805892578964,4.0
55.102052538753036,53.14656066894531,52.24457871719089,53.497730641629744,42.200826645048615,0.0
66.08315109251224,65.90855407714844,65.23615167565362,65.7426189484381,74.8277126597371,4.0
,,,,,
,,,,,
55.02050419499879,55.79916763305664,54.815861868676,55.211844565577145,62.18076482742944,3.0
57.07383039258537,59.07942581176758,59.272164424698,58.475140209683644,46.86780914185441,0.0
62.0336339245228,58.384681701660156,58.208454913743026,59.542256846642,54.67817905021303,1.0
78.5239355075793,78.2768325805664,76.1519142124476,77.65089410019776,87.22115462415097,4.0
47.96659162956657,48.31046676635742,48.47773132048975,48.25159657213791,44.18398989910754,0.0
52.63769914955336,51.24898147583008,50.2297981922636,51.37215960588234,34.11283967283349,0.0
65.01241798011411,64.04888153076172,62.01743231377838,63.692910608218064,72.61559093794084,4.0
72.7178157435336,72.08633422851562,75.02467562402225,73.2762751986905,72.66492630657328,4.0
53.3958092244219,51.22773742675781,50.316292205035,51.646612952071585,56.99535452565459,2.0
,,,,,
59.61338815407813,61.09361267089844,60.71782842398625,60.4749430829876,54.78936830588404,1.0
55.66649229470239,54.75507354736328,54.855301700131555,55.092289180732415,53.19204707793411,1.0
58.06775075914219,57.39433288574219,55.222892791996486,56.89499214562696,58.21447114422889,2.0
54.93997885325477,57.18940353393555,56.94055471338395,56.35664570019142,58.77103624778684,2.0
74.45926532637833,78.14896392822266,77.0889954476727,76.56574156742455,67.76823640994434,3.0
57.86926142824527,56.2850456237793,55.56606630173814,56.57345778458756,72.45563676671522,4.0
65.53235864800226,65.43766784667969,63.2794201121995,64.74981553562715,58.3822534327479,2.0
,,,,,
56.68368457010087,56.58436965942383,57.28629108911045,56.85144843954506,46.22954278642538,0.0
64.47844220345868,67.54299926757812,65.52845684654152,65.84996610585944,76.10934978790701,4.0
69.50142857168531,67.34212493896484,66.08312759207806,67.64222703424274,82.51943953621137,4.0
,,,,,
73.1322107260158,68.6122055053711,67.52075803796882,69.75505808978524,65.63619548732368,3.0
68.90866151248875,68.47631072998047,68.23451070690905,68.53982764979277,83.91147081305158,4.0
50.678505251560956,51.08742141723633,52.20772390096354,51.324550189920274,55.15334353388548,1.0
58.42945075348142,58.218650817871094,56.56744830475629,57.738516625369606,55.79031856560147,2.0
50.18477718004163,50.809017181396484,49.18267258726453,50.058822316234206,56.776744215294144,2.0
49.654584650888964,46.47771072387695,47.46062732232757,47.864307565697835,48.57159002132171,0.0
53.50510582638798,54.03779220581055,55.47345681649079,54.33878494956311,55.62850837712418,2.0
53.513603614807856,55.663360595703125,55.97167924656231,55.04954781902443,64.63987995155341,3.0
57.903897000156526,52.70806121826172,53.671615016726456,54.761191078381565,49.21663721949766,0.0
44.51195138388256,49.09239959716797,50.03313463245849,47.87916187116968,58.90632178874808,2.0
64.39724646287652,65.11772918701172,64.82039353965808,64.77845639651545,66.8445605726392,3.0
,,,,,
56.4318417306711,57.33513259887695,54.59834037034709,56.121771566631715,58.08477403243447,2.0
59.619897804267055,57.88799285888672,57.815910875966885,58.44126717970689,47.148415671010746,0.0
69.17091699460825,66.55436706542969,66.45119979817585,67.39216128607127,66.53426227814653,3.0
72.14135464539758,71.71817779541016,69.5812123402575,71.14691492702174,76.28132401021222,4.0
53.532788229412695,54.079776763916016,54.454939078923466,54.02250135741739,56.12690747406195,2.0
62.95853845491818,62.418975830078125,62.12725935291093,62.50159121263574,71.82431975209363,4.0
65.46838130104256,66.31311798095703,65.74317885641175,65.84155937947044,52.95641068491815,1.0
52.85191869473592,54.53324508666992,54.90875491681003,54.0979728994053,52.762712021362894,1.0
73.80553546837608,72.95557403564453,72.25038315892968,73.0038308876501,70.85784562106454,4.0
58.53717296207912,55.44249725341797,56.880241942362495,56.95330405261986,47.32333791939202,0.0
74.81227478015082,80.05278015136719,76.31996741895836,77.06167411682547,62.77491533155504,3.0
60.56217426324924,59.194278717041016,58.7205539029463,59.49233562774552,61.24412873322497,3.0
56.74748930281227,57.636138916015625,58.11021588312318,57.4979480339837,53.836882120972206,1.0
69.55862296029572,64.92950439453125,68.40875290699384,67.63229342060694,63.905886531142606,3.0
48.102873040654444,51.18882369995117,51.368948365381584,50.22021503532907,40.70314744721181,0.0
,,,,,
50.777044174841,49.024600982666016,48.902534015145235,49.56805972421741,43.23321369715766,0.0
,,,,,
50.37217157767621,50.43109893798828,51.470829123561465,50.75803321307532,42.20437988935929,0.0
73.9091402073514,74.32772064208984,74.13349526431065,74.1234520379173,79.09753015484647,4.0
53.9929325487858,50.61337661743164,50.98129779325986,51.86253565315911,59.495397747744185,2.0
49.97509029631875,50.559696197509766,51.320656280899506,50.618480924909335,34.51112910252518,0.0
,,,,,
70.78889503385113,72.24394989013672,75.19058690258977,72.74114394219254,68.66226627300468,4.0
54.772730893460135,56.278072357177734,55.57043960671402,55.54041428578396,51.9721980180756,1.0
61.93089184751263,60.4046630859375,60.96764724807461,61.10106739384158,57.3005904346109,2.0
70.81890963267422,67.05960845947266,66.35072500361403,68.07641436525363,68.77422891383831,4.0
51.48772429759133,51.40007400512695,51.633293790548215,51.5070306977555,50.033371477723854,1.0
58.578304127527616,56.5635986328125,57.372447478787535,57.50478341304255,65.90113948645465,3.0
53.73021119478559,56.1424446105957,55.772822334710796,55.215159380030705,55.87827414592952,2.0
51.06211531491568,51.30455780029297,50.67895199990557,51.01520837170474,57.40767972876897,2.0
47.487591450356135,48.774269104003906,49.33433853939294,48.532066364584324,41.10703444921106,0.0
65.27661486149984,68.82942962646484,68.00929769329456,67.3717807270864,51.43988923732388,1.0
,,,,,
52.78496773887598,53.97633743286133,55.71058303880534,54.157296070180884,52.32689403867315,1.0
75.29175780832456,73.15599822998047,72.70208290821438,73.71661298217313,75.87097164743726,4.0
55.9626659286797,54.546321868896484,54.88077886327223,55.1299222202828,56.229568190532426,2.0
62.470840489063846,61.434059143066406,62.81176426468855,62.23888796560627,57.186342230446,2.0
57.418294133455554,56.383445739746094,55.714879684997356,56.505539852732994,59.53779866860875,2.0
67.67987366435884,70.06876373291016,72.45060693246863,70.06641477657922,77.40325097951056,4.0
55.5890089184156,55.62485122680664,56.195347119085476,55.803069088102575,55.2473964622024,1.0
56.40783493000586,56.1518669128418,57.711957831704915,56.75721989151753,58.77445785597332,2.0
54.19138179894002,55.330413818359375,57.93359367302621,55.81846309677521,50.01811345289163,1.0
50.55908336582944,52.7786979675293,51.61282091881092,51.65020075072321,50.52677933838556,1.0
53.229164449337844,56.6654052734375,55.728449651241846,55.2076731246724,53.85951575229206,1.0
55.173484592382145,56.00754928588867,56.176443119775996,55.785825666015604,52.15674633610238,1.0
60.913265549390026,59.022056579589844,60.09440516220844,60.00990909706277,60.70419412505577,3.0
51.01635179912807,52.18953323364258,52.85758019168615,52.02115507481893,45.51022009670646,0.0
,,,,,
51.61820163499914,54.647315979003906,56.25678948468558,54.17410236622954,46.75653691580951,0.0
51.39526089153062,55.76083755493164,55.42345886019012,54.19318576888413,51.15561427902733,1.0
63.882424724984894,62.86050033569336,60.602050668370154,62.448325243016136,54.98158789561006,1.0
68.8871395194704,68.23465728759766,68.41687157166973,68.51288945957926,67.00389301656074,3.0
59.12986591828987,60.61104965209961,58.29722606793684,59.34604721277544,64.68218347392224,3.0
48.72781045932236,49.47600555419922,50.46623526575276,49.55668375975811,56.938636133685286,2.0
58.597477768919454,58.399837493896484,58.409792761807346,58.46903600820776,70.53795737453359,4.0
74.57969102874517,73.15016174316406,73.05692732754355,73.59559336648427,54.68952227362647,1.0
51.63726522444266,52.6153564453125,53.065615422816016,52.439412364190396,61.89982757568061,3.0
,,,,,
50.207220787546696,49.246639251708984,48.90576312132691,49.4532077201942,40.13397861198439,0.0
49.86223797798206,50.17354965209961,51.320466512950084,50.45208471434392,44.20404049569555,0.0
59.28470345258926,56.24187088012695,57.75914558619677,57.761906639637665,47.767034239606765,0.0
43.83671940416486,47.67521286010742,47.42867659904853,46.313536287773594,47.35584160723818,0.0
66.69064629725123,66.0743637084961,63.748587534193426,65.50453251331359,68.95129944403236,4.0
,,,,,
,,,,,
64.51917547411611,67.07376098632812,67.07246904800617,66.22180183615012,55.49449745408951,2.0
63.586053676008426,61.0989990234375,61.30836569556855,61.99780613167149,71.48889435347567,4.0
72.05895784186416,70.77373504638672,70.91391499391071,71.24886929405388,59.16398038828972,2.0
56.71689273282619,57.512428283691406,57.479516467670145,57.23627916139591,49.04346630522424,0.0
48.20637219431896,48.798736572265625,51.7997735955066,49.60162745403039,56.18292247793232,2.0
,,,,,
59.061834482763246,62.097198486328125,60.56464899411217,60.57456065440118,57.20387724744664,2.0
66.64008334629077,65.38935089111328,63.64487768261506,65.22477064000637,74.5724841533489,4.0
50.490430021140384,52.55502700805664,51.45820177602079,51.50121960173927,49.74924873696122,1.0
67.89296648403345,66.66511535644531,66.46049224581448,67.00619136209775,64.5984616181261,3.0
50.230793645295726,50.62783432006836,51.00811471833271,50.622247561232264,50.8010037249029,1.0
57.46038895426289,56.40733337402344,55.846699922891986,56.57147408372611,46.8500722961517,0.0
58.017146846889496,58.72025680541992,58.8263440968056,58.521249249705,59.87616063933415,2.0
43.95752315453325,44.77340316772461,45.124127758017806,44.618351360091886,49.45094918493864,1.0
,,,,,
56.536882361120526,59.366390228271484,59.03426534928685,58.31251264622629,57.965902386988354,2.0
56.53454667278647,56.399749755859375,55.843854784947226,56.25938373786435,44.27970416405879,0.0
50.78769540523939,49.15606689453125,50.14277432134311,50.02884554037124,36.69186175699792,0.0
44.564321668812006,44.08922576904297,44.254369858911225,44.302639098922064,40.70166871892486,0.0
66.70165509964137,67.66514587402344,65.47089399361698,66.61256498909394,85.40202134597456,4.0
72.07396541973372,72.28997039794922,69.98662107408715,71.45018563059004,82.82160253688208,4.0
59.27400355125621,58.7235107421875,57.48016310553762,58.49255913299378,57.980505893269104,2.0
65.51312375085875,67.24484252929688,67.27120016849841,66.67638881621802,63.04972077804948,3.0
,,,,,
63.858668228481825,61.308467864990234,61.16401919082563,62.110385094765896,73.97770163479466,4.0
56.95753354037537,55.128746032714844,54.131397185013775,55.405892252701335,68.80595967766591,4.0
,,,,,
,,,,,
46.08509714472817,47.95742416381836,47.87636703493254,47.30629611449302,35.56729888669928,0.0
45.66908675276651,48.405029296875,48.36999455310889,47.48137020091681,46.24370894956284,0.0
44.20061914436757,48.0224723815918,47.58189232449603,46.601661283485136,41.72343184860393,0.0
53.42939369977274,50.134857177734375,51.09644284312092,51.55356457354268,41.07349348745154,0.0
,,,,,
73.32569407463785,71.40099334716797,70.09584509236544,71.60751083805708,82.8662662799891,4.0
74.87197117582092,76.56135559082031,74.54175407102187,75.3250269458877,85.2657403832783,4.0
66.47509651616714,66.34077453613281,67.69696327808782,66.83761144346259,68.6757749446367,4.0
65.99017423430531,65.1204833984375,66.07428950160015,65.72831571144765,64.40469447164507,3.0
50.45377755741011,50.27229309082031,48.95633857741082,49.89413640854709,50.45335413513105,1.0
,,,,,
56.86875015135934,54.98552322387695,54.53594342902976,55.46340560142202,71.43096530055888,4.0
48.239004638365394,45.20917892456055,45.985118034746804,46.47776719922425,50.082008487214296,1.0
67.23098638138003,65.33796691894531,62.56950855801528,65.04615395278022,65.65530019185167,3.0
55.51143625830219,53.22056198120117,54.97189818024812,54.56796547325049,53.27475592838897,1.0
68.23812381647139,68.05261993408203,67.70979856460704,68.00018077172015,67.69493140118998,3.0
63.225104146610576,65.04906463623047,66.42637205896753,64.90018028060287,71.56040136939832,4.0
69.2879879673573,68.0148696899414,66.79248549194728,68.03178104974866,75.94815996133863,4.0
,,,,,
,,,,,
,,,,,
63.00750698089527,61.28936004638672,59.966493238138455,61.42112008847348,55.376203491286304,2.0
57.007362436916395,62.644554138183594,59.521212672130645,59.72437641574354,54.4828070970748,1.0
53.283409369667645,50.31145477294922,49.909112995467254,51.16799237936137,50.7975088188865,1.0
62.531960965231704,65.00176239013672,65.12886508765268,64.22086281434036,57.85554005882777,2.0
73.3337476107163,70.15853118896484,69.72430626629105,71.07219502199074,72.8423879115267,4.0
67.85028857003402,68.66740417480469,67.57714542488871,68.03161272324247,72.30047844436595,4.0
,,,,,
66.21400397631936,66.35528564453125,67.17553586098349,66.5816084939447,63.213371974141246,3.0
64.56724580958273,65.10633850097656,65.14809340728134,64.9405592392802,66.10513850759644,3.0
60.328540624711835,59.93549346923828,59.34649429941121,59.870176131120445,55.7246855174115,2.0
50.593528881629545,52.45808410644531,51.878976484566394,51.64352982421375,52.190198132122056,1.0
,,,,,
51.870029330264515,52.621395111083984,53.462050642063424,52.651158361137306,54.572373319283926,1.0
71.72382099502923,74.06929016113281,71.64357398790222,72.47889504802141,71.23838433843231,4.0
54.79332871373732,52.308441162109375,52.964366907329634,53.35537892772544,52.75738434164998,1.0
50.55361831109525,51.24407958984375,49.427790664883666,50.40849618860756,38.06809541983825,0.0
,,,,,
,,,,,
72.67310910713385,71.78304290771484,72.00046223470648,72.15220474985172,71.82086038515328,4.0
64.27371226345211,67.4311294555664,65.83244817969187,65.84576329957014,77.223995412564,4.0
68.14255687030696,68.85169219970703,68.49139365804811,68.49521424268737,48.23381814849402,0.0
52.90848925046937,49.61197280883789,50.46073550982574,50.993732523044336,51.5614975674393,1.0
55.21041115472208,51.49893569946289,50.51434132721338,52.40789606046612,52.537743539827616,1.0
,,,,,
71.47138692196279,71.57347869873047,71.1839190924596,71.40959490438429,67.0446892475886,3.0
70.06102396242382,68.61713409423828,67.98412594279613,68.88742799981941,82.77269636076154,4.0
67.97972516239291,66.32001495361328,65.4668942832512,66.5888781330858,63.02822249645831,3.0
71.33701899998469,70.04505157470703,69.20698926621496,70.19635328030223,75.06337991156573,4.0
57.51730811884163,59.20336151123047,58.28813665114624,58.336268760406114,52.41562940648924,1.0
53.87912101145179,55.15083694458008,55.35925070608758,54.79640288737315,73.11022662182351,4.0
55.30906563524546,53.791927337646484,54.28177066030545,54.460921211065795,65.25345751521225,3.0
63.73069048622458,62.90986633300781,59.9285572181769,62.18970467913644,65.4356031462883,3.0
53.61979952997621,50.591087341308594,51.17388759131737,51.7949248208674,42.18440939688977,0.0
74.02059539680293,73.97840881347656,74.02578209610019,74.00826210212657,73.6105312710892,4.0
72.0960886490694,67.5829086303711,68.92635285552657,69.53511671165568,58.55054144233119,2.0
53.17596193993762,57.00598907470703,54.9323886363692,55.038113217004614,69.52852928697953,4.0
60.93795478273684,61.84980392456055,62.32808220382892,61.70528030370877,59.7801099323046,2.0
54.85427099524334,54.031837463378906,55.02198822597384,54.6360322281987,51.951376221220826,1.0
59.39015098721276,55.54138946533203,55.79611490584843,56.90921845279774,52.89044852783295,1.0
66.128069904866,65.93477630615234,63.158376705297016,65.07374097210511,56.97550996356043,2.0
67.13061184610729,66.87968444824219,67.73428616364716,67.24819415266553,70.00063159146178,4.0
56.44399925823773,56.53376388549805,54.36481867067162,55.78086060480246,65.52988225978548,3.0
51.80751287158703,51.73249053955078,50.665462317904385,51.401821909680734,58.681493005297575,2.0
70.61388239912746,69.0548324584961,69.38982230901374,69.68617905554576,63.14423069220917,3.0
63.99085632963325,66.57780456542969,66.77528222586533,65.78131437364276,64.3663547949496,3.0
70.01373452335238,71.12606048583984,72.31186406385734,71.15055302434986,76.975807144024,4.0
61.95233340839671,61.43076705932617,61.21066232132653,61.53125426301647,66.7305557422187,3.0
56.691645718682814,53.70999526977539,52.948252438116015,54.449964475524745,52.27311056835709,1.0
53.81157912412361,53.791927337646484,54.28177066030545,53.961759040691845,48.4037474483005,0.0
54.87543427551314,56.12152099609375,56.429979299644764,55.808978190417214,45.27883775694288,0.0
53.97796895955306,55.411537170410156,57.25815078195338,55.54921897063887,50.53362273928029,1.0
45.67296332360594,49.62391662597656,48.87947268095616,48.058784210179546,34.282087669787614,0.0
53.98416054514148,54.684661865234375,55.345754943379454,54.6715257845851,62.99390576027649,3.0
66.64179392305886,65.33040618896484,65.61711778957623,65.86310596719999,59.51827695635026,2.0
60.23345011178539,62.73965072631836,63.18309431230161,62.05206505013512,51.84126664924138,1.0
65.89518446959373,64.49082946777344,64.35854572317673,64.91485322018131,62.54104218569843,3.0
45.10515333924133,47.89409637451172,48.450352426703446,47.149867380152166,41.40106620654043,0.0
69.19173926330988,66.14273071289062,65.65862768149842,66.99769921923297,56.23414954611643,2.0
60.878714541483994,59.145511627197266,58.85921613274885,59.627814100476705,54.81872598513645,1.0
,,,,,
,,,,,
56.137253821471944,55.16792678833008,55.63137605695656,55.64551888891953,50.72362187237309,1.0
48.63482267718529,46.89921569824219,46.901728364321926,47.4785889132498,44.857257541794645,0.0
52.88295682629438,50.80329895019531,54.83322980104587,52.839828525845185,64.64811880197111,3.0
52.80182765759365,56.256710052490234,55.85982706082695,54.97278825697028,60.15725442567147,2.0
65.76260514434185,67.68470764160156,69.27175157001912,67.57302145198751,81.44800990539797,4.0
71.07178123851145,68.79873657226562,67.49583103235346,69.12211628104352,60.40113248772171,2.0
74.08619290470205,65.9440689086914,69.04658605639206,69.69228262326185,69.72951151090665,4.0
69.60167795476079,68.30378723144531,69.97231207791629,69.29259242137412,71.46289140876556,4.0
64.30911501810462,61.93406295776367,61.21970024233238,62.487626072733555,48.916773509958375,0.0
70.88693627449926,68.04186248779297,70.73854643498301,69.8891150657584,78.63905997360047,4.0
,,,,,
55.08057689277383,54.785282135009766,55.174742954091684,55.013533993958426,56.571852751167256,2.0
67.15325400192447,67.7245864868164,70.92186392608349,68.5999014716081,66.53921133121253,3.0
54.89065885675456,54.94788360595703,54.93486004927888,54.92446750399682,44.99713464417919,0.0
56.74870066416393,56.82889175415039,57.0522526573657,56.87661502522667,54.66835567646064,1.0
65.84547936928358,64.45601654052734,64.38527760539833,64.89559117173641,49.514639006367325,1.0
65.2847117083248,64.00769805908203,63.92221018312454,64.40487331684379,80.77286968654224,4.0
64.69320810731347,65.21026611328125,65.06225946421615,64.98857789493695,65.73486088276256,3.0
,,,,,
,,,,,
58.11806332907658,58.7735595703125,57.79577417863239,58.22913235934049,52.730154873122096,1.0
64.67977685844185,65.12477111816406,63.492689455375874,64.43241247732728,81.2841168421012,4.0
53.37190233435303,53.94709396362305,52.70466618152615,53.341220826500745,55.5617586036914,2.0
53.3877654971669,54.71751403808594,55.76818782366044,54.62448911963776,57.529502762068525,2.0
,,,,,
69.11447274909877,68.8182373046875,68.85619139543297,68.92963381640642,68.5783658303869,4.0
48.55464918907189,48.80430603027344,49.83789872432172,49.065617981222346,44.054221111631264,0.0
58.20590761630341,58.6727409362793,58.3275973423939,58.40208196499221,49.88071500348132,1.0
59.15228400218912,57.439552307128906,57.659272515697154,58.08370294167173,61.5253749480345,3.0
51.06737699913102,48.52349853515625,48.597161552941046,49.396012362409444,41.7630192997684,0.0
62.05591388275615,57.86765670776367,61.29169947727629,60.4050900225987,60.34053951328596,2.0
56.161040474842316,58.468406677246094,57.05081199804633,57.22675305004491,59.89700551900172,2.0
58.53753407428107,60.317874908447266,61.81727862774704,60.22422920349178,77.9845941696996,4.0
47.28657044771574,48.229183197021484,49.109113648634306,48.20828909779052,44.985327633177135,0.0
54.367068257194845,59.138343811035156,56.572663822859475,56.69269196369649,69.91807897938617,4.0
50.45330646441235,48.72789764404297,51.101388607287355,50.09419757191423,60.765936156935794,3.0
68.29238506391857,66.96930694580078,63.9669468327294,66.40954628081626,68.3419196936752,4.0
67.04121383103076,68.11370086669922,67.21338290669415,67.45609920147471,74.88502921689715,4.0
,,,,,
42.39156915958554,46.900230407714844,47.8940427149205,45.728614094073635,53.3794623643581,1.0
71.90065855539021,70.62908172607422,70.36500364752574,70.96491464299673,73.20833998464344,4.0
59.88492607270051,57.56350326538086,58.103897943404654,58.517442427162,59.85789652589128,2.0
44.4293340042514,46.57323455810547,48.805976954832694,46.602848505729845,46.94003477195167,0.0
55.04226076871189,56.14939880371094,56.18411265262338,55.7919240750154,60.160126018205645,2.0
55.0445112068606,56.36380386352539,56.42113060466906,55.94314855835169,58.6474243531118,2.0
40.499094932223116,47.172237396240234,46.76621039807084,44.812514242178075,56.40761667397906,2.0
60.27487737289712,57.17372512817383,56.978324651219204,58.14230905076338,45.47089185842774,0.0
68.22116746873222,69.6266860961914,66.04704909018928,67.9649675517043,58.020849096096285,2.0
66.89320233982326,67.74701690673828,69.39426248767195,68.01149391141116,68.4505295378301,4.0
48.69520353592199,47.63624572753906,47.81199194908565,48.04781373751556,49.21653853975387,0.0
48.32140385711244,50.63677215576172,49.82131333128069,49.59316311471829,52.10870672325516,1.0
61.098623057736695,62.332122802734375,58.227642868800594,60.55279624309055,64.47855508887035,3.0
58.903114520338654,56.29001998901367,56.39831677059943,57.19715042665058,63.62961403028948,3.0
52.133059092156046,52.64642333984375,52.223579625980804,52.334354019326874,50.32097422197926,1.0
57.748475395865874,57.89896011352539,58.09020810092227,57.91254787010451,65.36659353111455,3.0
50.71416970433871,51.296382904052734,52.73384994644148,51.581467518277634,58.607201881504125,2.0
69.08242485717315,67.60115051269531,67.22343048362185,67.96900195116343,80.69092073958507,4.0
48.70252346871503,49.98119354248047,50.6078664169425,49.76386114271266,37.57174995988454,0.0
51.49787246671049,52.88036346435547,51.30053262181429,51.89292285096008,41.04866320642912,0.0
53.72072325444282,57.25870895385742,58.38533448874886,56.4549222323497,65.04914870800741,3.0
60.21502727906502,57.74471664428711,58.47593196457918,58.81189196264378,54.71834451207993,1.0
,,,,,
47.53055298596134,47.97245407104492,49.414026891818565,48.30567798294161,64.68590633457296,3.0
57.75826749082938,55.56550979614258,56.066341900930915,56.4633730626343,48.42938714771242,0.0
60.270059632155146,59.11377716064453,58.43955509485769,59.27446396255245,56.40115208299303,2.0
60.72095022238061,58.57383346557617,58.188103505415526,59.16096239779076,61.89630776258086,3.0
52.26894683783992,49.68254470825195,48.646272426424446,50.199254657505435,39.336831819724566,0.0
51.71223200442298,50.90430450439453,52.448719157962486,51.68841855559333,56.23495573610323,2.0
68.63721588927923,67.26203155517578,66.76120370519816,67.55348371655106,61.77834442240799,3.0
52.17468347301696,56.42709732055664,55.742564393740075,54.78144839577123,75.53632721457143,4.0
,,,,,
45.8624560302328,48.60860824584961,48.93235802007008,47.80114076538416,41.79059897588611,0.0
51.357181671303536,52.53860092163086,51.177802835647945,51.69119514286078,59.83262169715459,2.0
66.58129723322043,66.1282958984375,66.1624356458913,66.29067625918309,74.9675702435615,4.0
72.11640351954723,68.3753662109375,73.47292010994074,71.32156328014183,62.402818825130055,3.0
63.00150580244452,64.10214233398438,63.235754539752676,63.44646755872719,57.959511694841474,2.0
,,,,,
56.363395494792236,55.1843376159668,54.751760651568205,55.43316458744241,65.18046126186397,3.0
50.684496001739674,52.905426025390625,50.59076298426994,51.393561670466745,43.77474324993919,0.0
,,,,,
57.070352802144434,59.27998352050781,57.05419394134361,57.80151008799862,42.23560014652757,0.0
70.0604661511391,71.39088439941406,69.80472684197234,70.41869246417518,65.45116707044119,3.0
54.587413221684606,55.682918548583984,55.80014928356178,55.35682701794346,49.91079272589553,1.0
57.78807660506575,57.06008529663086,55.83475878769887,56.89430689646516,69.60572997142677,4.0
57.344431152135705,58.51361846923828,56.47466843730968,57.44423935289455,60.61545594574354,2.0
49.579565882526936,50.11371994018555,49.56352106523693,49.7522689626498,45.13180185721893,0.0
55.44182761842874,52.547523498535156,52.28723093643903,53.42552735113431,45.80877041210073,0.0
56.62045368883109,57.11253356933594,56.88340084825859,56.872129368808544,61.38319149173181,3.0
59.669207263714995,59.105438232421875,59.57236213176061,59.44900254263249,66.49736538589907,3.0
,,,,,
55.53720185257526,53.24428939819336,52.107512301081826,53.62966785061682,72.53915447474452,4.0
69.2871787793805,72.679443359375,72.44783561521993,71.47148591799181,86.78259254269508,4.0
69.44524345811193,70.09024047851562,68.71903912391375,69.41817435351376,46.973272170842776,0.0
54.18546069232893,55.134033203125,55.4798053979811,54.93309976447835,56.488486863990495,2.0
61.23583742655387,57.812767028808594,58.07238160967842,59.04032868834696,68.31638323425034,4.0
53.29471180242699,54.91728973388672,53.97143916705697,54.06114690112355,61.050814125296,3.0
56.05863429399094,53.27898025512695,53.98467379942286,54.44076278284692,40.62333353694929,0.0
54.6824589233285,56.86823272705078,59.052290754863876,56.86766080174772,55.86197693801171,2.0
64.01987139027754,66.24641418457031,66.53986728161048,65.6020509521528,77.11139742366028,4.0
70.52689751257996,72.09709930419922,74.18734688962509,72.27044790213476,89.8123243801957,4.0
69.44228996651428,67.60137939453125,67.19527211593629,68.07964715899395,65.09974343719921,3.0
62.78075571368351,57.616607666015625,59.65370258130302,60.017021987000724,55.90435345993868,2.0
54.503976234527286,56.487060546875,56.17751829716505,55.722851692855784,47.987036701602015,0.0
61.49669169604147,60.18392562866211,59.89130974300283,60.52397568923547,57.45680365937357,2.0
54.74782696194925,50.82587814331055,50.523863811687704,52.03252297231583,57.86092215685254,2.0
45.41181099324227,44.69557189941406,44.65824717665323,44.92187668976985,42.56641155660176,0.0
55.02501420831973,54.844364166259766,56.34189006227982,55.403756145619774,41.78063638313705,0.0
,,,,,
66.0204373982116,63.697967529296875,63.66132512761872,64.45991001837572,64.87705713951105,3.0
67.186304043934,65.88786315917969,66.62324118828327,66.56580279713232,70.06572264921292,4.0
48.412444018175954,48.4951171875,48.005847328868676,48.304469511514874,45.9832536863744,0.0
62.70490112416685,61.46434020996094,63.24946787700627,62.47290307037802,63.06833913951134,3.0
60.706402636831385,60.86122131347656,60.423193510608,60.66360582030532,61.58464308378381,3.0
51.57565771769721,51.19119644165039,51.99369189963126,51.586848686326285,54.46604732169262,1.0
49.25624107744529,50.49221420288086,49.99895522244773,49.915803500924625,52.09826195001376,1.0
53.56728567979362,51.92002487182617,52.13219627782571,52.539835609815164,56.32520381875753,2.0
45.74929337952981,47.22458267211914,49.97400847814329,47.64929484326408,47.8232883860921,0.0
63.00673122730442,62.89572525024414,62.68154954002926,62.86133533919261,52.33613757694972,1.0
59.97641519567256,61.17211151123047,61.25377899681943,60.80076856790749,61.15775607819727,3.0
70.5106202891082,70.33609771728516,69.79289159067068,70.21320319902135,75.98195888358339,4.0
51.842989754045675,51.561832427978516,51.29464136701416,51.56648784967945,56.12816448875413,2.0
,,,,,
54.94127362513379,51.269187927246094,50.42222478939895,52.21089544725961,43.5315262075918,0.0
47.97795126829263,51.34822082519531,50.55945982645145,49.961877306646464,47.91197723948117,0.0
60.766705103695614,59.06642532348633,59.08821870257814,59.64044970992003,48.91452961280584,0.0
50.97708966817656,49.94224166870117,51.188928489702576,50.70275327552677,47.57014086856564,0.0
68.13249354540018,68.19451141357422,66.96166762133947,67.76289086010463,60.232895405175135,2.0
51.756299422491004,50.99794387817383,49.88552775907032,50.87992368657839,56.03476380383078,2.0
60.99007673175726,65.46048736572266,62.69417986821823,63.04824798856604,72.01127165513812,4.0
61.57279273106218,64.9195556640625,65.97815706656898,64.15683515389789,62.59604050319902,3.0
49.710062393554196,48.47683334350586,48.54654145430575,48.911145730455274,58.674680107041006,2.0
,,,,,
53.18108459299516,56.20507049560547,56.094595255464995,55.160250114688544,57.81936396245274,2.0
54.669430418427766,53.005191802978516,50.48500391976548,52.71987538039058,56.23399096867399,2.0
,,,,,
67.15066991146004,67.6986083984375,66.63805169571513,67.16244333520423,63.32858380577802,3.0
60.60437733032007,60.93086624145508,59.83762523338706,60.457622935054054,62.87862973614094,3.0
50.11032770452794,51.87391662597656,50.96612070835787,50.983455012954124,44.15584824331969,0.0
74.59394284367467,72.59163665771484,73.43156884686161,73.53904944941704,85.84103525484956,4.0
65.56189898652019,67.12081146240234,69.28393173381484,67.32221406091246,64.7059911019656,3.0
73.15101046363803,73.31085968017578,72.94008538869468,73.13398517750284,79.26232889140758,4.0
48.24178230359048,47.37793731689453,47.03197911667601,47.55056624572035,49.56591111286751,1.0
,,,,,
72.28853424823029,72.98326873779297,73.1276203444482,72.79980777682381,79.32592030933603,4.0
59.41418495744994,59.296958923339844,59.70801549097576,59.47305312392185,57.8604199523544,2.0
63.97939907145509,67.69587707519531,69.60665682442261,67.09397765702433,73.24889989845735,4.0
62.20637423531217,59.34599304199219,58.69099335091901,60.08112020940779,71.49480095975123,4.0
53.806131655357675,55.50725555419922,55.83824334239443,55.05054351731712,58.07055084286133,2.0
73.20640444856555,71.59574127197266,72.90170631727327,72.56795067927048,73.4695249985946,4.0
73.91764298288203,73.31057739257812,74.86074997891538,74.02965678479184,77.61369605040782,4.0
53.52700828627082,49.239234924316406,49.654127039381535,50.806790083322916,56.49562227706729,2.0
,,,,,
49.7935896446406,49.04435729980469,48.677035342672625,49.17166076237263,40.85705325124138,0.0
46.649589096755136,50.83171463012695,50.5230750387576,49.33479292187989,43.94792633397414,0.0
60.29563926752236,62.91765213012695,63.623445088931064,62.27891216219346,53.14179638231419,1.0
65.15074582274532,64.30237579345703,65.98067512068015,65.14459891229416,55.31004368845147,1.0
48.312138248784834,48.05816650390625,49.068498645352044,48.47960113268104,46.39585726003072,0.0
,,,,,
62.09816096399562,64.43065643310547,64.92520565068001,63.8180076825937,57.46091897751604,2.0
67.15451981806937,65.23295593261719,65.41746790017531,65.93498121695397,74.40199512741047,4.0
67.9016465115634,63.81290054321289,63.53190540279508,65.08215081919046,63.31756847872438,3.0
,,,,,
51.427469760673816,51.34663391113281,49.97111562432537,50.91507309871067,45.081075248434686,0.0
,,,,,
53.91729115351418,54.12546920776367,56.548296804343714,54.86368572187386,51.551477988061045,1.0
42.47608099614893,47.24632263183594,48.94168337999328,46.221362335992715,39.80960843423893,0.0
56.786034158518866,57.52495193481445,58.44605577617765,57.585680623170326,53.7935184257869,1.0
,,,,,
61.21068504732665,59.49489974975586,59.40327298118492,60.03628592608914,61.11017099127445,3.0
,,,,,
45.67731614469892,49.01465606689453,48.00972524541852,47.56723248567065,44.48127806084717,0.0
67.37832776329952,67.05020141601562,66.92933039388201,67.11928652439906,75.12866014049307,4.0
62.21968436751956,61.22696304321289,61.300200328356325,61.582282579696255,74.88345538134573,4.0
48.76859027859287,47.82688522338867,49.00282427638863,48.53276659279006,47.578975117711614,0.0
,,,,,
66.16366965229857,67.58914184570312,63.357797771825496,65.70353642327572,72.92364733807995,4.0
54.30956011085782,53.38648223876953,54.045614494058775,53.91388561456204,56.925000601458194,2.0
68.07599567348232,65.65039825439453,66.26858877852433,66.66499423546706,70.32862750593063,4.0
,,,,,
46.7840438600189,50.39866638183594,49.82314153836416,49.00195059340633,49.95745144428157,1.0
70.38421546012088,73.184814453125,73.15340728916061,72.24081240080217,69.22110129813184,4.0
52.33669607592247,50.56769943237305,49.56229400363466,50.822229837310054,56.56918945816078,2.0
66.610525178529,66.86160278320312,67.48959001913109,66.98723932695441,58.19379185414884,2.0
,,,,,
45.50788913610742,48.28401184082031,48.68984058281422,47.493913853247314,35.61065008969479,0.0
71.17461646487729,67.56690216064453,66.0436861644281,68.26173492998332,68.72438739131418,4.0
,,,,,
52.460269333746034,51.686668395996094,50.93212270571355,51.6930201451519,43.13933126560681,0.0
43.32704448983783,43.51706314086914,44.98616460800352,43.94342407957016,45.80234545030105,0.0
45.373628561362686,48.378196716308594,47.67325120241591,47.141692160029066,45.01617169243856,0.0
49.13495509457217,50.86282730102539,51.190049976493036,50.3959441240302,24.098231898559224,0.0
69.94054469063484,69.86385345458984,68.96305802044715,69.58915205522395,71.64516926796321,4.0
,,,,,
57.24435981977008,55.434326171875,56.08866364624193,56.255783212629005,51.65409655010893,1.0
54.53272903240567,53.65561294555664,53.61844739866968,53.935596458877335,52.497030791558,1.0
49.97043774591901,51.45505905151367,50.37497129047143,50.60015602930137,50.68389595006396,1.0
67.03497593795892,65.01637268066406,66.35913126338691,66.13682662733663,68.85391694507538,4.0
64.41551864588536,60.064456939697266,56.33710694149587,60.27236084235949,53.69863472989296,1.0
49.15279720005358,49.686344146728516,51.13767175320838,49.992271033330155,47.93249831851834,0.0
53.86247666291859,54.867069244384766,54.72021933077496,54.483255079359445,40.98772363128563,0.0
63.248866268309456,62.52009201049805,61.28007330191623,62.349677193574585,62.08881625566285,3.0
48.356642254122505,49.567256927490234,50.29794463073365,49.40728127078213,56.95813385360462,2.0
55.7507472750737,55.760284423828125,56.61636506748845,56.042465588796766,64.10291338974808,3.0
,,,,,
58.54716630475247,59.139461517333984,60.90095166199989,59.529193161362116,60.60625110118472,2.0
51.0671248619694,50.54584884643555,51.18362942726384,50.93220104522293,46.68315121502064,0.0
57.90226881379759,55.79707717895508,54.13806449434002,55.94580349569756,48.931873616636246,0.0
69.32616136486976,68.92294311523438,69.76489647092386,69.33800031700933,56.43044084700487,2.0
58.71668110615147,57.93592834472656,56.216547667202114,57.62305237269339,54.61000002354829,1.0
59.25858899519268,58.144229888916016,58.46505773567083,58.62262553992651,49.98528955282338,1.0
59.480161536623385,54.13577651977539,54.590681688000515,56.068873248133094,57.401479318093806,2.0
50.425027867126055,49.70811080932617,49.76427109257454,49.96580325634226,62.333188311863736,3.0
74.7776584238909,74.52943420410156,76.23234345741277,75.1798120284684,69.2057382467643,4.0
50.57633821651631,48.62858200073242,50.70182514258836,49.9689151199457,36.97127727739648,0.0
52.37962235966262,54.90363311767578,55.250299157684914,54.17785154500777,52.34510363015486,1.0
,,,,,
56.05563996713817,52.87263107299805,52.503287964172195,53.810519668102806,54.06523531487908,1.0
56.88702519376825,55.293968200683594,55.27779425047022,55.8195958816407,47.36331570374415,0.0
62.6892922196879,63.664554595947266,62.77145606710186,63.04176762757901,54.39310099245839,1.0
52.785186986765126,54.98299026489258,57.12446088305922,54.96421271157231,42.05507026250276,0.0
72.4041159523518,74.4174575805664,72.8410503056922,73.22087461287013,65.88390525179746,3.0
57.88042207534295,57.210548400878906,56.51474100939474,57.20190382853887,41.169313054467146,0.0
66.62418741294698,64.83763885498047,66.56951459839999,66.01044695544248,73.65225600870859,4.0
63.388040740329586,61.748382568359375,63.84137254886677,62.99259861918524,66.93095985605981,3.0
56.590933750903204,55.94666290283203,56.437306838564126,56.32496783076645,48.46954567493826,0.0
46.72298584622347,47.95973587036133,46.11353650385892,46.93208607348124,36.156932744490106,0.0
,,,,,
65.88905682662136,69.27519226074219,68.74930628247556,67.97118512327971,74.97384947725249,4.0
50.545826171209804,50.24939727783203,49.62503606821007,50.14008650575064,57.01336122289441,2.0
62.22972642254848,57.66354751586914,57.8702068425277,59.25449359364844,51.71425823885067,1.0
58.418875895754496,59.04999923706055,59.603010686723685,59.02396193984624,62.36376013542972,3.0
55.06090926562071,56.12411117553711,56.990304928358626,56.05844178983882,58.40556916456116,2.0
66.39332716366596,62.91730880737305,66.70970929551699,65.34011508885199,64.6415351237047,3.0
47.52966169059595,44.77460861206055,45.44814977333381,45.917473358663436,51.186322009146046,1.0
53.26860324887575,54.65122604370117,56.26178734545109,54.72720554600934,42.68036419592304,0.0
76.5776494294272,75.8355484008789,73.01884139525495,75.14401307518702,75.5370107649743,4.0
61.41129707641207,63.211219787597656,61.12681441416407,61.916443759391264,56.47338589637293,2.0
62.92313283318801,65.94973754882812,63.001907871202576,63.958259417739576,63.40371437460254,3.0
51.120647764145836,51.039058685302734,50.08661567629181,50.748774041913464,59.24583783344648,2.0
44.33252203423764,48.67078399658203,48.44101533725452,47.14810712269141,43.13589107743893,0.0
,,,,,
49.50489056216766,49.79974365234375,52.68292997163503,50.66252139538216,47.43372472357153,0.0
68.98131864464048,71.14537811279297,70.90644044795798,70.3443790684638,73.0341613459434,4.0
55.874389367130135,51.00443649291992,50.6932004149377,52.52400875832925,71.27950154491758,4.0
44.209063657896046,43.75974655151367,44.00217690404039,43.99032903781671,46.15601945652281,0.0
59.66397441423115,52.60498809814453,52.429497554089046,54.89948668882156,57.60771540677825,2.0
56.72219179392105,57.39175796508789,58.20219075384899,57.43871350428597,61.27053387492627,3.0
74.4072774280048,73.55353546142578,74.13883612932737,74.03321633958599,72.48585759446482,4.0
69.64902864623384,71.67349243164062,70.67016455321128,70.66422854369524,78.48175263380874,4.0
73.16855795490788,71.80140686035156,70.81518348131615,71.9283827655252,82.04015695933494,4.0
51.31731572301118,52.54865646362305,51.982498546237345,51.94949024429052,45.13670961708102,0.0
,,,,,
59.68387903781643,59.490447998046875,58.07601527540249,59.0834474370886,61.135371397967226,3.0
68.0636630663743,67.03214263916016,66.77394770315723,67.28991780289724,66.21789797194155,3.0
58.292371775426425,61.64253234863281,62.945772623680824,60.96022558258002,53.73598429498256,1.0
68.60982951446583,66.42261505126953,63.26314929855777,66.09853128809772,67.01233200739256,3.0
52.85308550656594,56.12156677246094,56.03780952018301,55.00415393306997,61.15187044152432,3.0
71.95232171940036,69.84296417236328,67.77594107981633,69.85707565719332,68.1458694273734,4.0
59.05608540692847,58.516700744628906,59.10590591419648,58.892897355251286,62.54335052004846,3.0
55.03499362931218,59.09756851196289,60.37937883972172,58.17064699366559,62.16919823396275,3.0
,,,,,
72.19262570922143,71.62212371826172,74.11386492436799,72.64287145061705,65.08167843171677,3.0
75.76838514580467,73.49168395996094,73.86843453837797,74.37616788138119,73.4446947187901,4.0
44.643400154871685,47.64179229736328,47.36170658462597,46.54896634562031,54.89054651661076,1.0
65.76005102605932,66.91618347167969,66.59606192614848,66.4240988079625,68.61988676024052,4.0
66.01551357452891,62.08683395385742,65.14731765172114,64.41655506003583,69.64184653717236,4.0
73.6963658289892,73.61734771728516,71.28614974310722,72.86662109646052,80.1197719940235,4.0
46.13020944980762,47.10453796386719,48.33930172874944,47.19134971414142,48.241519661238485,0.0
53.327139485793985,52.78084945678711,53.09322624790263,53.06707173016124,47.18086887607479,0.0
67.23483019917995,67.78304290771484,67.07771962164696,67.36519757618059,63.05884984968729,3.0
56.58158731458047,58.94697189331055,60.72675232351404,58.751770510468354,55.06208854400454,1.0
56.579890349765165,57.58222961425781,58.40426484382651,57.52212826928317,57.15771531171629,2.0
67.31645144942176,67.70469665527344,69.13232272253893,68.05115694241138,56.69835015220668,2.0
72.27937831683055,69.78087615966797,72.08486093403383,71.38170513684412,69.39278177514677,4.0
65.34992567033038,65.10860443115234,66.34460031715074,65.60104347287782,58.86412138230619,2.0
64.24933979051208,63.74050521850586,64.82566949201144,64.27183816700979,69.83471269361146,4.0
60.6050905198466,58.187400817871094,58.09815583000349,58.96354905590706,53.81983249499448,1.0
47.65350414084182,46.10848617553711,46.700160213743835,46.82071684337425,41.32314344393469,0.0
71.08122781787513,69.7190933227539,72.44579429490929,71.08203847851277,68.11491191487175,4.0
60.04021994154484,60.65585708618164,56.51453381292036,59.07020361354895,58.91032535194492,2.0
53.84865472215423,56.41746520996094,56.596745016241414,55.62095498278553,55.17754923438567,1.0
53.79101509299308,51.7578010559082,52.733953034529655,52.76092306114365,54.1119081264431,1.0
71.42945881368324,69.84274291992188,73.96222142790762,71.74480772050426,68.70280982542417,4.0
47.42892040970498,48.258026123046875,48.800415684971775,48.16245407257454,41.3405328154092,0.0
64.67477369490858,65.91474914550781,65.72270496724857,65.43740926922166,57.09124056785706,2.0
56.55691938411885,56.848812103271484,56.89619437611146,56.76730862116727,54.52381566507872,1.0
63.39373981081672,60.041507720947266,60.26977778359797,61.23500843845398,69.38145048588532,4.0
63.36772255835742,66.36354064941406,65.81584759349384,65.18237026708844,68.15055790589714,4.0
48.402911988641065,48.249752044677734,49.32140953612924,48.658024523149344,62.47952732831696,3.0
70.66898752077623,68.15994262695312,66.3008084566495,68.37657953479295,65.68511928026257,3.0
51.42011918551903,49.147125244140625,48.02283910232305,49.53002784399424,47.67764280329307,0.0
67.27471912108237,65.80415344238281,67.98567000084333,67.02151418810284,80.8962837719025,4.0
61.34919855898916,60.10544204711914,61.11311559847583,60.855918734861376,67.95492122329296,4.0
49.855793758337335,49.355926513671875,49.84648415325326,49.68606814175416,33.32706141476634,0.0
68.04273277381012,71.35504150390625,69.43114280467258,69.60963902746299,54.81076729957452,1.0
,,,,,
56.56716818050052,55.86710739135742,56.2134237428672,56.215899771575046,45.931727306592414,0.0
,,,,,
78.4747513734367,76.0555419921875,77.67507922290527,77.40179086284314,84.75331496757418,4.0
60.512793117657964,62.208030700683594,60.69655157806375,61.1391251321351,55.50341285568575,2.0
68.0916576591283,69.58767700195312,69.01986294910674,68.89973253672939,77.68755538569593,4.0
46.470330104336036,49.6434326171875,49.14745452269882,48.42040574807411,42.041139885264975,0.0
67.29863764795874,69.90532684326172,69.10840152293214,68.7707886713842,75.8505009348241,4.0
56.62786817679655,52.934326171875,52.002414614645815,53.85486965443912,49.95424969029797,1.0
,,,,,
49.97983902070516,53.74154281616211,54.78388829919554,52.835090045354264,49.9490494985203,1.0
,,,,,
50.92158456254763,50.01822280883789,49.604781561564,50.181529644316505,59.78808502781779,2.0
,,,,,
64.34431671604501,65.25443267822266,64.07818921166776,64.5589795353118,70.24247856377113,4.0
52.07523254734989,52.00756072998047,51.188928489702576,51.75724058901098,48.49202628787741,0.0
56.24893845077889,60.640350341796875,59.68168994189637,58.856992911490714,71.24165239403158,4.0
65.8841464103312,63.79599380493164,65.77987661019701,65.15333894181994,59.60910730658742,2.0
67.46310075448832,67.41449737548828,67.24627026878039,67.37462279958567,58.48015617629025,2.0
59.71012822359965,57.26892852783203,58.21249134979903,58.39718270041024,50.0428724573434,1.0
64.08678500255559,65.58455657958984,65.37317297326531,65.01483818513691,64.86501921191595,3.0
69.1243963915617,68.68399047851562,69.26485621538151,69.02441436181961,74.45539245173715,4.0
69.46375233242799,68.16486358642578,67.00770743652541,68.21210778512639,73.39854401139186,4.0
73.27906862020815,72.87754821777344,70.44044348045765,72.1990201061464,77.90464634694266,4.0
50.176870063057095,49.248634338378906,48.99744992177767,49.47431810773789,46.80409643948982,0.0
64.87318728294,64.52962493896484,64.95589092443977,64.78623438211487,58.49991190046877,2.0
57.385088362563295,53.28214645385742,53.04327491373941,54.57016991005338,60.33966875006407,2.0
,,,,,
66.90411164506256,66.42125701904297,65.88255259244578,66.40264041885042,71.84741152818216,4.0
61.46388125320892,59.59223937988281,59.82725605254527,60.29445889521233,60.18043483436778,2.0
,,,,,
75.49942484731015,75.52410125732422,76.32786849907971,75.78379820123803,78.97616625189883,4.0
56.27782448504849,56.09777069091797,54.80511177925742,55.72690231840796,44.658631487836495,0.0
69.3793245107231,69.05520629882812,69.3664270153415,69.26698594163092,77.10112395307407,4.0
52.05925986995055,55.473548889160156,55.47522623093252,54.33601166334774,55.87935875310562,2.0
56.44663487163723,56.74040222167969,56.78529901949021,56.657445370935704,35.54620504733627,0.0
56.33400148781972,56.97004318237305,56.19616382918118,56.500069499791316,59.23291147946286,2.0
47.859678988976505,48.474735260009766,48.7458316790586,48.36008197601495,45.10159825784108,0.0
48.92413520753971,50.383522033691406,50.52428279901993,49.94398001341702,40.16449065507555,0.0
53.6320515363936,53.0006217956543,53.53090611274208,53.38785981492999,48.69088326223806,0.0
50.12795617187428,48.139312744140625,48.05564753239477,48.77430548280322,45.41564653571336,0.0
74.36926222486105,75.83013916015625,76.67393094057633,75.62444410853121,67.93129799723387,4.0
48.32578624530051,48.329994201660156,50.13949303251699,48.93175782649255,65.48398919015496,3.0
64.01764303442876,65.12330627441406,65.90610706969396,65.01568545951226,64.59989014610517,3.0
55.71328666627498,57.52667236328125,56.01416824222045,56.418042423925556,48.7685840255586,0.0
53.43516435856556,55.018367767333984,53.850481018346265,54.10133771474861,50.9875934823561,1.0
71.52439501585263,70.32801818847656,69.9944123876987,70.61560853067597,76.95327728060292,4.0
56.50276313637152,56.44483947753906,56.78132547976584,56.5763093645588,64.62205112921914,3.0
54.58672206978851,50.96908187866211,49.07612628939735,51.54397674594933,51.450366738937134,1.0
58.02509193605268,57.84613037109375,58.07711070377554,57.98277767030732,59.67755080986057,2.0
54.58550233099763,53.483001708984375,53.51205395932129,53.860185999767765,61.64638022391984,3.0
,,,,,
51.40391081541599,49.99382400512695,51.1275978609036,50.84177756048218,46.186094693880726,0.0
49.86587321797626,53.49908447265625,54.14446475361549,52.50314081474934,60.24960588814852,2.0
55.43329287844515,56.59347152709961,57.11340175630523,56.38005538728333,58.326961298618734,2.0
46.09799683099085,48.531150817871094,48.057963708254576,47.56237045237217,60.06910731022512,2.0
69.55530954914862,67.9997787475586,66.37002911282632,67.97503913651117,66.69312040665258,3.0
64.03203703919422,60.5761833190918,61.22225205443807,61.94349080424137,55.84474430388945,2.0
62.214205671178135,62.61769485473633,62.86975828043206,62.56721960211551,75.05979787522702,4.0
68.72026636867078,72.02838134765625,71.56712044195629,70.77192271942776,62.96464202874547,3.0
68.26740312093456,67.92572784423828,69.55084846290627,68.58132647602638,69.08119265248803,4.0
58.29515284772856,58.3607063293457,57.72057686475131,58.12547868060852,55.64331022795025,2.0
52.38241819031883,54.356170654296875,54.90987678422324,53.88282187627965,58.70061283133638,2.0
44.71260277075377,44.71478271484375,45.61810334833933,45.01516294464562,38.87631384711203,0.0
71.18340356093191,66.91212463378906,66.48726739952495,68.19426519808196,73.30406447379768,4.0
56.98998306204015,57.50937271118164,56.67590832455909,57.05842136592696,44.24959514344896,0.0
51.75466243637509,50.4367561340332,50.28226588422952,50.82456148487927,38.46054921525544,0.0
46.76890161150747,48.48638153076172,48.016688965414346,47.757324035894506,56.28762037852162,2.0
,,,,,
51.007246848379836,50.801151275634766,49.88787025091002,50.56542279164154,51.2312206506596,1.0
50.45962160745915,52.16191864013672,51.8215683498734,51.48103619915643,52.45451054749907,1.0
69.93733850910237,70.4429931640625,72.2878048182103,70.8893788304584,64.60119462185293,3.0
49.67929603973671,50.70344161987305,52.147764411262145,50.84350069029063,68.1562103504379,4.0
64.84493867034416,65.20947265625,66.22229186417539,65.42556773025652,76.07970016766791,4.0
49.19928030058144,50.19139862060547,51.26404120458278,50.218240041923224,42.64606557750496,0.0
61.047411573327494,58.696868896484375,58.217630612941655,59.3206370275845,40.72399619110891,0.0
58.69190480576816,57.055477142333984,57.310028230449305,57.68580339285048,58.62938673418477,2.0
51.326655148147886,49.1479606628418,47.784459205668774,49.41969167221948,55.386026861049416,2.0
49.76767900718561,51.45505905151367,51.22672478443987,50.81648761437972,60.84830228563071,3.0
63.9193743821118,67.54905700683594,66.40215204302058,65.95686114398944,66.99947199201631,3.0
50.55797861936249,50.262386322021484,50.08398634681033,50.3014504293981,54.63454562550529,1.0
72.80109112686391,73.48771667480469,73.85075924610571,73.37985568259144,77.30039580556219,4.0
62.01784926269372,66.2689437866211,62.51777869758511,63.6015239156333,47.89687140005574,0.0
71.8969405317977,73.20166778564453,73.29132131206089,72.79664320983436,78.66033591655027,4.0
43.61587906838263,46.87077713012695,46.43882245670941,45.64182621840633,50.80995533640066,1.0
54.057162496953175,55.240657806396484,55.40955866654209,54.90245965663058,61.02673123701819,3.0
,,,,,
53.641973294970036,56.566097259521484,56.955152690941816,55.72107441514444,67.7476197552116,3.0
68.83952629990448,67.81156158447266,68.27980183139942,68.3102965719255,76.75738152986632,4.0
46.39162429918344,47.32490158081055,47.05926167083637,46.925262516943455,48.05870958996248,0.0
53.255914462932154,54.214603424072266,54.255889215205315,53.90880236740325,51.46584419708114,1.0
69.152730221887,67.76933288574219,67.77740298423025,68.23315536395314,73.2547244322099,4.0
69.66096503619453,69.85558319091797,69.45300771702487,69.6565186480458,77.11534211405272,4.0
51.98530950856099,55.32714080810547,55.37438896977583,54.22894642881409,50.27141278347903,1.0
,,,,,
58.16912489158654,55.84132766723633,56.096722830443376,56.70239179642209,60.69766725244956,3.0
48.210599078405345,46.43666076660156,47.23693900958035,47.294732951529085,42.664218621623824,0.0
61.277608193212714,58.729454040527344,61.01822844107496,60.34176355827167,61.57112927646363,3.0
,,,,,
60.60056373991715,61.238731384277344,61.2077158662412,61.015670330145234,51.01863741057854,1.0
68.92730754783105,63.85233688354492,67.75558075058274,66.8450750606529,71.12791076015023,4.0
64.75193217282128,62.514991760253906,60.467694325015856,62.578206086030356,58.41570543861905,2.0
61.599638369140216,62.55137252807617,61.386843528882814,61.8459514753664,66.10559745408311,3.0
50.65102957040261,51.81064224243164,53.23322600170053,51.8982992715116,55.61117820610009,2.0
59.62407733469798,62.02738952636719,62.10261626215165,61.25136104107228,73.2544566356484,4.0
65.43497865600135,67.86174774169922,67.83816152775844,67.04496264181967,71.8142522119511,4.0
67.10723922757143,68.04524993896484,68.03242552710864,67.72830489788164,55.81824267626579,2.0
57.931938481092935,57.87825012207031,57.94166754712627,57.91728538342985,53.22324381956327,1.0
64.03420911098499,59.11045837402344,57.75225868264035,60.29897538921626,56.58685842324351,2.0
60.61918364324939,64.76517486572266,63.284012865968265,62.889457124980105,63.1435719071984,3.0
59.53993982332954,58.46183776855469,59.61109008801184,59.20428922663203,56.42208757031207,2.0
64.68494136082525,66.87710571289062,65.97893498327285,65.84699401899623,54.53529735837262,1.0
62.372298988005156,68.87947082519531,66.90310599634621,66.0516252698489,63.992491773736354,3.0
70.74320686354228,71.06184387207031,70.88109565681621,70.8953821308096,65.19823030109299,3.0
56.92484343913897,59.23282241821289,57.66128527032835,57.93965037589339,63.79905254776529,3.0
46.17020503883949,47.853614807128906,47.58059290803943,47.201470918002606,41.68387130387841,0.0
63.38341527427606,65.65435791015625,65.80990264559398,64.94922527667542,60.65015687768511,3.0
57.90557285046178,55.79935073852539,55.39508902581617,56.366670871601116,65.51906605513487,3.0
62.75446046461455,64.70442962646484,64.04474684010474,63.83454564372804,70.02162996068421,4.0
66.58713604179118,65.78767395019531,68.63297503851815,67.0025950101682,61.44217185135758,3.0
73.43603701730125,74.67414855957031,70.9047300503878,73.00497187575313,90.40215182140123,4.0
67.06260143872933,65.19465637207031,64.79474316524977,65.68400032534981,60.36613222301261,2.0
,,,,,
56.912793222922254,57.65388870239258,57.03462823186117,57.200436719058665,57.10287035039042,2.0
,,,,,
61.704832354455924,67.23571014404297,64.40892583976536,64.44982277942142,74.15828008860943,4.0
,,,,,
52.57301130358241,49.61193084716797,49.92652790099612,50.70382335058216,50.783719763843,1.0
53.214343177441194,54.26573944091797,52.284435148940645,53.254839255766605,52.49117299199267,1.0
,,,,,
61.36992296865625,58.146244049072266,57.185829237041226,58.90066541825658,60.32042747833703,2.0
58.07774186606625,55.389060974121094,56.59895008858295,56.68858430959009,61.68996613834894,3.0
55.288736551509004,58.16952896118164,57.28182588222863,56.91336379830642,54.0860813652896,1.0
49.18789697324726,51.30134963989258,52.5210734221251,51.00344001175498,46.01673369399988,0.0
50.1132740992716,51.028133392333984,50.806929785799014,50.64944575913486,47.39068533421813,0.0
67.5482675566243,65.23799133300781,63.174896045927554,65.32038497851988,69.5018817241901,4.0
53.49021258312729,52.488826751708984,53.12709442694785,53.035377920594705,66.81396001444905,3.0
51.20575198897201,50.90799331665039,50.45207971729229,50.85527500763823,43.50291903077692,0.0
74.65287332967972,74.34848022460938,73.80862982362548,74.26999445930487,73.06778473444756,4.0
,,,,,
55.93212091876185,55.92692565917969,57.18430148981007,56.34778268925053,52.13222944171356,1.0
60.45962409561825,59.5689697265625,59.59027984946978,59.872957890550175,54.64369024513024,1.0
,,,,,
52.213892169666394,51.444862365722656,51.67770621908705,51.77882025149203,53.07094815137642,1.0
46.45339668221975,49.28403854370117,49.17705821744922,48.30483114779005,50.74448735309034,1.0
59.36402937386031,56.18328094482422,56.70459377692969,57.41730136520474,52.02964706305308,1.0
58.04074131699791,58.99627685546875,59.276093879973814,58.771037350813494,55.58283535442919,2.0
55.23572570008311,54.86735534667969,55.558929621969654,55.22067022291082,55.8878908511765,2.0
72.96696304549641,72.4787826538086,73.13561049168398,72.86045206366299,73.24279803153968,4.0
57.16923024796968,56.23350143432617,55.565574474023265,56.322768718773034,53.6572888942534,1.0
50.902586722692206,49.30340576171875,49.79357762598383,49.99985670346493,64.7984095726036,3.0
54.62528542106161,50.71963119506836,49.53226642338057,51.62572767983684,59.44036314794094,2.0
46.472961814269034,49.6438102722168,48.64315588581014,48.25330932409866,53.63986907663938,1.0
61.546027504927444,64.5199966430664,65.50560924862063,63.85721113220483,52.30379887247466,1.0
65.49283516425915,64.62139129638672,64.5273094167141,64.88051195911999,78.35591671928157,4.0
,,,,,
71.29923605573585,70.56082916259766,69.16256025611355,70.34087515814902,67.48436957616691,3.0
48.60433085331095,50.90574264526367,52.16859410123554,50.55955586660338,50.87879156363984,1.0
50.026221939385216,49.80586624145508,49.329597263599524,49.720561814813266,71.29138532716192,4.0
53.12617491110115,55.58839416503906,55.244317860904516,54.65296231234825,47.79710656999192,0.0
,,,,,
60.40290537650488,60.07410430908203,59.135211466772,59.87074038411964,54.82597200619713,1.0
54.12024925146027,52.60978317260742,51.5832949969061,52.7711091403246,47.737824475319975,0.0
48.83906094048681,48.98733901977539,49.10865589140488,48.97835195055569,37.88764710472891,0.0
49.409248742209314,50.5808219909668,52.493733958257586,50.827934897144566,55.81725853319157,2.0
60.17341981917903,58.68488311767578,57.73596286800176,58.86475526828553,49.72272492399235,1.0
73.87878576914265,71.30941009521484,72.63096682729335,72.60638756388362,70.77685058885066,4.0
49.192252810279726,49.04435729980469,48.677035342672625,48.971215150919015,40.43119714414667,0.0
66.87010884106094,66.13687896728516,64.93103821384764,65.97934200739792,66.4383315625453,3.0
65.10053065684669,67.15579223632812,66.53069231776999,66.26233840364827,53.75301416314299,1.0
57.39223414149495,57.2500114440918,56.70633749558461,57.11619436039046,52.377916548004286,1.0
67.2401124118159,66.0644302368164,67.62008262219153,66.97487509027462,66.40403647814057,3.0
69.59706462864082,69.62122344970703,70.16333747440771,69.79387518425186,86.45686932309695,4.0
49.26677399939175,48.536216735839844,48.275543219299706,48.69284465151043,60.19543193421264,2.0
58.223679948779036,58.569366455078125,58.449897894304804,58.41431476605399,59.98325287529759,2.0
55.287649498598405,52.3564567565918,53.66044450711005,53.76818358743341,49.68309793949449,1.0
61.46482597069038,62.374534606933594,57.59467409931332,60.4780115589791,69.29435087613304,4.0
47.42700318287349,49.3740234375,48.252260831186405,48.351095817186625,44.84898881032187,0.0
72.43293476846775,72.90780639648438,73.39423319480349,72.91165811991853,61.38395107253173,3.0
66.17029593335555,64.8854751586914,65.03745807087746,65.36440972097482,65.75835446306891,3.0
,,,,,
63.97142030172802,62.057411193847656,63.764267924541926,63.264366473372526,59.908302070217765,2.0
,,,,,
52.353818210235566,55.74641036987305,55.995055396348235,54.69842799215229,46.32241349925542,0.0
50.11306244623014,51.53492736816406,51.18352088803448,50.943836900809565,69.35647507991541,4.0
44.643400154871685,47.64179229736328,47.36170658462597,46.54896634562031,55.18825017110453,1.0
70.3573400536989,67.755859375,67.89783332965476,68.67034425278456,75.33277419567965,4.0
69.45319399666216,64.41050720214844,66.35955443819012,66.74108521233357,57.04940817626855,2.0
73.9034184966196,74.21583557128906,74.98008094303623,74.36644500364831,75.31964841707776,4.0
61.140145414482404,62.02622985839844,63.57458847711454,62.24698791666513,65.13522236448681,3.0
75.83117396923313,77.25386047363281,73.56932781897068,75.55145408727886,78.86395935534917,4.0
52.09542042075585,50.03030014038086,51.944343674509604,51.356688078548764,52.25498737407882,1.0
71.31234481757208,69.17929077148438,69.03359825336874,69.84174461414175,59.62361069554312,2.0
51.405538311325266,50.23468017578125,50.64811874752798,50.7627790782115,45.59079466755298,0.0
56.78245110070948,57.77861404418945,57.512311618914005,57.357792254604306,54.47716108231763,1.0
,,,,,
59.70131546438256,56.95255661010742,56.745161234704234,57.7996777697314,59.17498742819179,2.0
58.27418008605713,56.140052795410156,57.74831788933856,57.38751692360194,49.97989882502388,1.0
52.07070431867022,48.723697662353516,50.26008172297495,50.351494567999566,63.03200580316536,3.0
,,,,,
55.31058632019691,56.78443145751953,54.967823452978514,55.68761374356498,52.1089889334131,1.0
57.568257761485945,60.131103515625,58.89120031869442,58.863520531935116,54.27039556809624,1.0
68.29800934005057,64.28623962402344,66.31963360917133,66.30129419108177,66.92858247511575,3.0
68.02194903426562,68.2201156616211,67.42022952765964,67.88743140784878,77.53254117774232,4.0
53.92357341456341,54.83646011352539,55.13281122001747,54.63094824936875,52.89903135663139,1.0
49.15241055452082,48.50457000732422,49.17779625842968,48.94492560675824,50.38276422361888,1.0
72.43096427954733,73.20976257324219,70.00130292940358,71.88067659406435,60.71475691523701,3.0
60.696571877664674,58.487117767333984,61.86360324730991,60.34909763076953,73.70498363642108,4.0
49.22409140229937,51.34822082519531,50.55945982645145,50.37725735131537,53.89935756449009,1.0
75.03665383002394,76.20966339111328,76.35451486740996,75.86694402951572,79.79248572937625,4.0
45.79506104557188,49.09291458129883,47.66078377437637,47.516253133749025,53.89268585274496,1.0
65.7626666208122,66.1087875366211,66.20409741308802,66.02518385684043,72.33102485635112,4.0
50.999378307732506,50.97551727294922,50.468611672693775,50.814502417791836,45.54813306218389,0.0
59.54758115448817,57.03833770751953,56.992181799666824,57.85936688722484,55.5369740236616,2.0
68.17495365090883,69.76329803466797,69.32600487070482,69.08808551876054,53.88947582761987,1.0
70.20604574342869,70.49403381347656,67.60908659718439,69.43638871802987,74.5042222288762,4.0
52.56855250936569,51.83076858520508,50.676664887814724,51.691995327461825,52.2357707564621,1.0
55.779671691029485,52.302005767822266,52.07330956768684,53.38499567551286,55.41269631217139,2.0
54.108718527474444,56.215423583984375,55.78422278184184,55.36945496443355,53.83608456775389,1.0
65.82586912627578,65.51507568359375,65.84486445333228,65.72860308773393,53.48624389967944,1.0
50.94783992149403,52.254573822021484,51.21984484989779,51.47408619780443,57.30251354080685,2.0
55.42091662867186,56.03943634033203,55.817435783404875,55.759262917469584,46.24488909318921,0.0
55.618308036625436,53.098384857177734,51.883909501297964,53.53353413170038,51.01144419055979,1.0
48.59907241286767,51.4476432800293,50.727281276792695,50.25799898989655,58.166298409870336,2.0
52.7842616248686,51.85586166381836,53.953561163928484,52.86456148420515,65.66384890626681,3.0
50.84734888678071,51.239540100097656,51.04368396922131,51.043524318699895,54.74455285376391,1.0
52.180016574073456,48.44537353515625,48.04736344885116,49.55758451936028,67.52147169856461,3.0
57.43012047208911,59.493289947509766,59.3357910581071,58.753067159235336,60.51458459459649,2.0
59.91818759626508,60.333072662353516,62.46195954476256,60.90440660112705,57.92979925520486,2.0
65.43530220598464,63.49405288696289,65.66142209717805,64.86359239670853,75.32917937143847,4.0
67.31591007420883,67.46886444091797,67.70367878190599,67.49615109901093,64.58926154735543,3.0
53.80415817688841,54.39102554321289,54.46790365876985,54.221029126290375,55.2109993285684,1.0
59.32606723456927,57.9509162902832,56.56744830475629,57.94814394320292,66.55938837862503,3.0
62.30771377166453,56.54673767089844,62.22278840445815,60.35907994900703,46.443345159798056,0.0
59.535645204162414,58.27119064331055,58.14970986251749,58.65218190333015,60.524577858608566,2.0
58.20015883389408,59.055843353271484,60.00183441164667,59.08594553293741,60.13862483617684,2.0
59.63238859799777,60.61486053466797,60.67693734060876,60.30806215775817,67.45666925387707,3.0
49.89289960373606,48.245811462402344,52.106318675985825,50.08167658070807,66.57836657569757,3.0
64.0679647195682,60.837425231933594,65.53542055409784,63.48027016853322,50.77633906627397,1.0
54.583721121162846,58.484493255615234,58.51359370229286,57.19393602635699,50.12477959925722,1.0
56.23180763308307,55.48749923706055,55.38989948543768,55.70306878519377,52.59083556676048,1.0
52.690739753807556,52.71140670776367,52.40484768064245,52.602331380737894,52.86187950971286,1.0
68.80419237897317,65.92984008789062,65.09003810514206,66.60802352400195,61.89194262216041,3.0
55.02050419499879,58.55242919921875,52.494687013876,55.35587346936452,47.7290329349681,0.0
51.89719854840753,52.841129302978516,53.79208608713706,52.84347131284104,61.05289304830076,3.0
65.58628333516121,65.7918701171875,65.4410690858579,65.60640751273554,68.64229668711793,4.0
56.33689619232385,50.185523986816406,53.808922754260294,53.443780977800195,37.90151704969195,0.0
77.77834503063274,74.58499145507812,75.8262806908037,76.06320572550486,95.95770012554904,4.0
43.28429190394271,48.22883224487305,47.77652969307587,46.42988461396388,41.77971096036135,0.0
53.64153292868504,53.099578857421875,53.23122519128587,53.32411232579759,49.205238642512725,0.0
54.771949674882286,55.63422775268555,55.67590380173597,55.36069374310127,48.17290239048238,0.0
54.744964852690536,56.588565826416016,55.838171589777154,55.72390075629457,62.959385920445634,3.0
,,,,,
65.63861949545988,65.40784454345703,64.26217238215443,65.10287880702377,64.30598349738813,3.0
,,,,,
58.21987662063235,63.67925262451172,63.446222346561214,61.78178386390176,56.84313480255578,2.0
56.03502415688272,59.560325622558594,57.800496443683784,57.79861540770836,67.39024570954798,3.0
66.74378437753147,69.54442596435547,65.03469501641584,67.10763511943426,61.78160978838765,3.0
51.64012571386082,52.55646896362305,52.20858749271605,52.13506072339997,58.95461888635491,2.0
53.43859653893094,55.11271286010742,55.488354993542465,54.67988813086027,56.947196836182464,2.0
69.43705081381748,68.8074722290039,69.26288321612672,69.16913541964936,70.32516908826953,4.0
51.50480112665297,55.869876861572266,56.25703961333656,54.54390586718727,52.57178010030147,1.0
43.58458260080817,46.927955627441406,48.996419099517084,46.50298577592222,46.7436187901837,0.0
,,,,,
52.994042746912974,51.345863342285156,54.80533601585072,53.048414035016286,40.46063744785635,0.0
56.53521907751886,58.638187408447266,59.01568558134047,58.0630306891022,61.32588655766721,3.0
,,,,,
68.59800624610918,63.6573371887207,63.60032567143299,65.28522303542094,58.487314043481184,2.0
46.40489066903218,47.922279357910156,48.13810167007649,47.48842389900628,45.76633116301405,0.0
