BA_KDM_log,pred_RandomForest,pred_XGBoost,pred_LightGBM,pred_Ensemble
65.95196716365265,55.282532614510345,55.90219,55.17948616339106,55.45473664667026
61.17016015850727,67.95672180475606,68.78694,67.19181318841386,67.97849217383008
46.22102926019792,57.15012138428045,56.143536,56.5142565337803,56.6026378440248
55.97193375841312,74.29837395719295,74.77735,73.5704682390455,74.21539785854434
44.19477564563984,47.936601969138444,50.94713,51.55768572397504,50.14713866300398
66.1344411798062,74.10144451027415,75.47213,76.13325605547175,75.23561012917442
49.14275668479589,50.75459240898498,52.080418,51.975537055844924,51.603515699295514
40.87879246626821,54.014228475017916,52.105995,52.283333780396745,52.80118581121244
56.64167211439506,58.71082258121986,58.640995,54.43984696512165,57.263888190658754
58.52334968833359,55.92250819540536,56.39579,57.53438199070888,56.617560095403974
54.28504160827769,55.16533648393244,56.66955,55.80828398355494,55.88105743895087
61.70277197127294,51.75689577443058,52.10212,51.7037555043297,51.85425690818702
60.09847226737589,55.40998444125534,55.976974,56.54324823879511,55.97673572245171
54.79299593631238,59.3988203550744,62.741035,61.54026079512588,61.22670553720869
66.63823851958664,68.56512466556313,66.95321,67.67000782295872,67.72944713728724
58.38849325746648,57.90567213131445,56.09842,56.34175000974067,56.78194711016942
56.18092244576849,54.43395909131056,51.4753,51.758569780510776,52.55594290234214
58.06869917665789,55.30783567887625,51.98824,51.40660329307774,52.900892753428025
49.98062871701299,52.50499824948846,50.489162,50.25418078906287,51.0827804945399
39.772301821612224,56.05102356595574,58.768047,57.79349276850864,57.53752122240936
45.1205629719036,43.7434894456067,46.577538,48.10103492672139,46.14068730298305
86.9775012414437,68.22661105944421,66.45129,67.25554692928728,67.31114810154982
71.90315045516402,69.3612446061873,71.525505,69.54676954541489,70.14450640584006
82.90043260077712,72.80186085063666,72.13553,70.92565329320627,71.95434756943202
49.877110145495045,56.09454176388717,57.185093,57.19290437328814,56.82417968773356
60.46111058223251,56.6860209340492,58.72595,59.013898639704294,58.14195596916458
51.99451949309242,47.89487577676468,48.461243,48.882374547623854,48.41283100005659
67.73081273439222,58.69900394577442,60.66564,58.68136068835519,59.348668806265856
71.3033330113747,76.69855694233955,75.27144,74.47340487292998,75.48113347130078
54.07378699031261,54.80335923213901,52.277176,52.498926485568454,53.193153873675925
50.8600040473026,55.0904729768294,56.01504,55.97033047684151,55.69194826832976
60.72944894554647,55.2985705695281,53.954742,53.70101813993329,54.31811038036735
54.09995400243012,52.522805604560446,52.880062,53.26618772663773,52.889685144823225
57.10760160088935,59.49310396213087,61.452644,62.402835187135445,61.11619449913695
55.48599773036295,65.54150079300759,64.02242,63.95872774672589,64.50755044342027
52.472708141303634,52.873047375965875,57.097378,57.874310190379205,55.94824511448156
78.90660849162234,68.45400952752988,64.565315,65.60212264575327,66.20714913995506
58.92436151050892,61.24419388477328,62.95058,63.122825814688994,62.43920009879537
62.07570913056139,61.41008034105905,62.154957,62.09469093108588,61.88657602992396
54.91923660387362,46.310550116849186,48.706768,49.25396559897713,48.09042791723832
62.22778018811518,51.871226767547704,50.016727,50.09710878224103,50.66168766576617
40.73341061835737,54.006665548831705,51.799965,51.12284961934529,52.309826690987386
44.084028736545456,46.05663098148912,45.526955,45.29015899318416,45.62458154185072
42.58354403924076,49.54673647014694,50.575275,52.02679691940908,50.7162696035662
58.2073712432076,48.72558019266201,50.315006,51.255553989708346,50.09871347949129
57.86309797368509,65.33537449570875,65.65068,67.05067653650204,66.01224385806766
68.22538847595177,58.19836349658278,56.945396,57.818619961214004,57.65412662704554
54.54330284938863,52.57522279015557,55.65825,55.73194449799314,54.65513872983863
69.13785346536343,58.841970094217515,57.48532,58.02533310342238,58.11754141418725
79.02120860314756,57.738590212451065,59.256718,58.99923417249269,58.66484735560951
64.1173061177936,52.223878941315,50.048134,53.01732283115805,51.76311187419024
69.34191447938166,70.1244355492243,67.70888,66.72657295486714,68.18662868918933
65.28999104605614,67.2697907671959,70.86623,69.97566781219207,69.37056159189234
58.58821943560474,57.556899016724785,57.738102,58.703411996338716,57.99947099076402
45.08994874747672,55.08434012071637,55.813015,56.13160381006137,55.676319638302864
63.25510687217659,60.856842655956605,62.766754,63.53043728335039,62.3846780298992
58.22273023136902,57.95131654172798,62.38944,62.27859634274904,60.87311717120914
56.68205908174117,54.677217334875095,55.16625,55.150964212978415,54.99814328979557
56.8662056905665,50.54390463352651,51.074295,52.23283737801981,51.2836790184972
64.43989998043237,56.221277410491275,55.59461,53.47858266408768,55.098156127154574
51.173225619624326,61.69660067427303,53.838364,60.494382948930195,58.67644909022139
57.42249538727407,68.76515248235899,66.769356,66.66411202352401,67.3995400932696
54.88055468170717,52.45261366195611,52.63214,53.32691253175027,52.80388910232921
46.10352718282219,57.916030697812786,56.554676,59.274955892452624,57.91522088205787
64.46229078806637,69.20928573981985,64.29905,63.97841716998021,65.82891742908049
67.9005954444344,66.1961333550454,69.11854,71.04620965169316,68.7869603031902
78.06189381142231,73.31525516240346,67.8095,66.02112041404781,69.04862574146682
52.25242357236145,50.35002137046529,50.260727,50.05278357496697,50.221177291381075
50.87478720246354,55.125742321607866,55.823032,55.26725717399886,55.40534395825237
52.217315606625306,43.485155775723776,43.912365,46.79383653064197,44.73045242202752
48.92931642271803,67.47929908502937,56.434208,64.8443368596976,62.919281286995584
65.30148887880382,54.1007796156387,55.6304,56.28312233384144,55.338101186936086
68.37472812208692,67.88744155145092,66.3365,65.45374459682665,66.55922940782429
80.00913812300212,66.78092560050005,68.838326,65.85541075382288,67.15822061827039
65.86373784073098,50.66902425542742,53.875843,52.81050751310189,52.45179160554167
66.45520137742851,67.96933521055114,70.33226,69.97976075000877,69.42711869746529
51.22687425538157,52.58019921390458,55.06935,55.656980503732335,54.43551030464199
31.93644751162927,50.12549569385479,50.04731,49.873141999059,50.01531585613403
61.76972171374899,63.11335581090437,64.29815,67.45872367140956,64.95674286373355
44.59389300847416,50.35056862435851,52.052593,51.92842759408308,51.44386314988092
47.00210149482198,60.18039709218983,60.554157,60.65048068113294,60.46167834346761
57.6763079127414,57.79630908101415,57.182404,57.26016207303897,57.41295823950208
53.52251778542744,56.02302550070182,54.99082,57.49952113566055,56.17112282491376
75.58107358853019,75.60224288311042,73.760445,74.172360043137,74.51168252245357
61.965331858308055,65.00710443226808,67.54286,65.83876516311032,66.12957717795166
46.024244153944586,51.73768209822486,51.50312,53.145655390733594,52.128819303773916
43.907589881753225,58.8112395496245,57.84185,59.910261305978565,58.854450378788265
53.33360647064109,59.39070523767297,59.264755,60.585279270633485,59.746913252443306
74.49743521693064,62.25264334692359,64.54317,64.53918443554464,63.778331632242015
62.42685040260104,71.45959783556242,78.82841,75.12772896308992,75.13857802874999
49.74733133653059,54.16869140122796,51.726852,50.89246341170738,52.26266907664251
34.84660836044903,52.06865656303021,50.18378,50.3845034722428,50.878980235146344
60.47214755413929,53.30354516852527,54.39028,53.318422887528676,53.67074991110001
51.502753706545256,55.19211993913304,50.481663,51.01940081017239,52.231061166516525
41.38306548322258,55.39353814552111,57.421703,58.4963496818071,57.10386372198375
51.30829341959742,46.33265602747986,47.386612,47.845610002415256,47.188292656123885
45.37630822028897,49.357003546683714,49.683323,51.729478960396754,50.25660180452487
57.92678895312925,69.91183557642916,68.49924,68.32475366681518,68.91194210126373
57.46945376502117,58.48085316606398,57.057953,56.62832330928486,57.389043118736076
49.6250094928975,57.887812461612725,56.992813,58.20691709116901,57.69584755437777
44.56725788786044,48.36501416099964,48.941708,49.54512461716664,48.95061546308343
38.34546661124278,46.277642202276176,47.853436,47.78378739142836,47.30495503668732
65.18998018564436,66.02867379711415,67.32157,67.06347880502217,66.80457465074466
65.55832253513513,57.04113472180179,55.665943,55.54890550848675,56.08532779201349
51.88961425188255,60.0709686284862,60.968605,60.912504797899516,60.65069282262987
80.89636730433301,73.11629705169933,74.08199,73.75438546213925,73.65089187228865
69.90758661117084,68.46820546808682,70.92364,70.75205299378877,70.04796528400409
57.00575259469238,58.52858349011241,57.37135,56.39645619362577,57.43212967281833
53.783257926568936,55.17770152010579,53.991936,56.76190217555571,55.310513141880655
52.59792618621099,59.04234153628582,57.65004,56.421058021828806,57.70447974365539
48.07428251491825,52.75932883328464,52.547295,53.490719123157774,52.93244752438054
48.13861073525086,54.95366566694406,52.364372,51.822681615028884,53.046906511796976
61.44306488974976,55.825061139799814,55.14133,52.6277568772178,54.53138291200392
65.26720319583696,60.856842655956605,62.766754,63.53043728335039,62.3846780298992
64.93158771265949,72.34639319992482,68.3893,71.22330651525208,70.65299906684282
67.95791901791966,63.7224708476838,62.182343,64.24116736616797,63.38199358104955
47.92104700915447,44.955743208039515,48.456455,48.24722705652746,47.21980849842662
64.95430288212911,56.435447164808565,55.52809,55.89901281444544,55.95418380330602
62.5713063336668,72.67708034829657,71.33603,70.73380630580014,71.58230523561036
64.44633280586439,59.092243020329065,57.30011,58.06624551567225,58.152866133094186
56.12776610030134,47.87132613733714,50.52816,48.33953502119517,48.91300708458238
71.06089221102562,59.99164296805895,57.301376,57.35220841310599,58.21507590797946
59.29579884418651,53.366244665783455,53.914555,53.99061639140302,53.757138551044584
39.63214316119255,49.543611097241694,50.48716,51.70323603916561,50.5780022884704
79.50584706168306,72.99868307775324,70.784645,66.15514043332433,69.979489530548
53.70033634034839,48.862623702961436,50.264194,50.28456142521847,49.80379320556843
68.2548155746756,63.58469881988834,63.873684,64.7833878137965,64.08059018770939
53.53498256688896,61.90119169102837,62.08322,63.09088356233753,62.35843222963758
64.63124089920396,72.14462473935535,70.121796,70.03299728361513,70.76647255908911
52.255078610349216,52.98459449403727,51.726852,50.89246341170738,51.86797010757895
60.02249324130339,60.55391054565452,60.80064,61.501809028370396,60.9521198934087
68.11650215668246,70.86890186864345,68.25413,69.40293211995365,69.50865383034616
42.8063449522721,55.31244231778357,54.420025,55.67073348896118,55.13440022619031
64.50718996912833,56.55873247996226,56.709713,54.86592424463429,56.044789902258096
60.24350120163741,51.303739842819816,51.804626,51.82607409557615,51.64481346774658
71.74104335565612,60.24057255561542,64.98181,62.79596460499717,62.67278289468336
49.194981872273246,56.41639474168518,55.740322,55.97891896484742,56.04521193985658
85.70034336387063,76.13380450385169,75.92142,74.38163553891731,75.47895242636571
74.80273906109583,69.63034785353786,70.49585,70.51468223018873,70.21362656436719
57.2908854614434,60.87073207015556,59.48296,58.36123277499772,59.571641530822575
68.04913866970799,64.31589140886489,63.19258,62.84357162292921,63.45068140285064
69.7908693789685,69.22502725823064,72.170265,72.13412514012462,71.17647253203641
71.05330466845578,69.15066154994766,68.96836,67.93197212674596,68.68366485919086
39.91597210319469,49.13779101144858,49.86763,49.51565934075417,49.50702678569519
49.18398648116552,46.10878610491544,44.04569,48.055511879135885,46.06999553773391
49.94695983371348,54.20789367017884,51.082664,51.805021292975596,52.36519315096684
70.5448265130164,71.84280497490926,69.02593,69.64896556257959,70.17256761650019
52.50061671820188,50.55758802687244,53.837944,54.54296267808961,52.97949824524125
66.54803368999569,63.796851558499476,63.060936,64.66140360402694,63.83973037888251
56.467637261061725,68.82758445465004,65.68041,69.0413236337704,67.8497734603003
51.78153055283571,56.04926466517669,54.97229,55.745943027839495,55.58916591069289
71.35952113895384,60.816034100310716,64.42638,59.901419275042414,61.71460990604219
59.07934244804491,66.65716830434431,65.455894,64.82326723444729,65.64544333633548
47.81598796076458,48.28471305570929,47.493233,48.67560397696166,48.15118325324058
54.42024326674757,57.01762511081053,58.31577,54.45167348942065,56.59502259859593
73.44295615813732,66.95289218192816,69.09993,68.88382745985052,68.312216483783
58.03758825229539,61.70459483645157,62.065453,64.16282828155028,62.64429189789515
54.72744596064259,45.442025680290186,45.371502,46.22705912686171,45.68019557658644
50.14419363155608,57.04586303504069,57.430763,55.95525756603547,56.81062794856836
55.65082045420981,54.030204178881114,55.73358,55.53807175229525,55.10061915804837
60.10487169612156,55.40589265161058,53.74314,54.1829245686517,54.44398613152623
65.02249355297216,67.42818998471984,68.09754,69.19124619042076,68.23899266140755
58.04865305357115,51.911351804718464,55.19229,56.57952637739076,54.56105648062495
42.877714433401245,47.96166980862071,50.956615,50.76170401316926,49.89332975659601
44.3719959848911,55.91034670511829,55.5891,55.73004148123315,55.74316269012821
45.36706027659648,53.488606990280076,53.140724,53.00947846890298,53.21293654710399
55.95474438396684,61.80024621216788,61.515686,61.85310836221324,61.72301353651246
69.05193753088598,65.15660310259118,65.37741,65.80495245252833,65.44632214793046
52.15525920661729,47.838006432007596,48.227386,48.774512900199774,48.27996860227225
54.70740170877672,52.131100956645554,52.627796,51.94616427115514,52.235020466965466
60.67696916153327,72.6478772602389,70.54361,70.52676893993826,71.23941860643926
51.99200115062201,57.52761762245237,57.322388,57.441336864921986,57.430447394228956
54.46341194765663,56.77680826610864,53.55778,52.55608984860671,54.296893111399264
50.950822359391815,45.42427899375088,48.705215,47.38880784337247,47.1727674304083
49.280193434774525,50.08552395581473,50.82608,50.68186187768977,50.53115538525671
43.17239777115772,49.74365631374924,52.209595,53.2746625777748,51.74263787269552
49.1646356092545,56.966127722065856,57.540524,57.53577441993479,57.34747522368446
54.97878143322693,58.795225729474225,60.611454,60.37283050309727,59.92650341419375
72.93715144088685,74.78111082189302,71.971596,73.23270093481284,73.32846917362201
39.68748272122535,50.74854879671038,50.21621,49.85987714158079,50.274878449970764
63.10534261914149,57.93745473958087,56.02912,56.22761164858711,56.73139592903126
51.70419332512467,52.91387762809656,55.490993,55.75268155762063,54.71918422849101
56.74917849799986,55.69870531420459,55.46076,56.244739392943046,55.801400972125386
47.194754822119066,53.631846948835715,48.781807,50.75868050652889,51.05744480038846
53.24216655324897,51.5996328195,57.45886,56.14050166817064,55.066330992553624
51.10945584395664,54.25887474460898,53.841373,52.46299601083812,53.52108139968354
71.73823676189012,69.41489349287927,68.02724,68.38031400390895,68.60748147842158
52.20336413611697,51.67982507578197,51.495663,50.32138750639621,51.165625090462385
76.1779161369912,75.16071747338322,75.45923,74.72722819514497,75.11572472805106
66.77233040405505,57.832909460932434,57.272938,56.97716550049743,57.361004245362686
39.83627083514483,51.03768988447131,53.492798,52.90119534686822,52.47722769430069
48.59042675688236,52.745426644401995,52.239956,52.50305531835518,52.49614595495226
74.48420379222395,67.29376562843697,66.78151,66.06142364479608,66.71223289088238
81.95877409966171,68.46983353366518,72.37979,73.7240130688508,71.52454595409387
56.42723934593248,66.97724739123537,63.75811,63.9835661138767,64.9063078504996
60.91289865871958,59.930246519927195,61.083565,63.92027716678219,61.64469614833672
61.332240947712585,58.67165389493677,58.99139,58.826996496087155,58.83001353976514
80.04317694813982,72.8829625836163,75.2862,75.18633299761477,74.45183235276062
59.79568710572361,49.77146867764116,49.52272,49.062331655805565,49.45217355678693
53.24436469347519,60.26542868741301,59.375725,58.09842443589165,59.24652597192838
64.65247484053556,57.71431726070029,59.98905,58.40068979413542,58.70135295789444
63.87335887390114,69.54948423175537,71.05465,70.97227274026504,70.52546877501594
90.33586038814984,72.8257224362502,69.675545,67.91516073454702,70.13880930318892
57.0451911028635,52.76710937222824,54.271183,54.24993646349829,53.76274294988085
51.93098263006269,55.67662121156992,54.79032,52.1486549896629,54.20519918377682
56.801390780323125,61.834907295201944,60.613373,64.3075906255193,62.25195690781854
47.939410299382224,50.68517572734093,50.54597,51.17095172790812,50.80069945733237
52.98969164311958,47.72990631584509,51.03006,50.97052111644003,49.91016241557943
68.37934589666438,65.96410136892574,66.40333,66.01022087311682,66.1258833946457
62.64477732594968,64.53169601281205,67.30814,67.3355585650761,66.39179939787027
67.77344150729286,68.52824050145037,69.044815,68.77223085481602,68.7817621399143
40.95659983616972,42.494779488420406,45.188103,46.640367260395834,44.774416490328065
55.458755921678986,61.57848638507027,59.89923,58.74381829650507,60.07384521286887
61.87435644220482,62.85269096548395,61.256958,61.493336031356634,61.86766166821769
69.79354181561966,59.463824787002835,56.696426,56.09787337938399,57.4193748526628
58.33960452640765,59.60582554746114,58.81226,59.89061755985795,59.436234260463785
45.827606493663154,53.025933434901035,50.770016,51.4449061193012,51.74695175691833
83.54607506684142,70.66988235853839,71.24448,70.88766778781002,70.93400882156926
53.22595302110786,53.82025565145461,53.32638,53.49107636883109,53.54590456787844
80.17921574427557,68.2624011820316,66.69713,67.14033271089279,67.36662072960759
59.14553473812428,52.41519863783708,50.51244,50.99999013181046,51.309209499143584
57.412308836308966,52.71526829224243,52.46981,54.13401148614567,53.10636342140932
63.788870397973085,61.94578767546804,62.228676,60.91841181542098,61.69762511105805
72.62676960462238,68.52659433327761,64.917496,64.05827214455078,65.83412073512248
50.68623090181391,52.19542787422117,53.88742,54.586593867019836,53.55648079851263
44.9308514295203,49.96720505565301,49.207256,48.93738080461875,49.37061405913681
52.90565533146363,43.765364735449545,44.854263,46.31886407980646,44.979497373640015
72.50537467921976,73.4240032082919,71.37057,72.36777508366379,72.387448537911
58.05184494125615,54.20067762875267,55.703106,54.83633686298511,54.91337347275049
81.77472222145394,76.71924718934774,73.04238,73.16113637733613,74.307588284435
69.70842257802748,65.37713904582601,63.281925,62.50088216225116,63.71998213649774
57.90816511837644,74.02820086156278,73.27296,71.48733835636668,72.92949868869133
60.196742457519925,63.13182237384214,63.5151,63.44901056006039,63.36531050189328
50.33404069578311,47.43186297334325,48.54181,48.65987880130357,48.21118361889268
64.99406073963631,62.878961904377526,62.964497,63.75217114080724,63.198543219244534
56.16168011680707,55.97610006723033,49.605892,50.10907196900837,51.8970214058784
57.5960650347639,59.066723200951614,58.63797,59.386360986560824,59.03035138607185
64.95543754417113,67.74156018588064,65.111664,64.51770864649384,65.79031088357796
68.89959208796579,59.671832384017314,57.615986,58.91915082181904,58.73565635873256
62.44294958066476,50.80335262819097,53.493652,53.23742226393743,52.511475745292806
59.29624957104207,55.828856224681076,56.38375,57.10030908968093,56.43763874329645
49.3586730918969,43.62597318335571,50.16202,49.3631418812829,47.7170455672005
75.15388378832151,69.27181958308113,75.004326,73.81779103687428,72.69797882888487
69.2740083542126,65.31890063377857,64.26647,65.79026056403455,65.12521102020203
61.40584123464183,56.49280928523796,62.35966,61.07377650769016,59.975415631741015
67.73155233848068,74.27970047688194,72.926384,71.52553395134515,72.91053946679835
52.41016920562593,63.26110091671692,61.600193,59.75282263106291,61.53803885715383
49.11072480143231,52.597317561955464,43.44145,44.993286971522366,47.01068424838258
63.416073153364266,61.11943085361754,61.7219,58.56631738179942,60.46921639178612
67.78631868173261,63.66178652630237,62.898827,64.19356455384778,63.584725893090415
67.69800195333875,64.42065981365977,63.29952,64.1131171763877,63.94443185841751
54.53772984885771,58.74865934903103,57.858532,57.33107661741885,57.97942263945139
52.60833686760533,49.61954618590557,50.201023,50.80220045410049,50.20758991393757
75.27030846730452,51.53908066688934,50.4629,50.68429466486971,50.895424528717854
63.625834935548255,59.62920792858543,54.962418,54.70717777303786,56.432934434720785
58.51902494133236,54.76324001910661,53.88365,53.262253233188034,53.96971499523102
77.16508302583527,65.1772550999018,67.99512,65.62124403725493,66.26453877488558
88.24791081937232,66.83485902638101,68.58453,68.33083406430079,67.91674226069603
48.54023958675684,53.12300508082635,52.681156,52.06722030158278,52.62379384695214
65.06852393611729,64.8745059051349,62.644833,63.219830809610265,63.57972310860972
43.5765597494474,56.58980445277302,57.572308,57.744491493161476,57.302201177534805
54.8584110924802,54.8783705266739,54.918346,55.429746154234664,55.075487695312624
54.033359336671474,47.91657911275118,48.359592,48.67058222759152,48.315584592695615
39.63878636576023,49.09343588027841,46.251556,47.651594085948,47.66552878757026
46.70090959318683,56.87344673916209,56.125866,56.932609260769915,56.6439739787371
49.75541324205821,47.67462430166265,49.154198,48.72338469699821,48.51740223051064
55.640282920142745,64.01797138943598,62.797188,62.78726696695974,63.20080872052384
73.25398289777063,68.57932512889698,68.41009,68.49365335152854,68.49435535529157
53.93463627994482,58.797266590986766,58.67521,59.062453278832336,58.84497630507642
52.81883608985494,63.32634815560098,61.917137,61.993363184894065,62.41228282883038
71.66946928216545,67.73761130177218,68.126366,68.64436442609534,68.16944712982954
79.15765146083942,56.37327576468999,56.830482,56.54190952633945,56.58188925797987
72.31047647797818,74.98615259961517,75.14161,75.16753041143014,75.09843073431328
71.33576511748173,67.50740034874754,64.25216,64.92996474928752,65.56317473889582
55.57349268184639,59.99378920133165,59.788654,58.392004473746056,59.391482667490095
68.91411340073672,55.1103545972455,55.227604,55.05961710308306,55.13252520422736
45.58936538256871,55.24653660648233,54.167843,54.45943228297234,54.6246039181483
59.604669916577,45.55452534977806,47.438705,47.55399807680953,46.84907629030784
93.26567307768056,78.82582841131398,77.31591,77.20765598154057,77.78313157740334
71.92803664213808,68.14962123775527,69.81129,68.86848923674503,68.94313246692327
55.228307625714784,54.31283902256946,50.67622,50.29642598917235,51.76182831730912
44.44866408558737,57.91926386621896,53.90644,55.42844695477143,55.751383851951225
61.09030527233413,51.21377238235913,53.577847,54.12969385292162,52.97377092079345
65.91949394035828,63.12139368914452,68.01936,65.64341958104302,65.59472555783596
65.06291174329742,51.021189750446794,54.592144,56.670707327465166,54.09468036345438
73.24452433974382,53.095534100906406,55.3329,55.793361660189596,54.74059892069085
62.17283425402972,62.95292997536333,64.20524,64.12344725671461,63.760538524787705
59.167701247849344,64.33661746852317,63.99319,63.538872231050135,63.95622682165139
53.21018840831914,55.25777794456668,50.076824,49.37515724771667,51.56991979350526
45.88578275416735,49.850919180591376,52.165966,52.71844065603537,51.5784419568541
72.22832097882343,59.62004624722181,59.64829,61.92963237894675,60.39932245099175
62.63889729785392,62.93933411927228,63.97166,65.20090213547041,64.03729895625212
54.91860774878186,54.99847312878342,51.726852,50.89246341170738,52.53926298582766
62.21473258764762,68.42409226859766,68.88181,67.0709056302534,68.12560364938916
68.0175631780458,67.7580341807257,68.551994,70.62106791816394,68.97703214087336
62.45245453133579,54.204867153880905,56.412197,55.184876997000394,55.26731375463947
80.9055953592266,72.44621649153589,72.298035,70.86685003233666,71.8703670639471
58.391441618768106,57.25379217622497,59.821495,57.15657727935244,58.07728817057659
87.70374271732557,69.55639909705106,70.52782,70.81071651406094,70.29831079452431
69.78274775804601,66.61250873073725,65.957436,66.79214389012839,66.45402940959194
48.23148296359741,55.724453723442394,59.026848,58.88962925748028,57.88031027342604
58.56184323141402,52.50587203243272,54.68062,55.10361798783118,54.0967027687989
64.9496233418918,56.114283809548965,54.18961,54.76510725627033,55.023000197802396
64.96077991313668,58.97107610538461,61.56825,61.202031716773945,60.58045219031262
59.07303127463504,57.6148150536793,60.946243,59.42536579556092,59.328808045124354
70.65359821420554,67.30686249921884,69.325195,70.34689653198915,68.99298478123599
31.79499886122358,58.01157967693842,56.597878,56.19858617270208,56.93601445069397
61.15275102183206,56.47470097451883,55.97089,56.28350082570851,56.24303061513111
38.40947457158043,48.36972394728665,48.430984,48.06828309396753,48.28966384610816
43.19629536812693,45.97883288446999,48.3802,50.39205275070106,48.25036168918137
70.9555411820407,59.40063780456922,61.292114,61.49635747138518,60.729703177922296
44.58545433492765,53.641808440557355,57.663513,58.02928799108731,56.444869871746135
50.01805642200627,53.65117823554191,51.332676,51.86692389801513,52.283592689131645
57.27619640812558,59.6467199382826,60.744404,59.110793596390636,59.83397245792818
65.22087452360576,60.9264503666725,61.23082,60.80716072141009,60.988143596743676
66.19786192288569,65.36444977775457,66.041046,67.23758093577665,66.21435895203643
59.6020386451044,51.24603291267067,51.44918,52.15054526860141,51.61525292809981
54.62290508675523,54.6704992801774,55.189484,55.16511481717761,55.008365913311046
60.88448746789311,62.162150599274185,57.545296,57.216615380346894,58.974687231651046
65.28997438216992,72.1088715638453,68.64104,69.88079749346375,70.21023534820458
56.0679604618574,58.07925693545493,58.945004,59.56046933361269,58.86157659286304
66.58045505158947,66.04916776731521,64.55165,66.33831329202874,65.64637735344017
65.25021082768266,57.71120936019106,57.518864,56.82121937411446,57.35043080409468
60.04945745279683,59.337415351972645,57.55091,58.52740375242031,58.47191001803333
70.75753670554202,59.50200850490977,64.366776,64.86378574667486,62.91085658809331
77.85638553755571,71.74379462932617,70.00551,69.89473192001086,70.5480116573962
77.7241739335524,64.94269186305107,69.368904,68.44223995098821,67.58461197593626
53.980919094387325,56.50233285686192,56.02795,57.93600107903809,56.82209474092175
44.83436210849237,52.018868807033925,54.438004,55.15902391334186,53.87196542013828
65.39459912613574,68.88822093711131,68.92031,69.19124619042076,68.99992603388438
56.09127685826562,52.87179257886705,52.7519,53.6995593651231,53.10775055440947
40.68613766739784,50.137940874379105,48.405144,50.41650428231444,49.65319629816218
48.34302393634257,52.03728515120274,55.813972,54.505288244817436,54.1188486230549
68.0584872917077,65.39598176962879,70.48392,71.62552953319044,69.1684761797158
50.11686623880167,57.366281911982576,58.64019,57.96482110514582,57.99043104721338
60.92345427926952,60.26518163086627,60.914845,60.41220275437945,60.53074296606172
64.32068112066028,56.75956747968641,58.64305,57.56561765026938,57.656078759138914
65.6484567336243,51.303739842819816,51.804626,51.82607409557615,51.64481346774658
60.087596821974415,57.56785012417474,56.02263,56.20004975635663,56.59684288823701
71.5002494270305,64.53521753461077,65.67614,66.60077002760406,65.60404246458593
44.5153676441787,47.562426974808346,50.157093,51.78096032123524,49.83349344804643
43.85253347792641,47.306580366919874,48.430286,47.5244489592871,47.7537719112259
51.22656512110407,53.251876445995066,55.37039,55.58518855125317,54.73581894765045
69.4168275339387,64.19392132180772,65.85883,65.13118096481548,65.06131186653717
42.09381857619249,48.12499338033605,50.73274,50.0543806388212,49.6373708380101
64.73371347750846,56.80087693048368,56.400234,57.20536678386574,56.80215931225384
71.86062787990235,53.65972135820748,57.713295,52.30661509162318,54.55987714424694
55.16388747599525,69.90572790500809,66.71277,66.70505972948548,67.77451872972703
76.32324681394942,72.21958070233927,69.0559,69.48111827003603,70.25219984870192
51.49313653453465,52.804765370446674,52.654,52.58611586962379,52.681626856227915
49.456252214091656,59.46706590015355,59.18811,57.839783492457194,58.831653248057755
77.4930922492983,72.47132925496312,82.48797,75.55867719418863,76.83932496465866
56.22653812497778,57.829857850295596,57.917892,59.70035099856027,58.482700434970184
58.20119541460443,71.44236750467631,68.41434,70.2945157334724,70.05040679878395
42.31261612383284,52.462827075928466,47.23936,48.67467427297546,49.458954052743366
50.78051790279736,60.39245210875978,58.016903,59.23427275212059,59.214542594821445
60.42706881527064,65.51850223444258,63.424927,63.83377845372739,64.25906914866083
60.67474439871391,69.05519154984154,66.761345,70.35099774914605,68.72251140288517
49.62283734958144,56.47507223586284,55.664986,58.206657454368816,56.78223844898998
65.48050438014292,61.27116833249124,56.2709,59.70389333599462,59.08198746493474
56.47627306914105,54.99377774063221,52.529144,52.067324567526505,53.19674886508937
67.27035105088811,72.19455890748318,68.56229,68.83229724716836,69.86304751053488
56.42978020300191,60.56355446991279,57.446026,60.92629087281238,59.64529039703795
68.52088233437523,71.31941402251029,72.194534,72.27981291881969,71.93125374769592
59.246320761637456,54.88203284214029,55.036198,56.77656498408131,55.564931829525044
51.411074868671896,52.65232515005399,54.428528,55.51949166608,54.20011488272174
69.81198664308269,67.73440370152838,66.28005,66.22186022868041,66.74543870508913
87.08298514462311,66.30445961682324,68.20496,66.71093455801517,67.07345261964015
62.38316418981304,68.21330471578482,69.24052,69.53583083607673,68.99655073815308
78.3133322835975,68.24797740753543,66.886154,66.53265585758614,67.22226247997541
63.890457557227926,65.32947937423032,66.48927,65.64298259940703,65.8205783483088
61.84142538913228,61.45343893846544,61.75037,64.42074178506374,62.54151691638799
72.89468442269813,64.85865411967603,69.42951,67.40828087257883,67.23214900539354
53.76161840638776,55.371775165945266,54.50547,54.60378776254401,54.82701106812272
75.72425031852912,56.50058354439163,57.517323,57.387181175092,57.135029086588936
58.10822258020119,54.251075518914114,50.64415,48.913279513629,51.269501604272186
82.63450665695055,69.92040226463585,69.929985,69.23558641093152,69.69532457398469
58.9950246313492,55.06692436462086,54.336517,54.0685150072671,54.49065223529078
54.39219573897321,54.60230086134522,53.80051,53.03923133477951,53.814014200872954
56.83614655499075,57.68244108216238,58.38484,59.21788112856621,58.42838677165887
61.71503693574086,49.811636922772294,50.69922,49.853652710856494,50.12150279454293
69.38310367452766,61.30110466855839,60.74047,61.72667923493514,61.256084929908006
62.00394928748933,59.74618596251443,57.89675,57.22717353103826,58.290036965787095
58.51850947435152,60.26542868741301,59.375725,58.09842443589165,59.24652597192838
58.668416276697,55.845587885064,54.898067,55.08646809419278,55.276707817874005
55.859019335632766,50.067689703803964,51.547398,50.014720113879626,50.54326914373633
64.31703246316069,57.40186034772757,55.581146,55.75268155762063,56.24522938186086
67.37985570370704,56.65442638741304,56.5487,56.717188760850014,56.64010452451868
57.47014806703221,66.17566939528159,69.27236,71.03692490683126,68.82831868582798
70.49283682231365,76.44579308712309,75.7057,79.96723803389261,77.37291161878909
83.50022482461009,73.11172104322827,69.95429,70.23620730906313,71.10074021655156
60.93902159596612,66.1457032988773,63.28101,62.02797169443718,63.818228222462245
55.70509114861931,56.0815191927998,57.411003,57.92516209350687,57.139228133033214
40.98458515156811,48.899490781554775,48.29414,51.13220791430211,49.441946185972476
55.347403984710574,57.87293634099171,56.32519,56.70213277592413,56.96675353823952
54.7922900180824,53.60434168886869,53.156113,50.47707321798285,52.41250919258332
46.62327907700829,56.04000699733659,53.859135,54.441441373791044,54.78019434839997
53.74664822048834,60.39478219444011,60.06926,60.25547593949598,60.2398392591636
62.59568494801439,65.07757545687603,65.75191,66.77197272862547,65.86715184471144
43.750637941521966,45.83853726609218,47.530792,49.13226139260922,47.50053029834317
65.03029320200032,63.85898993254823,62.802586,63.303050438131336,63.321541990828734
62.99873032189841,50.89244738868896,51.82998,51.61392266777862,51.44544966644622
50.83830872946272,62.28869437461247,61.263245,62.449426469916254,62.000455157811665
64.54441996358777,58.51578199544085,58.05943,58.25666316528133,58.27729144314112
48.23096156296483,54.10667473626365,56.1343,55.33747725477864,55.19281740765863
71.65769413482434,68.8574648207641,67.49721,67.37908452584567,67.91125232940378
29.38102757375732,45.416969631207266,47.173187,47.57837653114913,46.72284447273859
45.56228414616286,50.26822722904456,50.390324,48.40616268402434,49.688237850661636
64.81198898709616,52.852094953199625,52.56572,53.01488676636092,52.81090044135092
61.770548920306986,49.78514754961065,51.168064,52.94210166127374,51.298437776105345
65.95406125656812,55.61482853299184,58.579006,59.63135392650674,57.941729551522315
48.544452399178006,56.38260177336074,55.55713,55.626993317659455,55.85557466575673
47.901387578149546,56.43204591954411,56.865257,55.81018687966918,56.3691633541323
47.69276560544938,45.18441051887939,47.61498,47.78495181558421,46.86144704158227
60.25987298136898,59.252511579951765,59.820683,58.277481202913776,59.11689176950011
52.769613692262055,51.825999627769974,55.02375,55.07084788365311,53.973532605532945
51.465532676970994,60.80281746588719,60.161774,59.966446476717046,60.310345874748286
48.68936425834585,47.719063072673336,50.085606,50.014720113879626,49.273129602630284
73.47858686657854,58.554998890473,56.59588,56.27582153853606,57.14223301002776
61.195305701043885,52.04903617742861,51.751957,50.74686240774303,51.51595184162297
81.34234382434357,75.04424540494884,74.55995,73.63114205386292,74.41177974701276
77.82492451500814,67.35886234510556,64.64844,65.62219255796393,65.87649746768983
57.506977729854746,51.83941233996469,55.678444,55.800621078284294,54.43949244231346
65.50415130437204,73.47351250382248,75.03144,71.31438724071383,73.27311349313318
81.50320504296133,72.58507701765112,67.623856,70.49553862333181,70.23482374393441
57.40096322897831,63.462791596635036,59.87195,60.69193845706225,61.34222609862826
63.97524902036499,66.38218399725056,64.848015,64.02799310595266,65.08606397824873
62.11616604747003,56.53863315820488,55.90579,55.52199673218983,55.98880610400852
52.05194118095663,56.49353301094504,52.402733,54.15478669731989,54.35035085246201
67.27584115930331,60.121728611589425,60.21575,59.884635882806165,60.07403871411494
44.6594107216095,49.898626134622994,49.52455,50.634876327228135,50.01935128448423
68.0082427290597,59.45515192201395,57.14836,56.482331496773746,57.69528154161414
68.9326564454768,71.23444176824997,73.62545,68.00485815286173,70.95491668512967
55.01520793175529,52.84914499222246,52.702812,52.78846431234954,52.78014049979874
68.38786866627217,69.64242603551499,65.44637,67.26359808782942,67.45079903639474
56.53418654654073,48.95971738949817,52.886612,52.30052531304948,51.382284880341395
62.04593879739392,68.93212846154768,69.41098,68.03122787155823,68.79144551923842
72.24638625953132,68.26478053588389,69.339836,68.65526385325978,68.75329350324971
37.04383446739387,57.5215746672933,58.859806,58.37487245811646,58.25208439540025
50.62201596281991,53.64368175310905,54.18383,53.819478536727416,53.882330183688985
56.76447159861283,59.55441180820668,60.13596,60.07619089887078,59.9221874441072
62.95264011426504,59.171184440627066,57.870068,56.915101332496214,57.98545112318627
60.06417920701948,59.89224717069387,60.049004,59.210174120223705,59.717141630663924
56.46792847117774,57.68244108216238,58.38484,59.21788112856621,58.42838677165887
59.48181359349525,53.04322901925994,52.353325,52.110744113340985,52.50243267424588
53.11699961844333,65.7197061024454,61.982643,61.8764659330844,63.19293838765707
53.51385562506116,52.89767926166953,50.805523,51.17716552726246,51.62678923587773
40.67230691274337,52.95786015430248,52.681156,52.06722030158278,52.56874553811084
70.60355863354954,60.370333197437844,66.71387,65.72043255625145,64.26821098039643
54.91822468376675,48.16222723308793,50.557804,50.419969360844426,49.71333356719946
61.50382815367946,58.40108964932534,56.841904,56.13989694063814,57.1276300921623
45.13274164367856,42.23783065534559,47.701424,48.76251464049447,46.233922980286536
45.60323806585684,53.45931381388921,50.10154,50.65838174305712,51.406411722920915
30.340130635471542,62.13687798750844,61.162075,62.00548062051741,61.768144550250156
68.93816470461009,68.34600950839257,67.20975,67.91657148555946,67.82410943613506
57.81555459094506,49.20216186608683,50.283493,50.70489331159571,50.06351607322491
44.84467863316255,47.404566620096936,49.07299,50.199569270538,48.89237543603847
58.0900487201165,56.13146091103118,52.795406,52.21495207473756,53.71393977577383
63.23877539905395,55.03278320768131,55.06935,55.656980503732335,55.253038302567575
69.53345563610903,57.296955386265275,58.545864,57.75644917592174,57.866422889137205
61.29368815356158,64.30789177237345,63.473614,64.99770641941443,64.25973731026718
54.47781830565547,60.25308080615237,59.45534,61.149570018842354,60.285997388035355
55.766754598111646,53.58079429698489,49.33922,50.083658769332004,51.00122373532178
63.38634441725497,64.26623769058845,66.55789,64.60385495517417,65.14266149715526
74.75086985451951,66.86761804623279,67.39621,67.44952178193628,67.23778318165532
51.0546740837156,52.51047955132546,53.755703,55.11871060117965,53.79496437497241
62.39890479703068,66.44258765638128,66.90704,69.37443036380097,67.57468715907116
63.70792671330638,59.34940417346192,61.302475,61.744472859935414,60.79878400299443
51.82954189854155,52.937565936349856,55.490993,55.75268155762063,54.72708033124212
63.966195932048464,61.412323489228726,58.365265,59.31054434508332,59.69604424229673
57.66775919619662,69.87505979076622,72.04369,70.18790392219253,70.70221908514641
61.577953099234925,59.201558181489744,55.604897,56.19421034695192,57.00022169128393
51.94445626533767,50.339031701801865,54.676884,54.320022785564646,53.11197939495876
73.68718766146426,65.77611453473284,68.353325,68.1189349784112,67.41612480109359
62.81402794980979,61.11943085361754,61.7219,58.56631738179942,60.46921639178612
55.09250807956886,57.26096611364287,55.02132,55.900890294549214,56.06105891706989
44.88844198743448,44.774957597112106,47.68954,47.74257243264905,46.735690297599426
33.61493763916818,53.0862589947008,55.658638,55.15667931053574,54.633858768574946
66.19657596892594,59.118514848281,58.272945,58.17694934054905,58.52280319762759
80.54252085473406,61.54382394912568,59.48104,59.38806974760223,60.13764488377259
61.70331342026503,57.10419002036529,57.880657,58.27447831576419,57.75310851072479
43.651520117932606,59.697973753711786,58.88804,58.29559562687335,58.960536005279685
78.79883505398303,70.86890186864345,68.25413,69.40293211995365,69.50865383034616
61.386257677691546,50.87051497268461,53.100246,52.6852582329162,52.21867321168139
73.9156588308718,58.509238117424744,57.53852,58.82390593227761,58.29055495423021
49.24217458668548,49.15254113901965,48.166786,46.89366492284042,48.07099741856925
72.89384149201167,64.16429438456375,63.85193,64.75799316990248,64.2580720884679
74.91837080399524,73.88586521551065,73.427925,72.87196216988046,73.39525083175147
67.04923460643734,73.00732056889352,72.99688,74.47828920040887,73.49416311564636
54.03173426797877,52.44325038666747,56.02912,55.56010642264885,54.6774927360807
40.408988199575255,45.6542537401916,46.303833,45.31128719734043,45.7564579817815
36.95204371144461,47.89170280773704,51.12125,50.97052111644003,49.99449135892166
45.38265338892546,51.75281318316227,52.402374,52.3911442394107,52.1821105633837
45.83608808730182,46.700902706025545,49.05283,48.812352357720684,48.188694935392625
55.2667059001343,53.647007307406795,53.97987,54.4029541793171,54.009943776417735
69.20507087809268,71.18449007565624,68.781425,68.16515080862507,69.37702212011851
57.61034630480286,46.71867346733784,48.592632,47.123350136110105,47.47821863238303
82.81706144410003,70.16486138803174,69.92545,69.22316556156701,69.7711600452113
46.91660771033308,55.40365821033656,53.384876,51.56100505089451,53.44984650415059
51.90479313716058,48.317402673640714,48.31189,47.6301859967595,48.08649277294591
63.93191189432514,54.05818216063416,61.521416,59.671777468003505,58.41712511302896
39.04501811231558,48.92270507164187,49.015667,48.43300922608142,48.79046041979774
79.48455053096973,71.22749821196439,70.359695,68.10017672809929,69.89579012487799
67.05603353059166,67.27502471351298,66.26412,66.54717773811088,66.69544148696707
68.93184715852848,61.737686398452716,59.908615,60.392650615070764,60.679650708609394
55.69770413086018,61.27719322943211,57.452286,58.53635091782432,59.088609971286
54.19512602942965,60.52962656120822,61.231895,57.7941309921459,59.85188433337715
65.34315903681399,65.51850223444258,63.424927,63.83377845372739,64.25906914866083
53.69965164427828,54.61926404495768,56.50368,55.04001200432832,55.38765241071578
44.12566102940795,51.386034557642745,50.55024,50.949555357898696,50.96194315950991
48.48023637972101,52.83973448489001,52.25607,53.14227447016966,52.74602604613643
65.72938605154748,68.16076077169343,64.898094,67.01999879448387,66.6929512478078
70.85171645954955,56.02699621078494,55.12809,55.500620022657635,55.55190204607592
74.4993672731664,65.20598983136283,62.700626,64.5738894284396,64.16016854436448
45.38876718891171,47.4530029392994,48.268276,49.72449233211349,48.48192382867084
41.649086080798334,53.39916598852655,54.07919,54.05224099984539,53.843532096303015
62.18873940070523,68.71235677934293,67.774994,68.45624821294474,68.31453296292402
59.223230652805086,58.13719334452723,57.8673,57.34046466130836,57.78165204401878
77.98369161772337,69.29500546435918,68.785995,68.3679369400989,68.8163126292855
62.22859996347007,60.03121794922483,62.514725,61.27534522770574,61.2737626361253
51.85251097788909,48.81560925045011,49.79512,49.58052166215514,49.39708371728769
60.813116853904695,71.44236750467631,68.41434,70.2945157334724,70.05040679878395
61.77593063597198,56.046165307790254,55.91626,54.893470032388116,55.618631701934454
61.52195185546181,61.856827329356676,58.167747,57.15473106377433,59.059768630229875
51.75143558815725,54.16869140122796,51.726852,50.89246341170738,52.26266907664251
56.99674924925309,54.359202646780886,57.44925,56.63340379997689,56.14728523811197
60.5056741747305,54.10786843850384,53.682095,51.20245873455383,52.99747391567743
65.5274814891247,57.04394388825302,62.39274,59.13415061571542,59.52361094875119
72.36787052882353,66.94516224079734,65.31826,66.78664033190663,66.35002092185836
46.73394994583097,53.73773208893228,57.703278,55.85043522068932,55.76381496583741
61.64220328270248,50.69678855340892,50.917797,50.280356205319954,50.63164728245064
49.60649020686234,53.24716331405396,51.544926,51.200165802677816,51.99741826880969
36.13842051797847,42.814422767090676,49.224293,49.24702166324338,47.095245728486994
65.11041654118984,61.68994702856949,59.50256,60.19947151198632,60.463992734140355
65.26651275987172,64.60790678645495,66.06007,65.5727398105646,65.41357094005468
49.5528090537545,56.653503907722744,51.09461,50.46007636378508,52.7360628594642
47.86358546481176,53.540672009221346,49.605892,50.10907196900837,51.08521205320873
39.540734623458185,50.0389599500078,49.552826,48.830533475806774,49.47410645118299
51.98575735692465,59.30510339137266,57.36512,55.9287505566533,57.532991294036
46.95347584690122,46.10977847992891,46.619415,48.75913319164067,47.16277565159091
58.962826639727005,57.68244948928767,55.67024,55.53522566215378,56.29597121543816
81.21211010149047,76.96579174699349,76.773384,77.51980441258142,77.08632675127107
49.05822238677475,48.71191331578551,49.991142,49.03675038514924,49.24660199129465
65.29990459872408,68.03750839895727,70.32281,70.99542375961043,69.78524649019313
34.14858946732921,50.014888090270226,49.721252,50.731853242702925,50.15599792479313
60.88271165858311,71.49543158074887,66.43262,70.43982373560402,69.45595750128429
50.89540780039186,45.75011283953795,48.456455,48.24722705652746,47.48459837559276
62.926200789964064,61.72372214685094,61.19611,60.63827570674403,61.18603587510783
30.692619390765472,45.03951384979147,48.5568,47.62948303154824,47.07526590787495
46.07388598362479,53.123201356300825,49.45876,49.849033096788446,50.8103312536502
60.85643249565818,57.263371518871644,54.2985,57.68664262337946,56.416171401095426
55.83042485657756,54.65698915325863,55.27384,54.91011422595348,54.94698174570741
85.87285585502539,71.93578154275758,73.64461,70.07781612262656,71.88606840310982
80.32697961685925,67.13666914109349,67.912025,68.43637269353724,67.82835576209696
51.86528592903316,52.123137863356256,54.296787,55.845582687594806,54.088502604304644
59.37146092390944,64.48066822988746,64.06931,64.70503100816573,64.4183374291232
52.24206649938138,51.66596193895364,54.561966,54.505288244817436,53.57773870871796
82.71216573612651,68.49059592562818,69.4018,69.24964138531087,69.04734645797579
68.29941870335189,65.50127211875851,63.78137,64.48664833368339,64.5897629026857
50.525966292134825,51.205595587170606,51.04956,50.70279920150575,50.985985111850454
51.69898779508252,43.936059543245044,48.710682,47.77702973905618,46.807923732528145
59.34595998937238,54.1120781068598,61.71374,56.70748546068096,57.511101623343656
55.61196261607394,60.25308080615237,59.45534,61.149570018842354,60.285997388035355
62.47548980297361,56.32084689472945,55.283222,55.318495223094075,55.640854772103275
56.226966834723086,55.00034193366173,56.440205,56.07028820584656,55.836944919956544
56.677232409270346,51.22665364962575,54.059437,55.75784270570191,53.68131105114113
53.17289458168154,53.45664763639974,56.25004,55.755268899659164,55.15398489434386
51.49379879574256,53.91391083184957,52.573673,53.20878068554705,53.23212158856254
65.6900874577448,66.61813093835632,62.603664,62.43672866761983,63.886174668056505
63.034084202756056,52.71526829224243,52.46981,54.13401148614567,53.10636342140932
81.13124531857574,71.15179188602617,69.65509,68.14897638398331,69.6519528673469
50.85386699980179,55.65640480637758,54.47617,54.79827747247061,54.9769506216766
38.85812489683665,50.27459141278097,50.4796,51.59396610520577,50.782718839003394
68.92527118619441,65.93049891909098,65.68625,64.79144343642162,65.46939704493649
46.016242037183744,60.465600150526384,61.73888,62.42307004019034,61.542516782729145
66.85950906356688,66.31994986571404,63.110737,63.554154320987344,64.32828034454174
70.81125627520858,68.25365469065272,65.28413,65.26142980999127,66.26640359412742
76.21195848398077,67.82226438134596,68.54667,69.72275971076506,68.69723103281956
45.91413706607773,53.666785399653634,54.848797,55.29699492190141,54.60419238867916
43.69711595513995,52.62495500305392,54.286503,54.278723449436654,53.73006043020845
40.74224396257604,45.77524987734286,47.954548,48.12156117146629,47.2837863102964
63.63248149698392,58.637446219922346,55.63794,55.95963382378292,56.74500649894342
44.688256868912426,43.95146754229669,44.8967,44.70780892189365,44.51865942564482
50.69643484090142,61.22983279809971,60.850346,60.11035966385141,60.73017935784113
75.07498686514374,71.17724602262278,71.723305,68.5961962655713,70.49891567890974
65.61123324354328,57.16426377633389,56.95039,56.61420159496427,56.90961841111957
53.756815065095104,61.910826326977606,62.87045,63.76010753513861,62.84712764275944
80.70617229377564,80.84355639945207,86.40599,81.22470337788207,82.82475012597335
61.45714921437896,56.09938752815399,53.140724,53.00947846890298,54.08319672639529
55.4829039741041,50.66858071802531,51.537464,52.13889550402125,51.44831345463075
60.6115549330731,44.569701892326705,47.8622,48.75432493108422,47.06207617136158
74.2240075679857,55.05306935554129,56.61691,57.018509797866265,56.229496060169055
39.92175457451272,52.50590452368297,52.60832,52.63480304924043,52.583008633926944
42.69652534735878,53.738112029989814,54.04052,52.731212038601775,53.503281260982355
75.16312816656291,61.27116833249124,56.2709,59.70389333599462,59.08198746493474
71.61480521049397,75.05510655572121,68.587715,73.74065545738006,72.46115905400902
64.37186748034078,71.29562312329625,72.48277,74.2147015693553,72.66436583993332
57.5989445256391,61.14052457494879,58.71303,59.16307702290086,59.67221112221616
58.58578102006234,50.85954858542622,52.41801,50.65344708864611,51.310335461914086
48.67056325333061,53.261123403935294,55.416172,55.66056003576319,54.779285155762125
56.837446585272346,55.21985020862987,56.242172,56.09034330491449,55.85078858491843
78.372649392173,70.76584256974452,73.69974,74.11628217808922,72.86062076555396
71.07852122806105,43.869130996206835,46.681847,45.159608092291606,45.23686190238359
49.99576344195805,52.623827971044584,52.226166,53.37019020926015,52.74006131726304
72.79084289492211,46.58447159665181,49.498756,49.193610804239384,48.425612936527536
68.49803628402326,58.22560604092262,62.01823,60.3076804179562,60.18383896570375
63.84909814581562,69.3003013780404,67.729904,69.02185364447027,68.68401973243844
72.00486109151305,74.67717290597867,70.36605,71.85033125048587,72.2978516255598
52.79229308385051,47.72990631584509,51.03006,50.97052111644003,49.91016241557943
67.76052685517405,67.4316514532053,64.15763,62.833673040331284,64.80765180464891
89.05609190189115,79.27750337968439,76.19657,73.78983734742202,76.42130402573468
39.220743192149776,50.68537702450191,50.0137,50.88482863749134,50.52796807995804
67.71875086436508,62.389710792206714,63.470036,62.68815444034961,62.84930026184495
53.245699450643606,52.2424222377973,52.41363,51.48881327194115,52.048288982982484
64.57152977130356,56.5818815529661,55.30518,55.701884306224166,55.86298181837918
70.47033741416088,69.50978140821879,68.5475,68.58447828333323,68.88058676730118
38.45025726000386,46.09483256668216,46.5453,47.914913904198734,46.85168200030339
55.42228185370307,58.3026298702103,57.190598,57.088445793780984,57.52722439939032
45.93902894637794,42.18239101249203,45.188103,47.826349844438916,45.065614526366296
46.482918371533785,47.034480173065404,48.244343,48.61129421109209,47.96337239603752
72.16029749689095,71.3742172002054,70.34646,72.16811792854551,71.29626452126983
62.5957469678557,52.10377429839008,50.016727,50.09710878224103,50.739203509380296
43.02586591974712,45.78813779187302,47.73992,48.17727779105474,47.23511238425066
54.31559880127072,53.13829399364555,50.89459,50.10998679263211,51.38095641891221
56.43239590495529,53.87583301230878,55.817783,56.23738156176325,55.31033264326164
59.489152371521065,57.10419002036529,57.880657,58.27447831576419,57.75310851072479
59.9349070520881,57.74424259477791,56.90378,57.327408775345226,57.32514442033076
71.24179872930668,66.84567809935393,68.2034,67.09253626076776,67.38053800610827
55.95452929214734,51.00635166470419,48.81481,50.085612606982586,49.96892532607658
58.815508402438375,49.18473317142579,49.640182,47.86568086936315,48.89686551196871
60.03445187701625,52.95209525032499,54.278698,54.203544782128176,53.811445999994156
44.573183674107945,50.04101067566324,47.896713,48.38447354456716,48.77406582568877
50.2770691664413,50.879797332148,53.581573,54.12955968505754,52.86364350117788
37.73419109082027,51.52249599538616,50.30468,50.2673874943307,50.698187786774106
45.707139728615154,51.916735598620505,51.955322,52.50904225209895,52.127033372114816
47.31670411170221,51.435451301128424,49.753296,48.991223045427574,50.0599900816645
39.70649109743871,47.68168233018775,47.507374,48.822367807286575,48.003807982429585
56.80927570348705,48.79223679464723,50.16686,50.28456142521847,49.747885630987135
65.16201172521767,61.73630231982234,59.249207,59.946354129498324,60.3106209974298
73.19636464319878,68.13808362579667,62.92475,68.8767789695212,66.64653795901872
48.43578131571461,48.835446173528815,49.582825,50.15785918185152,49.52537668747053
41.31131222629583,59.10579058189328,57.28169,58.25087554416548,58.21278493874811
52.60024891525906,57.89725588898995,56.278038,59.17944288859609,57.78491226749613
83.69367252965702,69.72460087053862,64.90064,64.3896612807647,66.33830151544096
77.48211816828206,65.56027141822811,66.20525,65.86942171318894,65.87831557749708
60.259994865272624,67.39844565869119,66.99856,68.14376062180737,67.51358810831073
59.82944659873022,59.21954512479035,56.749615,54.98801411053216,56.98572465029957
62.88855641598544,56.974989288033136,57.39263,57.43568719578071,57.26776933819185
47.73351875497695,60.537306074939686,59.072132,58.66946364159883,59.426300609044745
28.136636773880337,48.219744499187165,49.58601,50.48472816709053,49.43016088184191
51.48335884193297,54.99922164793494,54.92057,55.381534092076514,55.100442037848865
61.974318175751584,48.41534142601305,50.69922,49.853652710856494,49.656070962289846
47.69993057183962,51.42537349052379,51.89152,52.49863666113526,51.938510535172156
68.2377837268791,72.14462473935535,70.121796,70.03299728361513,70.76647255908911
60.07870916253336,59.17224066834379,55.55713,55.626993317659455,56.78545429741774
42.029358812786434,45.62361657483137,45.787975,47.227626082172726,46.21307265609446
53.02687967270736,53.04292680416372,54.02155,54.365199946584234,53.809891991867154
44.91292962072723,52.62926679176582,49.9601,49.82882160471722,50.806062221028206
60.58048685510265,69.99582987188008,65.174706,67.30751951091422,67.4926849627218
69.57685987342231,61.60234575365268,62.79129,63.39676176242645,62.59679926642742
57.64291641264651,54.25171530908721,51.239132,52.13931734786339,52.543388194813616
48.4468229754324,45.00718417020099,48.478992,47.949446569871355,47.14520773407685
64.23189457260762,50.79275104794108,51.59982,50.03525294794817,50.80927439307962
55.07550289899759,55.223745516097054,58.9017,56.57546858968683,56.90030439064867
52.46577734059469,61.48015375803293,63.956383,60.16137561018251,61.86597070656009
71.01776506356572,68.14052778929765,70.64353,69.91002133497065,69.5646936411949
56.35932758404255,61.63618165782512,63.879463,64.62872334938795,63.38145606767129
57.219694928075576,56.23285445077442,56.642178,55.77047570555294,56.21516924603816
50.76936247069701,52.80974359739061,53.055756,53.150642558708384,53.00538059044445
52.33299771002007,44.60250776156589,44.398518,44.189638682579506,44.396888017595984
65.01710504715389,73.5949981859772,68.27522,69.52392555076479,70.46471550502076
56.30807542327381,55.87787940525834,57.62017,55.70446708712966,56.40083902854991
68.89109689067838,65.68064848039633,65.438156,65.78990121501091,65.63623527444564
68.60971152727923,71.83735829545078,74.99561,74.75748762089859,73.86348633816463
48.1608088668902,51.45243347636447,51.998966,52.354839779248564,51.93541315755135
59.40498221018538,50.08397638436791,51.547398,50.014720113879626,50.548698037257644
61.25363438023052,58.36663946941701,57.96999,57.51584520798472,57.95082481800435
57.09529042387815,52.43213879219478,51.38395,50.85102525520149,51.55570444239381
45.28306991956709,50.09646438161274,43.901062,45.82132324129724,46.60628321154291
59.65942108434862,60.97968334901578,62.51224,61.56653500807177,61.68615324020433
61.94850543613844,54.58896348670965,52.860397,52.91461712477645,53.454659316784436
46.89243152045089,63.01094373790571,61.260292,62.16184328890669,62.14435969334502
60.81137415556886,51.39381721719268,51.04956,50.70279920150575,51.04872565519114
61.93482524996195,57.71120936019106,57.518864,56.82121937411446,57.35043080409468
40.54140946492056,54.84726224616602,51.266144,50.98387719430762,52.36576107976725
54.337916235168926,59.02878610815574,55.413757,56.12227948862508,56.854940973666515
39.83571957910184,47.25361519952202,47.22653,48.67947063552345,47.71987133425669
34.66672235544157,47.68069637957781,48.621727,49.2916803252006,48.531367898174835
46.47205931507669,50.46970918907649,50.791035,50.61876077147944,50.62650155301409
61.91224477026202,69.05205658702248,70.88359,72.40382731131741,70.77982486552736
51.98869325434642,53.21623855813395,53.69382,53.689306786466574,53.533122099323215
43.850071869911766,53.588153042564954,50.62132,50.225343277977316,51.478271712560314
64.17202630811872,68.9531459209566,67.81461,68.39645931763505,68.38807286029227
53.11358865808875,47.85878765564501,51.985928,52.84512009589814,50.89661177777674
54.25375292743072,51.6312448228189,49.867714,50.84766120903882,50.78220665336013
56.29365576308378,58.10348292934073,57.14519,57.90473177238251,57.7178019647834
42.73341930318804,53.081289858895396,50.711174,50.569198954176,51.45388760810062
59.00673897749047,53.29213619213288,52.12969,51.319511213292714,52.24711188945502
55.87452198730092,49.223168853043866,51.937717,51.2698398649692,50.81024205191907
53.4958871797113,66.08060976226628,66.74453,67.18749040476044,66.6708766303826
54.9053762003498,52.188189964382524,49.4831,48.39818997634568,50.02316027728049
85.62867079408556,69.45115407917567,67.971504,66.99204233180231,68.13823354080125
59.57448945634818,48.127547879696905,49.844147,50.062667032329436,49.34478721351399
57.36167924880297,55.836863984568,55.142437,54.48418820075252,55.15449638884056
54.05856221368574,53.45600152538561,55.94966,56.07804574871993,55.16123617632945
57.12749873396171,46.99391235348742,47.82374,48.096874976680205,47.63817514277071
39.83732661939391,42.23783065534559,47.701424,48.76251464049447,46.233922980286536
49.721652050449904,55.70715219358626,54.661213,54.987508265544896,55.11862446009125
73.51781797614724,68.62193371180348,70.829575,69.05736917553703,69.5029591574338
32.14368796913378,42.392592530557906,46.41641,45.72657000223441,44.845190357203556
71.37787370681359,71.62150702931201,69.35892,68.8502612745856,69.9435618467419
43.48722795926316,54.78240949804412,53.396923,52.93738543358119,53.70557266560362
51.602609435865375,59.91707468075816,59.74223,60.03514084428768,59.89814832890525
75.92413919770365,66.67088759486082,65.705505,68.16602651418458,66.84747316004639
74.65448046812581,70.87701985446868,68.62952,69.14782129475066,69.55145258359394
57.06252793159108,52.873047375965875,57.097378,57.874310190379205,55.94824511448156
34.771986179375816,46.35879821287288,49.788704,50.16966230816411,48.772388146498
75.63982739758313,76.27916184042678,73.6022,72.26276547868801,74.0480435627518
53.08070061594769,53.57313464668869,56.617138,55.693448273564464,55.294573609729575
68.62066176862345,66.96050553705717,68.158165,68.76247333399463,67.96038128302638
58.65486504762562,55.72264398510521,51.87658,51.914809901330514,53.17134439036789
46.26047931480728,54.254758518033626,53.8135,53.092449033294315,53.720235667337185
77.26972894341567,67.31858487106075,65.43708,65.60212264575327,66.1192626333716
82.55875607963763,81.08360268814229,82.912544,79.10877419819921,81.0349737122766
56.250323337498806,50.85954858542622,52.41801,50.65344708864611,51.310335461914086
65.57827410446264,69.57455870910141,67.08514,67.92906787197352,68.19625433154971
41.16523557127251,54.687210324515775,53.774033,54.805136622185046,54.422126513158084
54.25029409003534,49.720467426418196,49.52272,49.062331655805565,49.43517313971261
59.4757357107358,60.527241240290365,60.259094,59.67664551836651,60.15432699897938
58.83032395394496,51.26239326136441,50.006966,49.87188093201846,50.3804132768633
41.14824587985368,51.110888664401635,51.436546,52.87407778784099,51.80717092597541
52.55801345924635,69.29191130905711,67.73348,66.34416043914577,67.7898513696809
51.92431086250026,53.948624465285754,56.42791,56.030775919118156,55.46910341182604
52.18879807798599,48.41265164289869,49.55947,49.48600290570589,49.15270855965855
54.59563935706783,49.1007564949135,50.332314,49.10724055294355,49.513436861818235
47.89537213530318,51.01549800921675,54.78396,54.09978783238416,53.299748092219836
51.40087892783725,54.10667473626365,56.1343,55.33747725477864,55.19281740765863
65.89235561489994,68.25963733057311,67.975464,68.5917273771176,68.2756095249594
44.79139476923882,49.029424769981695,51.78771,51.92333265326997,50.91348856857412
52.4305292535205,56.45642007431514,55.813015,56.13160381006137,56.133679622835785
70.23894778836058,60.78481971330532,61.878304,62.10825914830847,61.59046079648194
53.07845721188385,57.472878026531895,56.992813,58.20691709116901,57.55753607601749
49.70157529725309,45.527037531666636,45.767387,45.74775617451013,45.68072703210449
65.63216553699549,61.29605217270283,63.61136,60.57155097784485,61.826320597708595
69.96654694064232,66.31818288048913,67.00129,68.04832727654117,67.12259984156869
60.98114238162781,56.694396040226216,60.623386,60.17779917263901,59.16519386530729
64.16583019249896,60.26427081351258,63.073063,62.91691490874594,62.08474953966235
64.4979613929319,73.37581868091311,71.61498,72.4632094012503,72.48467022904795
54.13776898906277,58.01319103307213,56.329117,57.45894649239653,57.267084782252574
59.43393603486167,70.1899327289558,70.57117,68.56005807852691,69.77371926655674
58.57601624089904,66.33746865688627,66.2871,69.7278614804482,67.45081062764666
59.52912521114671,55.102740315727154,57.14988,56.32204712815231,56.191555633148624
50.03273409099557,52.76548469731454,52.717598,52.48739265390512,52.65682510421515
61.65019977349401,65.04311837882811,64.11784,64.79695592490607,64.65263931055462
42.3992458626345,55.8503868800192,57.917797,57.19914843702171,56.98911080188799
55.163491533421535,56.983200752890276,57.874115,60.28133351371228,58.37954975227897
68.90329976441842,61.276376815596436,61.751366,59.827828151854156,60.951856876357226
54.27410651042647,54.9362599536766,52.194016,53.19281944984448,53.44103163548359
51.64671483494169,53.521143730571524,55.926373,56.43984605367098,55.295787437439564
65.92085228275788,63.12139368914452,68.01936,65.64341958104302,65.59472555783596
50.57164141597214,48.07420644200004,48.430286,47.5244489592871,48.00964726958595
53.62715305100138,56.682715885591826,56.341152,56.35125481785161,56.458374298201846
63.02307187483181,70.46237539446147,68.90815,67.15078377740234,68.84043629703405
62.988318426567616,59.82982724420205,59.07957,59.06633718210474,59.32524506552348
44.2584472910335,48.36224569590615,50.643456,50.935109847515214,49.980270349597475
52.75144432973948,54.177013933339246,55.10327,54.447088919453364,54.57579144572253
58.53469236225214,66.56972392701978,66.32428,66.74865420644063,66.54755263953889
63.88495823930266,71.65227153360817,70.609505,70.04205101358036,70.76794241563185
65.40718546702128,70.60611960548208,72.792694,71.35429979703672,71.58437116477188
40.48922452145083,47.16086058369028,47.66237,48.77128430854971,47.864837888884686
52.131462685739365,64.02892081206916,64.73127,62.83563203982438,63.86527422943977
48.181279865525134,52.71868495458289,53.84747,51.394780481415815,52.65364492194423
73.78164757534442,74.8899067235056,76.40245,77.26782829647948,76.1867285271695
59.10631932041074,60.04988632150606,57.190598,57.088445793780984,58.109643216488905
62.26142658316636,45.36660858791529,43.67481,45.75596690101599,44.932461330376185
87.91100323635807,64.62964159891776,67.12267,67.45511783427912,66.40247748928829
51.4757341434508,47.17497494208388,50.888165,50.62561984448936,49.56291976894564
81.81134388641094,67.78331138737906,69.99157,70.23846909714607,69.3377833345227
74.22706104692361,69.63272409942569,69.08889,68.20277075073659,68.97479497528195
52.03768398619842,49.69475747654337,52.052593,51.92842759408308,51.22525943394254
69.94793580899282,58.05820097251105,57.560696,57.93753569724144,57.85214410598195
59.48854933322549,66.1798605129113,64.485596,63.25481733125063,64.64009118242898
56.437091096809326,63.71171589214926,63.597775,64.86351457634245,64.05766832470232
62.78780550447069,57.85329291099639,57.206696,56.19281370270281,57.08426739011327
68.4882881029438,67.28153709506772,67.206856,66.61707555595169,67.0351561416484
61.86253807676976,54.1824575631159,58.223953,57.57282309036462,56.659744633516944
51.23575818257684,50.975912693450496,49.104645,50.35088824695519,50.14381523859877
52.481242101350624,49.77194227655383,51.64064,50.634876327228135,50.68248628752368
73.8218755050406,64.51081438098927,64.44296,61.889701342115686,63.61449278986311
66.91016885615075,60.1620375700289,58.30478,57.95023213922085,58.805682920661376
63.84480198494534,61.22694234163929,63.266335,60.10866928066782,61.533982051999494
80.29086474461697,71.02430076598418,71.511795,72.27505608836265,71.60371729943073
59.92513504029526,47.89005428738516,50.808834,51.534726635193124,50.077871666168676
51.220328144717975,56.52273755717682,56.28246,55.38243072069798,56.06254251230266
54.73861767626125,53.62825774703369,54.78205,55.2065798788221,54.538962904093864
41.12402419871725,47.317091919489755,48.816196,48.803323574421704,48.312203978520614
38.17310701585435,51.4616873725628,50.279743,49.31004433908678,50.35049163540989
58.51445477076987,58.83495486152688,58.238422,58.22606122524412,58.43314616018995
66.90123418992047,65.49502845434006,62.932163,63.45908296953962,63.96209155413502
85.73086844844674,69.3612446061873,69.72518,67.08758208750673,68.72466942442797
75.08953235072188,58.27106830630541,58.56327,58.95541422819556,58.596584367782874
68.8861417930871,65.78108334311555,65.98812,65.69470974490719,65.82130470691253
56.3273459897017,58.47820986542715,59.30362,58.71854284355511,58.833457364582635
40.573857312483575,53.442360951316466,49.091564,50.47707321798285,51.003666115922044
58.86881944437534,70.88485896473594,69.17256,68.69324930413745,69.58355663812706
84.00246932788497,56.452816675449526,58.83519,60.57049513695546,58.61950054391364
61.04830014672932,56.598966296917304,56.392136,55.834619749176014,56.27524055540349
51.14971566143444,47.77211788230357,50.584446,49.90188145394761,49.41948176320678
64.38446679933143,70.33905473235197,71.88912,71.81054882435285,71.34624185532739
63.60582557796637,65.1748633126098,62.349342,62.721563921116456,63.41525652663922
66.01286061830359,74.13390911014332,73.58893,73.82295131296212,73.84859621525389
79.58826948267601,75.44597407401302,70.312,72.3631552499634,72.70704192797912
74.43092601257595,64.67442923662878,63.660187,63.4096357617198,63.91475058864224
54.25937480025679,56.954441190510735,55.605213,55.30474583957757,55.95480006512384
71.45658631524685,65.56928924368633,67.53625,69.347528104901,67.48435486733511
60.11413603693438,60.53677133633398,57.00901,56.4312558695653,57.99234584028022
58.54301766647051,54.55841745185173,53.698284,53.06142690644983,53.77270950249049
64.80213563375823,67.34090404875766,65.08072,65.45866404306541,65.96009569532123
65.07366971133344,45.491642371646535,46.6,47.42257963471653,46.50474016016139
69.53625810501353,51.622168838943615,53.679497,53.51229249985278,52.93798603464436
53.47987777671547,44.14504858197793,44.30197,44.31852829022889,44.255182769251235
53.01756821402397,62.17454658513114,62.747395,63.42921342837839,62.78371819175903
40.15109669204541,51.371394436848945,51.761124,52.1187307802439,51.7504162914398
60.01030784088301,50.71850582870293,50.11884,50.783695153145395,50.54034674858812
55.11562391990714,51.99045042186391,53.13537,52.015746225095306,52.38052166470907
60.215302394134326,59.81131668331166,57.46737,57.80567076258702,58.36145217516284
61.54800678041038,52.009827634680484,53.641354,53.29952789679797,52.98356971288539
53.92965740323992,53.562935978157846,54.996574,55.38201531066041,54.647175230224576
50.20251470511792,51.39541966631686,50.91103,50.96524933795568,51.09056627331546
54.68955691049592,55.98449308828197,52.5229,52.49915987618772,53.66885086405174
76.911832347468,73.2158953138537,72.44664,72.67208421034499,72.77820651294904
58.53363638786668,53.35157820836978,51.727795,51.24844233257464,52.10927172938707
43.20711477038743,49.549317266083584,48.66217,48.335223217747114,48.84890363132899
70.10666942675353,58.52798612897172,58.47718,59.41976445768635,58.8083103558717
46.25671216499272,53.84379841836021,48.929947,50.55760508139607,51.11045013305678
62.05370747426127,61.89222985028465,62.477253,63.553498601553514,62.640993804014414
31.362702710823864,49.917687333487976,49.34604,49.54337332034871,49.60236649073202
68.06479787930495,48.76799321728725,48.04872,48.83233611279349,48.54968354785243
48.94065927473456,56.41330604364705,55.85195,56.04272048705636,56.102659376608166
44.3697072553319,57.65389170827982,57.93089,60.790533340438714,58.79177139278573
78.56478538757209,65.15146829880514,65.76607,66.34316932989618,65.75356837786137
64.66463757216415,68.43290945632221,67.70126,68.32683151293544,68.15366813233067
55.331159770428926,59.23249400566533,54.477104,53.74516283567704,55.818253676118026
69.90401629430654,54.57937316531112,51.62102,51.1308659814227,52.44375347249527
76.8139282009836,68.371665190102,67.41021,68.3273143587665,68.0363964015434
47.322925117703,50.892625651789054,53.587234,53.943445316348864,52.807768488402736
61.384636119204224,62.79883631743076,59.558304,61.48480248637182,61.280647545603465
49.159589735257086,43.936059543245044,48.710682,47.77702973905618,46.807923732528145
47.5081801277645,50.39740986070552,49.795307,48.84865745026879,49.680458156799375
39.6591375255609,45.88021570143525,46.993088,48.12156117146629,46.99828821381874
52.14048651592675,48.35960660163106,48.50031,48.78024454142021,48.546720044509925
79.30264470172266,67.69682187450526,68.904396,69.8235386440826,68.80825219190558
73.51563642320029,71.06183512279605,67.08368,65.92854043335582,68.02468491845686
54.39503544858456,56.216952270428905,55.02694,58.06322101905743,56.435704227192055
57.63690775013578,56.708335251286734,59.645054,58.485484395707445,58.27962450350651
49.5662433272085,51.2716393111421,51.04711,50.63282816009049,50.983859660821025
54.26805042642099,55.89313148685977,57.94973,58.212679886287354,57.35184709752691
62.76193556239765,59.810238284694,55.93998,56.60135578871166,57.45052454220944
65.86228837125512,59.60582554746114,58.81226,59.89061755985795,59.436234260463785
58.16743578501757,58.75086363588095,55.63794,55.95963382378292,56.782812304262954
57.32939407909971,56.38061377452582,56.055656,55.7042849536115,56.04685172041426
70.34915091965364,55.88111395170244,55.050335,57.84266334027678,56.25803740746638
71.41293876311217,60.73880510347339,60.667953,60.3308655531082,60.579208049264174
62.756356967077146,59.609439919366096,59.235577,60.027265880910555,59.62409414330511
65.7953446358452,55.13534762567089,52.011044,52.35473537921613,53.167042184490334
74.14537695567012,66.50526587610507,67.00325,65.63694225298623,66.38181941705386
65.73539318547687,56.774434203022025,57.10119,57.568356459757396,57.147993107482456
53.794717008939614,55.69240685409638,56.394913,55.56017276755903,55.88249744712733
72.7857984662192,70.62686425974461,69.60445,68.69368692939942,69.64166586675896
75.2732091803917,71.6336776274099,74.1642,73.90300633360131,73.23362793003758
51.24085913482237,63.13220141990045,62.37947,62.779447176987425,62.763706474027735
52.82616265336515,48.53226805371722,50.337845,51.6848399926927,50.18498429834758
56.13930729963829,51.86675433539624,49.51721,48.59782316322656,49.99392853266267
68.40150269936404,70.9041464188558,72.93067,72.48738029590272,72.10739946888435
46.97721500424304,54.16904403391726,53.790337,53.691575613753955,53.883652085519316
54.52003745334185,57.52017818727413,55.7202,52.84693513185271,55.36243763469593
61.67186733925416,70.08976422447958,66.69277,67.51079133509498,68.09777582373188
41.754104671429566,46.704839244745926,47.9983,48.156209765102346,47.6197825516226
41.26611593426769,45.78813779187302,47.73992,48.17727779105474,47.23511238425066
68.3304927781109,64.1606421953103,66.66062,66.34058917537737,65.72061767125136
43.389530347714256,47.49934150693026,48.698574,48.58767810303045,48.2618645587076
58.90950664702274,57.04171601199968,52.871567,52.67679313494938,54.19669197313667
60.65612418859954,65.07481232563697,62.750053,62.27950565628903,63.368123795895904
60.47947648700532,57.26758150426969,54.911537,55.628292632049515,55.935803768909786
62.014940105407895,60.177986908938095,56.476124,55.85524346466666,57.50311806113973
58.29834999108841,56.101043699780284,55.906532,55.894032240003575,55.9672027424605
53.3148651914324,44.68234012251916,44.464172,47.07629468110971,45.40760238897004
46.08484313129275,48.253255550414934,49.689735,50.64924390165327,49.530744954888625
61.62078676214875,63.61688081672021,64.39703,65.4531948110293,64.48903643971859
62.67933135323965,69.52722019016824,69.70451,68.12937693373328,69.12037022456873
43.40846888003384,49.91413800869676,48.710682,49.03581796041935,49.220212628133105
61.77521829321106,71.9820755658651,63.41982,70.9486755256048,68.78352332321458
44.53776567496792,55.5996115793838,49.15324,50.18363593447763,51.645495905906266
59.26297042333045,57.80928157716873,57.209854,56.11285569156771,57.043997131571
45.97705999017051,48.608111119157584,50.13012,50.79356914181642,49.84393319490149
55.38721991462808,57.24466636467382,56.91094,57.58541904566826,57.24700789109384
52.08259964270087,53.8836770794446,53.11734,52.66090271363348,53.220639960322906
58.9891902638767,56.5818815529661,55.30518,55.701884306224166,55.86298181837918
58.30537989071336,66.19540295676585,64.46035,66.02101509527441,65.55892269622045
56.10385064423839,51.6312448228189,49.867714,50.84766120903882,50.78220665336013
45.215498655258216,62.427545981985276,61.497078,62.248623338078545,62.05774908731945
58.01775355159828,52.28710240125431,49.117683,50.447142097113904,50.61730930300425
67.73699093177186,60.304963474500596,59.752003,58.650254633055205,59.56907360787341
54.63708671470733,51.05582021450417,53.29511,53.593123431559256,52.64801748040981
62.99866047909306,56.56243305702758,56.582687,57.72794276056866,56.95768773184198
56.0847500506943,57.98133181225114,58.019844,56.68118868386106,57.56078818376266
54.11370448134494,49.303619993685935,51.828842,51.534726635193124,50.889062930654994
63.06599208867235,52.9074422367181,52.890167,53.332333332714484,53.043314268586904
72.05027707596804,72.21773380271601,72.80629,73.51524485784269,72.84642277780341
47.44050375220736,44.631513925209816,49.332325,50.275400880927336,48.0797465959422
56.49677145139428,53.83931711574403,54.196068,53.989806420506014,54.00839711543622
43.71366235966807,55.47314890354139,55.257896,55.03351971351688,55.254855013466035
75.27591499871833,59.17971136048599,53.25624,52.78106338813745,55.072338531116664
84.70057716530142,55.98199443230842,54.742027,55.23567365077253,55.31989845526525
50.47296042491724,49.21633751706926,50.85016,51.38445915098836,50.48365178648796
60.5983846782047,60.31917356621535,57.25109,57.23116163923862,58.26714206962398
67.14681914777516,66.33468480450195,64.753235,65.1079567591363,65.39862547563983
51.28175650712875,51.8847514750245,52.87808,53.84238801437294,52.8684059833636
56.70209839318743,67.4806707505225,65.14196,64.48314088269586,65.70192392575377
70.63673714551733,71.65066708227654,70.3965,68.811522228595,70.28622964822019
60.50907775353269,63.186403683897105,64.756935,65.12080506922254,64.35471462424952
40.98104279797774,45.211925847405965,47.26253,48.05210066227133,46.84218593006495
60.85923736536684,63.61293800391391,65.20797,64.04898597160037,64.28996454701388
68.66091670917254,66.73726388971889,67.84065,67.17362730152533,67.25051455235486
34.48866512205419,42.95863266081177,45.17948,44.9589028102197,44.365672325793035
57.95543615574408,60.77149410357951,62.06249,60.42211503590632,61.08536589846468
55.66201530236834,56.89566654962629,55.022552,56.31666555055723,56.07829486347263
58.07123540275496,52.33816680579954,57.004887,57.74983401593194,55.69762914964292
71.16084862680685,65.28991220165462,61.74805,60.40193959898427,62.47996749677872
64.53794875026638,60.12822835391285,60.11082,60.128410731433156,60.122486618536556
41.9640275819088,52.68744510624463,55.201668,53.25934200459583,53.71615163216166
69.25286271707574,69.96349496587474,66.242455,66.50414580194827,67.57003176554387
29.449267715467435,46.97651592396895,47.732536,48.185028676600844,47.63136030549592
50.846629314773175,59.014368218045554,61.28802,60.259773221902925,60.18738750919832
64.35287832259802,65.11309574341418,65.3117,65.88327226479697,65.4360223072618
73.26746949172649,64.39612789502944,60.97171,64.34007670167209,63.23597160059322
70.55714006771767,68.52232999501908,66.9918,67.28904789823369,67.60105876471054
53.92032797573357,59.288464262050354,58.866173,58.4963162705888,58.883651107722166
44.62446253235744,55.96169373914276,55.90994,55.80483642137628,55.8921563242583
33.001541869192195,51.373587831553756,52.47377,53.95258332501,52.59998043272177
48.22623574307228,50.038566767503916,50.184696,50.549584935562116,50.257615966858594
60.58886946677384,56.81693934004169,54.981613,55.31107780449505,55.7032101012388
65.56381663525052,55.76634011494118,54.859913,55.57212852762601,55.39946050496055
56.85997017330152,57.35961341262524,56.617126,56.18954969937591,56.722096525614965
78.61273620276197,68.98134323690263,70.65262,70.20010265743748,69.94468810084776
66.3240507165861,74.67717290597867,70.36605,71.85033125048587,72.2978516255598
49.23557111824515,49.843689025921215,47.059845,48.23376019535963,48.37909806399466
57.88592386869194,55.51311580165834,58.133186,57.663546378898374,57.10328284029625
57.0460639711363,54.0940554264487,49.63425,50.67198590894772,51.466763992088524
58.89408035623491,52.6806508025117,50.21621,49.85987714158079,50.91891245190453
70.95002586588379,65.41985424673769,68.325775,67.86110966056388,67.20224635126199
52.45203921251934,49.69261810230952,48.42751,48.77953757437249,48.966554994847776
68.5103964414344,71.64804962420395,69.83409,75.9340805531152,72.47207378794754
74.34485682661229,62.99813728520124,65.00207,64.41533082932415,64.13851189348112
57.91616669150898,55.73645904589914,58.575455,58.15099712763763,57.487636961816946
54.86571182393647,58.29292569707885,60.835117,60.564686490106276,59.897576509091
53.8714214499002,58.57941366607588,57.873096,57.17514197145148,57.8758840345306
51.55493336555622,58.892196916081645,59.773666,60.51053654078472,59.72546661290077
60.56871846056037,43.914520473609855,45.36627,45.159608092291606,44.813465574620146
54.30152302569839,53.54828859189078,55.02888,55.85703398152688,54.8114012154719
47.43936539674027,56.19462663071014,56.41721,56.54324823879511,56.38502816491646
86.98885646841617,72.7317463307155,70.39634,72.57908128272794,71.90238900998246
47.98013186875816,54.919569500798694,53.798187,54.9370979800497,54.55161824556925
36.54118912635815,56.33892922737404,54.645393,54.473453024585766,55.15259187451395
56.61018901344665,51.28504787645409,53.226665,50.553603078249765,51.68843881717667
47.30506728702967,57.73835991232359,53.611008,55.13993355662952,55.496433719794275
58.70135179247354,45.36660858791529,43.67481,45.75596690101599,44.932461330376185
58.19054905862736,50.72677999639522,51.189793,50.96945556843362,50.96200939929516
60.46731988614978,65.84872972542956,63.955048,63.83913698502829,64.5476381059599
66.82042551685697,54.730698034092576,55.65825,55.73194449799314,55.373630477817635
64.32459967830307,59.78122596861957,58.562252,60.54902044783402,59.6308328203771
49.30411851727647,49.65206578708598,49.181942,50.8858434538936,49.90661707568787
64.90287787319063,62.9481665277513,63.39294,64.05439086274387,63.46516597057846
58.11027917820462,63.30430661757441,65.726,65.98735135279392,65.00588529839101
60.31658882563326,59.52108386603357,62.73098,62.894056699605684,61.71537349502429
47.42654872001064,53.521143730571524,55.926373,56.43984605367098,55.295787437439564
59.63158035936476,67.72152873591929,67.71306,65.30986783003685,66.9148183458786
72.51827944492277,63.044400609866315,62.623142,64.65652235037504,63.44135506755767
64.49615491590299,66.26798725142432,67.041466,65.71630991856681,66.34192097642283
65.93542335897071,64.854327418055,64.01625,64.97842747658898,64.61633516833184
64.43795618321866,62.1827649360029,62.08322,63.09088356233753,62.45228997796244
49.42400416393767,57.39424707093134,56.52944,56.62832330928486,56.850670737904096
54.64442187765875,58.187339830071664,56.117672,55.93036458005415,56.74512545889285
39.759795481198125,56.33892922737404,54.645393,54.473453024585766,55.15259187451395
57.14288985735583,60.77149410357951,62.06249,60.42211503590632,61.08536589846468
56.10554612416037,53.06466846407619,52.651638,50.95664659013843,52.224317695073495
74.3661391076442,70.07665249585075,62.653336,67.13509174478753,66.62169327064245
78.9302636482302,69.64530323321102,71.6315,68.7413238153967,70.00604243091612
64.52082063860745,66.27111156260324,64.16037,63.559955472612955,64.66381230275435
49.919257709178936,56.226311639243164,56.43966,56.174366097260396,56.28011228505198
57.85961411091831,56.85274423667831,51.000248,50.51302916976657,52.78867378725571
49.64589456086921,49.60214147665499,47.26738,48.54016642246354,48.469895886620236
57.38014365303576,52.13301666677398,51.336975,52.35695135374378,51.942314372724674
64.17603068335633,70.0497443144497,69.5143,69.97661994912049,69.84688724964059
63.445855370659416,70.03115792591845,69.688126,70.18524151151001,69.96817501592666
64.52345243041482,63.9254798239001,64.602516,64.32312271051926,64.28370623624527
61.17053557621602,65.53607092929516,65.700966,67.30085865292038,66.1792984878544
87.97208985489515,70.36694251811888,73.032745,70.46026096343316,71.28664961429338
60.39597264244834,52.13127570360326,54.897533,55.46608082700743,54.164963315786245
37.95310315437951,54.34115475558147,52.744846,52.141764108689166,53.075921736088254
82.42612897701603,69.79530907224994,69.32573,70.66955726911465,69.93019857049393
56.84401211256137,48.585530277553,50.426254,50.848127864572845,49.9533041381956
72.8862513723552,71.84011690222688,71.131805,71.85625658287907,71.6093929683426
34.66211717833882,42.05839450764925,47.239216,45.42856128399566,44.908723880824994
54.06274679904836,64.6476997010782,66.00121,66.8168869892277,65.8219332546788
49.59351482968742,50.96284404723002,51.804626,51.43737216522838,51.40161422576739
73.23276295669527,65.77384503902745,64.69833,64.99312167181269,65.15510015035817
70.59982208170628,69.40676210609415,71.15511,70.50853025624762,70.35680186085222
47.191438798759336,55.1452558948668,55.89571,55.73004148123315,55.59033578918501
57.030083699502775,59.27380635031597,56.206226,58.19265986224299,57.89089752047863
51.67864857255388,62.93768203512948,61.52417,63.54856030882634,62.670137421943615
40.07378512839006,46.45997189022138,45.465477,45.89775097449838,45.9410666181553
74.53017689857855,59.43818754004575,61.73622,56.679338339678374,59.28458239773355
66.49847656839775,56.2787479642137,56.674236,56.51022126558541,56.48773517580218
49.05713029733604,42.423910053765816,45.188103,46.640367260395834,44.750793345443206
48.445058400718914,48.471832586840485,49.720867,50.433752448673864,49.542150730832255
73.8957797058046,70.7592265511848,69.32313,69.95176763419039,70.01137397731908
51.61878199831133,56.9503125153345,63.258224,62.34540158101257,60.85131286121725
45.21743919038676,50.428753338642125,51.757942,53.23497661123183,51.80722404986033
57.02646356160227,54.824488015368566,54.79532,54.49522857338961,54.70501173075794
47.15573297404704,45.57971724151373,46.708805,46.91106532821305,46.39986255131843
51.29864318334168,57.53722845337149,57.196285,56.555858991513915,57.096457564229375
18.047908894717224,50.749641754680844,53.844143,55.121058909807715,53.238281192768966
47.20726370768584,47.77827956438094,50.45553,48.75615434040992,48.9966540546894
53.59990301252241,49.1647098178056,50.77548,50.46931706761555,50.13650174948609
56.30617255987804,53.1427770984164,55.143097,54.57684499951914,54.28757300725456
49.73026300594118,48.10214757801129,50.024014,49.9954138978522,49.37385833171686
44.99366066093709,53.5701391073806,51.801636,50.80493026997261,52.05890170651356
50.28166356670119,63.77958256862837,59.685596,60.17708501135691,61.21408801534991
69.34912740087864,66.4398860440547,68.19227,69.93689533975802,68.18968325179826
52.82257929420763,62.22595676546134,62.696938,63.05967865676532,62.66085766108728
59.26803624356337,59.49471092624181,57.720123,57.852451876256,58.35576203117114
76.0192453551936,66.83485902638101,68.58453,68.33083406430079,67.91674226069603
53.89199467471049,55.345788974328386,52.80596,52.24397242377216,53.46524100232909
68.37632006183192,70.87939022608265,67.62247,71.79539572883373,70.09908433197734
67.94964707350013,64.28696548775525,65.683365,65.32644313225236,65.09892449605722
46.72540439602858,56.45642007431514,55.813015,56.13160381006137,56.133679622835785
84.41681262261807,69.28375564444023,69.14742,71.53430926185493,69.98849589894084
46.70304656513279,55.95731786705921,55.83111,56.19724818419685,55.99522471483925
53.90561984899532,57.98965919891097,55.45798,55.10180571835301,56.18314867562771
52.920193004608414,47.754706648086795,51.01063,51.242023586177226,50.002453931847775
61.31775957198331,59.64529514743048,58.387188,58.15914749816198,58.73054353445204
70.23077716406154,63.87303446996958,63.702232,61.997715158374774,63.19099399639473
56.81485596061768,58.101537698513276,61.592556,57.293216873868744,58.995770190712626
52.46813882134208,55.15737983989284,53.698284,53.06142690644983,53.97236363183753
61.566687267802166,61.6795543376385,59.861855,60.16425917212926,60.5685560209968
54.93683798808824,50.39487421078434,51.666004,51.620933784912765,51.22727072553511
74.09313841677017,68.45819163496404,68.61315,68.1360009837266,68.40244805632787
78.29653908369339,74.5788252354341,75.58034,74.66591611962512,74.94169295982442
45.83458389908473,50.63499638942481,51.955322,51.17027226101669,51.253530305355504
40.16080439569345,44.50912330018551,46.708805,46.91106532821305,46.042997904209024
64.7402270801718,56.062049091410834,54.21457,52.55473710270356,54.277118428637095
66.12538075263808,70.18920772752203,72.16758,70.56612304039812,70.97430347293302
66.04141631759447,73.14740989257871,72.856445,71.14275713731122,72.38220411412998
61.89998055218037,57.33941014502343,58.092957,55.85229131116365,57.094885999718606
44.265555924511744,53.588153042564954,50.62132,50.225343277977316,51.478271712560314
37.02638015228231,49.25482694561436,50.51244,50.99999013181046,50.25575226840268
56.58421360171195,58.96012681005433,59.549347,59.14725494746253,59.21890956044833
54.92462990933454,54.88290351236941,53.4165,52.9296407466774,53.74301478353318
47.19127029907592,52.8043140685529,55.146828,55.52132796158563,54.4908232426308
64.4851266775715,53.90984999668917,55.757084,55.84183989954784,55.169591263019754
46.212308787956566,57.45907952966473,53.42343,55.15185672399449,55.34478921671453
61.53342102438576,62.041473701206186,59.192524,58.51905617802946,59.91768461184483
48.46319714257451,63.92145934106901,62.00181,62.12832693816798,62.68386481524697
86.48205760906103,68.98696934319058,66.92465,67.02097552216803,67.64419898832267
65.99476094031085,64.74289972685762,68.11549,67.19309538200642,66.68382962775937
66.03006594272938,57.611005285631556,56.09592,56.43000777185325,56.71231120674298
56.74503961838464,57.88914941945346,54.557365,52.66837303030105,55.038295955744985
55.5005530873934,52.63203175854084,55.689457,54.65870753362852,54.32673207728888
53.04529060491559,54.298836479688724,55.0787,55.41964242123159,54.93239330673581
88.7062987841424,58.34975727929666,61.553505,61.88584568013986,60.59636930109472
45.38080737685517,49.81707926046201,49.52272,49.062331655805565,49.46737708439388
59.84207222286337,58.696211682520676,61.553505,64.33396035186912,61.527892326079154
51.30754151501517,48.934801919705706,49.91774,47.39675202013871,48.749764602669494
68.50050040075541,65.7422973681456,61.96561,60.13275617609294,62.61355468279631
59.44509391204698,74.0415127081642,73.11883,72.65824674534915,73.27286242444585
64.01516143549428,70.0064897763962,72.2561,72.02256533144008,71.42838620782042
63.674977462225385,55.3524713051627,55.6304,58.4963496818071,56.49307419943264
72.07057787748991,69.33143646976231,72.75271,73.23786404842436,71.77400298441508
40.17770533611872,48.78814999352125,51.4687,49.59792434207924,49.95159158151201
57.73106798585949,61.692288204505445,56.762367,56.102305909050024,58.18565378736354
61.79899437860834,58.49434267802519,62.924587,62.49019611391702,61.30304201389936
49.75606551254317,53.810031376733235,52.136604,52.549177444186135,52.83193771000047
52.94584026358849,65.83151857528951,67.5629,66.66705399307854,66.68715643229454
46.48481309180416,54.18323626515115,51.354847,51.40217292656016,52.313418715352334
68.48844137969535,67.34090404875766,65.08072,65.45866404306541,65.96009569532123
57.25760699070287,68.29018225868542,65.44626,64.71087671423402,66.14910583928044
45.6097908690005,54.8888592573066,52.294838,52.73702346067046,53.306906889879066
71.04907024462813,64.31781038033728,61.29089,67.30996961019018,64.3062232435059
52.3270904001884,56.13465003194686,53.668713,54.71457688568387,54.83931317786585
57.320370362058334,60.85036233263527,59.524357,59.16443644529099,59.84638520665576
37.74844468392266,58.67552123664014,51.06232,50.58554587451265,53.44112927346043
56.816993112078784,49.39510362769191,54.02928,53.249526423117715,52.22463722234019
58.22263743957542,66.40180039885982,65.53712,65.00501546944325,65.64797762423252
45.083179235916255,51.63226439645691,53.58508,54.186949485108066,53.13476435822674
52.45880780122943,49.078789374092835,50.277267,50.77507286448327,50.04370989821027
47.04468083351417,47.94011949978865,51.571335,51.59515101327472,50.368868450643525
55.068957260639614,52.642013782988,50.46206,50.710275380844074,51.27144939494273
46.85161779119122,55.84959623805974,55.68538,55.47612933252745,55.670368199635824
51.01149227837001,47.49379630800615,45.57251,47.656596267048215,46.90763411355979
58.326733231225006,63.57887486800014,64.499855,64.20062493300736,64.09311828083713
60.631857135825264,65.96410136892574,66.40333,66.01022087311682,66.1258833946457
65.52022434874712,54.82758590343649,54.837463,53.90765130075804,54.52423352770026
59.01419263676965,52.2887937618316,53.291527,52.63480304924043,52.73837453516854
63.393527478312336,60.707328139515184,64.94527,65.03056732188713,63.56105406167837
56.63524092591948,58.967460798365515,57.163338,57.98593748128062,58.03891199572189
59.05078809458015,74.04835506659245,74.42056,71.73520184108962,73.40137321727424
67.18467911629938,56.60647768916078,56.61654,56.76131969305363,56.66144546122643
65.11696125089273,67.72534798359088,67.02387,64.68455855964478,66.47792630624132
69.91821979988613,62.42226814542709,68.55493,65.2203064024212,65.39916872949108
78.81716207637602,70.77367392401321,69.82443,68.58447889229681,69.72752839645231
38.35595353533579,50.60874400029177,51.11857,50.77524426584523,50.83418556218239
53.6502332386844,51.4881134875185,51.89528,51.891601029138776,51.758331149107114
52.2681140996768,53.71123902658612,56.622368,56.86585151205525,55.73315279917603
71.52764296294812,60.39696259492843,60.681313,64.15105526840509,61.74311014145622
73.52276021088966,66.61252961077717,66.42963,65.76754531017153,66.26990046193082
45.37690393280327,46.413315331218826,45.35937,46.47358949139502,46.08209200263886
76.26283674682725,74.09795573086949,72.97203,72.19107537571718,73.08702058207837
53.16520365349044,50.68643409355345,51.751957,50.74686240774303,51.06175114699792
48.77745424762598,45.68258934087125,48.89722,49.040103396698335,47.87330444971395
67.38579887192738,59.52471828064662,58.713684,60.08271898178732,59.440373781488404
53.77384447920935,52.35695793289671,55.740192,56.15248981543426,54.74988005388701
50.368517128525525,46.623248689149925,49.07299,50.319655932680824,48.671965013103744
51.30324055182906,50.742025346132976,50.075474,49.91552756218233,50.24434223123856
66.11931403356073,64.91710389804702,66.75926,66.46002003411029,66.04546200570609
60.16464279098713,66.1457032988773,63.28101,62.02797169443718,63.818228222462245
58.968798386473175,57.505695203756915,61.514782,60.24497677869168,59.755151311450966
52.809672781135816,50.75541979480395,50.69705,50.68186187768977,50.7114432865832
61.80488441662116,68.09162206301225,62.69299,63.976158187282856,64.92025653322013
56.25736757782884,54.129828442090286,53.483223,51.827553231066766,53.14686821152761
61.73943096453406,52.979103581745186,52.272816,52.07467962173304,52.442199635941314
47.26424205232167,48.609594163738414,49.860256,50.76818908452708,49.74601314777795
41.830565237387525,42.58312021829894,48.46064,48.41331084897832,46.48569034029685
50.69952058299011,47.53699567987791,49.130238,48.945609545804224,48.537614268342615
54.54620715316168,52.767163667921544,52.20202,52.70229596488765,52.55715945686739
53.57755356707741,56.04000699733659,53.859135,54.441441373791044,54.78019434839997
57.26700203990835,56.94123006996677,56.28866,55.74747030705061,56.32578617303574
58.51878519311827,49.77146867764116,49.52272,49.062331655805565,49.45217355678693
62.23648866316146,59.100945209858985,58.344433,58.32637370184619,58.5905839141719
38.86251077583082,50.12673179016476,48.760635,49.13697090000432,49.34144602204855
53.75093884059234,48.19804846419853,50.106205,48.80394145943392,49.036064970068246
61.60331315856788,58.15858122750992,56.06986,60.23320798969868,58.15388258941133
41.910110819591885,56.57974675339473,55.987175,56.98856518794586,56.518495643044524
56.45934678630597,53.86470923858037,57.15297,55.01998412469733,55.34588757454309
44.55564951901015,49.249279523007,50.865433,50.76879718750788,50.29450314992423
52.77878369631838,52.20512477476455,53.10785,55.65710911300914,53.65669433628915
45.937932140740536,49.09343588027841,46.251556,47.651594085948,47.66552878757026
60.686873221927854,66.04413656582318,63.750908,65.20170039352469,64.99891495243236
49.14005272203397,56.04314848138352,56.95409,54.552825820569566,55.85002147345377
54.04570957551083,57.19624102078723,60.197365,59.97198105723665,59.121862295050924
65.85843305405415,63.100694445833,67.84429,67.25477002284669,66.06658538523047
51.54400483465548,53.16552102975007,53.811165,53.41171062946036,53.462798838389155
37.47269389377399,52.72911943279076,55.291916,53.96920734997499,53.99674755877348
63.28531391061322,60.372403070818336,60.079445,61.70393877170713,60.718595575926464
44.24785178383032,42.87161995537651,48.18967,50.827096781912644,47.29612910001109
41.91076243137549,49.04695736805043,48.304783,47.90652676390442,48.41942233312883
47.80792073347855,52.2189080862845,48.252647,48.575886165877904,49.68248055068826
39.99085917578768,59.15816354842099,57.588448,57.603624357766456,58.11674515899608
57.84865250399156,54.483271836384304,54.820496,54.674501477667924,54.65942297317366
67.79765523639813,56.99640483870445,59.650772,57.033870326138924,57.893682419856646
46.26087521486012,53.074878976596864,49.949646,48.945609545804224,50.656711506164946
68.08164176911681,62.62906486264134,63.828537,63.96627216230842,63.47462467075149
51.12922021413249,59.17444913121322,60.443684,59.48029740388931,59.69947671979005
64.41723681846904,71.23444176824997,73.62545,68.00485815286173,70.95491668512967
58.20130599487894,53.951508379181426,52.27876,52.18885391306799,52.806373764978325
51.770549850656366,54.7706440873755,52.137974,51.702445023208384,52.870354298661425
56.93937877096198,61.791359856671974,64.362015,64.9061740099721,63.68651621238397
52.7612508139988,57.863140175921885,59.721962,58.28080521587399,58.62196912229785
58.82595907425831,69.27995046832227,67.509926,69.64350669201555,68.81112766754099
67.36264380472147,72.47238425569195,70.813545,71.25655156924802,71.51416035066359
66.06782890256727,60.19371362257948,59.31719,60.022379926132714,59.84442727055055
52.92006051681437,57.92514488161956,57.135967,55.835642772641165,56.965584969633134
43.03419795724338,50.424506517974166,50.699745,52.72225075460968,51.282167483602166
57.90011838637895,51.462963196060926,53.76193,52.463173495173,52.56268841652784
57.52338933636425,55.15737983989284,53.698284,53.06142690644983,53.97236363183753
58.13631122249183,63.625257678120676,65.154755,67.06712161358662,65.28237797679306
50.64996871788735,55.45286259004664,55.21696,55.352694859192844,55.340839452073965
44.57189321667959,45.75011283953795,48.456455,48.24722705652746,47.48459837559276
74.52096277587177,65.57548691593219,67.00129,68.04832727654117,66.87503452004971
58.00963051200418,53.878185517039356,54.78283,55.091693329785095,54.584236043830806
51.92326233824077,61.895401327696405,63.880924,64.98748033485037,63.5879352958001
62.05932863730269,57.850379538375385,60.299767,59.915362320869576,59.35516946659077
59.84411711603313,57.168338732793565,55.148186,54.9524819768916,55.75633547988854
59.70646865183513,56.91285388741037,55.14033,54.539460987709326,55.53088204781009
72.11954704039789,69.04978551859581,68.741005,68.18892814057561,68.65990620100636
58.96386291929629,55.31237202679114,58.76615,58.749407272803694,57.60931024260583
40.36773044134544,55.24653660648233,54.167843,54.45943228297234,54.6246039181483
63.62146220203467,52.71105777160073,56.341793,55.56010642264885,54.87098575151743
50.3156247096991,61.37410788679032,57.332863,57.508395706326525,58.73845548237358
75.46654446859023,70.45829411973071,69.07308,68.7418502918606,69.42440879393538
62.13616107334848,67.44553622371048,65.89178,65.14728775396443,66.16153367208304
61.46792597470474,62.95292997536333,64.20524,64.12344725671461,63.760538524787705
63.28672768349707,44.59166269511089,46.07828,46.869461310608294,45.8464684694357
44.50919730408882,45.1972249440031,44.858776,44.6550228695584,44.90367463536359
66.03266986901001,67.52479794960057,68.5057,68.64298702729492,68.22449471153676
55.42831752360847,58.123359071852335,50.26048,51.23244645347535,53.20542816623879
52.2040957541418,56.98922862691064,57.19606,57.2729867037317,57.1527585037688
47.03331542295264,55.639763669593776,52.03707,52.44967200951612,53.37550230237908
60.35331189457192,61.44221451494257,62.60975,62.46628341351258,62.17274892292905
45.00587295744912,51.24096330567751,50.390324,50.92817783504182,50.85315492654511
42.51094922768527,49.661412831590255,48.21718,47.98041923453125,48.61967013694936
56.1637321123152,69.77460920805107,69.76214,69.81788462029299,69.78487739834776
41.87492874136567,56.34238187140791,52.90623,52.32182800768247,53.85681360186802
56.23050939815593,50.595008885014884,50.260727,50.05278357496697,50.302839796230934
55.96882032216962,51.08041045018446,54.743927,55.75268155762063,53.85900633658607
72.40899831932856,65.16171108484811,65.37741,65.80495245252833,65.44802480868276
49.62819114482271,52.78454825071102,51.003544,51.785074202636565,51.85772210236911
57.18041039206687,55.27070119053387,54.05801,54.17851849247883,54.50240992811035
65.7753254356303,61.740463491423334,59.52774,62.037860988801604,61.10202165291352
57.16112995420948,66.43096727559629,63.178524,65.19186251190555,64.93378460161195
63.44618987552036,56.831035860086985,56.660774,56.1132910500345,56.53503371369283
59.28337423598413,56.742636347741694,57.557884,57.494482245574524,57.265000936541604
77.53891921062778,77.37561950259743,77.29759,75.40767801626914,76.69362989398417
67.06526542429445,64.10475710363009,68.66514,65.704897307734,66.15826421866434
53.544520317114745,49.2423350182155,47.859383,49.98796299946133,49.02989354902379
36.50770561566826,48.80638922599562,48.017796,47.79114980265842,48.20511153046606
75.09078882195672,70.67840544558088,71.83084,71.99948198933242,71.5029094997888
63.71868275096074,58.968458193530765,59.788353,60.62706981941921,59.79462699308619
64.00980444414041,64.64007804949654,62.554554,60.41052685761043,62.53505296423422
78.25551824876078,61.10652028047784,59.488228,58.91838517746851,59.83771110072821
67.0530571514215,68.83026524075258,68.19946,69.72271772584742,68.91748195240832
64.85466082679342,60.383551596140485,61.533424,61.69324072821214,61.203405567264674
80.17231301768165,72.56251872943969,72.45722,70.48132596571483,71.83368889333927
50.61137352486382,53.08656615530365,51.88239,53.03923133477951,52.66939551956222
45.09897891430143,48.446477217585894,48.869766,48.77725785025833,48.69783376773193
52.89109596048756,55.16756525671433,55.190533,56.62966356717858,55.66258716940636
62.58322387770448,66.81161970379621,67.88671,68.10108680330858,67.59980587590343
35.08742452587815,49.10752193230961,51.708008,51.65766044587983,50.824396730229815
47.57055562187092,52.494537628617806,50.62791,50.05746348147819,51.05997057470322
47.89180205632397,47.49934150693026,48.698574,48.58767810303045,48.2618645587076
79.93582120194166,69.42416678950855,72.24631,68.55305856177242,70.07451090810927
59.22830866191556,64.16424055127541,63.93769,62.386651725784745,63.496194337307806
45.477298174510565,44.10663786959737,46.733067,49.2466014865474,46.69543530499422
58.67429284996801,62.68892821155498,58.936554,58.521382892967985,60.04895501986703
67.65576699812935,63.57284252985229,62.568783,62.484960791670154,62.87552870930631
75.88313144262187,70.1525656630518,70.20014,71.02546440823896,70.45939065934301
72.47431490130553,78.9299878074488,80.25339,78.43819956454026,79.2071916077203
51.11997736135906,57.30754620158427,57.427082,57.920798465947016,57.551808909766294
55.84792996967072,64.25821473651459,63.610928,63.01267233350953,63.627271550603744
74.78133596915583,68.00162396474408,69.33652,69.51737994741133,68.95184041537992
54.82842753003873,56.14564933820945,53.114662,54.81888668428267,54.69306606430076
48.74456630436325,53.389650053919645,52.689846,51.0816750370365,52.387057043258174
61.40758350419919,52.166316095616686,50.33294,50.47707321798285,50.992109487182915
54.29400771770037,54.976728717429005,55.883183,56.40357849382785,55.75449657896388
54.348376919142446,53.687587505672255,56.015404,56.5694597475003,55.42415033357705
51.78126517031884,52.108580726060936,55.02815,53.972841536339914,53.70319030450796
54.37352949643624,59.799659391332256,60.78484,59.95137763782564,60.178625553094946
51.758310822046845,53.56092758581535,55.585728,55.82469913316328,54.99045147020967
64.31406497142967,60.66698689900866,59.214603,59.61060190245104,59.830730741843986
45.75994758701785,49.5051747278555,48.42751,48.77953757437249,48.90407387002978
54.12599841980902,50.390520251265414,51.61799,52.024215680192796,51.34424150596133
52.83578827089524,49.728298663299924,48.876244,48.78749397711017,49.13067874390622
37.31401980685491,50.24214365636735,50.22226,49.68416104763211,50.049521408494606
52.14070681313375,51.069890065388854,49.00037,49.19488903777715,49.75504970960026
61.92110505208508,56.85942091487575,59.30893,58.568610462250966,58.245653606828704
61.039857550746056,54.45754487918825,56.02169,56.38018747205314,55.61980757329791
73.8361715730164,57.87461569962851,59.150227,61.66099953587041,59.56194727617216
48.65258494152482,51.75375491206819,52.09706,50.92155208267608,51.59078938399028
40.77744797711008,45.594661159612365,46.509476,48.75615434040992,46.953430402676695
84.17896589070644,68.22684463027069,71.95158,70.79922080338973,70.32588055552354
60.709956023967386,56.69782139177666,59.455513,57.958328544462006,58.03722097890898
65.2066887929082,66.04922399101032,67.02508,67.63004140650332,66.90144773911263
74.71026851151153,69.07318320545738,66.45126,67.20124603476584,67.5752308893192
52.43687194648653,47.27961762262757,47.58316,47.232637590227824,47.36513853774867
60.85785225936859,57.281117580645166,56.344063,55.02240873973936,56.215863041853446
59.338237857994855,51.98296002594174,55.058712,55.897991192987384,54.313221074848116
73.16410378049208,68.24390643702439,65.53916,63.51596198139227,65.76634336684853
50.66087489952925,51.7403327680606,52.37122,52.69854259659337,52.27003166655458
59.65166210337328,64.10565004427285,66.481255,65.80952101298567,65.46547521163176
57.716948330483234,67.01406860456105,67.63456,66.6246115942946,67.0910799434011
44.01106431039048,55.409948702615075,55.10774,55.694130047182774,55.40393908155696
73.63313965308859,75.10509380949229,73.01858,74.41414603317435,74.17927247278341
66.39291487521434,65.03258473865311,64.644646,65.8183977988838,65.16520940948494
58.24797689912956,56.565352935360146,59.78787,58.83147096071032,58.39489746527543
58.03870938453498,53.97069079582752,55.88584,56.32163655965415,55.39272290837019
53.88785404791184,67.80496092088312,65.34252,67.45198341099606,66.86648866645322
68.89251443990305,66.00216767795928,68.25654,68.44223995098821,67.56698200668693
63.50673339260364,66.7811152413172,66.68701,66.98777041404135,66.81863245803618
61.18400281463669,50.636149448139165,48.45765,48.63421117241108,49.242669950502425
76.71199889615036,64.33440625884583,64.26305,62.79686898479713,63.798107169430466
67.78691716971979,64.09386905374136,66.021996,65.62216350476332,65.24600936764608
59.9881912142604,66.61813093835632,62.603664,62.43672866761983,63.886174668056505
53.33727591214159,58.24959707639542,58.15232,57.29483485786413,57.89891759869198
49.35809826205124,49.39049644752803,49.519817,49.84224243810021,49.584185412641055
65.82819041121185,60.54733774707804,57.24021,62.0074014676588,59.93165023385108
57.03352293873097,60.896638472344385,63.5291,63.63453444054111,62.68675714120923
55.04221490239994,57.196777484021744,57.963383,59.12616357257274,58.09544125918058
79.95005097582724,64.93576946676377,69.42094,63.690304364475594,66.01567013857068
52.80347934587352,57.20346329606514,56.797626,59.59425451134254,57.86511476758967
48.92563613356199,49.97389579446789,48.86528,48.88933477841803,49.24283690808437
56.568617548935535,63.57375722154805,62.0742,63.02582711588085,62.89126133798086
59.68972221784809,59.74967527555451,57.283978,55.92416714880744,57.652606644302296
69.98960042436006,69.70531348592269,72.891335,69.42996999968342,70.67553933976585
58.16017561230125,56.170035029593286,57.85576,57.24926700842966,57.091686901671714
73.28450194856576,67.5672760447133,65.61357,64.61567660385751,65.93217460518767
62.75271723956693,51.973978951214775,49.729076,50.05556808978445,50.58620780883243
68.29557520266145,75.23679179987205,74.15468,73.7555785415561,74.38234956205157
70.03290619065092,66.84567809935393,68.2034,67.09253626076776,67.38053800610827
57.44517944733367,55.82878507194658,57.715504,54.94961981529244,56.16463619328865
73.78072756964687,68.54499041376724,69.43383,64.84349625878896,67.6074389779289
72.8397466096864,57.94802542868614,57.76068,58.84533315222363,58.18467991108451
61.40968561620682,61.784691989034826,62.944267,61.93793021025462,62.222296490746224
43.35180174378018,56.9227410826037,56.685925,56.88936305049177,56.83267622104159
45.9412226295305,65.35213327317607,66.807205,65.44326555471105,65.86753467602747
47.96680142129088,61.79755818299118,63.236607,64.08113774234435,63.038434174411975
62.60742594240384,58.48524870185796,57.22061,57.58530341107138,57.76372122839832
56.33793499301226,52.96204765537555,52.431274,51.72309760565681,52.37213989169828
74.47943403996842,69.16754986444444,68.43351,69.35489847299117,68.98531938803193
59.03154779249939,63.39682713525178,67.86406,63.543568365899944,64.93481831646464
52.64782894749307,53.752738980896126,54.670002,56.0619166702532,54.82821921159729
54.83445799825985,60.165134279187356,57.66845,58.467040738228185,58.766874806423665
56.745988527610734,53.72504627319698,53.35954,52.85566811044237,53.31341780520726
53.69156964560315,50.486033756698085,48.42772,49.77564798336164,49.563133618756886
46.80609786911931,58.61765047320002,58.129044,60.387863152475454,59.04485240159235
72.98257052935632,69.24975426725487,68.31315,68.1881558775171,68.58368621443572
50.393240025927305,55.64780341048213,56.26278,56.03096015824911,55.98051426819037
47.2941379314261,47.775227005529956,50.713264,51.242023586177226,49.910171685679735
67.59530263073006,72.51739143972614,65.76777,71.76044372166041,70.01520134041662
87.14039576071612,75.03396178759768,76.45382,76.89894558546379,76.1289088826546
56.44883270329016,55.63828927601861,56.89248,56.8634276262975,56.46473194839573
52.49175362900269,46.680499715097774,50.888165,50.62561984448936,49.3980946932836
44.4512932449169,54.688149826334275,57.27612,58.24809972613048,56.73745626154749
54.61013080311648,51.75923286732448,48.086887,49.80274828727207,49.882956171405226
87.2237990800769,70.7035905291913,68.981125,70.5126930144907,70.0658028072039
72.5192902459051,70.79272987508381,70.432236,71.56348929070857,70.9294849611886
66.46064891917393,65.13975955081865,68.004395,66.22412455223999,66.45609287810288
60.11035999977399,62.86528180404433,58.60194,59.46831137449394,60.31184444452253
56.63186356879267,46.82605027633541,48.912796,47.971031343227864,47.90329254669036
53.57892886132686,56.09280145944967,57.841007,56.47164659129478,56.80181842780349
65.35152249271755,63.622402851535774,61.68874,60.228439645575726,61.84652742457427
50.63172513734232,49.623684295562235,47.488186,48.25562438118689,48.455831519772495
35.514699563893785,50.52372034470322,51.751957,50.74686240774303,51.007513230714515
53.42027429636666,53.8201657076823,51.190323,51.21055058485329,52.07367972283739
57.321770474884666,53.58376347176551,55.45689,55.27230903231767,54.77098753676145
45.52989030480845,52.150895648597206,53.687885,53.755237528042144,53.19800615368772
52.057614317606806,47.51013751395102,47.279995,47.99141405645136,47.59384884500066
38.07317619694589,52.95083114483384,50.621254,51.074968075715056,51.54901772927801
71.69352718996893,58.06450502475635,56.93412,57.930094450533375,57.642906551170796
64.9958959319498,62.93933411927228,63.97166,65.20090213547041,64.03729895625212
65.79959873726692,54.73026814894108,54.942535,55.39921027359144,55.02400460764105
59.38388339593185,52.188189964382524,49.4831,48.39818997634568,50.02316027728049
51.05461641563232,66.36671883776124,68.17422,66.35788712119171,66.96627439435802
62.81730558298796,44.838849891893595,47.68954,47.74257243264905,46.75698772919325
64.23898103043426,59.47968954011067,56.592976,55.343962904632996,57.13887602039958
43.39910411466719,52.812715182747155,49.702847,48.814532335605286,50.44336468181735
91.75000391513127,78.82582841131398,77.31591,77.20765598154057,77.78313157740334
80.6444782390705,66.87323805433955,66.84269,69.82454592173805,67.84682449674591
84.2072488467298,63.16923496438905,64.98976,66.29436117388578,64.81778583027129
67.64868185944135,67.57631961874311,63.209072,62.58864552421492,64.45801241866505
47.12208642572956,54.9258418275491,51.726765,51.623314438321295,52.75864031494183
68.83544240635877,69.39675052096365,68.68968,69.63653307522183,69.24098853434047
56.762418595673466,60.89195548125286,58.420837,57.94815608108304,59.086982988226545
81.35068676394833,67.46847291910406,68.186485,67.9853691530403,67.88010912089057
74.59832921358102,70.28153181033571,70.196014,68.61755200467915,69.69836607310391
70.21273793739797,63.35777491952627,64.41558,63.53905465165888,63.77080344023228
57.48772522346534,57.63598721217814,52.764706,52.41299377815037,54.27122888276249
40.49610022891015,54.68580014674612,54.159134,55.341656609825954,54.728863555901626
44.6757043918041,55.91979328860758,58.889652,57.15162433860642,57.320356626470414
60.56080656407099,61.64111795659296,61.40639,60.596992391654766,61.21483383068218
65.38846317853717,65.82550438145533,64.153404,64.27870327803215,64.75253729844245
54.11654144638816,59.24512773630327,63.992302,64.31063733943903,62.51602233888676
72.44962245893008,66.540272307949,64.30781,65.84004538047681,65.56270853692969
49.66291436777795,59.93740289830254,56.3292,56.46189277509794,57.57616547267646
50.99603055185694,52.90169311886912,55.09452,53.25934200459583,53.75185189743754
48.29571383012985,50.433629113027344,50.862694,51.285200240715994,50.86050771345481
77.55547334260825,68.55124990266721,67.491455,64.05827214455078,66.70032570844766
44.391939374336566,44.950790289590415,47.59844,48.09320970783842,46.8808127534561
59.15104653200604,57.34847023865973,58.625175,58.9394123637783,58.30435269283742
57.42356984168332,49.04138336022061,51.398926,52.29879115034509,50.91303343060523
39.77628068607542,55.24343129838276,56.921078,56.19573532575097,56.120081450801734
65.2980338839929,61.19108855436514,58.028294,56.52900952531203,58.582797229765426
65.26850378500833,57.347036890978366,58.027332,58.887012825980385,58.08712734095565
66.22147398634878,62.88621366943549,62.00483,62.22711242678537,62.37271850098639
55.58561390729449,57.726564976309106,57.49251,55.1121745670389,56.777083764205194
48.75914728084507,54.42979234385597,55.380974,55.58576087767831,55.13217567915075
71.63180066108572,58.55011514698976,59.73048,58.816006798355,59.03220071314551
59.598918795412125,60.42044102622993,58.509453,59.07761098528836,59.33583494378084
58.956158304489215,66.2879664384324,62.991646,62.69959740270614,63.993069884708945
52.97008314366099,53.78781838820773,52.73758,53.02212981800199,53.18250918397095
50.27094234542003,59.252511579951765,59.820683,58.277481202913776,59.11689176950011
46.33867569743724,54.702482235576085,49.80874,50.597536060590684,51.7029190015543
59.04618067656032,55.55146403949115,55.14518,55.21569137198835,55.30411172000489
51.64499889898829,59.48255238858362,59.968666,60.28699606042689,59.91273817522356
50.40265387490845,55.50659852218457,55.709984,55.99147804229926,55.736020130055806
43.967669980419245,49.273123348968916,50.493313,51.142317175340395,50.30291778666756
55.671783470370144,58.75230842822041,61.584675,64.43122804362163,61.58940376901572
68.54079206431953,63.27291883926258,62.447144,60.126505558990345,61.948855984313475
51.89037368139308,53.425059568110115,53.712486,53.215800361464005,53.451115398887985
73.5530730906075,66.77224107034196,69.062675,69.16102489615201,68.33198048085607
61.0646268062396,55.65305384137439,55.434654,55.618116403943844,55.56860816038603
59.34850845561987,68.35807650136178,64.47671,63.71310451337304,65.5159628244103
47.5467048643469,51.931476398607124,54.410267,54.11476137263244,53.48550154915342
53.01214967396222,47.768204195391945,50.035027,51.44127574875831,49.748168831481074
63.66558868241093,60.72496463162246,59.814087,59.69734944378856,60.07880032982451
73.05792537405388,69.24935262568509,65.53132,66.1236413320677,66.96810420743454
66.05197604718221,70.8550509935441,68.58933,68.52741362701502,69.32393240037518
63.52459683277425,65.53966110478255,65.935295,66.51326139184148,65.99607253386817
56.16452361716124,57.965148999692246,58.26059,58.250657377938374,58.15879865907999
50.3774224693916,55.82591758702063,56.464005,56.1966719981124,56.16219803391153
59.68530150567568,53.04412703030307,52.988216,53.252939808818404,53.09509441308932
69.58373105773835,74.08802223497135,73.096245,73.17301750663209,73.45242818453839
54.940668024764406,52.43956274641231,55.689457,54.65870753362852,54.2625757399127
51.04280172199759,68.07940937498289,70.56768,69.38484968034066,69.34397980473676
37.407561491496566,46.56666721030605,47.030865,46.9329202025979,46.8434840428267
53.55886145134842,52.98285367551743,55.851112,55.39881058257711,54.74425887460573
53.29512740221728,54.06696249462282,49.266872,50.083658769332004,51.13916455665356
63.9690391428525,47.61854161014879,47.6937,48.72319277898479,48.01181109073007
66.27070191940703,63.230305691319224,63.923832,64.67052083693181,63.94155282264944
58.16671988354317,60.22577338465489,57.07562,59.89189346021497,59.06442852958878
47.37846349528451,60.01672907653754,56.944386,59.75774656225475,58.90628705578558
49.167654180427135,50.54289084853622,49.40533,50.47307787360613,50.14043312670045
46.01938982414551,51.52257201623138,53.001198,52.940307664346136,52.48802583183964
51.68074702711958,52.228158774292645,51.443794,51.35494554922735,51.67563285800276
48.14341801497446,49.28451100948516,49.289272,49.884648651883616,49.48614398990613
54.93893784567847,53.8074554391923,50.67622,50.29642598917235,51.59336712285006
83.27157837167316,71.31838692903818,70.462975,69.28012044367499,70.35382730701768
48.792853598647504,56.531979818740204,56.978703,57.86846754638151,57.12638330342924
52.60512682556384,56.56674886106541,55.939594,55.437345699802215,55.98122960988882
62.66667479839412,57.3002517103072,57.20401,57.265437720083156,57.25656648005199
53.00818208223781,51.93006982119022,51.699043,51.895154680153205,51.841422591756405
68.3106082542608,75.47048149120208,73.892265,75.6761316114611,75.01295947416247
68.23273866577081,49.273946719359486,52.439888,52.02984888489749,51.24789453491508
60.15999479118657,55.588620575802054,55.647682,53.67142444025099,54.969242401998144
57.868151059310925,62.187957007938685,64.76221,66.19657324762956,64.38224576227275
58.328135166018775,64.96263594767183,66.91711,66.56670916386699,66.14881724665226
58.87015457214599,59.49191982389042,55.762615,55.97878841903973,57.07777448226252
52.91174861106612,56.59399381425437,52.396305,52.536413074167285,53.84223732421672
52.58364266093505,53.399335971575304,49.634262,48.801323470220076,50.611640508918775
43.30302133387677,54.8888592573066,52.294838,52.73702346067046,53.306906889879066
50.70416653468368,56.793633933518734,56.158405,55.829751326193666,56.260596854555835
67.88914200595255,69.29568683850125,66.64533,67.13936195018513,67.69346037503739
69.47410610942538,66.92431824760524,69.40485,68.08776602538761,68.13897682146637
54.36824655377279,57.661384053780466,55.54707,55.551561930450106,56.253338511263706
32.38538509465353,52.06865656303021,50.18378,50.3845034722428,50.878980235146344
52.44611136225406,57.48328173320408,55.62688,55.11748994942896,56.07588410946166
51.99155097925979,50.395290828087745,53.407967,54.512992907447284,52.77208344976819
66.60223052161425,62.95558491491538,62.02886,63.95192904936382,62.97879071636455
72.91242066657826,66.15672846285095,66.02716,65.79407925704524,65.99265612147582
46.46738302966661,48.39319600591087,50.22457,49.990437927628534,49.53606838718892
61.693569659242975,67.29334757829297,65.97914,65.69343804487386,66.32197561950612
58.1991109004212,52.42112925138033,55.509514,55.790711429535605,54.5737848452988
62.469541722787454,55.77989391139232,56.031963,55.5650885623397,55.79231527404023
50.13408839089959,49.63158355337601,49.12932,49.760885607875444,49.50726246618538
68.81152764669409,66.84145039947892,64.670975,64.71436650763917,65.40893054618779
52.74827827164808,49.71704779363991,50.7331,51.392896324996705,50.6143483365833
55.53363485528568,57.016192240369016,56.46217,56.45735520719677,56.6452390315942
57.00897598541674,59.66131260119078,57.016277,57.39934968075116,58.02564653172479
59.53735517346055,52.75405760373035,49.678585,49.188848598517815,50.5404970849128
48.262688384416734,45.32407172092012,48.456455,48.41370103248419,47.39807599470574
60.95816737094136,71.9908348537051,68.8522,68.13674380194949,69.6599273415984
67.85378648750613,59.252511579951765,59.820683,58.277481202913776,59.11689176950011
65.8954982008468,67.34090404875766,65.08072,65.45866404306541,65.96009569532123
56.94228359482842,60.857983871092024,57.262016,59.9675684647811,59.36252287741994
55.585640935349566,66.19939602796514,65.027534,62.953226290899096,64.72671893457583
47.68107345031804,48.51415217326739,49.42143,49.13246689572147,49.02268258313626
58.350080569149405,58.29292569707885,60.835117,60.564686490106276,59.897576509091
50.51225501160704,49.33957602018724,54.00903,51.132665307471534,51.49375690536217
59.73448295146367,58.955181075053055,61.03191,54.840044767688205,58.275711928456076
72.5359404689783,56.435447164808565,55.52809,55.89901281444544,55.95418380330602
57.16636007169208,52.870215622087784,52.7519,53.6995593651231,53.10722490214972
61.29596095712246,52.90624626894386,54.588905,54.33301766514543,53.942723089520655
62.55842623073334,60.21806093053793,59.526978,60.02352350402208,59.92285399120751
45.812843354479085,63.32634815560098,61.917137,61.993363184894065,62.41228282883038
64.75185662484654,70.32328758809271,69.74081,70.6490615702981,70.23771857932688
69.98389807766155,76.10955311723053,73.983475,73.32999683107866,74.47434155991817
71.20922924183868,56.5166697563042,55.445095,55.93822866760077,55.966664495386944
72.40110684824916,73.00405256333217,73.355576,73.5773520036302,73.31232670949527
50.62344529824679,57.52852595564817,56.02076,55.606618384505225,56.38530130755765
48.18738128474779,49.623684295562235,47.488186,48.25562438118689,48.455831519772495
56.75852285782499,55.76549576903594,55.617897,58.83596292475495,56.7397852424941
61.789004313696026,58.79834707949805,60.5998,59.75801052693738,59.718719238766234
50.70782154564317,46.77434325128409,45.455135,47.656596267048215,46.62869162126376
52.25739476868914,62.4258051979609,60.531883,57.94031283363135,60.29933375711278
59.19623657279755,69.0080587209851,67.45014,67.97232747114353,68.14350936628897
50.697624132177445,61.24419388477328,62.95058,63.122825814688994,62.43920009879537
63.25490752354746,55.78593544152378,57.134476,56.85941301187419,56.5932747204686
54.69743754259888,54.71338568909916,54.72898,54.62296475959423,54.68844382225327
63.5946459655397,59.59060315695394,58.389545,57.26818069106593,58.4161097628979
50.06487672412224,53.46842554090136,58.037167,59.04899314716665,56.85152842784233
57.13794107287397,52.870215622087784,52.7519,53.6995593651231,53.10722490214972
55.97234582103616,54.76314698166572,54.119434,54.77667937238352,54.55308690357956
59.5696892194234,66.04922399101032,67.02508,67.63004140650332,66.90144773911263
57.82188741800621,63.228346134701,60.980995,59.858870506207744,61.35607060637713
51.49815927397327,52.58194783026557,55.467937,55.000483633906995,54.350122977884986
38.91406012890874,49.22068856236425,50.730175,50.575667341042475,50.17551030723909
54.69235583795419,50.31975509942133,50.822536,50.15547641538622,50.43258932777113
64.11977758227738,63.78249688020791,65.45317,65.06118815926388,64.76561860527966
58.14270934758668,58.61690448485842,58.98153,56.731570393247395,58.11000137131523
68.18915290132848,70.73304525813178,69.29595,69.70998999452367,69.91299569863905
40.69103113635369,47.17473383825911,48.966095,51.49759026372818,49.21280635756347
47.672571774652845,43.262061052355605,47.51325,48.80394145943392,46.52641698513102
62.60048205213315,69.14553092359962,68.96032,69.60289304847517,69.23624783037258
59.81819459666311,68.49060757892977,69.79475,69.34351016861956,69.20962138215837
59.641571331403895,56.54906603499347,59.90026,59.75841761101858,58.735914857101676
65.1592569194398,67.325482352252,70.02906,70.92830059424573,69.42761443675575
57.76939656368015,69.48850910749937,69.58348,70.60407169322093,69.89202054522708
44.246485792726894,58.822719480407834,57.691402,60.92401073380754,59.14604421650603
56.509970528584574,57.36416134568681,53.41431,52.28473614781425,54.35440264960778
44.7889885591291,57.386166240428395,55.665943,55.54890550848675,56.20033829822236
77.16451812195656,68.233349333852,67.879745,67.53305400277199,67.88204960667414
74.38404458452771,73.74221629365272,73.00821,70.22544743173106,72.32529098463313
51.00622890868678,51.971398961929665,50.144836,50.45108420995291,50.85577319922127
62.40908136899897,67.44032476535158,68.976494,69.73370949246274,68.7168426977545
62.97111645302314,60.397660743927446,59.308784,60.15281737264748,59.95308753381274
64.8118039655653,68.2529432091372,68.82859,70.71485401865986,69.26546254028783
57.48044557635337,54.89970926177758,53.492508,50.92465137098173,53.105622855776545
54.76931793271426,43.8693152116093,48.46064,48.41331084897832,46.91442200473364
66.24673428890203,64.4678948021702,64.995544,65.44412688458438,64.96918870678276
34.13173877873887,54.84726224616602,51.266144,50.98387719430762,52.36576107976725
45.42115112694605,58.569301373233245,58.467377,59.30615808897865,58.780945390398756
31.56681270095888,46.954869685923484,50.852978,50.63824941148668,49.48203228336524
70.3820453541066,62.935100249344735,62.807972,63.007118808767125,62.91673033748586
69.55599448360056,69.87515018625837,66.458725,66.64846974128015,67.66078163437481
63.76020340872551,48.24531261319868,49.33189,49.53326241497234,49.0368217114574
63.76507464807448,65.35443737352308,68.11478,67.7246583600859,67.06462411497903
50.62373252142383,52.72451738919641,55.547977,54.684087433983656,54.31886075689661
69.26563443452996,67.05318179230258,67.76277,68.35673317846297,67.7242288590703
73.31259190270706,61.722039255344804,60.13915,59.27245967779404,60.37788254843235
46.880158747862495,52.04708506259541,51.636814,50.92155208267608,51.53515042090104
59.03580891504967,56.86399030997122,56.54536,56.717188760850014,56.7088465453356
56.98037910325677,58.663393396416105,56.406727,55.665996813962984,56.91203901584576
77.97044192895925,71.42723329471866,75.133064,72.52166481129719,73.02732079201179
52.06147445632181,52.64827166439721,51.19149,52.300813980423875,52.04685860605364
53.70479396260411,56.598966296917304,56.392136,55.834619749176014,56.27524055540349
50.67434906877052,48.95971738949817,52.886612,52.30052531304948,51.382284880341395
63.96670147692219,66.1438040725794,67.18415,66.77197272862547,66.69997583233521
45.36879295029747,52.53178387632428,54.346714,54.55551011503589,53.81133600371186
76.84809372117253,74.55785988966541,73.01941,74.81847574860414,74.13191493931902
45.077789404951886,58.04226982362316,57.560696,57.93753569724144,57.84683372301932
62.0004647353942,67.89336904626538,67.84402,67.36715945258183,67.70151517588526
54.756980109704514,52.51573028948432,55.65825,55.73194449799314,54.635307896281546
53.735659525049634,53.82025565145461,53.32638,53.49107636883109,53.54590456787844
69.03847835578111,66.45544702669538,66.019135,65.74930341796548,66.07462832204841
60.09901304267696,66.29429107409071,65.28602,65.07309425471541,65.55113456679605
55.010021025629584,53.40627296855963,49.634262,48.801323470220076,50.61395284124688
75.99130465406154,66.61252961077717,66.42963,65.76754531017153,66.26990046193082
70.29165942075525,67.50740034874754,64.25216,64.92996474928752,65.56317473889582
62.47744070106015,60.34487615262692,60.611454,60.37283050309727,60.44305355524466
45.52083366111415,54.50303115261799,51.020153,57.674821508487575,54.39933523558662
50.25437684483275,51.381172488160274,54.755806,52.98006184137032,53.03901343292296
78.929430920791,69.92040226463585,69.929985,69.23558641093152,69.69532457398469
74.72690752876586,71.0399989196298,71.255486,69.51869031684338,70.60472492371372
69.43940231915971,70.52540111292167,70.42844,71.22757014439338,70.7271358455373
59.94333526520438,54.60230086134522,53.80051,53.03923133477951,53.814014200872954
53.74512013419262,70.08976422447958,66.69277,67.51079133509498,68.09777582373188
71.5578581598779,63.09167349704981,62.872864,62.24185237688742,62.73546321448949
48.100019154067056,50.19635267060308,52.71323,53.66422943411979,52.19127074592651
57.13794672443297,63.59961296354772,62.420425,62.1453885657957,62.72180898146083
68.27883862600999,59.34878696195749,59.625225,59.926091402142454,59.63336781041287
75.6049719777301,67.40611769572993,68.92031,69.19124619042076,68.5058916200906
50.463495522333126,53.30160543801332,52.284885,53.092449033294315,52.89297995926726
84.49706480639854,71.60526512194245,70.75222,70.36117623253055,70.90622050276055
53.19889600389915,62.048927403014375,62.65571,60.870230142522104,61.858288619508265
49.54611383737063,56.07778918343069,57.548576,57.420510483520864,57.015625340644014
66.15308848046661,62.62906486264134,63.828537,63.96627216230842,63.47462467075149
54.10705911815505,54.18130696877743,51.974377,52.19369121374829,52.783124953664164
55.07725785899349,56.62482993236111,58.012093,58.186900572352066,57.60794103168174
75.2099833907186,75.42401714227216,71.30347,72.89885465653838,73.20877953189519
63.0854016153854,63.41632507108659,63.10419,63.26148486035313,63.260666919285235
92.99839627874188,66.96970910055043,65.32071,63.620497276993355,65.30363853535313
38.43413645870202,54.42005012432337,53.171547,56.882371992509015,54.82465635095584
53.7522305839072,54.1008302489778,57.445034,58.82463132271707,56.790165199598164
69.29580861306776,65.59030904605149,65.12432,64.45048696979279,65.05503899991034
63.03143555619978,62.65709472427093,64.52817,64.56453071473095,63.91659772120375
66.0827643909363,64.95423139676679,65.66601,66.20863444297571,65.60962461178265
85.67913524390448,73.73648950144059,72.60167,71.93100342475178,72.75638741257194
65.77527841176696,60.531468482502774,58.41208,58.41821209751768,59.12058647914745
54.38712371989146,50.659920316239,52.71323,53.66422943411979,52.34579329447181
48.88634507751465,49.43195157690656,49.305027,49.646388900069475,49.46112249501089
53.475441575131214,59.66131260119078,57.016277,57.39934968075116,58.02564653172479
52.26991906265958,54.730698034092576,55.65825,55.898418473949874,55.429121803136546
50.20774235666574,53.30042153758346,54.73537,55.47747798636904,54.50442338664627
83.55717190274693,68.37394062271198,66.99853,66.37091342219817,67.2477938572552
59.90217092878421,51.38778015191795,51.793243,52.1423467510438,51.77445677038829
51.80877266576975,59.17314251215842,59.991756,60.98338158290003,60.04942684475581
47.95981449150546,54.79431823004252,55.208775,55.865865873277144,55.28965288999001
64.66380608972192,75.27830473063646,72.0895,72.8956423911742,73.42114918301893
82.46082648961762,76.96342282262508,77.366066,77.20726234650994,77.17891704937965
71.42113544801805,57.578498648649436,56.181263,55.27527251091727,56.34501137651247
47.72503982778425,60.91454107383609,61.486423,61.020865429385005,61.1406099985509
58.98787891631721,69.20860655492856,69.6278,69.29972440525053,69.37871031599069
42.14194017100313,46.7603068187166,50.429585,51.242023586177226,49.477304969355885
56.824856162702886,53.63684526993205,53.382767,53.38557663134738,53.46839620830408
72.28062413163912,74.3409322375078,73.293236,72.4565480059625,73.3635720074263
86.76430973808927,74.9180921750901,73.27648,72.99947778994198,73.73135053115
61.39231784523992,60.22577338465489,57.07562,59.89189346021497,59.06442852958878
60.22704473621964,60.14891250679327,58.302193,64.78048752714314,61.0771975739749
64.89716484517076,59.50988844264128,61.92236,60.3865277027105,60.6062585373015
53.930693942288165,52.44325038666747,56.02912,55.56010642264885,54.6774927360807
64.12824468754754,66.20079418537266,63.021908,63.21197983820965,64.14489394332627
32.09761951930268,49.668753977322034,49.701946,50.29593762893954,49.88887928826883
56.11258709304396,53.93841094128593,56.108177,55.554090709617775,55.2002262786541
50.23900901430262,63.01094373790571,61.260292,62.16184328890669,62.14435969334502
57.36009949693761,68.74855756362355,71.32278,70.29589325142919,70.1224092031621
42.11915922675317,48.79292525354717,48.869164,48.96637249981651,48.87615375551576
46.003816258474735,58.36071227271481,61.115696,60.920759912274605,60.13238937945285
61.24449857895781,67.19889992960529,65.64584,65.73521803238081,66.19332048928182
53.30121681781817,65.35213327317607,66.807205,65.44326555471105,65.86753467602747
38.72096165489024,44.60920336550517,45.94511,46.21195202038496,45.58875523564502
61.914240922138106,59.86422687470143,57.143658,57.61803137932594,58.208638646117855
68.2762553930935,68.31614460795558,68.04312,66.84403218560031,67.73443271048217
69.4183283947269,73.3218707934212,73.4604,72.92868076385258,73.23698499988554
93.13491126101782,67.50791473546151,63.502663,64.54112913049474,65.18390217488255
59.58633753713215,58.73422492087621,59.820683,58.277481202913776,58.94412954980825
62.28149603171894,52.51668792253877,55.20374,55.771655309053045,54.49736079928386
81.30136980438078,55.21918034720835,55.15499,55.573630460592554,55.315933985901076
55.659280987710325,51.9206460117131,53.346615,53.24003476812279,52.835765205827464
49.72504015780947,65.7197061024454,61.982643,61.8764659330844,63.19293838765707
68.51592750906133,66.82114485099116,65.448006,65.42748417178791,65.89887823301619
47.11198104862441,49.10421185986512,49.831448,48.75455418047775,49.23007121388707
54.81523122495771,50.55829575062383,51.472176,51.22697785690085,51.08581640188973
89.80411116994584,74.38136588222416,74.97751,72.69714804450248,74.01867415721617
92.42090157029102,76.53968080954935,76.510475,74.66234353220844,75.90416650014974
67.39337035576814,54.93692989651925,55.52279,54.95197608297381,55.137231660319294
59.35897305203705,65.22640079760866,65.924644,66.42953911501637,65.86019479427996
48.94495068862444,47.52657654133179,48.44863,49.505007621435894,48.49340514979625
55.90015288955684,56.53531675779067,59.366505,59.76414905031048,58.555323492430205
61.75443598255611,66.88728657275497,63.16594,63.36247244434162,64.47189944938377
67.44840382246197,61.42268659969742,59.572765,59.658189530386124,60.21788049347512
40.40184011101226,54.657550961536906,51.22116,50.14336300009914,52.007358283435984
58.67361487267034,69.29191130905711,67.73348,66.34416043914577,67.7898513696809
34.272560464019215,53.627668886738455,51.153637,51.822681615028884,52.20132914471346
63.96869690399812,60.9682853527757,62.684067,62.232172131640105,61.96150808562558
46.03577250285796,50.216351413452045,52.05306,51.777891311453715,51.34910044972444
54.84795824780424,51.825999627769974,55.02375,55.07084788365311,53.973532605532945
58.50666039434852,55.69870531420459,55.46076,56.244739392943046,55.801400972125386
94.59447499614228,67.61963908341522,69.23677,64.95636523240722,67.27092498190176
41.86613598772075,53.86348794613925,57.298996,57.567366068821606,56.24328332888018
43.62796957500996,49.668753977322034,49.701946,50.29593762893954,49.88887928826883
69.26344445285231,74.8733023117005,74.9265,74.48868410523279,74.76282827667308
64.12713117779766,68.35807650136178,64.47671,63.71310451337304,65.5159628244103
52.03502855470268,53.1019456793824,54.483643,55.91563364205279,54.5004072998534
43.19543744354248,48.63631994407637,47.74571,48.25787739886619,48.21330193617291
67.20900716282151,68.25963733057311,67.975464,68.5917273771176,68.2756095249594
45.53871737084219,47.91657911275118,48.359592,48.67058222759152,48.315584592695615
41.37864470478442,49.917687333487976,49.34604,49.54337332034871,49.60236649073202
84.74418518275034,71.69430254399956,71.9862,71.24418809895256,71.64156302274836
59.83450704348044,51.203656442770814,49.17538,48.40344857966667,49.59416190974154
51.062476766531496,55.82146541172949,56.65692,57.64869106687622,56.70902595510815
57.27482145431212,70.60611960548208,72.792694,71.35429979703672,71.58437116477188
42.40103097325858,60.510202044867476,55.84446,58.78923138363804,58.381297654065634
61.81410551319868,51.43679917518762,50.4629,50.68429466486971,50.86133069815062
57.390051481891504,59.92641979349343,61.878223,62.31974805192612,61.374797088203
59.29610454321822,56.04126315205396,55.24746,55.84288056430367,55.7105343759929
70.18195200090473,69.54444310403991,70.355156,70.48346134488108,70.12768679791508
60.97485586398025,51.30723856649611,52.067257,51.11561250586352,51.49670266661662
43.91137610223459,52.286336691532114,50.281986,51.09552795645763,51.22128362818734
73.65883820536976,60.896638472344385,63.5291,64.53601426879568,62.98725041729409
49.05539868633908,55.076267099845694,55.202988,55.04297230692979,55.10740902589131
53.11863343754131,49.13335840419756,49.07095,49.71882319767496,49.30771038543862
57.453667870588376,59.06376491491888,56.02513,56.460586919008655,57.183161019837826
57.21993535213486,58.90108996383647,57.281517,58.37061562624006,58.184407539628374
63.07867161830404,67.65116879723065,66.10448,67.03665407144929,66.93076659913028
39.48465180422441,46.62807660489841,49.33189,49.53326241497234,48.49774304202398
66.7123442167392,57.869535188648335,60.74444,61.33749976282916,59.983824374288076
75.98953011686343,72.94625875133323,72.00715,72.0877963392699,72.34706794442631
50.12420441509675,53.21966322018994,48.389072,50.28890465445321,50.632546764285344
63.176334313048905,56.974989288033136,57.39263,57.43568719578071,57.26776933819185
74.06913406143325,72.44173957061794,72.040344,71.32489869693717,71.9356608352788
61.33309503859104,70.93577647338935,70.18571,71.7414820240319,70.95432186323546
46.51706074619791,46.57125458894839,48.832355,48.82529414946553,48.0763014125605
47.0238117806034,49.34323825963752,49.4831,48.985191721511434,49.27051029075408
64.24329402684297,50.244329867174784,50.624924,50.34477309407064,50.40467555576671
67.44220985062628,69.12466998788979,69.083694,70.18110261925979,69.46315568838581
73.50479744480893,55.856408392799835,58.29066,57.98847687352902,57.378515374827714
65.4791991816194,60.42474892317653,55.4557,60.77295215884476,58.88446700089187
61.31702536655018,65.89283256214847,61.08396,62.83329672717212,63.27003025871233
68.51961879713326,71.02033849972585,67.32292,68.2684746850402,68.87057831256523
69.03606316204429,58.68520777984737,58.905266,59.021762748462855,58.8707454454719
89.9508846629332,75.5261903657277,74.38159,75.47996473178203,75.12924896479491
55.94679454719788,50.61528438114617,49.80953,50.56467473447142,50.32982915548255
54.63635937047589,54.1863841000297,55.00195,54.98710338795115,54.72514559942786
57.39184386964769,50.55829575062383,51.472176,51.22697785690085,51.08581640188973
52.53825819251853,53.40423084151523,53.92041,53.24356447746114,53.5227351584088
59.97805988434956,60.13260643960439,56.98541,57.17142939790889,58.09648154015742
58.56655704441651,50.10629783674347,51.576122,50.70489331159571,50.79577114409159
58.58332091426683,68.55243549549768,68.42528,69.14296366480578,68.70689229008813
51.4858300791249,53.86348794613925,57.298996,57.567366068821606,56.24328332888018
46.37066177042761,54.35192746320031,57.510098,58.31055649806843,56.72419382164362
66.99787703438074,63.891255364924305,62.898827,62.90799056376751,63.23269084260429
66.2173291236242,62.84936039122667,61.558,62.69268827621735,62.36668244155686
80.01676757874242,67.19767376123404,70.029465,70.0646067865973,69.09724842317034
75.41995075587518,79.87364277409505,79.44478,77.62053415990694,78.97965179212827
57.60548630761072,56.09110762979955,55.62877,55.35114859705632,55.6903417159181
68.77210083621307,64.50952165318316,66.15102,67.38992882197918,66.01682223683797
59.79418337195643,60.994653858215706,62.90225,62.64855828471213,62.18182017516539
60.00920109586704,51.710853273616905,55.46312,55.36554816171498,54.179840314055944
61.79741503551698,61.269610685372115,57.810135,57.9801565012498,59.01996735810574
67.82775134605804,56.48250089948839,56.502403,56.05004438410547,56.344982847623726
54.65952307917291,50.47826049961514,51.047478,53.27082710400639,51.5988551085965
58.81318443639103,59.48744842771642,56.179443,55.8049531012486,57.157281629446665
48.97043497033963,49.13335840419756,49.07095,49.71882319767496,49.30771038543862
54.61752257255959,69.99887832698045,72.19784,71.27451354075268,71.15707656577432
65.3305703743464,59.96476927377282,57.618866,57.84583297898445,58.47648940651805
73.02284803462419,59.57308456331472,57.254833,58.172799326208455,58.333572370319565
68.57493975417634,74.86894921165916,77.8447,77.82261127970058,76.8454213885587
58.99075223164983,53.32948857419767,55.06465,55.93822866760077,54.777456243685414
68.73930859139115,71.72750347943865,74.84492,74.67854161834207,73.75032079838132
41.853211103894864,48.10214757801129,50.024014,49.9954138978522,49.37385833171686
47.27636550048854,54.709727934888335,54.841553,54.301688319043585,54.61765632943565
49.06638722090643,43.262061052355605,47.51325,48.80394145943392,46.52641698513102
41.36492309015821,51.070727953302715,50.006966,49.87188093201846,50.31652484084273
57.83388240405691,55.65305384137439,55.434654,55.618116403943844,55.56860816038603
50.5776110094054,55.248870904429886,54.072483,54.75322718449474,54.69152705055625
69.8499449015284,58.83769552613799,58.414597,57.62871940732977,58.29367049702831
57.499505920398,50.98351426544489,52.89841,52.467019509832454,52.11631485746549
42.88442607765297,49.29375766609699,45.625202,46.89366492284042,47.27087492263083
63.55001679838708,64.55790745914572,64.70031,62.109786961849466,63.789334724804384
60.67195748490078,57.74820928582651,55.769775,57.39934968075116,56.97244478573423
56.10692186008874,55.96986674127062,55.605072,57.27986968632967,56.284936149694886
55.02137672316407,55.25447998300144,55.257896,55.03351971351688,55.181965373286054
49.43184392930321,49.97678031691734,50.95717,49.792686699662724,50.242211865227205
56.49395204092556,48.39319600591087,50.22457,49.990437927628534,49.53606838718892
80.71629808199187,47.17838988138012,47.975887,48.859495379883725,48.004590853282615
64.24836242596628,57.01785323486039,55.605213,55.384761002394896,56.002609134179494
61.46809650742924,61.28280404011605,59.008293,59.19454776904346,59.82854832033832
76.9605369512355,61.37427886836609,58.568687,58.84522082596542,59.596062377765456
59.981581419298486,67.20059213481461,69.416115,70.12017087813295,68.91229260669216
50.57951434776798,64.19691925514098,63.76328,65.13118629195678,64.36379483609313
76.75041613745866,73.10077693508688,72.440636,69.41937821636574,71.65359694420165
50.61210301360317,68.96764377703352,67.793564,65.92161238866643,67.56094000282447
55.014204661598654,52.49743374242255,55.806534,55.69681200130471,54.66692651906794
52.112920513431085,57.17596908489978,56.278038,59.17944288859609,57.54448333279941
77.1469333160534,76.32293256864558,79.287155,75.88275718745179,77.16428163582152
58.6972532453999,61.700462613578964,58.667366,57.3151161059561,59.227648249122375
64.97693514308634,50.14735105750172,50.54381,50.1071713368005,50.26611139746598
53.03446700826069,53.34276687100615,50.21621,49.85987714158079,51.139617808069346
54.84338674409757,63.80094539934225,55.6926,60.78903268025545,60.09419277661396
63.98311105827417,57.742788139772166,63.238827,61.852268959624155,60.944627950368435
59.73733380215037,65.03296283165047,62.481087,63.11860693762207,63.54421883340985
60.75098217059284,66.62314061002306,65.64942,65.45221862154374,65.90826030782046
57.25843418432208,62.282850816880185,63.519867,62.71791664321219,62.84021146781725
61.85537144267784,58.3026298702103,57.190598,57.088445793780984,57.52722439939032
59.64075520330018,57.104043831458284,63.552914,63.173120098047626,61.276692531759124
53.99933263005521,59.47657760251968,56.720516,56.027088123608735,57.40806064365413
39.07625167828672,46.11522301791677,46.828094,45.720439080811836,46.22125219371683
42.15115506923561,47.86724860666562,50.399338,50.382862028805484,49.54981613467526
68.80707743936179,62.43623855958023,65.226776,64.34755456422455,64.00352308228388
73.78236457281292,75.07795698886439,80.6977,82.39008244473834,79.38857997803034
41.77929885311312,47.11963835233155,48.330162,48.01901084305958,47.82293708124366
56.24184351676817,58.8157765934055,59.500755,61.48676621250867,59.93443270532425
53.229078181735176,49.774403688329016,49.439697,49.123561233126644,49.44588739569355
74.46179300927962,74.0446266349364,73.407646,71.61728943627966,73.0231874168051
64.73856458163858,59.22245570851029,58.66391,57.10405825933905,58.33014129331957
57.126973539790086,53.25200950374285,52.608593,52.90497756998229,52.921860020261896
80.082720826846,70.37080641364525,67.535126,67.5184849066445,68.47480568423721
51.41147584085383,56.75980589133349,55.887856,55.64498777085876,56.09754973065913
69.90995514857299,65.08548284518345,66.913414,68.52114576882202,66.84001420515676
63.0186923087415,64.34816805209937,68.109055,65.62306719194575,66.02676326982494
55.081119833867135,61.26449325133253,59.400505,61.32053774362129,60.661845353623924
56.01581396594204,64.03628516990985,65.44258,64.17679412038544,64.55188682235102
78.11736981031245,68.69558376292554,68.858116,68.50952156304002,68.68774049195598
54.19173741289419,51.44148807056386,49.713314,49.92501788807457,50.359940005011644
47.96459816711665,48.47928040537258,50.062572,49.41060312813149,49.31748533758404
49.85979431717211,52.98459449403727,51.726852,50.89246341170738,51.86797010757895
55.55718205977999,58.67552123664014,51.09461,50.58554587451265,53.45189180601252
51.55887181328944,71.03781535983907,73.28515,71.3305519782339,71.88450531955947
53.32426614734458,53.14201098117075,56.594913,57.228991006274384,55.65530515670372
56.55150045283406,54.32797172130219,55.416172,55.66056003576319,55.134901261551086
48.87334939566552,48.889555873085015,50.91777,47.747530197473786,49.18495215210033
52.78880026521103,53.61126911026932,55.988213,55.28417838432108,54.96122002667988
48.89300371231644,59.65259497491105,58.59029,58.83254947667395,59.02514484038835
59.92193860009562,59.29800086560504,64.319664,60.14061665230916,61.25276050645969
54.839255280047496,54.853279362039615,56.02169,56.38018747205314,55.751719067581696
72.46313070799968,68.42839347437963,70.56656,71.19262234792602,70.06252488673209
67.76150339113511,64.31275015014931,64.33581,61.889701342115686,63.51275309751933
56.438131882034114,54.42690537884191,55.86769,55.33606548752335,55.21022063546811
59.71053102460836,56.9227410826037,56.685925,56.88936305049177,56.83267622104159
56.43255782438339,63.93584539321136,64.74144,66.38114943819633,65.01947821691455
91.83788805323783,81.52163545370914,85.86393,79.90018629277175,82.42858383167201
65.80201663999382,68.90000732234171,66.55836,66.79962410403239,67.41932955504787
55.37836094754803,61.32107423464503,55.597755,56.523232956895775,57.814020874556576
34.66971371422311,49.39714707836646,51.828842,51.534726635193124,50.9202386255485
65.50585326827745,51.90456375560062,49.618713,49.84977286949252,50.45768333466646
68.34017990962592,69.84815418141751,69.77632,71.8892451917116,70.50457359475398
65.53839901407599,63.160034371115614,62.89079,60.599255241782224,62.216692881626756
59.49034701951341,49.941646281478285,51.340862,50.35201232862719,50.544840294758465
44.56719369630127,53.3449318523972,54.357883,55.02215289375578,54.241656066507375
50.42310545205548,55.424242206340715,55.685688,56.230938815001835,55.78028968004713
77.36390531444896,67.29376562843697,66.78151,66.06142364479608,66.71223289088238
65.28526071754678,61.5597376788113,57.845833,55.44411462502302,58.28322837618045
71.65191349903937,63.66327452663398,62.80545,63.292560177764635,63.25376171461725
52.5293371623607,58.37604998906747,55.63794,55.95963382378292,56.6578744219918
45.27463559896778,48.66975031571253,45.57251,47.656596267048215,47.29961878279524
44.93895648596856,45.15484348215116,45.790466,46.453913899953434,45.79974123023279
60.21905516683455,53.049849359725904,53.900284,54.27522582844627,53.741786333882914
74.5393297431041,66.32337155276683,68.37556,67.36473352416098,67.3545540075762
41.765211134215065,47.77491217663337,46.158142,47.814565426104245,47.24920656419379
37.12068182382912,45.86208349773012,47.926895,48.82385913060982,47.537612589980505
49.68581380782664,51.691951666665666,57.513577,55.53908035693357,54.914869510389195
53.69329743351884,58.73573907552213,56.36315,56.24498475512413,57.11462512697974
42.35527023459909,57.36374174209988,57.029434,57.93330075965101,57.442158901950826
58.62286629732392,56.101162341405626,57.28227,57.30226399531924,56.89523162029826
54.95361908106636,55.03616841586598,56.242172,56.09034330491449,55.7895613206638
46.89155139389754,54.80794410578863,51.239246,51.21128975252218,52.41949340890634
40.30051013241868,45.626000588289564,48.705215,49.35360552529037,47.894940522560496
37.812059948946505,47.22635130648302,50.991283,50.63113211382113,49.616255612350734
71.87705265345978,68.90842073027898,69.13939,68.57252765829898,68.87344580888796
72.4221682560419,75.41708118392513,74.006744,73.53636991328496,74.32006516065856
46.1552620385648,58.26363526408899,58.38227,59.65288404611503,58.766263374397425
54.1489779155764,54.6360466903152,52.213226,52.27609110020379,53.041788036292786
50.89446142334962,49.95934003530529,48.832355,48.82529414946553,49.20566322801279
70.70562593565039,65.96410136892574,66.40333,66.01022087311682,66.1258833946457
62.82079437546816,59.23772855271936,57.55091,58.52740375242031,58.438681084948904
64.94513252666148,70.54609268060631,67.76955,73.29400877695717,70.53654932211752
63.052139772141416,64.33146675218218,64.27443,66.37846292162617,64.99478633169913
74.05152406867738,68.08883209871738,65.41757,64.80767809841701,66.10469407287292
57.08201379236302,57.80803434744711,57.560696,57.93753569724144,57.768755230960636
57.32718336047503,54.11511792685193,56.75216,56.46751550144302,55.77826418231576
84.03816232238677,72.73793571559335,71.283516,70.44305160951141,71.48816775176017
54.82751269014904,45.68258934087125,48.89722,49.040103396698335,47.87330444971395
61.60815321823348,60.387101861082655,59.47337,59.275084260859586,59.711851906776964
62.65635840567396,69.40628400833975,68.4314,66.60739978653744,68.14836009308407
53.77572341253525,53.71123902658612,56.622368,56.86585151205525,55.73315279917603
62.18849223003334,55.231203285919655,50.84198,51.23787259240465,52.43701861959769
59.60624769326387,53.456593088755874,54.357883,55.02215289375578,54.278876478626934
69.99551146804431,60.23790594006064,55.854404,55.17948616339106,57.090598850971524
47.451552995478224,56.42610450759221,57.347385,58.49351745221002,57.42233578876546
46.42347823368273,47.045096582391714,49.05283,48.912665785884286,48.33686403690255
45.85586542050768,49.70199216179505,50.34071,50.476352428688,50.17301809225412
66.39487526599387,70.16262612728728,72.77604,72.72299137847222,71.88721887643156
59.5042930052515,53.849817477426086,50.70814,50.5233366298534,51.69376514472793
45.76220587997685,56.38156381033213,55.51403,54.80537914039284,55.566991135755984
49.714090445033015,52.92861203936384,55.806534,55.69681200130471,54.81065261804838
44.73254482210378,56.80063052498413,58.66391,57.67615777146569,57.71356606951972
67.84389119372183,64.31275015014931,64.33581,61.889701342115686,63.51275309751933
60.579262662360414,58.2684001205321,61.975674,60.98146487454889,60.40851289020603
28.623233551894508,49.97129340807009,48.18737,48.96425040103812,49.040971369800396
70.74280775908468,68.37712269555708,68.516975,68.59971035871868,68.49793615236926
59.39060711985359,64.53232153706124,64.60258,63.60172291483906,64.24554055379097
83.6613619213057,72.08545158586502,69.850494,69.16711170510608,70.36768589191223
64.20802804977869,71.3742172002054,70.34646,72.16811792854551,71.29626452126983
60.36463056986547,61.62739382122431,57.38154,56.558163741213036,58.52236531785021
69.95094112191077,68.42836481539437,67.59273,69.86140974091154,68.62750073914624
51.51378007587794,50.434596740061366,53.407967,54.512992907447284,52.78518542042607
69.46866340121122,68.92721893319813,67.70855,69.64016360534119,68.75864401268369
47.322944105562286,53.771111401797356,55.358295,55.299822260134924,54.809743034202036
66.62392086333008,65.53877398042006,64.637985,63.471156585277896,64.54930526506338
53.88829422334042,59.716281521608906,55.597755,56.27731729831322,57.19711808401701
55.83618596545701,62.664248347332965,62.856228,63.92301229835202,63.147829506813615
70.22627270975752,60.9682853527757,62.684067,62.232172131640105,61.96150808562558
55.01334777689385,65.07964988591725,66.4554,66.33353374743261,65.95619406430673
76.29564432672983,75.445160337074,81.68893,78.72196184269306,78.61868295884814
61.18772717360849,61.11827770149212,64.98614,63.76726389454778,63.290559662058875
66.82662294720683,54.91559737543261,55.520397,54.700118705026064,55.04537108891265
66.69311497234372,56.87406126230938,55.57262,54.530949727160916,55.659210460438665
60.262978047716295,57.80803434744711,57.560696,57.93753569724144,57.768755230960636
59.90516889311631,68.47780555951685,65.44626,64.71087671423402,66.21164693955758
54.40087808181713,54.30611044221593,56.090824,56.3177421289723,55.57155889946183
56.93403142319895,56.91444342792118,56.11972,57.268464135692135,56.767542674199234
84.48619279470024,64.89496707529062,62.89699,62.28477842667523,63.35891241056739
61.5205378435969,53.62954168636704,48.55457,49.10692714898354,50.43034602657844
76.63572254065838,77.0440816652253,75.2166,75.04643005984073,75.7690367452694
70.65076681085796,64.06978294399018,63.46364,62.44312362995733,63.325514959870524
71.88951120050613,60.110644003533984,57.230976,56.20687994940575,57.84950001922536
66.42696316563071,68.42836481539437,67.59273,69.86140974091154,68.62750073914624
74.03706031624327,71.86472153874816,71.131805,69.85307397477398,70.94986697781466
63.835421280771136,64.16184591604514,64.36817,63.527564498268575,64.01919403540275
62.87867818916701,53.32801973387137,50.961174,53.87235720243711,52.720516982512976
65.38079222761947,69.27124458560539,65.00601,65.3553553351191,66.54420396120504
46.79768090126362,61.14802458930677,58.48767,59.12172860007711,59.5858080292738
79.62239423951826,58.514517486339244,55.433987,55.830082985813604,56.59286237865707
46.68445950717173,50.327614223717454,49.82789,50.88468123342898,50.34672798197199
60.08143757942487,68.89838208842777,66.30057,66.70336757649689,67.30077243062594
58.39963637005032,53.18042611693115,51.31055,51.69902750275983,52.063334769796086
65.68879762056024,54.86455134565713,50.502285,50.171577369929686,51.84613790641631
66.22580146257918,50.347195106751805,49.50845,50.29919822049144,50.05161429389553
51.41850241415991,55.842821346963916,56.440205,56.07028820584656,56.11777139105727
55.43925094566141,55.91979328860758,58.889652,57.15162433860642,57.320356626470414
63.22431211128038,59.91406789816967,59.018524,59.92017263532177,59.6175882344711
62.778721420598224,66.38218399725056,64.848015,64.02799310595266,65.08606397824873
71.43059288923783,67.96933521055114,70.33226,69.97976075000877,69.42711869746529
51.14446872369493,55.38320047190971,56.497887,56.82121937411446,56.234102167913
59.37291184763279,49.64943328013646,52.46142,53.169864489263425,51.76023864041844
63.99602651494242,57.00576381324354,55.274113,55.32274415217447,55.867540222278
52.07462617972206,48.19334325709612,48.66088,48.726604247331075,48.52694284896921
53.26646218546454,53.76478773458345,51.07177,51.06663994024806,51.967732463062326
61.54899691714588,49.4997787846899,48.800926,48.68485322145908,48.99518607154837
68.66022925375316,57.441740988487396,56.905857,59.63032117532788,57.99263974999897
61.5598516466268,56.249740754701946,56.464005,56.1966719981124,56.303472423138636
74.8920249990069,76.13380450385169,75.92142,74.38163553891731,75.47895242636571
56.95408322418137,58.0961562213502,57.673218,56.83702894836816,57.53546764771861
48.73004685720084,51.13908031393569,52.23001,51.66222872864973,51.67710667630451
76.49713582935976,68.7695854928324,71.6071,68.54205191089216,69.63957961471807
67.48068401296287,66.16026483624648,66.85824,67.28052880887843,66.76634395511326
60.91646443691154,65.36013914541462,66.30708,67.42653787271045,66.36458671600263
60.600065648234704,66.2292345953462,68.88546,68.87225715312165,67.99565054945673
54.0195160247186,53.34255036221772,48.781807,50.75868050652889,50.961012604849124
63.2952116133164,60.58650276648749,57.89675,57.22717353103826,58.57014256711145
48.78190160937481,59.04234153628582,57.65004,56.421058021828806,57.70447974365539
57.64640282168457,57.65294143834532,59.445,59.36927670603689,58.82240594640214
69.91505169462006,61.28152427078381,62.969307,63.681996444941454,62.64427588717535
73.54966676777427,59.815661780164845,55.961147,56.00764293884505,57.26148400911983
65.60864774440253,62.17771516991609,62.551018,65.85703619132947,63.52858970749202
43.47433264530039,51.399419131770074,49.445496,49.84224243810021,50.22905239177968
81.27998523337263,70.42628881885844,72.8171,70.78964878156712,71.34434604177596
55.55498848279574,49.77194227655383,51.64064,50.634876327228135,50.68248628752368
42.02668172716217,58.67552123664014,51.06232,50.58554587451265,53.44112927346043
80.57076997893043,69.6457967752107,66.32102,66.31637856729391,67.427732458732
56.93010502038227,50.7659502786109,50.02103,49.43601790974129,50.0743328714592
51.71974733130721,53.22295355669919,57.09847,57.45766404509783,55.9263621274382
67.53195040630044,68.27375199121367,66.3712,65.78720352320495,66.81071869198068
39.38300908845794,50.96353725098167,52.73065,52.90278758143988,52.19899222929677
55.73440165261875,57.465583773924315,55.204258,54.024775445280554,55.56487239476426
83.7167456303528,74.55831712961759,73.85898,73.20967663029683,73.8756573437996
58.90046650421238,70.18851917172212,72.87468,71.80972042924675,71.62430638879952
59.36443462020041,59.72716865906311,61.513645,62.08177137533465,61.1075284021723
57.22502187151069,50.044189319707066,51.74527,51.80734866473168,51.19893591994312
36.920331251238295,44.367691232940054,43.06046,43.864508380612826,43.76421958350525
55.45857614400535,52.98285367551743,55.851112,55.39881058257711,54.74425887460573
56.34932532886493,57.616334830308105,57.4864,56.31611785681259,57.13961776378958
79.30429744105935,71.88063619633067,66.20627,68.10905910589872,68.73198787092542
52.61412959127451,52.09589344238512,54.624386,53.755237528042144,53.4918389347225
69.21321039606256,55.7810771598519,56.06169,58.613220334687675,56.81866292623976
66.65719045989174,67.34197437110504,67.13114,69.31181274136978,67.92830959169082
70.40856691501916,56.5166697563042,55.445095,55.93822866760077,55.966664495386944
68.43552200817197,52.212305001821484,52.17929,54.91353639515928,53.10171072282171
55.27700572164017,54.39404495469725,55.6893,55.34078915775182,55.141378216519485
52.2288530049624,55.167257872032934,51.89528,51.56100505089451,52.87451395119717
60.67939980342246,58.696211682520676,61.553505,64.33396035186912,61.527892326079154
35.675172235448564,56.9639951272095,56.642635,49.229820563432,54.2788170120335
56.006431644932974,63.39682713525178,67.86406,63.543568365899944,64.93481831646464
59.07461309335252,64.1131048036133,63.46549,64.38868369443671,63.9890923106293
58.78774695530412,57.4021126955377,58.983162,57.67741392266477,58.02089618149066
44.50114197994667,51.26370100399699,48.146225,48.25562438118689,49.22185012025661
62.1839266434236,55.51486428295662,54.547832,56.125016990334245,55.39590458743485
38.8748751661302,42.05839450764925,47.239216,45.42856128399566,44.908723880824994
54.85271811202629,54.00016932945794,53.13133,51.56369431300275,52.89839740840812
59.24680215257224,56.07774449394358,53.782562,53.02746385882816,54.295923536210374
49.69601333618464,46.36304044706304,48.639107,49.25396559897713,48.08537093217615
46.18613102530546,54.49385131406543,55.65924,55.66056003576319,55.271217357494955
55.11674176159928,48.57859453444081,48.04872,48.43300922608142,48.35344169133293
54.65201600497635,65.33064526631844,65.098236,65.88591129111506,65.43826421380597
54.76452707517127,57.587295307938646,57.018135,57.31066516373057,57.30536518082334
45.5576046022894,58.10475098585568,58.67247,56.7443725881764,57.8405312222685
53.0465260712132,61.20969794793975,61.451824,63.89530162258371,62.18560791958529
66.78290288101714,69.12006405729733,68.62062,67.28036110120242,68.34034862867959
45.22214033546253,54.08788456015143,54.350163,54.94037176099151,54.45947294241548
58.610508441541846,53.48734931470267,53.328957,52.899128951931324,53.23847829021263
68.34139989292375,58.50698059994114,57.01058,57.69809890970262,57.73855255505378
58.73389114781593,54.33414774038645,56.056713,54.33942686423595,54.91009590295681
33.431457534353115,46.11522301791677,46.828094,45.720439080811836,46.22125219371683
69.61738902745739,62.013699659457636,61.415127,60.545585507664796,61.324803989219845
50.03009280263465,46.712500111524456,48.484417,48.70866245299113,47.9685265087285
61.850889668361965,57.80388089817284,56.055725,56.75289488882581,56.8708336282183
63.74331137241669,55.1103545972455,55.227604,55.05961710308306,55.13252520422736
48.17388619559131,50.55443669595746,52.62891,53.80692959808306,52.33009211957926
54.42261204476084,49.10731391663469,49.34604,49.11618143450088,49.18984472316498
68.01710928743904,70.7070626854863,70.16338,70.58508881125951,70.48517832687752
55.20458826968546,65.79678752146607,62.14326,64.94328134544759,64.2944432742414
63.74482282036473,60.901940487046765,60.871628,60.38479784727352,60.719455380645826
60.57075237614468,57.61039821721904,57.853397,57.21609073142792,57.55996210601057
61.1841927079936,67.54888247118194,66.54166,67.09776462680325,67.06276786404193
56.37061283455128,56.062049091410834,54.21457,52.55473710270356,54.277118428637095
50.86476928309837,51.44390854744609,51.992813,51.82607409557615,51.7542652511246
56.485255619324,60.781288367622246,58.466812,59.912386455421405,59.72016231894423
60.16720875864241,51.22665364962575,54.059437,55.75784270570191,53.68131105114113
78.48981146908268,68.9243970451584,69.66338,69.99315795349959,69.52697949418156
52.867416037567054,55.295259146737386,55.2845,54.79989468535538,55.12655131805436
72.03342932688055,68.44520236906203,70.48302,67.1945255837623,68.70758164019925
69.58382081905106,55.789087753135256,56.798954,56.045483902976535,56.21117522204053
42.31997833103717,46.45836933221291,49.721638,49.244153015076186,48.47472002437306
62.72212454159433,68.39138917959274,71.348564,73.7536299788766,71.1645277688062
62.92759017006146,61.00181190709046,61.62882,60.8742049679924,61.16827846234858
77.9560291572941,74.58030408878234,73.43682,74.41301719441391,74.14338075569431
50.97448338493104,54.25466442272448,52.001938,51.335340367190916,52.530647552042105
59.77091664916178,50.07074994187964,50.961746,51.03625196948618,50.689582709062044
47.88295567200179,58.75520169075553,58.370045,57.47453922158195,58.199928540196474
64.44530854437998,67.78040264005709,67.3835,64.65737987469961,66.60709388675484
75.32181790692805,72.34217308898668,77.284096,74.4017213026757,74.67599671860751
70.92576886137851,72.05887822679519,67.73574,67.14011626107637,68.97824504983089
42.15766609328164,49.51630156001072,49.345352,53.368636400790486,50.74343004455093
57.71540774226481,55.3812897718894,50.88586,51.398316035549634,52.55515541685142
60.61763577960098,53.14252407880733,54.202023,54.888936795711025,54.07782780900286
58.53619752877321,57.829857850295596,57.917892,59.70035099856027,58.482700434970184
57.296834317651,64.08984356809201,66.163826,64.9128531975635,65.05550758480835
54.47042915563537,57.860589547354564,56.938114,56.47800481847445,57.09223617736293
48.0362864827981,53.82570539645017,50.480743,49.63310639308655,51.31318506591328
45.63323471419156,50.29567992057895,51.61799,52.024215680192796,51.31262806239918
56.154048625894255,68.9998124847246,70.08438,67.15545095228607,68.74654818017542
40.14125231127189,50.1724283721347,50.99937,50.36997857618112,50.513925841089
58.73037456243532,53.921850666279866,51.4049,49.93742741943405,51.75472589429396
46.584798820501966,56.37398512979696,56.29811,57.68645007779675,56.78618205650258
67.97004477178562,56.60003191956416,56.865257,55.81018687966918,56.425158687472305
56.53265139823121,51.50706317660798,54.755806,52.98006184137032,53.08097699573886
46.690032789365766,54.530866003616524,50.083527,50.75787973765079,51.79075745086515
71.50174255347865,65.6286904712734,65.31973,66.56649955909404,65.83830756546102
39.23809090761517,50.73285725150554,51.39851,50.117123344596635,50.74949685845007
50.77802095685277,71.0545246506256,68.47275,68.51330826928046,69.34686024088015
56.893247633952654,54.65376492400855,57.4026,56.35068747953942,56.13568391275493
68.68591164914255,67.61549961992614,66.31321,67.08186755362733,67.00352556908162
57.88770165996934,56.09973954548925,59.4789,61.19622331398317,58.92495458963208
58.80026859959122,59.74967527555451,57.283978,55.92416714880744,57.652606644302296
53.43391220934062,58.38606562159674,56.80409,56.54833319074821,57.24616246829142
60.90163059539432,51.02471335143743,49.063618,50.370105165469795,50.152812074402014
57.35984365121495,53.25222249388597,51.127502,50.85185803291719,51.74386098940314
60.32399998532499,62.82274140397176,61.558,62.69268827621735,62.35780944580523
52.22621827497294,55.95368181833448,55.142437,55.98053010475285,55.692216301429504
44.642765679741416,50.81080927126002,49.714428,51.767092435774074,50.76410988501072
67.91097209723188,52.90624626894386,54.588905,54.33301766514543,53.942723089520655
50.77872135589802,50.30351578631175,48.561695,48.830533475806774,49.231914786998495
66.82168267754807,60.994653858215706,62.90225,62.64855828471213,62.18182017516539
64.8572189823441,50.32643907488771,52.493088,53.31422784689177,52.044584896778055
51.27857568428813,48.41819089643281,48.83339,47.63861634730191,48.29673217532042
59.71470516883062,56.51127621917087,57.53938,57.55950408364257,57.20338647422883
44.26042534912343,47.965581980638106,50.712444,49.763086031505665,49.48037077252123
55.37890559280202,56.92781084944679,59.498962,59.33777606601176,58.588183105934114
60.54136704231777,61.40772609312235,58.49696,57.26869560861847,59.057793796006706
78.56061938186394,74.20872376777156,71.91819,71.63308449991395,72.5866660900423
46.29516917740177,48.889555873085015,50.91777,47.747530197473786,49.18495215210033
66.27411767424785,62.042442443354524,63.812084,65.10715144375109,63.65389269503456
67.09215667259262,75.50237586396061,75.66627,74.63600312900367,75.26821546266126
65.22124409627195,47.17838988138012,47.975887,48.859495379883725,48.004590853282615
60.1220525073307,59.67572706490635,60.17675,61.979237317178054,60.61057152172996
62.95062514611234,67.52290234260279,65.93772,68.45937817676105,67.30666725726842
67.72328584121888,60.829238696572915,56.41361,55.824836442667134,57.68922789675514
56.28002244944881,54.49957891948768,53.22566,52.26496455835233,53.330067298196035
70.5715669013729,57.72413534977398,60.838253,59.44785221185747,59.33674686095723
57.01512657519826,70.79444515863766,69.35892,69.20597147213647,69.78644462236741
50.71619831882928,58.014118526217025,55.524426,55.898418473949874,56.4789875022529
73.79648481890194,69.09372138403107,68.41669,66.34416043914577,67.95152294496519
44.60951231527456,54.91730402958771,57.43383,56.80464904474649,56.385261111854895
49.30073704253774,51.96348891141111,51.605137,54.28745399322283,52.61869325865728
51.37516646242146,59.35633645462909,57.880714,57.313975714416145,58.18367552851638
75.87376703652454,77.63915696759375,77.72621,77.19359889368339,77.5196558030429
61.19078929041967,55.72645020661653,56.621143,56.70555931001062,56.35105095256387
74.76985726044857,64.5126533455881,65.141174,65.1105074704203,64.92144504413822
69.79187870375725,59.95179491508921,63.455223,61.74374703206586,61.716921676883715
61.38965828753705,57.356823857405885,52.215,54.74008592913116,54.77063664637498
73.8921828203179,73.38369563010701,74.262695,73.28986745912194,73.64541946724297
47.89984623023554,55.556905499244735,55.976974,56.54324823879511,56.02570940844817
41.03880296569313,51.05886891893535,49.00037,49.19488903777715,49.75137599411576
39.771981907870966,47.30197644878806,48.38919,48.727054920669644,48.13940734776194
68.77945529872683,65.74323164680656,67.44468,66.6225984003418,66.60350310246743
52.128055497105926,46.34704110661538,51.484985,51.02178591152263,49.617937456566835
52.16701490994405,57.609226701444044,56.8182,56.87716847413975,57.10153144443288
60.36345323641134,54.65542074991948,55.27384,54.91011422595348,54.94645894459436
72.3582279329186,72.78165204203309,68.87802,68.97917791066439,70.21295039764395
77.16564747364575,64.33440625884583,64.26305,62.79686898479713,63.798107169430466
50.482606793726525,55.57176163364794,57.15286,58.81827716163543,57.180965843138075
64.10395404997769,45.16289827595238,47.73992,47.736999671525936,46.87993983910085
82.41320159738648,73.07564901208004,76.10814,76.69668138340059,75.29348981118885
72.1285153995933,63.60397396202777,60.022476,60.3876108958688,61.338020351395215
43.68752308675701,47.17473383825911,48.966095,51.49759026372818,49.21280635756347
59.913866284382046,68.71803572669484,67.26119,67.59163620308739,67.85695475051985
67.66150752692697,58.323576484541505,55.06692,55.35476482355869,56.24842084741036
59.23522675482256,65.46846175873637,63.279015,63.7464291563689,64.16463516750254
54.09328044526925,60.62189540370878,60.600628,62.27547797950848,61.16600042746239
66.63423913416393,59.73482529435121,66.02687,62.30239561172132,62.688030544537206
56.34511572123463,49.38002906713415,48.57794,49.34354694641055,49.10050596935864
51.28940459249625,48.81560925045011,49.79512,49.58052166215514,49.39708371728769
46.50181792534614,56.43204591954411,56.865257,55.81018687966918,56.3691633541323
67.42054942133035,70.38527491296344,71.83681,71.40106378099867,71.20771531497955
37.43589976717504,48.17214696663336,49.898163,50.13278848068996,49.401032763040064
49.43689308190881,47.05800052291563,50.88691,51.131937940576925,49.69228264945195
58.463805196850906,52.53629559621478,56.884216,54.884720362472095,54.768410755760215
53.82018954468349,61.3918289495934,57.21259,57.76056192408031,58.78832671252991
55.337963988416966,56.3366258517161,56.113712,56.353436779430275,56.267924980645795
59.76894855297125,71.61848170739825,75.533745,72.83112254928581,73.32778302289859
62.14467672632797,70.03115792591845,69.688126,70.18524151151001,69.96817501592666
51.15064834826137,49.651172500505034,50.075954,49.468418304659295,49.73184841414005
73.3977590563755,58.42858596617635,58.002525,59.410325772126384,58.6138123559642
41.29879493515065,45.71767158833382,44.85018,45.10276206912441,45.22353841234936
65.9215202515198,51.43679917518762,50.4629,50.68429466486971,50.86133069815062
50.0510878032566,57.2116423620247,55.2946,55.29024388602625,55.932162562826875
62.91943251549062,61.59604526120238,62.28327,62.224788208573166,62.03470175310877
70.58552992366816,56.02699621078494,55.12809,55.500620022657635,55.55190204607592
72.44993429733464,72.52142744815433,71.39719,73.2625970960365,72.39373694116257
53.93819394125492,55.99757620534593,51.67119,52.00020453588043,53.22298969857284
35.042097419805835,47.80290642811984,51.28357,51.93854637060942,50.34167404488892
58.63638050379601,65.05864927021918,62.987648,63.36956988148385,63.80528905398564
54.05699014378349,55.71695673517328,55.142162,57.055404238672864,55.97150776561474
49.24100131104983,50.15382602025995,52.21694,51.583972435120636,51.31824676295889
56.53360538115137,51.94887500697022,50.20628,50.52857700826853,50.89457725662581
46.46309677625906,53.966022400316064,51.694565,50.903708509877994,52.188098576509994
48.52680152832045,59.86388012427521,58.434258,57.716400411622246,58.67151268107389
38.999139149527934,51.09151783374939,47.004246,55.256303939812625,51.11735584387289
44.28595614662674,51.61233594271975,50.447136,50.71391398389673,50.92446195063649
50.67603295112418,46.723944177573166,45.9766,45.42272443533232,46.04108975329272
49.74333776116581,49.5970487165623,48.739986,50.52275406406201,49.61992973343401
39.94393073052236,68.76350244011225,69.18273,70.60396341947862,69.51673249600294
67.03809014818789,70.98381203800001,70.14289,68.45019810978575,69.85896702598718
56.287226735751766,58.365460784907214,57.96999,57.51584520798472,57.95043192316775
48.639995439395584,49.548379496983465,48.813805,50.29593762893954,49.55270725079595
55.01343472287149,55.30818942602568,54.38585,54.670152331294666,54.78806358544793
74.60073617692306,69.91415504053602,75.493484,72.01084275116537,72.47282742959057
54.68334857351496,61.22027571475718,57.037384,61.55958591126006,59.93908188640679
55.48595661282127,50.710244365436324,50.840126,54.541764641505054,52.030711681513004
41.09126133369582,51.30311711687784,49.12932,52.22995271954659,50.88746269124304
71.8266493322437,65.19527704694518,67.46681,62.91973501228087,65.19394139767171
63.13262497021009,64.35902074073358,65.9429,65.18893190522049,65.16361808576073
52.31571557169633,44.90079451386609,48.074867,47.67480173305228,46.88348783181784
53.679168612988185,52.71498473833015,55.25066,55.552880716581406,54.506175132512844
62.95159452030456,66.30954952858424,65.79734,65.40893549264896,65.8386084714332
67.04597097494324,65.26720205777866,66.64346,65.44729488514665,65.78598669256364
70.84292845159831,67.14151982213772,69.8637,70.08122023879834,69.0288136425451
76.17675122454156,75.07368358564963,71.74305,74.62192979700684,73.8128876680795
59.29584248801088,53.25076323350059,53.530052,56.20123317097448,54.327349529844554
55.20904764645447,51.21794239567357,52.793674,52.65723426521078,52.22295037662616
56.95469229155667,56.18811685435788,55.716137,57.14843218291818,56.35089532321637
54.24980115586801,50.721054800398804,50.035027,51.44127574875831,50.73245236648336
51.38115213761339,49.008455036077656,50.65295,50.45463919650228,50.03868150648173
61.87751362270058,53.82862115899697,59.2105,58.59205077338464,57.210390247398685
50.4146427139622,52.12442017998885,52.934486,52.95493630442784,52.67128095785895
81.22875933604074,76.63640279379177,74.9843,74.28814871774759,75.30295007253135
53.20510825028785,52.45951386060085,55.420403,54.88028319538924,54.25339986094852
56.20672909596249,47.768204195391945,50.035027,51.44127574875831,49.748168831481074
50.46068597702914,55.087112507897835,54.595146,54.3735933716209,54.68528401957264
49.83797730545322,51.66509208823308,51.541336,51.83568583923405,51.68070466234582
68.79793701321012,64.6767336882627,67.0509,66.13229192847783,65.95330964568434
64.9734562286779,65.3332763247011,66.26029,66.84494747446061,66.1461719507948
74.28879815475446,75.38304101097141,72.56596,70.05885516469971,72.66928664026277
50.68192195678692,58.16694586995258,57.9064,57.814445795262195,57.96259681280271
63.01411205362328,72.46646209346541,69.5821,66.0163174055248,69.35495980451365
45.78821860078987,45.86457448872572,48.145187,48.803323574421704,47.60436181369237
56.0881755974153,51.07037588294891,51.804626,51.82607409557615,51.56702548112293
55.99393464987388,50.695294239449495,49.170494,48.10103492672139,49.32227441525358
47.77316542690497,52.74283618562376,52.598488,52.03211881939756,52.457814286341744
44.20412579435959,48.179377002247435,50.201023,50.80220045410049,49.727533519384856
78.5660846220199,72.34334324296093,75.39206,73.55786686038257,73.7644231431718
59.84079011853448,76.23587642198606,74.28933,73.9120985914313,74.81243484740865
47.68655039007175,48.491347590765734,51.354847,51.40217292656016,50.4161224905572
61.632738562946,52.683786313770455,50.41489,51.6252186863835,51.574631763153526
52.9815975050498,59.46706590015355,59.18811,57.839783492457194,58.831653248057755
48.14810036321286,45.83853726609218,47.530792,49.13226139260922,47.50053029834317
81.59025839188384,63.31829109376158,64.24358,66.75787533092117,64.77325003462732
52.52806243041206,55.89985796115109,54.374603,54.42793362286279,54.900798285166076
45.62475342561993,54.006665548831705,51.799965,51.12284961934529,52.309826690987386
49.3392089045534,52.930353064277604,51.845818,51.620933784912765,52.13236813836945
72.52063033941393,63.59659166029926,61.263245,62.449426469916254,62.43642091970725
57.15626569028028,50.21607995981472,49.084747,49.792686699662724,49.69783799131019
42.27550820218651,56.81020581317531,57.400986,57.360176969275706,57.19045616674148
47.3755024047983,56.38156381033213,55.51403,54.80537914039284,55.566991135755984
40.42224625950484,52.15687097939072,49.977856,50.464193495004814,50.86630671892286
51.77389205639264,53.390510069059296,51.29382,50.70436447608043,51.79623132420999
58.163882695433074,67.26692363240389,69.66338,68.06113725956183,68.33048145861748
